t,speed_kmh,speed_ms,yaw_rate,sideslip,heading,vx,vy,pos_x,pos_y,accel_long,rpm,gear,shift_cut,grip_FL,grip_FR,grip_RL,grip_RR,load_FL,load_FR,load_RL,load_RR,surface_type,surface_mu
0.016666666666666666,0.14592321120548768,0.04053422533485769,0.0,0.0,0.0,0.0,0.04053422533485769,0.0,0.00043406446774428076,2.3160126582791096,1000.0,1,0,0.000770890293099113,0.000770890293099113,0.49698238532002387,0.49698238532002387,4224.701850802493,4224.701850802493,3132.798149197507,3132.798149197507,asphalt,1.1575
0.03333333333333333,0.2843358803863143,0.07898218899619841,0.0,0.0,0.0,0.0,0.07898218899619841,0.0,0.0015104511996121975,2.3014082890400136,1000.0,1,0,0.0017316461020981699,0.0017316461020981699,0.49584333941488934,0.49584333941488934,4225.801749984427,4225.801749984427,3131.698250015572,3131.698250015572,asphalt,1.1575
0.05,0.42187569146389875,0.1171876920733052,0.0,0.0,0.0,0.0,0.1171876920733052,0.0,0.003225109727783382,2.286894626079589,1000.0,1,0,0.002685847984402664,0.002685847984402664,0.4947107001572068,0.4947107001572068,4226.8948181364785,4226.8948181364785,3130.6051818635206,3130.6051818635206,asphalt,1.1575
0.06666666666666667,0.5585480663329113,0.15515224064803093,0.0,0.0,0.0,0.0,0.15515224064803093,0.0,0.005574014742709627,2.272471123593327,1000.0,1,0,0.0036335432333289624,0.0036335432333289624,0.49358443667105567,0.49358443667105567,4227.981096358572,4227.981096358572,3129.518903641427,3129.518903641427,asphalt,1.1575
0.08333333333333333,0.6943583942545988,0.19287733173738855,0.0,0.0,0.0,0.0,0.19287733173738855,0.0,0.008553165941715136,2.2581372388375187,1000.0,1,0,0.004574778767702333,0.004574778767702333,0.4924645181688161,0.4924645181688161,4229.060625520207,4229.060625520207,3128.4393744797917,3128.4393744797917,asphalt,1.1575
0.09999999999999999,0.8293120320398965,0.2303644533444157,0.0,0.0,0.0,0.0,0.2303644533444157,0.0,0.012158587878446012,2.2438924321149734,1000.0,1,0,0.005509601135241214,0.005509601135241214,0.49135091395166497,0.49135091395166497,4230.13344626153,4230.13344626153,3127.3665537384704,3127.3665537384704,asphalt,1.1575
0.11666666666666665,0.9634143042316846,0.2676150845088013,0.0,0.0,0.0,0.0,0.2676150845088013,0.0,0.016386329813165006,2.229736166760752,1000.0,1,0,0.006438056515905795,0.006438056515905795,0.4902435934100592,0.4902435934100592,4231.199598994402,4231.199598994402,3126.3004010055984,3126.3004010055984,asphalt,1.1575
0.13333333333333333,1.0966705032861912,0.3046306953572753,0.0,0.0,0.0,0.0,0.3046306953572753,0.0,0.02123246556388757,2.2156679091279807,1000.0,1,0,0.0073601907252113285,0.0073601907252113285,0.48914252602420877,0.48914252602420877,4232.259123903476,4232.259123903476,3125.240876096523,3125.240876096523,asphalt,1.1575
0.15,1.2290858897535426,0.3414127471537618,0.0,0.0,0.0,0.0,0.3414127471537618,0.0,0.026693093358355274,2.201687128573644,1000.0,1,0,0.00827604921750663,0.00827604921750663,0.4880476813645377,0.4880476813645377,4233.312060947263,4233.312060947263,3124.1879390527365,3124.1879390527365,asphalt,1.1575
0.16666666666666666,1.3606656924574627,0.3779626923492952,0.0,0.0,0.0,0.0,0.3779626923492952,0.0,0.03276433568684266,2.1877932974443803,1000.0,1,0,0.009185677089218178,0.009185677089218178,0.48695902909213395,0.48695902909213395,4234.35844985919,4234.35844985919,3123.14155014081,3123.14155014081,asphalt,1.1575
0.18333333333333332,1.4914151086741254,0.4142819746317015,0.0,0.0,0.0,0.0,0.4142819746317015,0.0,0.03944233915579353,2.1739858910624354,1000.0,1,0,0.010089119082060224,0.010089119082060224,0.48587653895919036,0.48587653895919036,4235.398330148672,4235.398330148672,3122.101669851327,3122.101669851327,asphalt,1.1575
0.19999999999999998,1.621339304310158,0.4503720289750439,0.0,0.0,0.0,0.0,0.4503720289750439,0.0,0.046723274342282885,2.160264387711459,1000.0,1,0,0.010986419586211325,0.010986419586211325,0.48480018080943155,0.48480018080943155,4236.431741102173,4236.431741102173,3121.0682588978266,3121.0682588978266,asphalt,1.1575
0.21666666666666665,1.750443414079802,0.48623428168883387,0.0,0.0,0.0,0.0,0.48623428168883387,0.0,0.05460333564930043,2.1466282686225435,1000.0,1,0,0.011877622643457751,0.011877622643457751,0.48372992457853214,0.48372992457853214,4237.458721784256,4237.458721784256,3120.041278215743,3120.041278215743,asphalt,1.1575
0.2333333333333333,1.8787325416812268,0.5218701504670075,0.0,0.0,0.0,0.0,0.5218701504670075,0.0,0.06307874116185186,2.133077017960048,1000.0,1,0,0.012762771950304097,0.012762771950304097,0.48266574029452414,0.48266574029452414,4238.47931103865,4238.47931103865,3119.0206889613496,3119.0206889613496,asphalt,1.1575
0.24999999999999997,2.0062117599720084,0.5572810444366689,0.0,0.0,0.0,0.0,0.5572810444366689,0.0,0.072145732503874,2.1196101228077424,1000.0,1,0,0.01364191086105154,0.01364191086105154,0.48160759807819303,0.48160759807819303,4239.493547489296,4239.493547489296,3118.006452510703,3118.006452510703,asphalt,1.1575
0.26666666666666666,2.13288611114376,0.5924683642066,0.0,0.0,0.0,0.0,0.5924683642066,0.0,0.08180057469595986,2.1062270731547006,1000.0,1,0,0.014515082390844123,0.014515082390844123,0.4805554681434644,0.4805554681434644,4240.5014695414075,4240.5014695414075,3116.998530458592,3116.998530458592,asphalt,1.1575
0.2833333333333333,2.258760606895935,0.6274335019155375,0.0,0.0,0.0,0.0,0.6274335019155375,0.0,0.09203955601388983,2.092927361881376,1000.0,1,0,0.01538232921868351,0.01538232921868351,0.4795093207977781,0.4795093207977781,4241.503115382505,4241.503115382505,3115.9968846174947,3115.9968846174947,asphalt,1.1575
0.3,2.383840228608786,0.6621778412802183,0.0,0.0,0.0,0.0,0.6621778412802183,0.0,0.10285898784796499,2.0797104847457604,1000.0,1,0,0.01624369369041238,0.01624369369041238,0.4784691264424561,0.4784691264424561,4242.498522983482,4242.498522983482,3115.001477016517,3115.001477016517,asphalt,1.1575
0.31666666666666665,2.508129927515496,0.6967027576431932,0.0,0.0,0.0,0.0,0.6967027576431932,0.0,0.11425520456313878,2.0665759403695017,1000.0,1,0,0.01709921782166719,0.01709921782166719,0.47743485557305515,0.47743485557305515,4243.487730099635,4243.487730099635,3114.0122699003646,3114.0122699003646,asphalt,1.1575
0.3333333333333333,2.631634624873474,0.7310096180204094,0.0,0.0,0.0,0.0,0.7310096180204094,0.0,0.1262245633599433,2.053523230223915,1000.0,1,0,0.017948943300800334,0.017948943300800334,0.4764064787797129,0.4764064787797129,4244.4707742717055,4244.4707742717055,3113.029225728294,3113.029225728294,asphalt,1.1575
0.35,2.754359212134826,0.7650997811485628,0.0,0.0,0.0,0.0,0.7650997811485628,0.0,0.13876344413620606,2.0405518586163396,1000.0,1,0,0.01879291149177224,0.01879291149177224,0.4753839667474843,0.4753839667474843,4245.447692826931,4245.447692826931,3112.0523071730677,3112.0523071730677,asphalt,1.1575
0.36666666666666664,2.8763085511159945,0.7989745975322207,0.0,0.0,0.0,0.0,0.7989745975322207,0.0,0.15186824934955354,2.027661332676338,1000.0,1,0,0.019631163437013748,0.019631163437013748,0.4743672902566644,0.4743672902566644,4246.418522880069,4246.418522880069,3111.0814771199302,3111.0814771199302,asphalt,1.1575
0.3833333333333333,2.9974874741665727,0.8326354094907146,0.0,0.0,0.0,0.0,0.8326354094907146,0.0,0.16553540388069793,2.0148511623418397,1000.0,1,0,0.02046373986025909,0.02046373986025909,0.47335642018310603,0.47335642018310603,4247.383301334437,4247.383301334437,3110.1166986655617,3110.1166986655617,asphalt,1.1575
0.39999999999999997,3.1179007843372997,0.8660835512048054,0.0,0.0,0.0,0.0,0.8660835512048054,0.0,0.17976135489750295,2.002120860345551,1000.0,1,0,0.021290681169349877,0.021290681169349877,0.47235132749852354,0.47235132749852354,4248.342064882941,4248.342064882941,3109.1579351170585,3109.1579351170585,asphalt,1.1575
0.41666666666666663,3.2375532555472297,0.8993203487631194,0.0,0.0,0.0,0.0,0.8993203487631194,0.0,0.19454257171982484,1.9894699422012607,1000.0,1,0,0.02211202745901027,0.02211202745901027,0.4713519832707915,0.4713519832707915,4249.294850009108,4249.294850009108,3108.205149990891,3108.205149990891,asphalt,1.1575
0.4333333333333333,3.3564496327500883,0.9323471202083579,0.0,0.0,0.0,0.0,0.9323471202083579,0.0,0.20987554568512531,1.976897926190171,1000.0,1,0,0.022927818513594038,0.022927818513594038,0.4703583586642282,0.4703583586642282,4250.241692988105,4250.241692988105,3107.2583070118944,3107.2583070118944,asphalt,1.1575
0.44999999999999996,3.4745946320998056,0.9651651755832793,0.0,0.0,0.0,0.0,0.9651651755832793,0.0,0.2257567900148519,1.9644043333473604,1000.0,1,0,0.02373809380980336,0.02373809380980336,0.46937042493987585,0.46937042493987585,4251.182629887768,4251.182629887768,3106.3173701122323,3106.3173701122323,asphalt,1.1575
0.4666666666666666,3.59199294111524,0.9977758169764555,0.0,0.0,0.0,0.0,0.9977758169764555,0.0,0.24218283968158263,1.951988687448143,1000.0,1,0,0.024542892519380084,0.024542892519380084,0.468388153455767,0.468388153455767,4252.117696569621,4252.117696569621,3105.3823034303778,3105.3823034303778,asphalt,1.1575
0.4833333333333333,3.7086492188440867,1.030180338567802,0.0,0.0,0.0,0.0,1.030180338567802,0.0,0.2591502512769307,1.9396505149946641,1000.0,1,0,0.025342253511769608,0.025342253511769608,0.46741151566718386,0.46741151566718386,4253.046928689897,4253.046928689897,3104.453071310103,3104.453071310103,asphalt,1.1575
0.49999999999999994,3.824568096025978,1.0623800266738828,0.0,0.0,0.0,0.0,1.0623800266738828,0.0,0.27665560288020574,1.9273893452022328,1000.0,1,0,0.02613621535675776,0.02613621535675776,0.4664404831269073,0.4664404831269073,4253.970361700539,4253.970361700539,3103.5296382994607,3103.5296382994607,asphalt,1.1575
0.5166666666666666,3.9397541752547767,1.0943761597929935,0.0,0.0,0.0,0.0,1.0943761597929935,0.0,0.2946954939278281,1.9152047099861846,1000.0,1,0,0.02692481632708087,0.02692481632708087,0.4654750274854585,0.4654750274854585,4254.88803085023,4254.88803085023,3102.611969149769,3102.611969149769,asphalt,1.1575
0.5333333333333333,4.054212031140064,1.1261700086500177,0.0,0.0,0.0,0.0,1.1261700086500177,0.0,0.3132665450834918,1.9030961439480798,1000.0,1,0,0.027708094401009638,0.027708094401009638,0.4645151204913288,0.4645151204913288,4255.799971185385,4255.799971185385,3101.7000288146137,3101.7000288146137,asphalt,1.1575
0.55,4.167946210467821,1.1577628362410612,0.0,0.0,0.0,0.0,1.1577628362410612,0.0,0.33236539810907245,1.8910631843626469,1000.0,1,0,0.028486087264906628,0.028486087264906628,0.46356073399120573,0.46356073399120573,4256.706217551175,4256.706217551175,3100.7937824488254,3100.7937824488254,asphalt,1.1575
0.5666666666666668,4.280961232360312,1.1891558978778645,0.0,0.0,0.0,0.0,1.1891558978778645,0.0,0.35198871573627805,1.8791053711643535,1000.0,1,0,0.029258832315758262,0.029258832315758262,0.46261183993018445,0.46261183993018445,4257.606804592513,4257.606804592513,3099.893195407487,3099.893195407487,asphalt,1.1575
0.5833333333333335,4.393261588435176,1.2203504412319932,0.0,0.0,0.0,0.0,1.2203504412319932,0.0,0.37213318153903613,1.8672222469340838,1000.0,1,0,0.030026366663681223,0.030026366663681223,0.4616684103519737,0.4616684103519737,4258.501766755061,4258.501766755061,3098.998233244938,3098.998233244938,asphalt,1.1575
0.6000000000000002,4.504851742963705,1.251347706378807,0.0,0.0,0.0,0.0,1.251347706378807,0.0,0.3927954998066161,1.8554133568858155,1000.0,1,0,0.030788727134403608,0.030788727134403608,0.46073041739909326,0.46073041739909326,4259.39113828623,4259.39113828623,3098.1088617137693,3098.1088617137693,asphalt,1.1575
0.6166666666666669,4.615736133028352,1.2821489258412089,0.0,0.0,0.0,0.0,1.2821489258412089,0.0,0.4139723954174819,1.843678248853724,1000.0,1,0,0.031545950271721274,0.031545950271721274,0.4597978333130636,0.4597978333130636,4260.274953236173,4260.274953236173,3097.225046763826,3097.225046763826,asphalt,1.1575
0.6333333333333336,4.725919168679425,1.3127553246331736,0.0,0.0,0.0,0.0,1.3127553246331736,0.0,0.4356606137138711,1.8320164732785393,1000.0,1,0,0.03229807233992962,0.03229807233992962,0.45887063043458337,0.45887063043458337,4261.1532454587705,4261.1532454587705,3096.346754541229,3096.346754541229,asphalt,1.1575
0.6500000000000004,4.835405233091012,1.3431681203030588,0.0,0.0,0.0,0.0,1.3431681203030588,0.0,0.4578569203770981,1.8204275831949168,1000.0,1,0,0.033045129326231035,0.033045129326231035,0.45794878120370314,0.45794878120370314,4262.026048612621,4262.026048612621,3095.473951387379,3095.473951387379,asphalt,1.1575
0.6666666666666671,4.944198682716104,1.3733885229766956,0.0,0.0,0.0,0.0,1.3733885229766956,0.0,0.48055810130357557,1.808911134217901,1000.0,1,0,0.03378715694311813,0.03378715694311813,0.45703225815998977,0.45703225815998977,4262.893396162034,4262.893396162034,3094.6066038379654,3094.6066038379654,asphalt,1.1575
0.6833333333333338,5.052303847440945,1.4034177354002626,0.0,0.0,0.0,0.0,1.4034177354002626,0.0,0.5037609624815533,1.797466684530189,1000.0,1,0,0.03452419063073354,0.03452419063073354,0.45612103394268033,0.45612103394268033,4263.755321378003,4263.755321378003,3093.744678621996,3093.744678621996,asphalt,1.1575
0.7000000000000005,5.1597250307385965,1.4332569529829433,0.0,0.0,0.0,0.0,1.4332569529829433,0.0,0.5274623298685681,1.7860937948690214,1000.0,1,0,0.03525626555920603,0.03525626555920603,0.4552150812908305,0.4552150812908305,4264.611857339186,4264.611857339186,3092.8881426608136,3092.8881426608136,asphalt,1.1575
0.7166666666666672,5.266466509821719,1.4629073638393664,0.0,0.0,0.0,0.0,1.4629073638393664,0.0,0.5516590492696031,1.774792028513179,1000.0,1,0,0.035983416630963515,0.035983416630963515,0.45431437304345434,0.45431437304345434,4265.46303693288,4265.46303693288,3092.0369630671194,3092.0369630671194,asphalt,1.1575
0.733333333333334,5.37253253579459,1.4923701488318304,0.0,0.0,0.0,0.0,1.4923701488318304,0.0,0.5763479862159521,1.7635609512700867,1000.0,1,0,0.03670567848302303,0.03670567848302303,0.45341888213965603,0.45341888213965603,4266.3088928559955,4266.3088928559955,3091.191107144004,3091.191107144004,asphalt,1.1575
0.7500000000000007,5.477927333804326,1.5216464816123128,0.0,0.0,0.0,0.0,1.5216464816123128,0.0,0.601526025844785,1.7524001314628634,1000.0,1,0,0.03742308548925798,0.03742308548925798,0.45252858161875603,0.45252858161875603,4267.149457616035,4267.149457616035,3090.3505423839647,3090.3505423839647,asphalt,1.1575
0.7666666666666674,5.582655103191365,1.550737528664268,0.0,0.0,0.0,0.0,1.550737528664268,0.0,0.6271900727794117,1.741309139917746,1000.0,1,0,0.03813567176264338,0.03813567176264338,0.45164344462040334,0.45164344462040334,4267.984763532034,4267.984763532034,3089.5152364679657,3089.5152364679657,asphalt,1.1575
0.7833333333333341,5.686720017639147,1.5796444493442074,0.0,0.0,0.0,0.0,1.5796444493442074,0.0,0.65333705101024,1.7302875499509796,1000.0,1,0,0.03884347115747834,0.03884347115747834,0.45076344438468935,0.45076344438468935,4268.814842735553,4268.814842735553,3088.685157264447,3088.685157264447,asphalt,1.1575
0.8000000000000008,5.790126225323049,1.6083683959230692,0.0,0.0,0.0,0.0,1.6083683959230692,0.0,0.6799639037764241,1.719334937356134,1000.0,1,0,0.039546517271587055,0.039546517271587055,0.44988855425224705,0.44988855425224705,4269.639727171622,4269.639727171622,3087.8602728283768,3087.8602728283768,asphalt,1.1575
0.8166666666666675,5.892877849058552,1.6369105136273754,0.0,0.0,0.0,0.0,1.6369105136273754,0.0,0.7070675934482018,1.7084508803915277,1000.0,1,0,0.04024484344849808,0.04024484344849808,0.44901874766434546,0.44901874766434546,4270.4594485997,4270.4594485997,3087.0405514002996,3087.0405514002996,asphalt,1.1575
0.8333333333333343,5.994978986448643,1.6652719406801786,0.0,0.0,0.0,0.0,1.6652719406801786,0.0,0.734645101409913,1.6976349597675444,1000.0,1,0,0.040938482779602166,0.040938482779602166,0.4481539981629768,0.4481539981629768,4271.274038594624,4271.274038594624,3086.225961405376,3086.225961405376,asphalt,1.1575
0.850000000000001,6.096433710030464,1.6934538083417956,0.0,0.0,0.0,0.0,1.6934538083417956,0.0,0.7626934279437004,1.6868867586337366,1000.0,1,0,0.041627468106288874,0.041627468106288874,0.44729427939093647,0.44729427939093647,4272.083528547564,4272.083528547564,3085.4164714524354,3085.4164714524354,asphalt,1.1575
0.8666666666666677,6.197246067421199,1.721457240950333,0.0,0.0,0.0,0.0,1.721457240950333,0.0,0.7912095921138868,1.676205862566622,1000.0,1,0,0.042311832022062276,0.042311832022062276,0.44643956509189703,0.44643956509189703,4272.887949666979,4272.887949666979,3084.6120503330208,3084.6120503330208,asphalt,1.1575
0.8833333333333344,6.297420081463212,1.7492833559620034,0.0,0.0,0.0,0.0,1.7492833559620034,0.0,0.8201906316520241,1.6655918595568941,1000.0,1,0,0.042991606874636185,0.042991606874636185,0.445589829110471,0.445589829110471,4273.68733297954,4273.68733297954,3083.8126670204597,3083.8126670204597,asphalt,1.1575
0.9000000000000011,6.396959750368436,1.776933263991232,0.0,0.0,0.0,0.0,1.776933263991232,0.0,0.8496336028426141,1.655044339997005,1000.0,1,0,0.043666824768008684,0.043666824768008684,0.44474504539227244,0.44474504539227244,4274.481709331086,4274.481709331086,3083.018290668914,3083.018290668914,asphalt,1.1575
0.9166666666666679,6.495869047862005,1.8044080688505568,0.0,0.0,0.0,0.0,1.8044080688505568,0.0,0.8795355804094943,1.6445628966686954,1000.0,1,0,0.04433751756451652,0.04433751756451652,0.4439051879839678,0.4439051879839678,4275.271109387557,4275.271109387557,3082.228890612443,3082.228890612443,asphalt,1.1575
0.9333333333333346,6.594151923325153,1.8317088675903204,0.0,0.0,0.0,0.0,1.8317088675903204,0.0,0.9098936574028864,1.634147124730685,1000.0,1,0,0.045003716886869626,0.045003716886869626,0.4430702310333207,0.4430702310333207,4276.055563635923,4276.055563635923,3081.444436364077,3081.444436364077,asphalt,1.1575
0.9500000000000013,6.691812301937363,1.8588367505381562,0.0,0.0,0.0,0.0,1.8588367505381562,0.0,0.9407049450871052,1.6237966217061484,1000.0,1,0,0.045665454120165656,0.045665454120165656,0.442240148789232,0.442240148789232,4276.835102385124,4276.835102385124,3080.6648976148754,3080.6648976148754,asphalt,1.1575
0.966666666666668,6.788854084817772,1.8857928013382699,0.0,0.0,0.0,0.0,1.8857928013382699,0.0,0.9719665728289225,1.6135109874705122,1000.0,1,0,0.046322760413885194,0.046322760413885194,0.4414149156017709,0.4414149156017709,4277.609755766993,4277.609755766993,3079.890244233007,3079.890244233007,asphalt,1.1575
0.9833333333333347,6.885281149165849,1.9125780969905137,0.0,0.0,0.0,0.0,1.9125780969905137,0.0,1.0036756879865842,1.6032898242390914,1000.0,1,0,0.04697566668386764,0.04697566668386764,0.44059450592219934,0.44059450592219934,4278.379553737171,4278.379553737171,3079.120446262829,3079.120446262829,asphalt,1.1575
1.0000000000000013,6.981097348401331,1.9391937078892585,0.0,0.0,0.0,0.0,1.9391937078892585,0.0,1.035829455799476,1.5931327365548853,1000.0,1,0,0.04762420361426776,0.04762420361426776,0.43977889430299405,0.43977889430299405,4279.144526076043,4279.144526076043,3078.355473923956,3078.355473923956,asphalt,1.1575
1.016666666666668,7.0763065123034234,1.965640697862062,0.0,0.0,0.0,0.0,1.965640697862062,0.0,1.068425059278436,1.5830393312765878,1000.0,1,0,0.04826840165949354,0.04826840165949354,0.4389680553978569,0.4389680553978569,4279.904702389649,4279.904702389649,3077.595297610351,3077.595297610351,asphalt,1.1575
1.0333333333333345,7.170912447149284,1.9919201242081344,0.0,0.0,0.0,0.0,1.9919201242081344,0.0,1.101459699096707,1.573009217566117,1000.0,1,0,0.04890829104612551,0.04890829104612551,0.4381619639617219,0.4381619639617219,4280.660112110589,4280.660112110589,3076.839887889411,3076.839887889411,asphalt,1.1575
1.0500000000000012,7.264918935851768,2.0180330377366023,0.0,0.0,0.0,0.0,2.0180330377366023,0.0,1.1349305934815308,1.5630420068767847,1000.0,1,0,0.049543901774817274,0.049543901774817274,0.43736059485075585,0.43736059485075585,4281.410784498944,4281.410784498944,3076.0892155010556,3076.0892155010556,asphalt,1.1575
1.0666666666666678,7.358329738096452,2.04398048280457,0.0,0.0,0.0,0.0,2.04398048280457,0.0,1.1688349781063774,1.5531373129409332,1000.0,1,0,0.05017526362217803,0.05017526362217803,0.43656392302235225,0.43656392302235225,4282.156748643175,4282.156748643175,3075.343251356825,3075.343251356825,asphalt,1.1575
1.0833333333333344,7.4511485904779375,2.0697634973549826,0.0,0.0,0.0,0.0,2.0697634973549826,0.0,1.2031701059838045,1.5432947517583173,1000.0,1,0,0.05080240614263667,0.05080240614263667,0.4357719235351223,0.4357719235351223,4282.898033461048,4282.898033461048,3074.6019665389517,3074.6019665389517,asphalt,1.1575
1.100000000000001,7.543379206635441,2.095383112954289,0.0,0.0,0.0,0.0,2.095383112954289,0.0,1.2379332473589477,1.5335139415840615,1000.0,1,0,0.051425358670288746,0.051425358670288746,0.4349845715488724,0.4349845715488724,4283.634667700499,4283.634667700499,3073.8653322995,3073.8653322995,asphalt,1.1575
1.1166666666666676,7.635025277387656,2.1208403548299044,0.0,0.0,0.0,0.0,2.1208403548299044,0.0,1.2731216896036384,1.5237945029162958,1000.0,1,0,0.05204415032072512,0.05204415032072512,0.4342018423245836,0.4342018423245836,4284.366679940553,4284.366679940553,3073.1333200594463,3073.1333200594463,asphalt,1.1575
1.1333333333333342,7.726090470866919,2.1461362419074774,0.0,0.0,0.0,0.0,2.1461362419074774,0.0,1.3087327371111372,1.5141360584850716,1000.0,1,0,0.05265880999284315,0.05265880999284315,0.43342371122438395,0.43342371122438395,4285.094098592224,4285.094098592224,3072.405901407775,3072.405901407775,asphalt,1.1575
1.1500000000000008,7.816578432652643,2.1712717868479565,0.0,0.0,0.0,0.0,2.1712717868479565,0.0,1.3447637111914956,1.504538233239785,1000.0,1,0,0.05326936637064128,0.05326936637064128,0.4326501537115094,0.4326501537115094,4285.81695189938,4285.81695189938,3071.68304810062,3071.68304810062,asphalt,1.1575
1.1666666666666674,7.906492785904062,2.1962479960844616,0.0,0.0,0.0,0.0,2.1962479960844616,0.0,1.381211949967525,1.495000654337666,1000.0,1,0,0.05387584792499558,0.05387584792499558,0.4318811453502688,0.4318811453502688,4286.535267939664,4286.535267939664,3070.9647320603353,3070.9647320603353,asphalt,1.1575
1.183333333333334,7.995837131492262,2.2210658698589616,0.0,0.0,0.0,0.0,2.2210658698589616,0.0,1.4180748082713845,1.4855229511323742,1000.0,1,0,0.054478282915420395,0.054478282915420395,0.4311166618059914,0.4311166618059914,4287.249074625337,4287.249074625337,3070.250925374663,3070.250925374663,asphalt,1.1575
1.2000000000000006,8.08461504813151,2.245726402258753,0.0,0.0,0.0,0.0,2.245726402258753,0.0,1.4553496575417733,1.476104755161849,1000.0,1,0,0.055076699391811514,0.055076699391811514,0.43035667884498147,0.43035667884498147,4287.958399704192,4287.958399704192,3069.541600295808,3069.541600295808,asphalt,1.1575
1.2166666666666672,8.17283009250989,2.2702305812527475,0.0,0.0,0.0,0.0,2.2702305812527475,0.0,1.4930338857217322,1.4667457001369044,1000.0,1,0,0.05567112519617319,0.05567112519617319,0.42960117233445794,0.42960117233445794,4288.663270760414,4288.663270760414,3068.836729239585,3068.836729239585,asphalt,1.1575
1.2333333333333338,8.260485799419232,2.2945793887275645,0.0,0.0,0.0,0.0,2.2945793887275645,0.0,1.5311248971570466,1.4574454219295063,1000.0,1,0,0.056261587964328945,0.056261587964328945,0.4288501182424922,0.4288501182424922,4289.36371521545,4289.36371521545,3068.13628478455,3068.13628478455,asphalt,1.1575
1.2500000000000004,8.347585681884352,2.318773800523431,0.0,0.0,0.0,0.0,2.318773800523431,0.0,1.5696201124952485,1.4482035585612607,1000.0,1,0,0.056848115127615714,0.056848115127615714,0.4281034926379433,0.4281034926379433,4290.05976032889,4290.05976032889,3067.44023967111,3067.44023967111,asphalt,1.1575
1.266666666666667,8.4341332312916,2.342814786469889,0.0,0.0,0.0,0.0,2.342814786469889,0.0,1.6085169685852163,1.4390197501921165,1000.0,1,0,0.057430733914562604,0.057430733914562604,0.42736127169038296,0.42736127169038296,4290.751433199323,4290.751433199323,3066.748566800676,3066.748566800676,asphalt,1.1575
1.2833333333333337,8.520131917516723,2.366703310421312,0.0,0.0,0.0,0.0,2.366703310421312,0.0,1.6478129183773673,1.4298936391085348,1000.0,1,0,0.05800947135255333,0.05800947135255333,0.42662343167002004,0.42662343167002004,4291.438760765211,4291.438760765211,3066.061239234789,3066.061239234789,asphalt,1.1575
1.3000000000000003,8.605585189052041,2.3904403302922335,0.0,0.0,0.0,0.0,2.3904403302922335,0.0,1.687505430824438,1.4208248697125114,1000.0,1,0,0.058584354269473504,0.058584354269473504,0.4258899489476162,0.4258899489476162,4292.121769805732,4292.121769805732,3065.378230194268,3065.378230194268,asphalt,1.1575
1.3166666666666669,8.690496473132928,2.41402679809248,0.0,0.0,0.0,0.0,2.41402679809248,0.0,1.727591990782855,1.4118130885096392,1000.0,1,0,0.05915540929534203,0.05915540929534203,0.4251607999944,0.4251607999944,4292.800486941653,4292.800486941653,3064.6995130583473,3064.6995130583473,asphalt,1.1575
1.3333333333333335,8.77486917586363,2.4374636599621193,0.0,0.0,0.0,0.0,2.4374636599621193,0.0,1.7680700989146858,1.402857944098237,1000.0,1,0,0.05972266286392762,0.05972266286392762,0.42443596138197237,0.42443596138197237,4293.474938636158,4293.474938636158,3064.0250613638414,3064.0250613638414,asphalt,1.1575
1.35,8.858706682342403,2.460751856206223,0.0,0.0,0.0,0.0,2.460751856206223,0.0,1.8089372715901741,1.3939590871581586,1000.0,1,0,0.060286141214349685,0.060286141214349685,0.42371540978221234,0.42371540978221234,4294.145151195727,4294.145151195727,3063.3548488042725,3063.3548488042725,asphalt,1.1575
1.3666666666666667,8.94201235678596,2.4838923213294337,0.0,0.0,0.0,0.0,2.4838923213294337,0.0,1.8501910407908475,1.3851161704391757,1000.0,1,0,0.060845870392664654,0.060845870392664654,0.4229991219671743,0.4229991219671743,4294.811150770965,4294.811150770965,3062.6888492290354,3062.6888492290354,asphalt,1.1575
1.3833333333333333,9.02478954265327,2.506885984070353,0.0,0.0,0.0,0.0,2.506885984070353,0.0,1.8918289540132034,1.3763288487498926,1000.0,1,0,0.061401876253437425,0.061401876253437425,0.4222870748089811,0.4222870748089811,4295.4729633574425,4295.4729633574425,3062.0270366425575,3062.0270366425575,asphalt,1.1575
1.4,9.107041562768659,2.5297337674357383,0.0,0.0,0.0,0.0,2.5297337674357383,0.0,1.9338485741729652,1.3675967789468757,1000.0,1,0,0.0619541844612981,0.0619541844612981,0.42157924527971286,0.42157924527971286,4296.130614796535,4296.130614796535,3061.3693852034644,3061.3693852034644,asphalt,1.1575
1.4166666666666665,9.188771719444278,2.5524365887345213,0.0,0.0,0.0,0.0,2.5524365887345213,0.0,1.9762474795099063,1.3589196199233555,1000.0,1,0,0.06250282049248439,0.06250282049248439,0.4208756104512907,0.4208756104512907,4296.784130776252,4296.784130776252,3060.715869223747,3060.715869223747,asphalt,1.1575
1.4333333333333331,9.269983294601879,2.574995359611633,0.0,0.0,0.0,0.0,2.574995359611633,0.0,2.0190232634932372,1.3502970325980357,1000.0,1,0,0.06304780963636926,0.06304780963636926,0.42017614749535986,0.42017614749535986,4297.433536832087,4297.433536832087,3060.0664631679124,3060.0664631679124,asphalt,1.1575
1.4499999999999997,9.350679549893947,2.597410986081652,0.0,0.0,0.0,0.0,2.597410986081652,0.0,2.0621735347275583,1.3417286799044348,1000.0,1,0,0.0635891769969749,0.0635891769969749,0.41948083368316413,0.41948083368316413,4298.078858347835,4298.078858347835,3059.421141652164,3059.421141652164,asphalt,1.1575
1.4666666666666663,9.430863726824162,2.6196843685622673,0.0,0.0,0.0,0.0,2.6196843685622673,0.0,2.105695916859368,1.333214226779802,1000.0,1,0,0.06412694749447248,0.06412694749447248,0.41878964638541605,0.41878964638541605,4298.720120556412,4298.720120556412,3058.779879443587,3058.779879443587,asphalt,1.1575
1.483333333333333,9.510539046867217,2.6418164019075605,0.0,0.0,0.0,0.0,2.6418164019075605,0.0,2.1495880484841288,1.3247533401540323,1000.0,1,0,0.06466114586666812,0.06466114586666812,0.4181025630721649,0.4181025630721649,4299.357348540678,4299.357348540678,3058.1426514593218,3058.1426514593218,asphalt,1.1575
1.4999999999999996,9.589708711587976,2.6638079754411046,0.0,0.0,0.0,0.0,2.6638079754411046,0.0,2.193847583053885,1.316345688939009,1000.0,1,0,0.06519179667047494,0.06519179667047494,0.4174195613126599,0.4174195613126599,4299.990567234254,4299.990567234254,3057.5094327657453,3057.5094327657453,asphalt,1.1575
1.5166666666666662,9.668375902759982,2.6856599729888835,0.0,0.0,0.0,0.0,2.6856599729888835,0.0,2.2384721887854333,1.3079909440177317,1000.0,1,0,0.06571892428337169,0.06571892428337169,0.4167406187752097,0.4167406187752097,4300.619801422344,4300.619801422344,3056.8801985776554,3056.8801985776554,asphalt,1.1575
1.5333333333333328,9.746543782483322,2.707373272912034,0.0,0.0,0.0,0.0,2.707373272912034,0.0,2.2834595485690325,1.2996887782336586,1000.0,1,0,0.06624255290484793,0.06624255290484793,0.4160657132270372,0.4160657132270372,4301.245075742539,4301.245075742539,3056.2549242574605,3056.2549242574605,asphalt,1.1575
1.5499999999999994,9.824215493301846,2.7289487481394015,0.0,0.0,0.0,0.0,2.7289487481394015,0.0,2.3288073598776675,1.291438866379515,1000.0,1,0,0.0667627065578359,0.0667627065578359,0.4153948225341301,0.4153948225341301,4301.866414685622,4301.866414685622,3055.633585314378,3055.633585314378,asphalt,1.1575
1.566666666666666,9.901394158319741,2.750387266199928,0.0,0.0,0.0,0.0,2.750387266199928,0.0,2.374513334676845,1.2832408851874888,1000.0,1,0,0.0672794090901292,0.0672794090901292,0.41472792466108926,0.41472792466108926,4302.483842596383,4302.483842596383,3055.016157403617,3055.016157403617,asphalt,1.1575
1.5833333333333326,9.978082881317476,2.7716896892548544,0.0,0.0,0.0,0.0,2.7716896892548544,0.0,2.420575199334931,1.2750945133177183,1000.0,1,0,0.06779268417578878,0.06779268417578878,0.4140649976709701,0.4140649976709701,4303.097383674399,4303.097383674399,3054.402616325601,3054.402616325601,asphalt,1.1575
1.5999999999999992,10.054284746867097,2.792856874129749,0.0,0.0,0.0,0.0,2.792856874129749,0.0,2.466990694534027,1.2669994313482746,1000.0,1,0,0.06830255531653551,0.06830255531653551,0.4134060197251242,0.4134060197251242,4303.70706197485,4303.70706197485,3053.79293802515,3053.79293802515,asphalt,1.1575
1.6166666666666658,10.130002820446895,2.81388967234636,0.0,0.0,0.0,0.0,2.81388967234636,0.0,2.5137575751813683,1.2589553217641836,1000.0,1,0,0.06880904584313059,0.06880904584313059,0.41275096908303316,0.41275096908303316,4304.312901409296,4304.312901409296,3053.1870985907035,3053.1870985907035,asphalt,1.1575
1.6333333333333324,10.205240148555456,2.8347889301542932,0.0,0.0,0.0,0.0,2.8347889301542932,0.0,2.5608736103212615,1.2509618689474067,1000.0,1,0,0.0693121789167426,0.0693121789167426,0.4120998241021447,0.4120998241021447,4304.914925746495,4304.914925746495,3052.5850742535044,3052.5850742535044,asphalt,1.1575
1.649999999999999,10.279999758825053,2.8555554885625147,0.0,0.0,0.0,0.0,2.8555554885625147,0.0,2.6083365830475413,1.2430187591661834,1000.0,1,0,0.06981197753030326,0.06981197753030326,0.411452563237696,0.411452563237696,4305.51315861315,4305.51315861315,3051.98684138685,3051.98684138685,asphalt,1.1575
1.6666666666666656,10.354284660134448,2.87619018337068,0.0,0.0,0.0,0.0,2.87619018337068,0.0,2.6561442904165555,1.2351256805643729,1000.0,1,0,0.07030846450984987,0.07030846450984987,0.4108091650425428,0.4108091650425428,4306.107623494714,4306.107623494714,3051.3923765052855,3051.3923765052855,asphalt,1.1575
1.6833333333333322,10.428097842721051,2.896693845200292,0.0,0.0,0.0,0.0,2.896693845200292,0.0,2.7042945433606658,1.2272823231516483,1000.0,1,0,0.07080166251585537,0.07080166251585537,0.41016960816698184,0.41016960816698184,4306.698343736189,4306.698343736189,3050.801656263811,3050.801656263811,asphalt,1.1575
1.6999999999999988,10.501442278292462,2.9170672995256837,0.0,0.0,0.0,0.0,2.9170672995256837,0.0,2.752785166602269,1.2194883787927324,1000.0,1,0,0.07129159404454807,0.07129159404454807,0.4095338713585633,0.4095338713585633,4307.285342542843,4307.285342542843,3050.214657457157,3050.214657457157,asphalt,1.1575
1.7166666666666655,10.574320920137392,2.937311366704831,0.0,0.0,0.0,0.0,2.937311366704831,0.0,2.801613998568333,1.2117435411972721,1000.0,1,0,0.07177828142921676,0.07177828142921676,0.4089019334619141,0.4089019334619141,4307.868642981053,4307.868642981053,3049.6313570189463,3049.6313570189463,asphalt,1.1575
1.733333333333332,10.646737966464954,2.9574272129069317,0.0,0.0,0.0,0.0,2.9574272129069317,0.0,2.8507788927675124,1.2041317211739155,1000.0353600288605,1,0,0.07226174684150641,0.07226174684150641,0.40828933552729846,0.40828933552729846,4308.44826797902,4308.44826797902,3049.051732020979,3049.051732020979,asphalt,1.1575
1.7499999999999987,10.718785541915395,2.9774404283098317,0.0,0.0,0.0,0.0,2.9774404283098317,0.0,2.900277913040956,1.1992488467088336,1001.1984164097885,1,0,0.07274467140020524,0.07274467140020524,0.40815802987906147,0.40815802987906147,4308.886968279678,4308.886968279678,3048.613031720322,3048.613031720322,asphalt,1.1575
1.7666666666666653,10.790665085218434,2.9974069681162314,0.0,0.0,0.0,0.0,2.9974069681162314,0.0,2.9501099331876453,1.1975887666852003,1003.7051675438173,1,0,0.07323043317614697,0.07323043317614697,0.40858557265798434,0.40858557265798434,4309.066373962488,4309.066373962488,3048.4336260375117,3048.4336260375117,asphalt,1.1575
1.7833333333333319,10.862540256874432,3.017372293576231,0.0,0.0,0.0,0.0,3.017372293576231,0.0,3.0002746649130794,1.198384645196029,1007.2414406120093,1,0,0.07371925635563911,0.07371925635563911,0.4094402286868165,0.4094402286868165,4309.048086472239,4309.048086472239,3048.4519135277606,3048.4519135277606,asphalt,1.1575
1.7999999999999985,10.934535651874072,3.037371014409464,0.0,0.0,0.0,0.0,3.037371014409464,0.0,3.050772460802811,1.2010491838252335,1011.5665871245693,1,0,0.07421130180708063,0.07421130180708063,0.4106209623551513,0.4106209623551513,4308.879330664356,4308.879330664356,3048.6206693356435,3048.6206693356435,asphalt,1.1575
1.816666666666665,11.00674601487378,3.05742944857605,0.0,0.0,0.0,0.0,3.05742944857605,0.0,3.1016041609767595,1.2051342900697648,1016.4969857936517,1,0,0.07470668595060881,0.07470668595060881,0.4120506156674723,0.4120506156674723,4308.596171465135,4308.596171465135,3048.9038285348647,3048.9038285348647,asphalt,1.1575
1.8333333333333317,11.079243365961347,3.0775676016559297,0.0,0.0,0.0,0.0,3.0775676016559297,0.0,3.152770976179442,1.2102993288524644,1021.8930505250114,1,0,0.07520549430576508,0.07520549430576508,0.4136705029975636,0.4136705029975636,4308.226049801347,4308.226049801347,3049.2739501986534,3049.2739501986534,asphalt,1.1575
1.8499999999999983,11.152082487367895,3.0978006909355265,0.0,0.0,0.0,0.0,3.0978006909355265,0.0,3.2042743989717812,1.2162862714900058,1027.6490569310401,1,0,0.07570779115664365,0.07570779115664365,0.4154361604169351,0.4154361604169351,4307.789770297891,4307.789770297891,3049.710229702109,3049.710229702109,asphalt,1.1575
1.866666666666665,11.225305131258699,3.1181403142385276,0.0,0.0,0.0,0.0,3.1181403142385276,0.0,3.25611613650795,1.2229003435690444,1033.6852171059807,1,0,0.07621362639803558,0.07621362639803558,0.417314024693105,0.417314024693105,4307.303051077808,4307.303051077808,3050.1969489221915,3050.1969489221915,asphalt,1.1575
1.8833333333333315,11.298943234478907,3.1385953429108073,0.0,0.0,0.0,0.0,3.1385953429108073,0.0,3.3082980598277083,1.2299950262280035,1039.9415351803027,1,0,0.07672304034561937,0.07672304034561937,0.41927885349423305,0.41927885349423305,4306.77772630637,4306.77772630637,3050.72227369363,3050.72227369363,asphalt,1.1575
1.8999999999999981,11.373021365713505,3.159172601587085,0.0,0.0,0.0,0.0,3.159172601587085,0.0,3.3608221657387745,1.2374604825948055,1046.3730645576145,1,0,0.07723606708443959,0.07723606708443959,0.4213117316559878,0.4213117316559878,4306.222675114465,4306.222675114465,3051.277324885534,3051.277324885534,asphalt,1.1575
1.9166666666666647,11.447558581837981,3.1798773838438836,0.0,0.0,0.0,0.0,3.1798773838438836,0.0,3.4136905482628097,1.2452146639852302,1052.946262226882,1,0,0.07775273677486885,0.07775273677486885,0.42339853755762896,0.42339853755762896,4305.644536158051,4305.644536158051,3051.8554638419487,3051.8554638419487,asphalt,1.1575
1.9333333333333313,11.522569831333028,3.200713842036952,0.0,0.0,0.0,0.0,3.200713842036952,0.0,3.4669053773212357,1.2531965019968894,1059.636197332504,1,0,0.07827307722051592,0.07827307722051592,0.4255287684907997,0.4255287684907997,4305.048255112847,4305.048255112847,3052.4517448871525,3052.4517448871525,asphalt,1.1575
1.949999999999998,11.598067011773793,3.2216852810482757,0.0,0.0,0.0,0.0,3.2216852810482757,0.0,3.520468882883487,1.2613607166110086,1066.424421785908,1,0,0.07879711491798042,0.07879711491798042,0.4276946445905835,0.4276946445905835,4304.437502590536,4304.437502590536,3053.0624974094635,3053.0624974094635,asphalt,1.1575
1.9666666666666646,11.67405976407688,3.2427943789102445,0.0,0.0,0.0,0.0,3.2427943789102445,0.0,3.574383343223209,1.2696738708002542,1073.2973517006621,1,0,0.07932487574629962,0.07932487574629962,0.4298904278504517,0.4298904278504517,4303.814991998094,4303.814991998094,3053.6850080019053,3053.6850080019053,asphalt,1.1575
1.9833333333333312,11.750556067123297,3.2640433519786933,0.0,0.0,0.0,0.0,3.2640433519786933,0.0,3.6286510762538287,1.2781113826865464,1080.2450413510114,1,0,0.0798563854086179,0.0798563854086179,0.4321119064582485,0.4321119064582485,4303.182720457586,4303.182720457586,3054.3172795424143,3054.3172795424143,asphalt,1.1575
1.9999999999999978,11.827562681512742,3.2854340781979836,0.0,0.0,0.0,0.0,3.2854340781979836,0.0,3.683274433165122,1.2866552704267775,1087.2602575771668,1,0,0.08039166970570015,0.08039166970570015,0.43435600567251004,0.43435600567251004,4302.54215079481,4302.54215079481,3054.9578492051896,3054.9578492051896,asphalt,1.1575
2.0166666666666644,11.90508547967365,3.306968188798236,0.0,0.0,0.0,0.0,3.306968188798236,0.0,3.738255793773666,1.2952924557193057,1094.3377833074048,1,0,0.0809307546971439,0.0809307546971439,0.4366204951761379,0.4366204951761379,4301.894348558859,4301.894348558859,3055.6056514411407,3055.6056514411407,asphalt,1.1575
2.033333333333331,11.983129690647113,3.3286471362908645,0.0,0.0,0.0,0.0,3.3286471362908645,0.0,3.793597563145804,1.3040134916816015,1101.473895180211,1,0,0.08147366678908878,0.08147366678908878,0.43890376971380474,0.43890376971380474,4301.2400848497,4301.2400848497,3056.2599151502995,3056.2599151502995,asphalt,1.1575
2.0499999999999976,12.061700081012715,3.3504722447257542,0.0,0.0,0.0,0.0,3.3504722447257542,0.0,3.849302169162369,1.3128116120108402,1108.665973005754,1,0,0.08202043277507555,0.08202043277507555,0.44120468519768247,0.44120468519768247,4300.579913237803,4300.579913237803,3056.920086762196,3056.920086762196,asphalt,1.1575
2.066666666666664,12.140801088176232,3.37244474671562,0.0,0.0,0.0,0.0,3.37244474671562,0.0,3.9053720607781215,1.3216820225634862,1115.912208730162,1,0,0.08257107984811188,0.08257107984811188,0.4435224366531161,0.4435224366531161,4299.914227118949,4299.914227118949,3057.58577288105,3057.58577288105,asphalt,1.1575
2.083333333333331,12.220436918233677,3.394565810620466,0.0,0.0,0.0,0.0,3.394565810620466,0.0,3.961809706791946,1.3306213752547436,1123.2113902510614,1,0,0.08312563559598336,0.08312563559598336,0.44585646761889597,0.44585646761889597,4299.243302342798,4299.243302342798,3058.2566976572007,3058.2566976572007,asphalt,1.1575
2.0999999999999974,12.300611617579916,3.4168365604388655,0.0,0.0,0.0,0.0,3.4168365604388655,0.0,4.018617594991295,1.339627378630226,1130.56274135808,1,0,0.08368412798766917,0.08368412798766917,0.4482064031170248,0.4482064031170248,4298.567328793161,4298.567328793161,3058.932671206838,3058.932671206838,asphalt,1.1575
2.116666666666664,12.381329125121468,3.439258090311519,0.0,0.0,0.0,0.0,3.439258090311519,0.0,4.075798231569902,1.34869851056596,1137.9658036218414,1,0,0.0842465853558557,0.0842465853558557,0.45057200022619825,0.45057200022619825,4297.886433705908,4297.886433705908,3059.613566294092,3059.613566294092,asphalt,1.1575
2.1333333333333306,12.462593310209304,3.4618314750581396,0.0,0.0,0.0,0.0,3.4618314750581396,0.0,4.1333541407443075,1.3578338070359663,1145.4203495351976,1,0,0.08481303637860002,0.08481303637860002,0.4529531117607107,0.4529531117607107,4297.200698827932,4297.200698827932,3060.2993011720678,3060.2993011720678,asphalt,1.1575
2.1499999999999972,12.54440800009473,3.4845577778040915,0.0,0.0,0.0,0.0,3.4845577778040915,0.0,4.191287864514515,1.367032707356266,1152.9263188627347,1,0,0.08538351006191129,0.08538351006191129,0.45534965967419616,0.45534965967419616,4296.510172999584,4296.510172999584,3060.9898270004155,3060.9898270004155,asphalt,1.1575
2.166666666666664,12.62677699972634,3.507438055479539,0.0,0.0,0.0,0.0,3.507438055479539,0.0,4.2496019625287165,1.376294941220948,1160.4837721687327,1,0,0.08595803572417005,0.08595803572417005,0.4577616156559924,0.4577616156559924,4295.81488134786,4295.81488134786,3061.6851186521394,3061.6851186521394,asphalt,1.1575
2.1833333333333305,12.709704105969168,3.530473362769213,0.0,0.0,0.0,0.0,3.530473362769213,0.0,4.308299012022893,1.3856204465615818,1168.0928570181059,1,0,0.08653664298277988,0.08653664298277988,0.46018898702942046,0.46018898702942046,4295.114831977664,4295.114831977664,3062.3851680223356,3062.3851680223356,asphalt,1.1575
2.199999999999997,12.793193117777895,3.553664754938304,0.0,0.0,0.0,0.0,3.553664754938304,0.0,4.367381607814061,1.395009310064026,1175.753783494633,1,0,0.087119361743122,0.087119361743122,0.46263180654487496,0.46263180654487496,4294.41002082245,4294.41002082245,3063.089979177549,3063.089979177549,asphalt,1.1575
2.2166666666666637,12.877247843447567,3.5770132898465463,0.0,0.0,0.0,0.0,3.5770132898465463,0.0,4.426852362331825,1.4044617242769775,1183.4668065452167,1,0,0.0877062221896913,0.0877062221896913,0.46509012502395697,0.46509012502395697,4293.700435145749,4293.700435145749,3063.7995648542505,3063.7995648542505,asphalt,1.1575
2.2333333333333303,12.961872105762994,3.6005200293786093,0.0,0.0,0.0,0.0,3.6005200293786093,0.0,4.486713905677154,1.4139779568320066,1191.232213306718,1,0,0.08829725477920777,0.08829725477920777,0.46756400608284904,0.46756400608284904,4292.986056057029,4292.986056057029,3064.513943942971,3064.513943942971,asphalt,1.1575
2.249999999999997,13.047069745644531,3.6241860404568143,0.0,0.0,0.0,0.0,3.6241860404568143,0.0,4.546968885700463,1.4235583284635922,1199.0503140558062,1,0,0.08889249023544717,0.08889249023544717,0.4700535223662594,0.4700535223662594,4292.266860310557,4292.266860310557,3065.2331396894433,3065.2331396894433,asphalt,1.1575
2.2666666666666635,13.132844624723853,3.6480123957566257,0.0,0.0,0.0,0.0,3.6480123957566257,0.0,4.607619968093364,1.4332031974037918,1206.9214357825751,1,0,0.08949195954553922,0.08949195954553922,0.47255875287427684,0.47255875287427684,4291.542821584482,4291.542821584482,3065.957178415518,3065.957178415518,asphalt,1.1575
2.28333333333333,13.219200627162667,3.672000174211852,0.0,0.0,0.0,0.0,3.672000174211852,0.0,4.668669836490034,1.4429129483689707,1214.8459176560912,1,0,0.09009569395749019,0.09009569395749019,0.4750797810765414,0.4750797810765414,4290.813911384904,4290.813911384904,3066.686088615096,3066.686088615096,asphalt,1.1575
2.2999999999999967,13.306141660939439,3.696150461372066,0.0,0.0,0.0,0.0,3.696150461372066,0.0,4.730121192575404,1.452687984843628,1222.824107847857,1,0,0.09070372497871275,0.09070372497871275,0.47761669359094133,0.47761669359094133,4290.080099680591,4290.080099680591,3067.4199003194085,3067.4199003194085,asphalt,1.1575
2.3166666666666633,13.393671658765058,3.7204643496569605,0.0,0.0,0.0,0.0,3.7204643496569605,0.0,4.791976756198184,1.4625287237156215,1230.8563613250299,1,0,0.09131608437537861,0.09131608437537861,0.48016957926501036,0.48016957926501036,4289.3413553450555,4289.3413553450555,3068.158644654944,3068.158644654944,asphalt,1.1575
2.33333333333333,13.48179457874202,3.74494293853945,0.0,0.0,0.0,0.0,3.74494293853945,0.0,4.8542392654873465,1.4724355915830145,1238.9430383323956,1,0,0.09193280417243092,0.09193280417243092,0.4827385285430318,0.4827385285430318,4288.597646461789,4288.597646461789,3068.9023535382103,3068.9023535382103,asphalt,1.1575
2.3499999999999965,13.570514404848087,3.769587334680024,0.0,0.0,0.0,0.0,3.769587334680024,0.0,4.916911476971134,1.4824090222381159,1247.0845033605551,1,0,0.09255391665412709,0.09255391665412709,0.4853236330345622,0.4853236330345622,4287.848940532697,4287.848940532697,3069.6510594673023,3069.6510594673023,asphalt,1.1575
2.366666666666663,13.659835147301395,3.7943986520281654,0.0,0.0,0.0,0.0,3.7943986520281654,0.0,4.979996165697942,1.492449454978484,1255.281124455028,1,0,0.09317945436500194,0.09317945436500194,0.487924985224008,0.487924985224008,4287.095204618649,4287.095204618649,3070.4047953813506,3070.4047953813506,asphalt,1.1575
2.3833333333333298,13.749760842846708,3.8193780119018634,0.0,0.0,0.0,0.0,3.8193780119018634,0.0,5.043496125358651,1.5025573334909126,1263.5332727625446,1,0,0.09380945011116423,0.09380945011116423,0.49054267827817605,0.49054267827817605,4286.336405432709,4286.336405432709,3071.1635945672906,3071.1635945672906,asphalt,1.1575
2.3999999999999964,13.840295554990284,3.8445265430528566,0.0,0.0,0.0,0.0,3.8445265430528566,0.0,5.107414168410135,1.51273310513254,1271.8413222409101,1,0,0.09444393696185689,0.09444393696185689,0.4931768059212728,0.4931768059212728,4285.572509400663,4285.572509400663,3071.9274905993366,3071.9274905993366,asphalt,1.1575
2.416666666666663,13.931443374202146,3.8698453817228184,0.0,0.0,0.0,0.0,3.8698453817228184,0.0,5.171753126199745,1.5229772204796888,1280.2056494804963,1,0,0.09508294825122501,0.09508294825122501,0.49582746235584285,0.49582746235584285,4284.803482699238,4284.803482699238,3072.696517300761,3072.696517300761,asphalt,1.1575
2.4333333333333296,14.023208418098532,3.8953356716940366,0.0,0.0,0.0,0.0,3.8953356716940366,0.0,5.23651584909068,1.5332901330604543,1288.62663360097,1,0,0.0957265175802497,0.0957265175802497,0.49849474221457823,0.49849474221457823,4284.029291279164,4284.029291279164,3073.4707087208362,3073.4707087208362,asphalt,1.1575
2.449999999999996,14.115594831612942,3.9209985643369283,0.0,0.0,0.0,0.0,3.9209985643369283,0.0,5.301705206588161,1.5436722992058094,1297.1046561979588,1,0,0.09637467881881162,0.09637467881881162,0.501178740532566,0.501178740532566,4283.249900878269,4283.249900878269,3074.2500991217307,3074.2500991217307,asphalt,1.1575
2.466666666666663,14.208606787161425,3.946835218655951,0.0,0.0,0.0,0.0,3.946835218655951,0.0,5.367324087466373,1.5541241779797943,1305.6401013222282,1,0,0.0970274661078601,0.0970274661078601,0.5038795527327733,0.5038795527327733,4282.465277027981,4282.465277027981,3075.0347229720187,3075.0347229720187,asphalt,1.1575
2.4833333333333294,14.302248484805594,3.972846801334887,0.0,0.0,0.0,0.0,3.972846801334887,0.0,5.433375399896181,1.5646462311587328,1314.2333554794914,1,0,0.09768491386166812,0.09768491386166812,0.5065972746198795,0.5065972746198795,4281.675385055629,4281.675385055629,3075.8246149443708,3075.8246149443708,asphalt,1.1575
2.499999999999996,14.396524152415628,3.9990344867821186,0.0,0.0,0.0,0.0,3.9990344867821186,0.0,5.499862071573581,1.575238923241038,1322.884807642856,1,0,0.0983470567701565,0.0983470567701565,0.5093320023791732,0.5093320023791732,4280.880190084198,4280.880190084198,3076.619809915802,3076.619809915802,asphalt,1.1575
2.5166666666666626,14.491438045834522,4.025399457176256,0.0,0.0,0.0,0.0,4.025399457176256,0.0,5.5667870498489265,1.5859027214736443,1331.5948492726227,1,0,0.09901392980127678,0.09901392980127678,0.5120838325783517,0.5120838325783517,4280.079657030571,4280.079657030571,3077.420342969428,3077.420342969428,asphalt,1.1575
2.533333333333329,14.586994449044335,4.051942902512315,0.0,0.0,0.0,0.0,4.051942902512315,0.0,5.634153301856905,1.5966380958881388,1340.3638743399904,1,0,0.09968556820344393,0.09968556820344393,0.5148528621708045,0.5148528621708045,4279.273750602977,4279.273750602977,3078.2262493970225,3078.2262493970225,asphalt,1.1575
2.549999999999996,14.683197674334734,4.078666020648537,0.0,0.0,0.0,0.0,4.078666020648537,0.0,5.7019638146473035,1.6074455193403026,1349.1922793525052,1,0,0.10036200750801458,0.10036200750801458,0.5176391884994993,0.5176391884994993,4278.462435297988,4278.462435297988,3079.037564702012,3079.037564702012,asphalt,1.1575
2.5666666666666624,14.780052062473995,4.105570017353887,0.0,0.0,0.0,0.0,4.105570017353887,0.0,5.770221595316553,1.6183254675509318,1358.0804633799294,1,0,0.10104328353180174,0.10104328353180174,0.5204429093009484,0.5204429093009484,4277.645675397533,4277.645675397533,3079.854324602467,3079.854324602467,asphalt,1.1575
2.583333333333329,14.87756198288235,4.132656106356208,0.0,0.0,0.0,0.0,4.132656106356208,0.0,5.8389296711400736,1.6292784191449527,1367.0288280797722,1,0,0.10172943237962684,0.10172943237962684,0.5232641227089386,0.5232641227089386,4276.8234349659,4276.8234349659,3080.6765650341,3080.6765650341,asphalt,1.1575
2.5999999999999956,14.97573183380767,4.1599255093910195,0.0,0.0,0.0,0.0,4.1599255093910195,0.0,5.908091089705438,1.6403048556887256,1376.0377777220904,1,0,0.10242049044690615,0.10242049044690615,0.5261029272578598,0.5261029272578598,4275.99567784685,4275.99567784685,3081.504322153149,3081.504322153149,asphalt,1.1575
2.6166666666666623,15.074566042503282,4.187379456250912,0.0,0.0,0.0,0.0,4.187379456250912,0.0,5.977708919046335,1.6514052617252162,1385.1077192133914,1,0,0.10311649442226835,0.10311649442226835,0.5289594218855862,0.5289594218855862,4275.162367660944,4275.162367660944,3082.3376323390553,3082.3376323390553,asphalt,1.1575
2.633333333333329,15.174069065407771,4.215019184835492,0.0,0.0,0.0,0.0,4.215019184835492,0.0,6.047786247777381,1.6625801248066097,1394.239062119615,1,0,0.10381748129020053,0.10381748129020053,0.5318337059359115,0.5318337059359115,4274.323467803131,4274.323467803131,3083.1765321968683,3083.1765321968683,asphalt,1.1575
2.6499999999999955,15.274245388326666,4.2428459412018515,0.0,0.0,0.0,0.0,4.2428459412018515,0.0,6.118326185229762,1.6738299355237274,1403.4322186882466,1,0,0.1045234883337294,0.1045234883337294,0.5347258791605136,0.5347258791605136,4273.478941440335,4273.478941440335,3084.0210585596647,3084.0210585596647,asphalt,1.1575
2.666666666666662,15.375099526615854,4.270860979615515,0.0,0.0,0.0,0.0,4.270860979615515,0.0,6.189331861587719,1.6851551875345905,1412.6876038696557,1,0,0.10523455313712729,0.10523455313712729,0.537636041720556,0.537636041720556,4272.628751509383,4272.628751509383,3084.8712484906164,3084.8712484906164,asphalt,1.1575
2.6833333333333287,15.476636025366604,4.299065562601834,0.0,0.0,0.0,0.0,4.299065562601834,0.0,6.26080642802589,1.6965563775912784,1422.0056353377727,1,0,0.10595071358865171,0.10595071358865171,0.5405642941879122,0.5405642941879122,4271.772860714923,4271.772860714923,3085.727139285076,3085.727139285076,asphalt,1.1575
2.6999999999999953,15.578859459592108,4.327460960997808,0.0,0.0,0.0,0.0,4.327460960997808,0.0,6.3327530568475146,1.70803400556359,1431.3867335102143,1,0,0.10667200788331006,0.10667200788331006,0.5435107375461231,0.5435107375461231,4270.911231527645,4270.911231527645,3086.5887684723543,3086.5887684723543,asphalt,1.1575
2.716666666666662,15.681759333344273,4.356044259262298,0.0,0.0,0.0,0.0,4.356044259262298,0.0,6.405174924145414,1.7185818363837768,1440.8313215679646,1,0,0.1073984745256592,0.1073984745256592,0.5462917524799216,0.5462917524799216,4270.043826182373,4270.043826182373,3087.4561738176267,3087.4561738176267,asphalt,1.1575
2.7333333333333285,15.784879560825788,4.384688766896052,0.0,0.0,0.0,0.0,4.384688766896052,0.0,6.4780740386154125,1.7187327183805934,1450.3396672941487,1,0,0.10810965262902808,0.10810965262902808,0.5473053503736045,0.5473053503736045,4269.893772083852,4269.893772083852,3087.606227916147,3087.606227916147,asphalt,1.1575
2.749999999999995,15.88801151438855,4.413336531774597,0.0,0.0,0.0,0.0,4.413336531774597,0.0,6.551450593951458,1.7189543371384985,1459.9100718256936,1,0,0.10881752131015633,0.10881752131015633,0.5483559226764874,0.5483559226764874,4269.878404163636,4269.878404163636,3087.6215958363628,3087.6215958363628,asphalt,1.1575
2.7666666666666617,15.991159234616372,4.4419886762823255,0.0,0.0,0.0,0.0,4.4419886762823255,0.0,6.625304656264199,1.719240954505139,1469.5380090760154,1,0,0.10952562511676124,0.10952562511676124,0.5494177406595945,0.5494177406595945,4269.858024471651,4269.858024471651,3087.641975528348,3087.641975528348,asphalt,1.1575
2.7833333333333283,16.094326348469483,4.47064620790819,0.0,0.0,0.0,0.0,4.47064620790819,0.0,6.699636309205561,1.7195851730165401,1479.2175002609042,1,0,0.11023397836809122,0.11023397836809122,0.5504895812777892,0.5504895812777892,4269.833168338755,4269.833168338755,3087.666831661244,3087.666831661244,asphalt,1.1575
2.799999999999995,16.197516017501307,4.499310004861474,0.0,0.0,0.0,0.0,4.499310004861474,0.0,6.774445651879678,1.7199791343671222,1488.9421313085343,1,0,0.11094259050583875,0.11094259050583875,0.551570143075928,0.551570143075928,4269.804424162865,4269.804424162865,3087.695575837135,3087.695575837135,asphalt,1.1575
2.8166666666666615,16.300730938417768,4.527980816227157,0.0,0.0,0.0,0.0,4.527980816227157,0.0,6.849732796675736,1.7204152219698443,1498.705652088026,1,0,0.1116514675695699,0.1116514675695699,0.552658163546763,0.552658163546763,4269.77237266901,4269.77237266901,3087.7276273309894,3087.7276273309894,asphalt,1.1575
2.833333333333328,16.403973373002795,4.556659270278554,0.0,0.0,0.0,0.0,4.556659270278554,0.0,6.925497867194983,1.7208864402009993,1508.502302561491,1,0,0.11236061325394127,0.11236061325394127,0.5537524825511503,0.5537524825511503,4269.737553279329,4269.737553279329,3087.7624467206697,3087.7624467206697,asphalt,1.1575
2.8499999999999948,16.50724519263283,4.585345886842452,0.0,0.0,0.0,0.0,4.585345886842452,0.0,7.001740996362694,1.7213865878665757,1518.3269647651791,1,0,0.11307002966070055,0.11307002966070055,0.5548520714035475,0.5548520714035475,4269.700447853984,4269.700447853984,3087.799552146016,3087.799552146016,asphalt,1.1575
2.8666666666666614,16.610547928150265,4.614041091152851,0.0,0.0,0.0,0.0,4.614041091152851,0.0,7.078462324764304,1.7219103050292262,1528.1752072731165,1,0,0.11377971782913274,0.11377971782913274,0.5559560408212398,0.5559560408212398,4269.661475225123,4269.661475225123,3087.8385247748765,3087.8385247748765,asphalt,1.1575
2.883333333333328,16.713882819569733,4.642745227658259,0.0,0.0,0.0,0.0,4.642745227658259,0.0,7.15566199921343,1.722453045717245,1538.0432664335235,1,0,0.11448967810658943,0.11448967810658943,0.557063636497436,0.557063636497436,4269.620992142197,4269.620992142197,3087.879007857803,3087.879007857803,asphalt,1.1575
2.8999999999999946,16.817250862523707,4.671458572923251,0.0,0.0,0.0,0.0,4.671458572923251,0.0,7.2333401715413785,1.7230110107356467,1547.927993284835,1,0,0.11519991040434785,0.11519991040434785,0.5581742280068556,0.5581742280068556,4269.579297758055,4269.579297758055,3087.9207022419446,3087.9207022419446,asphalt,1.1575
2.916666666666661,16.92065284991753,4.700181347199314,0.0,0.0,0.0,0.0,4.700181347199314,0.0,7.31149699758816,1.7235810623500925,1557.826784575324,1,0,0.11591041437181937,0.11591041437181937,0.5592872946748632,0.5592872946748632,4269.536639818321,4269.536639818321,3087.9633601816786,3087.9633601816786,asphalt,1.1575
2.933333333333328,17.024089408239686,4.728913724511024,0.0,0.0,0.0,0.0,4.728913724511024,0.0,7.3901326363709545,1.724160634220695,1567.737509248178,1,0,0.11662118951309358,0.11662118951309358,0.5604024106428235,0.5604024106428235,4269.4932214133005,4269.4932214133005,3088.006778586699,3088.006778586699,asphalt,1.1575
2.9499999999999944,17.127561028556485,4.75765584126569,0.0,0.0,0.0,0.0,4.75765584126569,0.0,7.469247249405224,1.7247476444085663,1577.6584370630599,1,0,0.11733223526315126,0.11733223526315126,0.5615192304345978,0.5615192304345978,4269.449207615441,4269.449207615441,3088.0507923845585,3088.0507923845585,asphalt,1.1575
2.966666666666661,17.231068092546266,4.786407803485074,0.0,0.0,0.0,0.0,4.786407803485074,0.0,7.548841000154794,1.7253404156473806,1587.5881729652817,1,0,0.11804355103616727,0.11804355103616727,0.5626374757250929,0.5626374757250929,4269.404731629997,4269.404731629997,3088.095268370003,3088.095268370003,asphalt,1.1575
2.9833333333333276,17.33461089408857,4.81516969280238,0.0,0.0,0.0,0.0,4.81516969280238,0.0,7.6289140535894,1.7259376047777408,1597.5255988648396,1,0,0.11875513625477768,0.11875513625477768,0.5637569236276372,0.5637569236276372,4269.3599002800365,4269.3599002800365,3088.140099719963,3088.140099719963,asphalt,1.1575
2.9999999999999942,17.438189656981024,4.843941571383618,0.0,0.0,0.0,0.0,4.843941571383618,0.0,7.709466575830779,1.726538141824605,1607.4698232869464,1,0,0.11946699036656445,0.11946699036656445,0.5648773965812983,0.5648773965812983,4269.314798768394,4269.314798768394,3088.1852012316053,3088.1852012316053,asphalt,1.1575
3.016666666666661,17.54180454935237,4.872723485931214,0.0,0.0,0.0,0.0,4.872723485931214,0.0,7.790498733871007,1.7271411783692514,1617.4201386518773,1,0,0.12017911285215425,0.12017911285215425,0.565998753781558,0.565998753781558,4269.269494729896,4269.269494729896,3088.230505270103,3088.230505270103,asphalt,1.1575
3.0333333333333274,17.645455695301383,4.901515470917051,0.0,0.0,0.0,0.0,4.901515470917051,0.0,7.87201069534937,1.727746044435392,1627.375985562026,1,0,0.12089150322796902,0.12089150322796902,0.5671208840241726,0.5671208840241726,4269.224041626826,4269.224041626826,3088.2759583731736,3088.2759583731736,asphalt,1.1575
3.049999999999994,17.749143184236072,4.930317551176686,0.0,0.0,0.0,0.0,4.930317551176686,0.0,7.954002628376294,1.7283522129029194,1637.3369233003014,1,0,0.12160416104570931,0.12160416104570931,0.5682436997989796,0.5682436997989796,4269.178481559134,4269.178481559134,3088.321518440866,3088.321518440866,asphalt,1.1575
3.0666666666666607,17.852867078325996,4.959129743979443,0.0,0.0,0.0,0.0,4.959129743979443,0.0,8.036474701394923,1.7289592704152312,1647.3026056970823,1,0,0.12231708588996802,0.12231708588996802,0.5693671324622656,0.5693671324622656,4269.132847566902,4269.132847566902,3088.3671524330985,3088.3671524330985,asphalt,1.1575
3.0833333333333273,17.956627418420023,4.987952060672229,0.0,0.0,0.0,0.0,4.987952060672229,0.0,8.119427083072628,1.729566893792338,1657.2727615503004,1,0,0.12303027737489954,0.12303027737489954,0.5704911283226627,0.5704911283226627,4269.08716550084,4269.08716550084,3088.4128344991605,3088.4128344991605,asphalt,1.1575
3.099999999999994,18.060424228724983,5.016784507979162,0.0,0.0,0.0,0.0,5.016784507979162,0.0,8.20285994221625,1.7301748310344323,1667.2471788505236,1,0,0.12374373514053329,0.12374373514053329,0.5716156454896489,0.5716156454896489,4269.04145553103,4269.04145553103,3088.45854446897,3088.45854446897,asphalt,1.1575
3.1166666666666605,18.164257520490253,5.0456270890250705,0.0,0.0,0.0,0.0,5.0456270890250705,0.0,8.286773447706022,1.730782886117197,1677.2256921483956,1,0,0.12445745884909594,0.12445745884909594,0.5727406513512613,0.5727406513512613,4268.995733356326,4268.995733356326,3088.504266643674,3088.504266643674,asphalt,1.1575
3.133333333333327,18.26812729489924,5.074479804138678,0.0,0.0,0.0,0.0,5.074479804138678,0.0,8.371167768444213,1.7313909068850108,1687.2081724920095,1,0,0.12517144818155465,0.12517144818155465,0.5738661205659843,0.5738661205659843,4268.9500111685265,4268.9500111685265,3088.549988831473,3088.549988831473,asphalt,1.1575
3.1499999999999937,18.372033545331103,5.103342651480862,0.0,0.0,0.0,0.0,5.103342651480862,0.0,8.45604307331527,1.7319987754552102,1697.1945194489442,1,0,0.12588570283448802,0.12588570283448802,0.5749920334714465,0.5749920334714465,4268.904298417453,4268.904298417453,3088.5957015825466,3088.5957015825466,asphalt,1.1575
3.1666666666666603,18.475976259124682,5.132215627534634,0.0,0.0,0.0,0.0,5.132215627534634,0.0,8.541399531154946,1.7326064006450537,1707.1846548075714,1,0,0.1266002225173332,0.1266002225173332,0.5761183748286273,0.5761183748286273,4268.858602415322,4268.858602415322,3088.6413975846776,3088.6413975846776,asphalt,1.1575
3.183333333333327,18.579955418950387,5.161098727486219,0.0,0.0,0.0,0.0,5.161098727486219,0.0,8.627237310726438,1.733213712015953,1717.1785176229214,1,0,0.12731500695000858,0.12731500695000858,0.5772451328345791,0.5772451328345791,4268.812928812499,4268.812928812499,3088.6870711875004,3088.6870711875004,asphalt,1.1575
3.1999999999999935,18.6839710038745,5.189991945520695,0.0,0.0,0.0,0.0,5.189991945520695,0.0,8.713556580701939,1.7338206552066993,1727.176060333445,1,0,0.12803005586089578,0.12803005586089578,0.5783722983488712,0.5783722983488712,4268.767281970559,4268.767281970559,3088.73271802944,3088.73271802944,asphalt,1.1575
3.21666666666666,18.78802299018288,5.218895275050801,0.0,0.0,0.0,0.0,5.218895275050801,0.0,8.80035750964843,1.734427188288592,1737.17724572671,1,0,0.12874536898514818,0.12874536898514818,0.5794998642893762,0.5794998642893762,4268.721665253933,4268.721665253933,3088.7783347460672,3088.7783347460672,asphalt,1.1575
3.2333333333333267,18.89211135201706,5.247808708893628,0.0,0.0,0.0,0.0,5.247808708893628,0.0,8.887640266016696,1.7350332789248313,1747.18204457528,1,0,0.12946094606328482,0.12946094606328482,0.5806278251617041,0.5806278251617041,4268.676081257305,4268.676081257305,3088.823918742695,3088.823918742695,asphalt,1.1575
3.2499999999999933,18.99623606186441,5.27673223940678,0.0,0.0,0.0,0.0,5.27673223940678,0.0,8.975405018132863,1.7356389021644958,1757.1904337996602,1,0,0.130176786840034,0.130176786840034,0.5817561766936709,0.5817561766936709,4268.630531982388,4268.630531982388,3088.869468017612,3088.869468017612,asphalt,1.1575
3.26666666666666,19.100397090935104,5.305665858593084,0.0,0.0,0.0,0.0,5.305665858593084,0.0,9.063651934191867,1.7362440387327638,1767.2023950443472,1,0,0.13089289106339133,0.13089289106339133,0.5828849155520601,0.5828849155520601,4268.585018974918,4268.585018974918,3088.9149810250815,3088.9149810250815,asphalt,1.1575
3.2833333333333266,19.20459440945154,5.334609558180984,0.0,0.0,0.0,0.0,5.334609558180984,0.0,9.152381182252416,1.7368486737086641,1777.217913576644,1,0,0.13160925848385216,0.13160925848385216,0.5840140391236724,0.5840140391236724,4268.539543430752,4268.539543430752,3088.960456569248,3088.960456569248,asphalt,1.1575
3.299999999999993,19.308827986870075,5.363563329686132,0.0,0.0,0.0,0.0,5.363563329686132,0.0,9.241592930233065,1.7374527955057317,1787.2369774369367,1,0,0.13232588885379373,0.13232588885379373,0.5851435453464262,0.5851435453464262,4268.494106277709,4268.494106277709,3089.005893722291,3089.005893722291,asphalt,1.1575
3.3166666666666598,19.413097792050632,5.392527164458508,0.0,0.0,0.0,0.0,5.392527164458508,0.0,9.331287345909187,1.7380563950854366,1797.2595767843559,1,0,0.13304278192698035,0.13304278192698035,0.5862734325793312,0.5862734325793312,4268.448708238599,4268.448708238599,3089.0512917614014,3089.0512917614014,asphalt,1.1575
3.3333333333333264,19.517403793386254,5.421501053718404,0.0,0.0,0.0,0.0,5.421501053718404,0.0,9.4214645969106,1.738659465354786,1807.285703393876,1,0,0.13375993745816622,0.13375993745816622,0.5874036995025976,0.5874036995025976,4268.4033498797235,4268.4033498797235,3089.0966501202756,3089.0966501202756,asphalt,1.1575
3.349999999999993,19.621745958901904,5.450484988583862,0.0,0.0,0.0,0.0,5.450484988583862,0.0,9.512124850719692,1.7392620007033344,1817.3153502705231,1,0,0.13447735520278084,0.13447735520278084,0.5885343450410194,0.5885343450410194,4268.358031648052,4268.358031648052,3089.141968351947,3089.141968351947,asphalt,1.1575
3.3666666666666596,19.72612425632962,5.47947896009156,0.0,0.0,0.0,0.0,5.47947896009156,0.0,9.603268274669947,1.7398639966478413,1827.348511353941,1,0,0.13519503491667714,0.13519503491667714,0.5896653683053389,0.5896653683053389,4268.31275389978,4268.31275389978,3089.18724610022,3089.18724610022,asphalt,1.1575
3.383333333333326,19.83053865316572,5.5084829592127,0.0,0.0,0.0,0.0,5.5084829592127,0.0,9.694895035944764,1.7404654495630467,1837.3851812925343,1,0,0.13591297635593702,0.13591297635593702,0.5907967685474049,0.5907967685474049,4268.267516922016,4268.267516922016,3089.2324830779835,3089.2324830779835,asphalt,1.1575
3.399999999999993,19.934989116714203,5.537496976865056,0.0,0.0,0.0,0.0,5.537496976865056,0.0,9.787005301576489,1.7410663564727713,1847.4253552710868,1,0,0.13663117927671298,0.13663117927671298,0.5919285451259905,0.5919285451259905,4268.222320949521,4268.222320949521,3089.277679050478,3089.277679050478,asphalt,1.1575
3.4166666666666594,20.039475614119628,5.5665210039221185,0.0,0.0,0.0,0.0,5.5665210039221185,0.0,9.87959923844563,1.7416667148940945,1857.4690288793986,1,0,0.13734964343510786,0.13734964343510786,0.5930606974807268,0.5930606974807268,4268.177166177321,4268.177166177321,3089.322833822679,3089.322833822679,asphalt,1.1575
3.433333333333326,20.143998112392044,5.595555031220012,0.0,0.0,0.0,0.0,5.595555031220012,0.0,9.972677013280185,1.7422665227167045,1867.516198012333,1,0,0.13806836858707858,0.13806836858707858,0.594193225112289,0.594193225112289,4268.132052770383,4268.132052770383,3089.367947229616,3089.367947229616,asphalt,1.1575
3.4499999999999926,20.248556578425834,5.624599049562732,0.0,0.0,0.0,0.0,5.624599049562732,0.0,10.066238792655081,1.7428657781123036,1877.566858793875,1,0,0.13878735448836146,0.13878735448836146,0.5953261275673428,0.5953261275673428,4268.08698087095,4268.08698087095,3089.413019129049,3089.413019129049,asphalt,1.1575
3.4666666666666592,20.35315097901391,5.653653049726087,0.0,0.0,0.0,0.0,5.653653049726087,0.0,10.160284742991683,1.7434644794651177,1887.6210075195174,1,0,0.13950660089441344,0.13950660089441344,0.5964594044271317,0.5964594044271317,4268.041950604128,4268.041950604128,3089.4580493958715,3089.4580493958715,asphalt,1.1575
3.483333333333326,20.45778128085847,5.682717022460686,0.0,0.0,0.0,0.0,5.682717022460686,0.0,10.25481503055735,1.744062625319458,1897.6786406126105,1,0,0.140226107560368,0.140226107560368,0.5975930552988225,0.5975930552988225,4267.99696208207,4267.99696208207,3089.5030379179293,3089.5030379179293,asphalt,1.1575
3.4999999999999925,20.56244745057907,5.711790958494187,0.0,0.0,0.0,0.0,5.711790958494187,0.0,10.349829821465043,1.744660214340712,1907.739754591338,1,0,0.14094587424100105,0.14094587424100105,0.5987270798089597,0.5987270798089597,4267.952015407139,4267.952015407139,3089.5479845928608,3089.5479845928608,asphalt,1.1575
3.516666666666659,20.66714945471873,5.74087484853298,0.0,0.0,0.0,0.0,5.74087484853298,0.0,10.445329281672965,1.7452572452852877,1917.8043460437652,1,0,0.14166590069070084,0.14166590069070084,0.5998614775985435,0.5998614775985435,4267.907110674417,4267.907110674417,3089.5928893255823,3089.5928893255823,asphalt,1.1575
3.5333333333333257,20.77188725974846,5.769968683263461,0.0,0.0,0.0,0.0,5.769968683263461,0.0,10.541313576984212,1.7458537169773791,1927.8724116090127,1,0,0.14238618666344974,0.14238618666344974,0.6009962483192869,0.6009962483192869,4267.862247973442,4267.862247973442,3089.637752026557,3089.637752026557,asphalt,1.1575
3.5499999999999923,20.87666083207077,5.799072453352991,0.0,0.0,0.0,0.0,5.799072453352991,0.0,10.637782873046454,1.7464496282927655,1937.9439479630662,1,0,0.14310673191280684,0.14310673191280684,0.6021313916308145,0.6021313916308145,4267.8174273896175,4267.8174273896175,3089.6825726103816,3089.6825726103816,asphalt,1.1575
3.566666666666659,20.98147013802219,5.828186149450608,0.0,0.0,0.0,0.0,5.828186149450608,0.0,10.734737335351626,1.7470449781460218,1948.0189518081017,1,0,0.14382753619189612,0.14382753619189612,0.6032669071985494,0.6032669071985494,4267.7726490052355,4267.7726490052355,3089.7273509947645,3089.7273509947645,asphalt,1.1575
3.5833333333333255,21.08631514387524,5.857309762187566,0.0,0.0,0.0,0.0,5.857309762187566,0.0,10.83217712923563,1.7476397654802867,1958.097419864459,1,0,0.14454859925339766,0.14454859925339766,0.6044027946921221,0.6044027946921221,4267.727912900232,4267.727912900232,3089.772087099768,3089.772087099768,asphalt,1.1575
3.599999999999992,21.191195815839873,5.886443282177742,0.0,0.0,0.0,0.0,5.886443282177742,0.0,10.930102419878036,1.7482339892604415,1968.1793488646172,1,0,0.14526992084953905,0.14526992084953905,0.6055390537841847,0.6055390537841847,4267.683219152812,4267.683219152812,3089.8167808471876,3089.8167808471876,asphalt,1.1575
3.6166666666666587,21.296112120064574,5.915586700017937,0.0,0.0,0.0,0.0,5.915586700017937,0.0,11.028513372301804,1.748827648467568,1978.26473554868,1,0,0.14599150073209058,0.14599150073209058,0.6066756841495172,0.6066756841495172,4267.6385678398665,4267.6385678398665,3089.8614321601326,3089.8614321601326,asphalt,1.1575
3.6333333333333253,21.40106402263717,5.944740006288102,0.0,0.0,0.0,0.0,5.944740006288102,0.0,11.127410151372997,1.7494207420953245,1988.353576660994,1,0,0.14671333865236125,0.14671333865236125,0.6078126854643563,0.6078126854643563,4267.593959037294,4267.593959037294,3089.9060409627054,3089.9060409627054,asphalt,1.1575
3.649999999999992,21.506051489585438,5.973903191551511,0.0,0.0,0.0,0.0,5.973903191551511,0.0,11.226792921800504,1.7500132691458958,1998.4458689476205,1,0,0.14743543436119597,0.14743543436119597,0.6089500574058951,0.6089500574058951,4267.549392820237,4267.549392820237,3089.9506071797628,3089.9506071797628,asphalt,1.1575
3.6666666666666585,21.611074486877605,6.00307624635489,0.0,0.0,0.0,0.0,6.00307624635489,0.0,11.326661848135762,1.7506052286293539,2008.541609154449,1,0,0.14815778760897164,0.14815778760897164,0.6100877996519187,0.6100877996519187,4267.50486926331,4267.50486926331,3089.9951307366896,3089.9951307366896,asphalt,1.1575
3.683333333333325,21.716132980422657,6.032259161228516,0.0,0.0,0.0,0.0,6.032259161228516,0.0,11.427017094772483,1.7511966195600337,2018.640794025788,1,0,0.14888039814559803,0.14888039814559803,0.6112259118805117,0.6112259118805117,4267.460388440663,4267.460388440663,3090.039611559336,3090.039611559336,asphalt,1.1575
3.6999999999999917,21.821226936070627,6.061451926686285,0.0,0.0,0.0,0.0,6.061451926686285,0.0,11.527858825946378,1.75178744095696,2028.7434203033179,1,0,0.14960326572051363,0.14960326572051363,0.6123643937698648,0.6123643937698648,4267.415950426159,4267.415950426159,3090.0840495738407,3090.0840495738407,asphalt,1.1575
3.7166666666666583,21.926356319612797,6.090654533225777,0.0,0.0,0.0,0.0,6.090654533225777,0.0,11.629187205734887,1.7523776918419287,2038.849484725313,1,0,0.1503263900826871,0.1503263900826871,0.6135032449981118,0.6135032449981118,4267.371555293385,4267.371555293385,3090.1284447066146,3090.1284447066146,asphalt,1.1575
3.733333333333325,22.031521096781855,6.119866971328293,0.0,0.0,0.0,0.0,6.119866971328293,0.0,11.731002398056907,1.7529673712395066,2048.9589840260624,1,0,0.15104977098061462,0.15104977098061462,0.6146424652432226,0.6146424652432226,4267.32720311577,4267.32720311577,3090.172796884229,3090.172796884229,asphalt,1.1575
3.7499999999999916,22.136721233252015,6.149089231458893,0.0,0.0,0.0,0.0,6.149089231458893,0.0,11.833304566672522,1.7535564781753266,2059.07191493544,1,0,0.15177340816232046,0.15177340816232046,0.6157820541829145,0.6157820541829145,4267.282893966584,4267.282893966584,3090.2171060334153,3090.2171060334153,asphalt,1.1575
3.766666666666658,22.241956694639114,6.17832130406642,0.0,0.0,0.0,0.0,6.17832130406642,0.0,11.936093875182726,1.754145011677366,2069.18827417859,1,0,0.15249730137535786,0.15249730137535786,0.6169220114945828,0.6169220114945828,4267.2386279189495,4267.2386279189495,3090.2613720810505,3090.2613720810505,asphalt,1.1575
3.7833333333333248,22.3472274465007,6.207563179583527,0.0,0.0,0.0,0.0,6.207563179583527,0.0,12.039370487029165,1.7547329707744552,2079.3080584756913,1,0,0.15322145036680623,0.15322145036680623,0.6180623368552686,0.6180623368552686,4267.194405045926,4267.194405045926,3090.3055949540735,3090.3055949540735,asphalt,1.1575
3.7999999999999914,22.452533454336077,6.236814848426688,0.0,0.0,0.0,0.0,6.236814848426688,0.0,12.143134565493858,1.755320354496277,2089.4312645417867,1,0,0.1539458548832725,0.1539458548832725,0.619203029941616,0.619203029941616,4267.150225420495,4267.150225420495,3090.349774579505,3090.349774579505,asphalt,1.1575
3.816666666666658,22.55787468358638,6.266076300996216,0.0,0.0,0.0,0.0,6.266076300996216,0.0,12.24738627369893,1.7559071618733668,2099.5578890866555,1,0,0.1546705146708921,0.1546705146708921,0.6203440904298428,0.6203440904298428,4267.106089115538,4267.106089115538,3090.3939108844606,3090.3939108844606,asphalt,1.1575
3.8333333333333246,22.663251099634607,6.29534752767628,0.0,0.0,0.0,0.0,6.29534752767628,0.0,12.352125774606344,1.756493391937326,2109.687928814721,1,0,0.1553954294753262,0.1553954294753262,0.6214855179957366,0.6214855179957366,4267.061996203925,4267.061996203925,3090.438003796074,3090.438003796074,asphalt,1.1575
3.849999999999991,22.76866266780567,6.324628518834909,0.0,0.0,0.0,0.0,6.324628518834909,0.0,12.457353231017631,1.7570790437203954,2119.821380424984,1,0,0.15612059904176456,0.15612059904176456,0.6226273123146251,0.6226273123146251,4267.017946758443,4267.017946758443,3090.482053241557,3090.482053241557,asphalt,1.1575
3.866666666666658,22.874109353366432,6.353919264824008,0.0,0.0,0.0,0.0,6.353919264824008,0.0,12.56306880557362,1.7576641162548157,2129.958240610973,1,0,0.1568460231149246,0.1568460231149246,0.6237694730613738,0.6237694730613738,4266.97394085183,4266.97394085183,3090.52605914817,3090.52605914817,asphalt,1.1575
3.8833333333333244,22.97959112152573,6.383219755979369,0.0,0.0,0.0,0.0,6.383219755979369,0.0,12.669272660754167,1.7582486085743199,2140.098506060709,1,0,0.15757170143905036,0.15757170143905036,0.6249119999103837,0.6249119999103837,4266.92997855681,4266.92997855681,3090.57002144319,3090.57002144319,asphalt,1.1575
3.899999999999991,23.085107937434415,6.412529982620671,0.0,0.0,0.0,0.0,6.412529982620671,0.0,12.775964958877896,1.7588325197124277,2150.242173456683,1,0,0.15829763375791456,0.15829763375791456,0.6260548925355759,0.6260548925355759,4266.886059946042,4266.886059946042,3090.6139400539573,3090.6139400539573,asphalt,1.1575
3.9166666666666576,23.190657409322437,6.441849280367343,0.0,0.0,0.0,0.0,6.441849280367343,0.0,12.883145859374077,1.7592587245059121,2160.3892394758336,1,0,0.15902381981481759,0.15902381981481759,0.6271695065506309,0.6271695065506309,4266.842185092154,4266.842185092154,3090.6578149078455,3090.6578149078455,asphalt,1.1575
3.9333333333333242,23.296081424746088,6.4711337290961355,0.0,0.0,0.0,0.0,6.4711337290961355,0.0,12.990815136360617,1.7557548657322286,2170.539657132183,1,0,0.15974048533944227,0.15974048533944227,0.6276163741113622,0.6276163741113622,4267.040815004726,4267.040815004726,3090.4591849952735,3090.4591849952735,asphalt,1.1575
3.949999999999991,23.401296101352816,6.50036002815356,0.0,0.0,0.0,0.0,6.50036002815356,0.0,13.098971881256256,1.7522746695902924,2180.6927204904364,1,0,0.1604532569496865,0.1604532569496865,0.6280785892222961,0.6280785892222961,4267.302947504306,4267.302947504306,3090.197052495694,3090.197052495694,asphalt,1.1575
3.9666666666666575,23.50630280658954,6.529528557385984,0.0,0.0,0.0,0.0,6.529528557385984,0.0,13.207615128890136,1.7488166673953032,2190.8467022668133,1,0,0.16116457543546797,0.16116457543546797,0.628542665760499,0.628542665760499,4267.563379611431,4267.563379611431,3089.9366203885684,3089.9366203885684,asphalt,1.1575
3.983333333333324,23.61110280325006,6.5586396675694605,0.0,0.0,0.0,0.0,6.5586396675694605,0.0,13.316743920126887,1.7453789953796672,2200.999346345914,1,0,0.16187444564409673,0.16187444564409673,0.6290083030064026,0.6290083030064026,4267.822246524604,4267.822246524604,3089.677753475395,3089.677753475395,asphalt,1.1575
3.9999999999999907,23.715697237301566,6.587693677028213,0.0,0.0,0.0,0.0,6.587693677028213,0.0,13.426357301341035,1.7419596839511087,2211.148242612322,1,0,0.16258287106519825,0.16258287106519825,0.6294751823085446,0.6294751823085446,4268.07969584332,4268.07969584332,3089.42030415668,3089.42030415668,asphalt,1.1575
4.016666666666658,23.82008713834114,6.616690871761428,0.0,0.0,0.0,0.0,6.616690871761428,0.0,13.536454323874048,1.7385568271846097,2221.291047641869,1,0,0.1632898543676565,0.1632898543676565,0.6299429949912866,0.6299429949912866,4268.335872912984,4268.335872912984,3089.164127087016,3089.164127087016,asphalt,1.1575
4.033333333333324,23.924273427134104,6.645631507537251,0.0,0.0,0.0,0.0,6.645631507537251,0.0,13.6470340435156,1.7351686742464523,2231.4256047582135,1,0,0.16399539775610253,0.16399539775610253,0.6304114574407604,0.6304114574407604,4268.590912715643,4268.590912715643,3088.9090872843567,3088.9090872843567,asphalt,1.1575
4.049999999999991,24.028256926666092,6.674515812962803,0.0,0.0,0.0,0.0,6.674515812962803,0.0,13.758095520030885,1.7317936711278747,2241.549999895892,1,0,0.16469950320267135,0.16469950320267135,0.6308803180249954,0.6308803180249954,4268.844935955377,4268.844935955377,3088.655064044623,3088.655064044623,asphalt,1.1575
4.0666666666666575,24.13203837447934,6.703343992910928,0.0,0.0,0.0,0.0,6.703343992910928,0.0,13.869637816743476,1.728430471782616,2251.662577816024,1,0,0.1654021725934374,0.1654021725934374,0.6313493589821255,0.6313493589821255,4269.098047750817,4269.098047750817,3088.4019522491826,3088.4019522491826,asphalt,1.1575
4.083333333333324,24.23561843495753,6.732116231932647,0.0,0.0,0.0,0.0,6.732116231932647,0.0,13.981660000175468,1.725077931340664,2261.76193498303,1,0,0.1661034078172047,0.1661034078172047,0.6318183953570522,0.6318183953570522,4269.35033787752,4269.35033787752,3088.1496621224787,3088.1496621224787,asphalt,1.1575
4.099999999999991,24.338997710810265,6.760832697447295,0.0,0.0,0.0,0.0,6.760832697447295,0.0,14.094161139742397,1.7217350896563488,2271.84689974905,1,0,0.16680321081595229,0.16680321081595229,0.632287272343164,0.632287272343164,4269.6018818678285,4269.6018818678285,3087.898118132171,3087.898118132171,asphalt,1.1575
4.116666666666657,24.44217675338599,6.789493542607219,0.0,0.0,0.0,0.0,6.789493542607219,0.0,14.207140307498006,1.7184011504486563,2281.9165066368746,1,0,0.16750158361029596,0.16750158361029596,0.6327558618929612,0.6327558618929612,4269.852742524303,4269.852742524303,3087.647257475697,3087.647257475697,asphalt,1.1575
4.133333333333324,24.54515607167777,6.818098908799381,0.0,0.0,0.0,0.0,6.818098908799381,0.0,14.320596577923006,1.7150754592691442,2291.969968915035,1,0,0.16819852830911242,0.16819852830911242,0.6332240591298675,0.6332240591298675,4270.102971570982,4270.102971570982,3087.3970284290176,3087.3970284290176,asphalt,1.1575
4.149999999999991,24.647936140027795,6.846648927785498,0.0,0.0,0.0,0.0,6.846648927785498,0.0,14.434529027751735,1.711757482192695,2302.0066519332418,1,0,0.16889404710951123,0.16889404710951123,0.6336917788733859,0.6336917788733859,4270.352611278606,4270.352611278606,3087.1473887213942,3087.1473887213942,asphalt,1.1575
4.166666666666657,24.750517404615486,6.875143723504301,0.0,0.0,0.0,0.0,6.875143723504301,0.0,14.54893673583093,1.708446786254072,2312.026048559982,1,0,0.16958814229127728,0.16958814229127728,0.6341589524462288,0.6341589524462288,4270.601695973146,4270.601695973146,3086.8983040268536,3086.8983040268536,asphalt,1.1575
4.183333333333324,24.852900288853455,6.903583413570404,0.0,0.0,0.0,0.0,6.903583413570404,0.0,14.663818783005325,1.7051430220945463,2322.0277573457356,1,0,0.17028081620847646,0.17028081620847646,0.6346255248406479,0.6346255248406479,4270.850253383939,4270.850253383939,3086.6497466160604,3086.6497466160604,asphalt,1.1575
4.19999999999999,24.95508519782985,6.931968110508291,0.0,0.0,0.0,0.0,6.931968110508291,0.0,14.77917425202543,1.701845908943298,2332.011463591662,1,0,0.17097207127994474,0.17097207127994474,0.635091452264863,0.635091452264863,4271.098305816718,4271.098305816718,3086.4016941832824,3086.4016941832824,asphalt,1.1575
4.216666666666657,25.05707252193478,6.960297922759661,0.0,0.0,0.0,0.0,6.960297922759661,0.0,14.89500222747345,1.698555221855358,2341.9769232426015,1,0,0.1716619099796908,0.1716619099796908,0.6355567000575987,0.6355567000575987,4271.345871154759,4271.345871154759,3086.1541288452404,3086.1541288452404,asphalt,1.1575
4.233333333333324,25.158862639799842,6.988572955499956,0.0,0.0,0.0,0.0,6.988572955499956,0.0,15.011301795703977,1.6952707810208523,2351.923949381395,1,0,0.17235033482784112,0.17235033482784112,0.6360212409406948,0.6360212409406948,4271.592963699979,4271.592963699979,3085.9070363000205,3085.9070363000205,asphalt,1.1575
4.24999999999999,25.26045592066622,7.016793311296173,0.0,0.0,0.0,0.0,7.016793311296173,0.0,15.128072044796593,1.6919924429138433,2361.8524010356314,1,0,0.17303734838242027,0.17303734838242027,0.6364850535718468,0.6364850535718468,4271.839594871515,4271.839594871515,3085.660405128484,3085.660405128484,asphalt,1.1575
4.266666666666657,25.361852726282507,7.04495909063403,0.0,0.0,0.0,0.0,7.04495909063403,0.0,15.245312064518034,1.6887200930290192,2371.7621739890255,1,0,0.17372295323211506,0.17372295323211506,0.6369481213571002,0.6369481213571002,4272.085773779873,4272.085773779873,3085.4142262201262,3085.4142262201262,asphalt,1.1575
4.2833333333333234,25.463053412418486,7.073070392338468,0.0,0.0,0.0,0.0,7.073070392338468,0.0,15.363020946292016,1.6854536399715414,2381.6531932982607,1,0,0.17440715199002244,0.17440715199002244,0.6374104314842045,0.6374104314842045,4272.331507695273,4272.331507695273,3085.168492304727,3085.168492304727,asphalt,1.1575
4.29999999999999,25.564058330067738,7.101127313907705,0.0,0.0,0.0,0.0,7.101127313907705,0.0,15.481197783175126,1.682193010678148,2391.5254072398084,1,0,0.17508994728834593,0.17508994728834593,0.6378719741409431,0.6378719741409431,4272.576802426767,4272.576802426767,3084.9231975732323,3084.9231975732323,asphalt,1.1575
4.316666666666657,25.664867826399476,7.1291299517776325,0.0,0.0,0.0,0.0,7.1291299517776325,0.0,15.599841669837556,1.6789381465753195,2401.378782441842,1,0,0.17577134177394232,0.17577134177394232,0.6383327418867211,0.6383327418867211,4272.821662627546,4272.821662627546,3084.678337372454,3084.678337372454,asphalt,1.1575
4.333333333333323,25.76548224550946,7.157078401530406,0.0,0.0,0.0,0.0,7.157078401530406,0.0,15.718951702547622,1.675689000506324,2411.2132999889777,1,0,0.1764513381046333,0.1764513381046333,0.6387927291498436,0.6387927291498436,4273.066092039279,4273.066092039279,3084.4339079607203,3084.4339079607203,asphalt,1.1575
4.34999999999999,25.865901929010604,7.184972758058501,0.0,0.0,0.0,0.0,7.184972758058501,0.0,15.838526979159315,1.6724455342843214,2421.028952319265,1,0,0.17712993894616347,0.17712993894616347,0.6392519318271657,0.6392519318271657,4273.310093687048,4273.310093687048,3084.1899063129517,3084.1899063129517,asphalt,1.1575
4.3666666666666565,25.96612721649627,7.212813115693408,0.0,0.0,0.0,0.0,7.212813115693408,0.0,15.958566599102166,1.669207716751302,2430.825740762015,1,0,0.17780714696971986,0.17780714696971986,0.639710346966479,0.639710346966479,4273.553670034036,4273.553670034036,3083.946329965963,3083.946329965963,asphalt,1.1575
4.383333333333323,26.066158445902754,7.240599568306321,0.0,0.0,0.0,0.0,7.240599568306321,0.0,16.079069663372987,1.6659755222441675,2440.6036735909915,1,0,0.17848296484991774,0.17848296484991774,0.6401679725154262,0.6401679725154262,4273.796823103933,4273.796823103933,3083.7031768960665,3083.7031768960665,asphalt,1.1575
4.39999999999999,26.165995953792265,7.26833220938674,0.0,0.0,0.0,0.0,7.26833220938674,0.0,16.200035274529053,1.6627489293846054,2450.362764489981,1,0,0.17915739526317523,0.17915739526317523,0.6406248071236375,0.6406248071236375,4274.039554577438,4274.039554577438,3083.460445422562,3083.460445422562,asphalt,1.1575
4.416666666666656,26.265640075573334,7.296011132103704,0.0,0.0,0.0,0.0,7.296011132103704,0.0,16.321462536682382,1.6595279201303015,2460.103031346852,1,0,0.1798304408864051,0.1798304408864051,0.6410808499872579,0.6410808499872579,4274.281865868208,4274.281865868208,3083.218134131792,3083.218134131792,asphalt,1.1575
4.433333333333323,26.365091145672192,7.323636429353386,0.0,0.0,0.0,0.0,7.323636429353386,0.0,16.443350555494913,1.6563124790297223,2469.824495308264,1,0,0.18050210439597353,0.18050210439597353,0.6415361007270732,0.6415361007270732,4274.523758182294,4274.523758182294,3082.976241817706,3082.976241817706,asphalt,1.1575
4.4499999999999895,26.464349497665687,7.351208193796024,0.0,0.0,0.0,0.0,7.351208193796024,0.0,16.56569843817435,1.6531025926399678,2479.5271800404703,1,0,0.1811723884668646,0.1811723884668646,0.6419905592932497,0.6419905592932497,4274.765232564767,4274.765232564767,3082.7347674352327,3082.7347674352327,asphalt,1.1575
4.466666666666656,26.56341546438431,7.37872651788453,0.0,0.0,0.0,0.0,7.37872651788453,0.0,16.688505293470552,1.6498982490733738,2489.21111115255,1,0,0.18184129577202218,0.18184129577202218,0.6424442258909855,0.6424442258909855,4275.00628993601,4275.00628993601,3082.493710063989,3082.493710063989,asphalt,1.1575
4.483333333333323,26.662289377991772,7.406191493886603,0.0,0.0,0.0,0.0,7.406191493886603,0.0,16.811770231672305,1.6466994376434485,2498.8763157472986,1,0,0.18250882898182585,0.18250882898182585,0.6428971009226475,0.6428971009226475,4275.246931120057,4275.246931120057,3082.253068879943,3082.253068879943,asphalt,1.1575
4.499999999999989,26.76097157004648,7.433603213901799,0.0,0.0,0.0,0.0,7.433603213901799,0.0,16.93549236460441,1.643506148590106,2508.5228220721865,1,0,0.18317499076368035,0.18317499076368035,0.6433491849427858,0.6433491849427858,4275.487156866548,4275.487156866548,3082.0128431334524,3082.0128431334524,asphalt,1.1575
4.516666666666656,26.859462371548872,7.460961769874687,0.0,0.0,0.0,0.0,7.460961769874687,0.0,17.05967080562504,1.6403183728673554,2518.150659248562,1,0,0.18383978378169002,0.18383978378169002,0.6438004786232536,0.6438004786232536,4275.726967867854,4275.726967867854,3081.773032132146,3081.773032132146,asphalt,1.1575
4.533333333333323,26.957762112977896,7.488267253604971,0.0,0.0,0.0,0.0,7.488267253604971,0.0,17.18430466962325,1.6371361019776742,2527.7598570619084,1,0,0.18450321069640674,0.18450321069640674,0.644250982726177,0.644250982726177,4275.966364772266,4275.966364772266,3081.533635227733,3081.533635227733,asphalt,1.1575
4.549999999999989,27.05587112431894,7.515519756755261,0.0,0.0,0.0,0.0,7.515519756755261,0.0,17.309393073016658,1.6339593278447495,2537.350445799639,1,0,0.18516527416463024,0.18516527416463024,0.644700698083064,0.644700698083064,4276.205348194239,4276.205348194239,3081.2946518057606,3081.2946518057606,asphalt,1.1575
4.566666666666656,27.153789735085315,7.542719370857032,0.0,0.0,0.0,0.0,7.542719370857032,0.0,17.434935133749217,1.6307880427143573,2546.92245612584,1,0,0.1858259768392534,0.1858259768392534,0.6451496255786738,0.6451496255786738,4276.443918722323,4276.443918722323,3081.056081277676,3081.056081277676,asphalt,1.1575
4.583333333333322,27.251518274334664,7.569866187315184,0.0,0.0,0.0,0.0,7.569866187315184,0.0,17.56092997128908,1.6276222390797557,2556.4759189846727,1,0,0.18648532136914475,0.18648532136914475,0.6455977661385598,0.6455977661385598,4276.682076925178,4276.682076925178,3080.817923074821,3080.817923074821,asphalt,1.1575
4.599999999999989,27.349057070681503,7.5969602974115285,0.0,0.0,0.0,0.0,7.5969602974115285,0.0,17.687376706626534,1.6244619096219992,2566.010865525979,1,0,0.18714331039905394,0.18714331039905394,0.6460451207194989,0.6460451207194989,4276.919823356332,4276.919823356332,3080.5801766436675,3080.5801766436675,asphalt,1.1575
4.616666666666656,27.44640645230679,7.624001792307442,0.0,0.0,0.0,0.0,7.624001792307442,0.0,17.814274462271968,1.6213070471658142,2575.5273270480548,1,0,0.18779994656954008,0.18779994656954008,0.6464916903021214,0.6464916903021214,4277.157158557787,4277.157158557787,3080.3428414422124,3080.3428414422124,asphalt,1.1575
4.633333333333322,27.543566746965162,7.650990763045878,0.0,0.0,0.0,0.0,7.650990763045878,0.0,17.941622362253888,1.6181576446442136,2585.025334953677,1,0,0.18845523251691843,0.18845523251691843,0.6469374758852398,0.6469374758852398,4277.394083062763,4277.394083062763,3080.105916937237,3080.105916937237,asphalt,1.1575
4.649999999999989,27.64053828199048,7.677927300552911,0.0,0.0,0.0,0.0,7.677927300552911,0.0,18.069419532116974,1.6150136950735572,2594.5049207163565,1,0,0.18910917087321977,0.18910917087321977,0.6473824784815,0.6473824784815,4277.630597397811,4277.630597397811,3079.8694026021894,3079.8694026021894,asphalt,1.1575
4.666666666666655,27.73732138429995,7.704811495638875,0.0,0.0,0.0,0.0,7.704811495638875,0.0,18.197665098920123,1.6118751915313823,2603.9661158544627,1,0,0.18976176426615665,0.18976176426615665,0.647826699114059,0.647826699114059,4277.866702084496,4277.866702084496,3079.633297915504,3079.633297915504,asphalt,1.1575
4.683333333333322,27.833916380397284,7.731643438999245,0.0,0.0,0.0,0.0,7.731643438999245,0.0,18.326358191234544,1.6087421271425484,2613.4089519114013,1,0,0.1904130153191012,0.1904130153191012,0.6482701388140251,0.6482701388140251,4278.102397640619,4278.102397640619,3079.3976023593814,3079.3976023593814,asphalt,1.1575
4.699999999999989,27.930323596375015,7.758423221215281,0.0,0.0,0.0,0.0,7.758423221215281,0.0,18.455497939141843,1.6056144950664475,2622.8334604404517,1,0,0.19106292665107066,0.19106292665107066,0.6487127986184922,0.6487127986184922,4278.337684581108,4278.337684581108,3079.162315418891,3079.162315418891,asphalt,1.1575
4.716666666666655,28.02654335791624,7.785150932754511,0.0,0.0,0.0,0.0,7.785150932754511,0.0,18.585083474232135,1.6024922884882642,2632.2396729931634,1,0,0.19171150087670952,0.19171150087670952,0.6491546795690702,0.6491546795690702,4278.572563418877,4278.572563418877,3078.9274365811234,3078.9274365811234,asphalt,1.1575
4.733333333333322,28.122575990295914,7.811826663971087,0.0,0.0,0.0,0.0,7.811826663971087,0.0,18.71511392960215,1.5993755006119414,2641.6276211104996,1,0,0.19235874060628658,0.19235874060628658,0.649595782710718,0.649595782710718,4278.807034665246,4278.807034665246,3078.692965334754,3078.692965334754,asphalt,1.1575
4.7499999999999885,28.21842181838175,7.838450505106041,0.0,0.0,0.0,0.0,7.838450505106041,0.0,18.84558843985333,1.5962641246550646,2650.9973363160725,1,0,0.19300464844568546,0.19300464844568546,0.6500361090908852,0.6500361090908852,4279.04109883045,4279.04109883045,3078.4589011695493,3078.4589011695493,asphalt,1.1575
4.766666666666655,28.31408116663491,7.8650225462874745,0.0,0.0,0.0,0.0,7.8650225462874745,0.0,18.97650614108996,1.5931581538450246,2660.3488501109805,1,0,0.1936492269964025,0.1936492269964025,0.6504756597588421,0.6504756597588421,4279.274756423938,4279.274756423938,3078.225243576061,3078.225243576061,asphalt,1.1575
4.783333333333322,28.40955435911045,7.891542877530681,0.0,0.0,0.0,0.0,7.891542877530681,0.0,19.10786617091729,1.5900575814158202,2669.682193969873,1,0,0.19429247885554676,0.19429247885554676,0.6509144357651632,0.6509144357651632,4279.508007954565,4279.508007954565,3077.9919920454345,3077.9919920454345,asphalt,1.1575
4.799999999999988,28.50484171945765,7.918011588738237,0.0,0.0,0.0,0.0,7.918011588738237,0.0,19.239667668439655,1.5869624006057137,2678.9973993379513,1,0,0.19493440661583608,0.19493440661583608,0.6513524381613539,0.6513524381613539,4279.740853930864,4279.740853930864,3077.7591460691347,3077.7591460691347,asphalt,1.1575
4.816666666666655,28.599943570920182,7.944428769700051,0.0,0.0,0.0,0.0,7.944428769700051,0.0,19.371909774258576,1.5838726046559515,2688.2944976286844,1,0,0.19557501286559917,0.19557501286559917,0.651789667999549,0.651789667999549,4279.973294861148,4279.973294861148,3077.526705138852,3077.526705138852,asphalt,1.1575
4.8333333333333215,28.694860236336236,7.970794510093399,0.0,0.0,0.0,0.0,7.970794510093399,0.0,19.50459163047091,1.5807881868084195,2697.5735202220662,1,0,0.19621430018878128,0.19621430018878128,0.6522261263322686,0.6522261263322686,4280.205331253532,4280.205331253532,3077.294668746468,3077.294668746468,asphalt,1.1575
4.849999999999988,28.78959203813857,7.997108899482936,0.0,0.0,0.0,0.0,7.997108899482936,0.0,19.63771238066696,1.5777091403062826,2706.8344984632913,1,0,0.19685227116493786,0.19685227116493786,0.6526618142122806,0.6526618142122806,4280.436963616183,4280.436963616183,3077.0630363838163,3077.0630363838163,asphalt,1.1575
4.866666666666655,28.884139298354476,8.023372027320688,0.0,0.0,0.0,0.0,8.023372027320688,0.0,19.771271169928607,1.57463545839164,2716.0774636617425,1,0,0.19748892836924403,0.19748892836924403,0.6530967326924394,0.6530967326924394,4280.668192457236,4280.668192457236,3076.831807542764,3076.831807542764,asphalt,1.1575
4.883333333333321,28.978502338605782,8.04958398294605,0.0,0.0,0.0,0.0,8.04958398294605,0.0,19.905267144827416,1.5715671343059512,2725.302447090223,1,0,0.19812427437249816,0.19812427437249816,0.6535308828255821,0.6535308828255821,4280.899018284822,4280.899018284822,3076.600981715177,3076.600981715177,asphalt,1.1575
4.899999999999988,29.072681480108727,8.075744855585757,0.0,0.0,0.0,0.0,8.075744855585757,0.0,20.039699453422777,1.56850416128961,2734.509479984366,1,0,0.1987583117411157,0.1987583117411157,0.6539642656644914,0.6539642656644914,4281.129441607302,4281.129441607302,3076.370558392697,3076.370558392697,asphalt,1.1575
4.9166666666666545,29.166677043673957,8.101854734353877,0.0,0.0,0.0,0.0,8.101854734353877,0.0,20.174567245260008,1.5654465325815181,2743.6985935421885,1,0,0.19939104303714683,0.19939104303714683,0.6543968822617726,0.6543968822617726,4281.3594629329855,4281.3594629329855,3076.140537067014,3076.140537067014,asphalt,1.1575
4.933333333333321,29.260489349706358,8.127913708251766,0.0,0.0,0.0,0.0,8.127913708251766,0.0,20.309869671368492,1.5623942414188718,2752.8698189237466,1,0,0.2000224708182665,0.2000224708182665,0.6548287336698687,0.6548287336698687,4281.589082770439,4281.589082770439,3075.9109172295607,3075.9109172295607,asphalt,1.1575
4.949999999999988,29.354118718204955,8.153921866168043,0.0,0.0,0.0,0.0,8.153921866168043,0.0,20.4456058842598,1.5593472810363096,2762.0231872508703,1,0,0.20065259763778745,0.20065259763778745,0.6552598209409813,0.6552598209409813,4281.818301628293,4281.818301628293,3075.681698371707,3075.681698371707,asphalt,1.1575
4.966666666666654,29.44756546876284,8.179879296878566,0.0,0.0,0.0,0.0,8.179879296878566,0.0,20.581775037925798,1.5563056446671908,2771.158729606962,1,0,0.20128142604466218,0.20128142604466218,0.6556901451270525,0.6556901451270525,4282.047120015306,4282.047120015306,3075.452879984694,3075.452879984694,asphalt,1.1575
4.983333333333321,29.540829920567003,8.20578608904639,0.0,0.0,0.0,0.0,8.20578608904639,0.0,20.71837628783678,1.5532693255431695,2780.2764770368417,1,0,0.20190895858347999,0.20190895858347999,0.6561197072797719,0.6561197072797719,4282.2755384404945,4282.2755384404945,3075.2244615595055,3075.2244615595055,asphalt,1.1575
4.999999999999988,29.63391239239823,8.23164233122173,0.0,0.0,0.0,0.0,8.23164233122173,0.0,20.855408790939578,1.5502383168929157,2789.37646054662,1,0,0.20253519779448131,0.20253519779448131,0.6565485084505129,0.6565485084505129,4282.503557412937,4282.503557412937,3074.996442587062,3074.996442587062,asphalt,1.1575
5.016666666666654,29.548327834332227,8.207868842870063,0.5698453642102007,0.14422930635896136,0.004805448573516269,0.021349850765467082,8.20784107580242,0.00018113290481080213,20.992356151160497,-1.4525179895552753,2798.381216046583,1,0,0.31635292940496945,0.3193167318451363,0.12528964129392683,0.12561957629557086,4506.8213649279905,4506.8213649279905,2850.6786350720095,2850.6786350720095,asphalt,1.1575
5.033333333333321,29.457509492208313,8.18264152561342,1.9261983098672966,0.46509510574633467,0.027510196667995392,0.07035008475555542,8.182339103353515,0.0010161383926854729,21.12889095166591,-1.582376356948032,2806.572888991962,1,0,0.48418934974264555,0.4967295471198092,0.12808072717349447,0.1295139249573794,4515.20625331005,4515.20625331005,2842.2937466899502,2842.2937466899502,asphalt,1.1575
5.049999999999987,29.358501626927207,8.155139340813113,3.9191787194768954,0.908164534660363,0.07963348851049687,0.1405903110645436,8.153927399266719,0.0028958978482502575,21.26497174550306,-1.7688765959997,2813.274315769541,1,0,0.6247676975602372,0.6513380582634045,0.13238388951274943,0.13549836842254767,4528.332271077392,4528.332271077392,2829.167728922608,2829.167728922608,asphalt,1.1575
5.066666666666654,29.249638970048327,8.124899713902312,6.420301558267471,1.4354990097181222,0.1704199513455246,0.2276995316971605,8.121708458460866,0.006126706087882751,21.400540373837853,-1.9916817108934026,2818.1392223365774,1,0,0.7379565845087441,0.7814484795263189,0.13648684275694717,0.141727542906351,4544.516889137473,4544.516889137473,2812.9831108625262,2812.9831108625262,asphalt,1.1575
5.083333333333321,29.129953243765073,8.091653678823631,9.321361724898203,2.020867322146776,0.3071862723616083,0.3286912327768032,8.084975035924085,0.0109571388268109,21.53552582732941,-2.237130077815692,2821.012618034982,1,0,0.8293880584727467,0.8915745043688388,0.13859702678703126,0.14639931615420357,4562.622662882879,4562.622662882879,2794.877337117121,2794.877337117121,asphalt,1.1575
5.099999999999987,28.99886321397435,8.055239781659541,12.532393031078259,2.646295119087849,0.49563870181137276,0.44150455646312486,8.04313133466393,0.017596134114902594,21.66984655170605,-2.4962802769069015,2821.8463635564626,1,0,0.9043106374692238,0.9861519879587309,0.13803497604976306,0.14889843549085985,4581.900177983843,4581.900177983843,2775.5998220161564,2775.5998220161564,asphalt,1.1575
5.116666666666654,28.858987633585926,8.016385453773868,15.897997645815298,3.282418076042196,0.7395281473647378,0.5622578076728826,7.996643164552745,0.026206217898144108,21.80341937360728,-2.659437403122382,2820.6495335710883,1,0,0.9705172120310389,1.0,0.1352102277456791,0.1495969488774508,4596.338369974582,4596.338369974582,2761.161630025418,2761.161630025418,asphalt,1.1575
5.13333333333332,28.71426647450942,7.976185131808172,19.263726053853063,3.900838310241499,1.0396284175766437,0.6869138347221725,7.946551367766084,0.03687340666256426,21.93617870797511,-2.7557168303587076,2817.473522514954,1,0,1.0,1.0,0.132209680261449,0.15028095729564697,4605.429247254131,4605.429247254131,2752.0707527458685,2752.0707527458685,asphalt,1.1575
5.149999999999987,28.567735645066403,7.935482123629556,22.54130002683068,4.482799328199784,1.3949751202002783,0.8126463374923634,7.893762250321737,0.04963044955373634,22.068075185482655,-2.819270130271221,2812.4184380342335,1,0,1.0,1.0,0.13220373602589058,0.15354649844290932,4609.125908615149,4609.125908615149,2748.374091384851,2748.374091384851,asphalt,1.1575
5.166666666666654,28.419228845973887,7.8942302349927465,25.635866153353223,5.009781211767405,1.8032884564677258,0.9364962378377489,7.838484917354206,0.064474071211513,22.19906260441756,-2.7919224932644227,2805.629099410767,1,0,0.9070052707629377,1.0,0.1393369621537391,0.162720243405166,4611.182951759748,4611.182951759748,2746.3170482402516,2746.3170482402516,asphalt,1.1575
5.18333333333332,28.280631389877602,7.855730941632667,28.252552862191386,5.412232831704811,2.258610486873674,1.0485977071480832,7.7854320031639,0.08126913603954396,22.32914584549883,-2.479205795748669,2797.280586479689,1,0,0.7863350160116565,0.876906929684321,0.1569524068940642,0.18008997840671936,4591.419476517547,4591.419476517547,2766.080523482452,2766.080523482452,asphalt,1.1575
5.199999999999987,28.154883864011325,7.820801073336479,30.311869458241485,5.693395691913683,2.7515914642437234,1.1485607681399752,7.7360026881194095,0.09979990495329152,22.458384201944458,-2.216460826221791,2787.6234267038353,1,0,0.6975270334128657,0.7707879841357538,0.18447415165599418,0.2058373145387267,4570.234985106053,4570.234985106053,2787.265014893947,2787.265014893947,asphalt,1.1575
5.2166666666666535,28.038711826086466,7.788531062801796,31.918085962754922,5.889423396103021,3.274049559337237,1.2403378941039696,7.689133762959141,0.1199072742584865,22.586826605411655,-2.017839699180186,2776.979964784532,1,0,0.6316462515201949,0.690956444970066,0.21642918736805988,0.23578961342387628,4554.216375267377,4554.216375267377,2803.2836247326222,2803.2836247326222,asphalt,1.1575
5.23333333333332,27.92980063835144,7.758277955097622,33.15930936551688,6.025938925434191,3.819371279671336,1.326578005407241,7.644021691761705,0.14148379802499483,22.714507065443733,-1.86768785651644,2765.6757205471527,1,0,0.5827066788159888,0.630880698105299,0.24817826430721612,0.2658339162542163,4542.108861796269,4542.108861796269,2815.3911382037304,2815.3911382037304,asphalt,1.1575
5.249999999999987,27.826466043071015,7.72957390085306,34.10873985519456,6.1210279421425495,4.382254258495626,1.4090383350247306,7.60006076680835,0.16445644713785745,22.841448329183237,-1.7539714635672965,2753.997886176321,1,0,0.5462288565015132,0.585585227802772,0.2771961836727807,0.2935253324436311,4532.945048522894,4532.945048522894,2824.5549514771064,2824.5549514771064,asphalt,1.1575
5.266666666666653,27.727458557027465,7.702071821396518,34.82639621804234,6.187407024363174,4.9584764337439475,1.4888701045413524,7.556796686014074,0.18877486021336864,22.967664678260427,-1.6675300276317273,2742.1791725135513,1,0,0.5188916097691664,0.5513118801476442,0.3024131451083096,0.3177388748301697,4525.98691459286,4525.98691459286,2831.51308540714,2831.51308540714,asphalt,1.1575
5.28333333333332,27.631840079581362,7.675511133217045,35.36097232587954,6.233983639400513,5.544695677731065,1.566815791191301,7.513891098000581,0.21440339379739917,23.0931640707535,-1.601441359010849,2730.395810226077,1,0,0.4982497346834815,0.5252413842679462,0.32358564190040423,0.3381578141271578,4520.675849859072,4520.675849859072,2836.824150140928,2836.824150140928,asphalt,1.1575
5.2999999999999865,27.538901438934456,7.64969484414846,35.75163366060506,6.266972782002703,6.138279921786871,1.6433446593193133,7.47109426652336,0.2413157883220872,23.217949779805597,-1.5505036808112749,2718.772759169665,1,0,0.4825112171651578,0.505269430016724,0.340900694567505,0.3549075163908736,4516.591552914409,4516.591552914409,2840.9084470855914,2840.9084470855914,asphalt,1.1575
5.316666666666653,27.44810459826515,7.624473499518097,36.02965528034421,6.290692946226497,6.737165655978741,1.7187453387834202,7.428223919973334,0.2694916251389432,23.34202164317882,-1.5108246248026092,2707.391964488166,1,0,0.47036598874545604,0.48983055384271273,0.3547472957170371,0.36833023287520117,4513.41921999042,4513.41921999042,2844.0807800095795,2844.0807800095795,asphalt,1.1575
5.33333333333332,27.359040699844062,7.599733527734462,36.21985927989135,6.308131453390898,7.339741668127514,1.7931886397996188,7.385148894549444,0.2989140022181414,23.465377011787854,-1.4795011526635449,2696.301287008319,1,0,0.46085713714980686,0.4777623387082815,0.3655879732037231,0.37885400768405486,4510.9238870072995,4510.9238870072995,2846.5761129927005,2846.5761129927005,asphalt,1.1575
5.349999999999986,27.271398890725017,7.5753885807569485,36.341843224871276,6.32134462022456,7.9447545593478,1.8667698382545683,7.341776523461184,0.3295680329394907,23.58801146583317,-1.4543736195509638,2685.522856533239,1,0,0.45328556690143174,0.46820234361200014,0.37388869901342553,0.3869193995050113,4508.930656418431,4508.930656418431,2848.569343581569,2848.569343581569,asphalt,1.1575
5.366666666666653,27.18494283242095,7.55137300900582,36.411009635088334,6.3317401012515315,8.551232640189236,1.9395368746459138,7.29804295911105,0.3614398959603008,23.70991935224153,-1.4338386460008934,2675.0602773396704,1,0,0.4471401281997169,0.4605107593262176,0.3800828242229139,0.39294087226753155,4507.309619521391,4507.309619521391,2850.1903804786084,2850.1903804786084,asphalt,1.1575
5.3833333333333195,27.09949286494963,7.527636906930453,36.439415904992245,6.340275453746334,9.158425085734926,2.011508945631482,7.253905786831395,0.39451625017116726,23.831094185421428,-1.4167077604402323,2664.90451106711,1,0,0.442046687506693,0.45421279333157577,0.3845548106147908,0.3972886913899437,4505.964448344083,4505.964448344083,2851.535551655916,2851.535551655916,asphalt,1.1575
5.399999999999986,27.014912416063165,7.504142337795323,36.43646771042966,6.347597319541679,9.765753594864668,2.082688588663619,7.209338421002485,0.42878388840406373,23.95152894406955,-1.402101191648626,2655.038477930038,1,0,0.437731084974206,0.4489559293914748,0.38763529566225846,0.4002827028139711,4504.8238139069435,4504.8238139069435,2852.6761860930565,2852.6761860930565,asphalt,1.1575
5.416666666666653,26.93109763405486,7.480860453904128,36.4094793106964,6.354138641407438,10.372774189951649,2.153069395726101,7.164325879520998,0.46422954473557304,24.071216289403694,-1.389368395539634,2645.440522139791,1,0,0.43399219565860053,0.4444782825224159,0.3896024008209161,0.4021927423751541,4503.83495876483,4503.83495876483,2853.66504123517,2853.66504123517,asphalt,1.1575
5.433333333333319,26.847969482163446,7.457769300600957,36.364122709561826,6.360186312066697,10.97914716999079,2.222640819758357,7.118861617374648,0.5008397985071299,24.190148724369962,-1.3780287720272355,2636.0869267433327,1,0,0.43068231945694657,0.4405851810690325,0.39068621909197204,0.4032424889527553,4502.95889905289,4502.95889905289,2854.5411009471095,2854.5411009471095,asphalt,1.1575
5.449999999999986,26.765467716663718,7.434852143517699,36.304785320875965,6.365928055401386,11.58461357277112,2.2913910703459415,7.072945168648531,0.538601037490103,24.30831870878496,-1.3677275496405628,2626.9536655807738,1,0,0.427692885119526,0.4371318321540038,0.391074658664549,0.4036148535914305,4502.166852133759,4502.166852133759,2855.333147866241,2855.333147866241,asphalt,1.1575
5.466666666666653,26.683546306522203,7.412096196256167,36.23485315742088,6.37148476784908,12.188976801912592,2.359308772337717,7.026580401541381,0.5774994557136783,24.425718741786838,-1.3582030197992623,2618.0175636609,1,0,0.4249440118914274,0.4340104817222214,0.39091958717468067,0.4034577924803352,4501.437582150531,4501.437582150531,2856.0624178494686,2856.0624178494686,asphalt,1.1575
5.483333333333319,26.60216995514541,7.389491654207058,36.15693395164717,6.376932715589884,12.792088330879952,2.4263838388670806,6.979774235179846,0.6175210702780661,24.542341420185767,-1.3492622381488673,2609.257012756043,1,0,0.4223768764803337,0.4311408962789673,0.39034269637882085,0.4028899259601218,4500.7554308218605,4500.7554308218605,2856.7445691781386,2856.7445691781386,asphalt,1.1575
5.499999999999986,26.521311463376563,7.3670309620490455,36.07303219856307,6.382318680931685,13.39383661071979,2.4926078582438507,6.932535702094168,0.6586517473411695,24.658179479160257,-1.34076302771156,2600.652362641961,1,0,0.4199481240254345,0.4284633014754227,0.389440798498594,0.4020056497355494,4500.108858517217,4500.108858517217,2857.3911414827826,2857.3911414827826,asphalt,1.1575
5.516666666666652,26.440949733486875,7.3447082593019095,35.984685965300635,6.387670228327473,13.994138485372055,2.557974190857296,6.884875267800111,0.7008772313293409,24.773225820106266,-1.3326006636784626,2592.186083488248,1,0,0.4176257710609762,0.42593313965418206,0.38829044054641876,0.40087960771287373,4499.489364580674,4499.489364580674,2858.010635419326,2858.010635419326,asphalt,1.1575
5.533333333333319,26.361068260678195,7.322518961299498,35.89307346348913,6.39300260797908,14.592932562840268,2.6224779025283116,6.8368043404313825,0.7441831739297773,24.887473529201145,-1.3246980310559309,2583.842773009159,1,0,0.4153861992859463,0.4235171753974854,0.38695182429884856,0.39957050257820803,4498.8906890795615,4498.8906890795615,2858.6093109204385,2858.6093109204385,asphalt,1.1575
5.549999999999986,26.281653994695745,7.30045944297104,35.79909582211424,6.398323354962008,15.190174107175887,2.686115614149061,6.7883349199851395,0.7885551610193077,25.000915889305652,-1.3169983553352438,2575.609063644329,1,0,0.4132119479100414,0.4211906009361091,0.38547207466063027,0.3981242788105921,4498.308223118656,4498.308223118656,2859.1917768813432,2859.1917768813432,asphalt,1.1575
5.566666666666652,26.202696481936634,7.2785268005379535,35.7034412057801,6.403635318388033,15.78583110973401,2.7488853166298903,6.739479349487306,0.8339787366771421,25.11354638712386,-1.3094598375506195,2567.4734702072046,1,0,0.41109009129474877,0.4189348837477669,0.3838879256543853,0.39657674163519796,4497.73857355862,4497.73857355862,2859.7614264413787,2859.7614264413787,asphalt,1.1575
5.583333333333319,26.12418721979025,7.2567186721639585,35.606634364552185,6.408938628419752,16.379881272594616,2.8107861800619953,6.6902501400848635,0.8804394240253082,25.225358717017045,-1.3020516975660712,2559.4262067786026,1,0,0.40901104597197613,0.4167361654238221,0.382227902585314,0.3949556862964784,4497.17924193593,4497.17924193593,2860.3207580640697,2860.3207580640697,asphalt,1.1575
5.599999999999985,26.04611917131232,7.235033103142311,35.50907484337072,6.414231950554715,16.972309695967837,2.8718183731002784,6.640659849404178,0.9279227429802838,25.336346782480245,-1.2947512578818277,2551.4589926767376,1,0,0.40696769290373064,0.41458407020867777,0.3805140783686861,0.39328261253845687,4496.628387780783,4496.628387780783,2860.8716122192163,2860.8716122192163,asphalt,1.1575
5.616666666666652,25.9684864008487,7.213468444680195,35.4110663892769,6.419513266313483,17.563107107816933,2.931982900472881,6.590720998019226,0.9764142251766845,25.446504696005217,-1.2875417957079094,2543.5648606251116,1,0,0.4049547313398088,0.41247081811736136,0.37876347617796363,0.3915740940986669,4496.084654260254,4496.084654260254,2861.4153457397456,2861.4153457397456,asphalt,1.1575
5.633333333333319,25.891283800773728,7.1920232779927025,35.312839544253244,6.424780342980358,18.15226851033883,2.9912814615944785,6.540446012980315,1.0258994264009893,25.55582677784526,-1.2804109618813442,2535.7379753188125,1,0,0.4029682029220956,0.4103905645795487,0.3769891823203529,0.3898428653094203,4495.547039815704,4495.547039815704,2861.9529601842955,2861.9529601842955,asphalt,1.1575
5.649999999999985,25.814506886777448,7.17069635743818,35.21456897485394,6.430031002226696,18.739792146391462,3.049716330390672,6.48984719039868,1.0763639368908884,25.664307554046122,-1.2733496177717996,2527.9734670660837,1,0,0.40100514100201806,0.4083389086135425,0.37520122427667046,0.38809867832652845,4495.014803719644,4495.014803719644,2862.485196280356,2862.485196280356,asphalt,1.1575
5.666666666666652,25.73815164466043,7.1494865679612305,35.11638674525057,6.4352632611523966,19.32567871111292,3.1072902548860304,6.438936671326125,1.1277933898400905,25.77194175399814,-1.266350980188946,2520.267282726489,1,0,0.39906331209467755,0.40631252641772964,0.373407260120323,0.38634897608243596,4494.487396632422,4494.487396632422,2863.012603367578,2863.012603367578,asphalt,1.1575
5.6833333333333185,25.66221441578497,7.1283928932736025,35.018392469650074,6.440475394476464,19.909930751183186,3.1640063743732405,6.387726426812525,1.1801734684158212,25.878724307686465,-1.2594099931302338,2512.6160545118823,1,0,0.39714102516265964,0.40430889832069494,0.37161311755962473,0.38459941831997985,4493.964409572176,4493.964409572176,2863.5355904278235,2863.5355904278235,asphalt,1.1575
5.699999999999985,25.586691811504476,7.107414392084577,34.92066106825021,6.4456659497658295,20.492552207504335,3.2198681517399583,6.336228249220642,1.2334899115568758,25.9846503427606,-1.2525228664750188,2505.016986149352,1,0,0.39523699085824054,0.4023261052435171,0.36982321384651357,0.3828542912417249,4493.445536439797,4493.445536439797,2864.0544635602027,2864.0544635602027,asphalt,1.1575
5.716666666666652,25.51158064929172,7.0865501803588105,34.823248685753164,6.4508337362417105,21.073548067369945,3.274879318572698,6.284453747743579,1.2877285187798801,26.089715181505138,-1.2456867374815772,2497.4677552613075,1,0,0.3933502175785939,0.4003626769320373,0.3680408818112334,0.38111682546851633,4492.930546515424,4492.930546515424,2864.569453484576,2864.569453484576,asphalt,1.1575
5.733333333333318,25.436877905097614,7.06579941808267,34.726197203084695,6.455977800120285,21.652924100132626,3.329043830849627,6.232414346692575,1.3428751541836053,26.193914337766255,-1.2388994225607064,2489.966430471159,1,0,0.3914799346606662,0.3984174787552711,0.36626862227157775,0.37938944210352527,4492.419264286261,4492.419264286261,2865.080735713739,2865.080735713739,asphalt,1.1575
5.749999999999985,25.36258067783759,7.0451612993993304,34.62953767345162,6.46109739443442,22.230686656485577,3.382365833293682,6.1801212855672665,1.3989157498073719,26.297243513869248,-1.2321592353632127,2482.511401599423,1,0,0.3896255355941584,0.3964896272413044,0.36450829893254016,0.37767394265630433,4491.911554661457,4491.911554661457,2865.588445338543,2865.588445338543,asphalt,1.1575
5.7666666666666515,25.288686162930464,7.024635045258462,34.533292936919516,6.466191948016109,22.80684251616615,3.4348496307346075,6.127585620235402,1.4558363084703205,26.399698597549524,-1.22546485356402,2475.101321305261,1,0,0.38778653600763824,0.3945784270329098,0.36276128852575,0.3759716552879914,4491.407312142704,4491.407312142704,2866.0926878572964,2866.0926878572964,asphalt,1.1575
5.783333333333318,25.21519163258767,7.004219897941018,34.43747960832081,6.471261036224766,23.38139877248684,3.4864996650954287,6.074818224770381,1.5136229061936095,26.50127565891058,-1.21881522136853,2467.735056602417,1,0,0.38596254256298407,0.3926833238131214,0.3610285962220967,0.3742835471816932,4490.90645289745,4490.90645289745,2866.5935471025496,2866.5935471025496,asphalt,1.1575
5.799999999999985,25.142094421131333,6.983915116980926,34.34210958758935,6.476304354691331,23.954362744854542,3.5373204968612533,6.0218297936491,1.572261694287086,26.601970947416657,-1.212209478217332,2460.4116488008576,1,0,0.3841532299090894,0.3908038691412467,0.35931094417834786,0.37261031071663586,4490.408908961139,4490.408908961139,2867.091091038861,2867.091091038861,asphalt,1.1575
5.816666666666651,25.06939191405498,6.963719976126383,34.247191206482,6.481321696551969,24.52574191254483,3.5873167901001697,5.968630844118862,1.631738901165191,26.701780888924016,-1.2056469066849473,2453.130280571742,1,0,0.382358323593461,0.3889396941745491,0.35760883935177945,0.3709524294357566,4489.9146239995625,4489.9146239995625,2867.5853760004375,2867.5853760004375,asphalt,1.1575
5.833333333333318,24.99708153986711,6.943633761074198,34.152730098689936,6.486312933177187,25.09554386460883,3.6364933002863427,5.9152317186144066,1.6920408339432729,26.800702082752245,-1.199126894434741,2445.8902489872644,1,0,0.38057758738113223,0.3870904900213484,0.35592262535310093,0.36931022846294914,4489.423550213868,4489.423550213868,2868.0764497861314,2868.0764497861314,asphalt,1.1575
5.8499999999999845,24.925160764002186,6.923655767778385,34.05872985968871,6.491277998153847,25.663776262016487,3.684854864325945,5.861642587154587,1.753153879854595,26.898731298795767,-1.192648906455105,2438.690943537991,1,0,0.378810813835984,0.38525599304490243,0.3542525220355929,0.36768391297793057,4488.935646081678,4488.935646081678,2868.564353918322,2868.564353918322,asphalt,1.1575
5.866666666666651,24.853627084265945,6.903785301184985,33.9651925468754,6.496216874157595,26.230446809076348,3.7324063923102297,5.807873449680148,1.8150645075196465,26.99586547467467,-1.186212464822205,2431.5318282721155,1,0,0.3770578173186258,0.38343597386475164,0.3525986556794354,0.3660735975369622,4488.450874709741,4488.450874709741,2869.049125290259,2869.049125290259,asphalt,1.1575
5.883333333333318,24.782478027418687,6.884021674282969,33.87211905846815,6.501129582315456,26.795563231884778,3.779152860620529,5.753934138314529,1.8777592680925197,27.09210171292374,-1.1798171339463437,2424.412427330206,1,0,0.37531842877565447,0.38163022912058764,0.3509610819760284,0.3644793283887795,4487.969202633625,4487.969202633625,2869.5307973663744,2869.5307973663744,asphalt,1.1575
5.899999999999984,24.711711146601726,6.864364207389368,33.7795094204294,6.5060161736667075,27.35913326209881,3.8250993060907352,5.699834319542318,1.9412247963037237,27.187437278218294,-1.1734625098375062,2417.3323132639916,1,0,0.3735924918578361,0.37983857530103216,0.3493398035088213,0.36290110043869,4487.49059894345,4487.49059894345,2870.00940105655,2870.00940105655,asphalt,1.1575
5.916666666666651,24.64132401938818,6.844812227607828,33.68736300364949,6.510876722361045,27.92116462473973,3.8702508209972146,5.645583496307536,2.0054478114145886,27.281869594635502,-1.1671482122920906,2410.291097628283,1,0,0.3718798600248853,0.3780608441164425,0.3477347830334376,0.36133887012974847,4487.015034647774,4487.015034647774,2870.484965352225,2870.484965352225,asphalt,1.1575
5.933333333333318,24.57131424629578,6.825365068415494,33.59567868827757,6.5157113202770365,28.481665029046457,3.9146125486971406,5.591191010037962,2.070415118095127,27.375396242949872,-1.160873879209987,2403.2884234218964,1,0,0.3701803943833249,0.3762968790268478,0.34614595355566996,0.35979256521305547,4486.542482210908,4486.542482210908,2870.9575177890915,2870.9575177890915,asphalt,1.1575
5.949999999999984,24.50167944964129,6.806022069344803,33.504454988015404,6.5205200727884405,29.040642161636548,3.9581896797763783,5.536666042603644,2.1361136072346687,27.468014957961817,-1.1546391624677455,2396.3239590274616,1,0,0.36849396206947593,0.37454653263444865,0.3445732259715522,0.3582620921507592,4486.0729152166705,4486.0729152166705,2871.427084783329,2871.427084783329,asphalt,1.1575
5.966666666666651,24.432417272647534,6.786782575735426,33.413690144094396,6.525303095450815,29.598103681411775,4.000987448599515,5.482017618218235,2.2025302566926026,27.55972362585821,-1.1484437249155377,2389.3973933625125,1,0,0.36682043503820005,0.37280966472350235,0.3430164948533123,0.35674734171955647,4485.606308123982,4485.606308123982,2871.8936918760182,2871.8936918760182,asphalt,1.1575
5.983333333333317,24.363525378737112,6.767645938538086,33.32338219630487,6.5300605114197925,30.15405721578269,4.04301113017916,5.427254605291564,2.269652131995042,27.650520281604155,-1.1422872381979943,2382.508432006675,1,0,0.36515968915389896,0.37108614078524216,0.34147564282670007,0.355248193247733,4485.142636089294,4485.142636089294,2872.3573639107058,2872.3573639107058,asphalt,1.1575
5.999999999999984,24.29500145096411,6.748611514156697,33.23352903666075,6.534792449447508,30.708510357889992,4.084266037300675,5.372385718241067,2.3374663869820402,27.740403106365157,-1.1361693811689122,2375.6567941133817,1,0,0.36351160350692613,0.36937583090640613,0.33995054387920637,0.3537645178156174,4484.681874837383,4484.681874837383,2872.818125162617,2872.818125162617,asphalt,1.1575
6.016666666666651,24.226843191547832,6.729678664318842,33.14412844992845,6.539499042334128,31.261470664578376,4.12475751785326,5.31741951926884,2.4059602644090985,27.829370424959144,-1.1300898387380443,2368.8422099506433,1,0,0.36187605989814936,0.36767860893037213,0.338441065857472,0.35229618067029866,4484.224000567655,4484.224000567655,2873.2759994323446,2873.2759994323446,asphalt,1.1575
6.033333333333317,24.159048321482143,6.710846755967261,33.055178144221486,6.544180425734586,31.812945654939103,4.1644909523296585,5.262364420110102,2.4751210965059816,27.917420703337783,-1.1240483010269742,2362.0644189450904,1,0,0.3602529424492324,0.36599435182297596,0.33694707235035254,0.3508430430452862,4483.768989885533,4483.768989885533,2873.7310101144662,2873.7310101144662,asphalt,1.1575
6.049999999999984,24.091614580200734,6.69211516116687,32.96667577408367,6.548836737242527,32.36294280928135,4.203471751465542,5.207228683757868,2.5449363054953578,28.004552546096704,-1.1180444627586184,2355.323168127854,1,0,0.3586421373069149,0.3643229391919767,0.3354684241069093,0.34940496352995143,4483.316819752442,4483.316819752442,2874.1831802475576,2874.1831802475576,asphalt,1.1575
6.06666666666665,24.024539725284125,6.673483257023368,32.878618957894076,6.5534681156893155,32.91146956842705,4.241705353996288,5.1520204261678195,2.6153934040733375,28.090764694014243,-1.1120780227999916,2348.6182109006722,1,0,0.35704353241757936,0.36266425292189014,0.33400498010243584,0.34798179909841037,4482.867467449375,4482.867467449375,2874.632532550625,2874.632532550625,asphalt,1.1575
6.083333333333317,23.957821532197663,6.654950425610462,32.79100529098023,6.55807470060932,33.4585333332496,4.279197224514076,5.096747617946557,2.6864799958536945,28.176056021618418,-1.1061486838337231,2341.949306056756,1,0,0.355457017354651,0.3610181768957175,0.3325565983384288,0.34657340588109936,4482.420910549389,4482.420910549389,2875.0790894506104,2875.0790894506104,asphalt,1.1575
6.099999999999984,23.891457794052883,6.636516053903579,32.70383235548814,6.562656631833388,34.00414146439608,4.315952851412079,5.041418086025783,2.75818377577729,28.26042553478191,-1.1002561521033272,2335.3162170039964,1,0,0.3538824831854727,0.3593845967818638,0.33112313644155117,0.3451796397420906,4481.977126897827,4481.977126897827,2875.522873102173,2875.522873102173,asphalt,1.1575
6.11666666666665,23.82544632138642,6.6181795337184495,32.61709772780156,6.5672140491810955,34.54830128214768,4.351977744905597,4.986039515324377,2.830492530488048,28.34387236834479,-1.0944001372294565,2328.718711148645,1,0,0.3523198223679926,0.35776339987031436,0.3297044521108151,0.3438003567097662,4481.5360945969405,4481.5360945969405,2875.9639054030595,2875.9639054030595,asphalt,1.1575
6.133333333333317,23.7597849419524,6.599940261653444,32.53079898411,6.571747092228208,35.09102006638374,4.387277435122197,4.930619450399891,2.903394138676679,28.426395783764885,-1.0885803520606885,2322.156559406083,1,0,0.35076892866975967,0.3561544749457732,0.32830040345022476,0.3424354132969026,4481.097791994515,4481.097791994515,2876.4022080054847,2876.4022080054847,asphalt,1.1575
6.1499999999999835,23.69447150052515,6.581797639034764,32.444933704578055,6.576255900132698,35.632305056623494,4.421857470254708,4.8751652970905734,2.976876571393232,28.50799516679552,-1.0827965125667305,2315.629535812118,1,0,0.3492296971038312,0.3545577121888391,0.3269108492149919,0.341084666737368,4480.662197674475,4480.662197674475,2876.837802325525,2876.837802325525,asphalt,1.1575
6.16666666666665,23.629503858710052,6.563751071863903,32.359499476458424,6.580740611504408,36.172163452125865,4.455723414772204,4.819684324148757,3.0509278923294745,28.58867002519056,-1.0770483377422835,2309.137417213701,1,0,0.3477020238773177,0.35297300309816393,0.32553564899277476,0.33974797516013494,4480.229290450244,4480.229290450244,2877.2707095497553,2877.2707095497553,asphalt,1.1575
6.183333333333317,23.564879894760832,6.545799970766898,32.27449389640711,6.585201364308498,36.71060241203276,4.48888084768512,4.764183664866168,3.1255362580720214,28.668419986436565,-1.071335549537764,2302.6799830223285,1,0,0.34618580634964224,0.3514002404286669,0.3241746633357886,0.33842519771595664,4479.799049358469,4479.799049358469,2877.70095064153,2877.70095064153,asphalt,1.1575
6.199999999999983,23.500597503402158,6.5279437509450435,32.1899145721962,6.58963829579468,37.2476290555442,4.521335360861418,4.708670318691531,3.200689918327089,28.74724479551201,-1.0656578727936505,2296.2570150168617,1,0,0.34468094299802304,0.349839318141756,0.32282775385613793,0.33711619466859205,4479.371453654335,4479.371453654335,2878.128546345665,2878.128546345665,asphalt,1.1575
6.21666666666665,23.436654595656574,6.510181832126826,32.10575912397193,6.594051542445596,37.78325046211731,4.553092557391264,4.653151152840673,3.2763772161176905,28.825144312673324,-1.060015035186339,2289.868297185288,1,0,0.3431873333884997,0.34829013136470427,0.32149478329337616,0.3358208274593051,4478.946482807458,4478.946482807458,2878.553517192541,2878.553517192541,asphalt,1.1575
6.2333333333333165,23.37304909867518,6.492513638520884,32.022025185169326,6.598441239940297,38.3174736716823,4.584158049998149,4.597632903899229,3.3525865879540593,28.902118511267727,-1.054406767184446,2283.5136155971354,1,0,0.3417048781512173,0.3467525763570122,0.3201756155612362,0.3345389587513096,4478.524116497888,4478.524116497888,2878.9758835021116,2878.9758835021116,asphalt,1.1575
6.249999999999983,23.309778955571577,6.474938598769882,31.938710403168013,6.602807523128297,38.850305684871316,4.614537459494688,4.542122179417942,3.4293065639780664,28.97816747557267,-1.048832802000419,2277.192758300008,1,0,0.340233478958871,0.3452265504820035,0.31887011577880287,0.3332704524592672,4478.104334613086,4478.104334613086,2879.3956653869136,2879.3956653869136,asphalt,1.1575
6.26666666666665,23.24684212525867,6.457456145905186,31.855812439752462,6.607150526012702,39.381753463255606,4.644236413281602,4.486625459500481,3.5065257680823447,29.053291398661816,-1.043292875552595,2270.90551523509,1,0,0.33877303850768514,0.343711952182511,0.3175781502899531,0.33201517376747225,4477.687117244531,4477.687117244531,2879.8128827554688,2879.8128827554688,asphalt,1.1575
6.283333333333316,23.18423658228817,6.44006571730227,31.773328971425162,6.611470381738933,39.911823929589154,4.673260543888567,4.431149098383661,3.584232918004839,29.127490580297398,-1.0377867264261909,2264.6516781675687,1,0,0.3373234605002503,0.34220868095960605,0.3162995866741097,0.3307729891397387,4477.272444685169,4477.272444685169,2880.2275553148306,2880.2275553148306,asphalt,1.1575
6.299999999999983,23.12196031669245,6.422766754636792,31.69125768960869,6.615767222588703,40.440523968056304,4.7016154875557765,4.375699326009877,3.662416825399461,29.200765424848814,-1.0323140958377053,2258.431040628783,1,0,0.3358846496299039,0.34071663735376506,0.3150342937504715,0.32954376632297167,4476.8602974262885,4476.8602974262885,2880.6397025737106,2880.6397025737106,asphalt,1.1575
6.3166666666666496,23.06001133382876,6.405558703841322,31.609596300764412,6.6200411799774415,40.96786042452149,4.729306882855152,4.320282249591594,3.7410663958835193,29.27311643923737,-1.0268747275999601,2252.243397867605,1,0,0.3344565115661986,0.33923572292780735,0.3137821415773938,0.3283273743461265,4476.450656155118,4476.450656155118,2881.049343844882,2881.049343844882,asphalt,1.1575
6.333333333333316,22.998387654225553,6.388441015062654,31.528342526448426,6.624292384454147,41.493840106780844,4.756340369350251,4.264903855167649,3.820170629062568,29.344544230906987,-1.0214683680879943,2246.0885468090673,1,0,0.33303895294132285,0.33776584025129347,0.31254300144827196,0.3271236835157706,4476.043501752255,4476.043501752255,2881.456498247745,2881.456498247745,asphalt,1.1575
6.349999999999983,22.937087313430947,6.371413142619708,31.447494103320405,6.628520965703416,42.01846978481373,4.782721586293965,4.209570009151157,3.899718618533324,29.415049505820804,-1.0160947662070896,2239.966286018719,1,0,0.3316318813372736,0.3363068928860611,0.31131674588472574,0.32593256540909976,4475.63881528898,4475.63881528898,2881.8611847110187,2881.8611847110187,asphalt,1.1575
6.366666666666649,22.87610836186315,6.3544745449619855,31.36704878311734,6.632727052548986,42.54175619103421,4.808456171363165,4.15428645986881,3.9796995518652594,29.484633066483443,-1.0107536733595168,2233.8764156714806,1,0,0.3302352052735301,0.3348587853725711,0.3101032486279192,0.3247538928651282,4475.236578025077,4475.236578025077,2882.263421974923,2882.263421974923,asphalt,1.1575
6.383333333333316,22.815448864662855,6.337624684628571,31.2870043326009,6.636910772957981,43.063706020542,4.833549759429493,4.099058839091295,4.060102710561484,29.553295809988857,-1.0054448434123486,2227.818737524064,1,0,0.3288488341952948,0.33342142321703705,0.30890238462854336,0.32358753997460776,4474.836771406355,4474.836771406355,2882.663228593644,2882.663228593644,asphalt,1.1575
6.399999999999983,22.75510690154754,6.32086302820765,31.2073585334854,6.641072254046432,43.58432593137197,4.8580079813655335,4.043892663554654,4.140917469999509,29.62103872609359,-1.0001680326686824,2221.7930548902086,1,0,0.32747267846208694,0.3319947128790852,0.3077140300357493,0.3224333820689454,4474.439377062162,4474.439377062162,2883.060622937838,2883.060622937838,asphalt,1.1575
6.416666666666649,22.695080566667617,6.30418904629656,31.12810918235132,6.645211622085009,44.103622544742535,4.881836462885614,3.988793336472324,4.2221332993524765,29.687862895315302,-0.9949229998354525,2215.799172618161,1,0,0.3261066493366584,0.33057856175986633,0.3065380621854949,0.32129129570854825,4474.044376803319,4474.044376803319,2883.4556231966803,2883.4556231966803,asphalt,1.1575
6.433333333333316,22.635367968464408,6.2876022134623355,31.04925409054839,6.649329002505169,44.621602445302436,4.905040823420531,3.9337661490376488,4.3037397614914275,29.75376948705638,-0.9897095059935879,2209.836897069933,1,0,0.3247506589742191,0.32917287819056856,0.3053743595883963,0.3201611586706918,4473.651752619712,4473.651752619712,2883.848247380288,2883.848247380288,asphalt,1.1575
6.449999999999982,22.57596722952988,6.271102008202744,30.970791084091,6.653424519905779,45.13827218137587,4.92762667502549,3.8788162819166523,4.385726512869151,29.818759757752503,-0.9845273145696609,2203.906036102002,1,0,0.32340462041189727,0.32777757142126007,0.3042228019173282,0.31904284993714677,4473.261486678055,4473.261486678055,2884.2385133219445,2884.2385133219445,asphalt,1.1575
6.466666666666649,22.516876486468174,6.254687912907826,30.892718003548243,6.657498298059802,45.65363826520561,4.949599621320578,3.823948806730871,4.468083303386183,29.882835049045976,-0.9793761913051924,2198.006399047152,1,0,0.32206844755840824,0.32639255160999286,0.30308326999487967,0.31793624968166334,4472.873561319779,4472.873561319779,2884.626438680221,2884.626438680221,asphalt,1.1575
6.483333333333316,22.458093889758864,6.2383594138219065,30.815032703930214,6.6615504599210205,46.16770717319453,4.970965256463123,3.7691686875300388,4.5507999762394755,29.94599678598369,-0.9742559042285137,2192.1377966972614,1,0,0.3207420551839379,0.32501772981215404,0.301955645780763,0.31684123925739677,4472.487959058883,4472.487959058883,2885.012040941117,2885.012040941117,asphalt,1.1575
6.499999999999982,22.399617603621838,6.222116001006066,30.737733054571862,6.665581127630901,46.68048534614506,4.99172916415125,3.714480782254444,4.633866467754263,30.008246475239485,-0.969166223627056,2186.3000412868514,1,0,0.31942535891019097,0.3236530179700501,0.30083981235920043,0.3157577011843202,4472.104662579672,4472.104662579672,2885.3953374203284,2885.3953374203284,asphalt,1.1575
6.516666666666649,22.341445805883964,6.205957168301101,30.66081693901527,6.669590422525595,47.191979189496664,5.011896916658034,3.659889844186777,4.717272807199643,30.069585703360804,-0.9641069220207044,2180.4929464772736,1,0,0.3181182752006175,0.3222983289026592,0.29973565392640666,0.3146855191367179,4471.72365473466,4471.72365473466,2885.77634526534,2885.77634526534,asphalt,1.1575
6.5333333333333155,22.283576687847294,6.189882413290915,30.584282254891118,6.673578465142756,47.702195073561384,5.031474073895588,3.6054005233933033,4.80100911658837,30.130016135039444,-0.959077774129824,2174.716327341426,1,0,0.31682072135075434,0.3209535762955561,0.2986430557781908,0.31362457793078824,4471.344918542758,4471.344918542758,2886.1550814572415,2886.1550814572415,asphalt,1.1575
6.549999999999982,22.226008454158983,6.173891237266384,30.508126913799885,6.6775453752282585,48.211139333757565,5.050466182508492,3.551017368154194,4.885065610461358,30.189539511406156,-0.9540785568545829,2168.97000034892,1,0,0.31553261547878597,0.31961867469105104,0.29756190429765683,0.31257476351232705,4470.968437186869,4470.968437186869,2886.5315628131307,2886.5315628131307,asphalt,1.1575
6.566666666666649,22.16873932268272,6.157983145189644,30.43234884119313,6.681491271743319,48.71881827084121,5.0688787749959445,3.496744826382868,4.969432595657373,30.24815764834905,-0.9491090492419119,2163.253783351631,1,0,0.314253876516148,0.318293539478403,0.2964920869430648,0.31153596294456926,4470.594194012188,4470.594194012188,2886.905805987811,2886.905805987811,asphalt,1.1575
6.583333333333315,22.11175717396536,6.1421547705459325,30.35694576362113,6.685419418025334,49.22523815024975,5.086715176717017,3.442585356428643,5.054100459254721,30.305872424646207,-0.9446591827734352,2157.5674955695863,1,0,0.3129831304828621,0.3169767439543035,0.29538778384243064,0.3104559334192641,4470.2375579850295,4470.2375579850295,2887.26244201497,2887.26244201497,asphalt,1.1575
6.599999999999982,22.055009551709407,6.126391542141501,30.281907576122787,6.689343547137172,49.73040513527562,5.103969905923701,3.38853427414393,5.139059538169099,30.362685672270263,-0.9408762788183367,2151.91090519685,1,0,0.3117132989231909,0.3156606360649933,0.29423853100334,0.309322462129811,4469.9529752801445,4469.9529752801445,2887.547024719855,2887.547024719855,asphalt,1.1575
6.6166666666666485,21.9984890934445,6.110691414845695,30.207216791574858,6.693261824865901,50.23432512386053,5.120646714501174,3.3345954466377505,5.2243001691442705,30.41859923129858,-0.9371015025262608,2146.2835177871657,1,0,0.3104489098021766,0.31434975254801695,0.2930999006352105,0.3081994725120674,4469.668959067975,4469.668959067975,2887.8310409320243,2887.8310409320243,asphalt,1.1575
6.633333333333315,21.942195104023778,6.09505419556216,30.13285864326097,6.697171366947413,50.737003748313505,5.136750808108254,3.280773808454202,5.309812774347886,30.473615024280317,-0.9333369338287412,2140.6846085269635,1,0,0.30919051147833104,0.3130447627768874,0.2919717007970662,0.3070867658147427,4469.385674483002,4469.385674483002,2888.114325516998,2888.114325516998,asphalt,1.1575
6.649999999999982,21.886126818189748,6.079479671719374,30.058821101670375,6.70107014580726,51.23844642404395,5.152287420228442,3.2270741265432474,5.395587863019767,30.527735054229613,-0.9295842356138451,2135.1133605454083,1,0,0.30793849773739973,0.31174615580403064,0.290853700047225,0.3059841060695506,4469.103253889245,4469.103253889245,2888.3967461107545,2888.3967461107545,asphalt,1.1575
6.666666666666648,21.83028341166516,6.063967614351434,29.98509437418623,6.704956744328362,51.73865838987318,5.167261798680419,3.1735010212383776,5.481616031787937,30.580961402059188,-0.9258447237949241,2129.568950859292,1,0,0.3066931474863319,0.3104542850507883,0.289745656780969,0.30489124864199085,4468.821802301582,4468.821802301582,2888.678197698418,2888.678197698418,asphalt,1.1575
6.683333333333315,21.774664011606593,6.048517781001832,29.911670478554313,6.7088301798134164,52.237644740779025,5.181679196694053,3.120058981757139,5.567887964809776,30.633296224304246,-0.9221194287475498,2124.0505988149307,1,0,0.30545465429373747,0.3091694020012292,0.288647335926881,0.30380795640329344,4468.541402171026,4468.541402171026,2888.9585978289733,2888.9585978289733,asphalt,1.1575
6.6999999999999815,21.719267706019387,6.033129918338719,29.83854288602606,6.71268977826556,52.73541045426422,5.195544867028467,3.06675237771945,5.654394433797738,30.68474175106158,-0.9184091479865231,2118.5575904815864,1,0,0.30422314837111,0.3078916815912834,0.2875585176147813,0.302734008051533,4468.262117508547,4468.262117508547,2889.2378824914526,2889.2378824914526,asphalt,1.1575
6.716666666666648,21.664093551978777,6.017803764438549,29.765706227110634,6.716535084702907,53.23196041144038,5.208864058095423,3.013585467772974,5.741126297969041,30.735300284089313,-0.9147144905691817,2113.089288050798,1,0,0.3029987129270263,0.3066212413298278,0.28647900087830963,0.3016692015867942,4467.983997374316,4467.983997374316,2889.5160026256835,2889.5160026256835,asphalt,1.1575
6.733333333333315,21.60914058264895,6.00253905073582,29.693156051753828,6.720365799256427,53.727299413785275,5.221642011387477,2.960562406118442,5.828074503945071,30.784974195027658,-0.9110359140352386,2107.6451302587443,1,0,0.30178139633310075,0.3053581556915738,0.28540860440107063,0.30061335490972363,4467.707078789477,4467.707078789477,2889.7929212105223,2889.7929212105223,asphalt,1.1575
6.749999999999981,21.5544078131738,5.987335503659389,29.6208886357224,6.724181731695746,54.22143219639518,5.233883959741412,2.9076872475116335,5.915230085617122,30.83376592371191,-0.9073737548082761,2102.224627767099,1,0,0.3005712211729331,0.30410246694531223,0.2843471656028404,0.2995663048131195,4467.431389138344,4467.431389138344,2890.0686108616555,2890.0686108616555,asphalt,1.1575
6.766666666666648,21.499894245553868,5.972192845987186,29.54890082552183,6.72798276911331,54.71436343842051,5.2455951261254725,2.854963951161066,6.002584163988963,30.881677976556844,-0.9037282529951085,2096.827356023252,1,0,0.29936819097146883,0.30285419329604824,0.28329453888556355,0.29852790516817124,4467.156948132314,4467.156948132314,2890.343051867686,2890.343051867686,asphalt,1.1575
6.783333333333315,21.445598872639128,5.9571107979553135,29.477189915006075,6.731768852992153,55.206097771256154,5.256780722746295,2.802396383825589,6.090127947002757,30.928712924997438,-0.9000995724691307,2091.452947169269,1,0,0.29817229519862676,0.30161333500438653,0.28225059354325444,0.29749802479731025,4466.883769402649,4466.883769402649,2890.6162305973503,2890.6162305973503,asphalt,1.1575
6.799999999999981,21.391520681367204,5.942089078157557,29.40575354776359,6.735539962959221,55.696639784949916,5.267445950343883,2.7499883223325066,6.1778527293521615,30.974873403974865,-0.8964878170331758,2086.1010819370417,1,0,0.2969835129887998,0.3003798789830598,0.28121521163275215,0.29647654532257256,4466.611861784269,4466.611861784269,2890.8881382157306,2890.8881382157306,asphalt,1.1575
6.816666666666648,21.33765865536815,5.92712740426893,29.334589640277645,6.739296105293793,56.18599403320718,5.2775959975913995,2.6977434556760542,6.26574989228488,31.020162110459996,-0.8928930433512505,2080.7714820541432,1,0,0.29580181590530286,0.2991538022479173,0.28018828597000983,0.2954633591487718,4466.341230344503,4466.341230344503,2891.1587696554966,2891.1587696554966,asphalt,1.1575
6.833333333333314,21.284011777044284,5.912225493623413,29.263696321701804,6.743037304815136,56.674165037292425,5.287236040548603,2.645665386811897,6.3538109033958,31.06458180200852,-0.8893152712521868,2075.4639034206525,1,0,0.29462716999433924,0.29793507450732054,0.27916971833251275,0.2944583676586195,4466.071877203644,4466.071877203644,2891.428122796355,2891.428122796355,asphalt,1.1575
6.849999999999981,21.230579029219733,5.897383063672148,29.193071886838453,6.74676359916705,57.16115728906863,5.296371242138725,2.59375763423127,6.442027316411307,31.10813529534361,-0.8857544919014515,2070.178130152976,1,0,0.29345953731059443,0.2967236601039656,0.2781594178974514,0.29346147964713093,4465.803802186144,4465.803802186144,2891.696197813855,2891.696197813855,asphalt,1.1575
6.866666666666648,21.17735939643994,5.882599832344427,29.122714759550288,6.750475034799907,57.64697525336512,5.305006751631993,2.5420236333751216,6.5303907709649645,31.150825464963123,-0.8822106742608327,2064.91396949281,1,0,0.29229887705002244,0.2955195194702326,0.27715729991576366,0.29247260999399977,4465.537003335925,4465.537003335925,2891.962996664074,2891.962996664074,asphalt,1.1575
6.883333333333314,21.124351865988913,5.867875518330254,29.052623464375966,6.754171664153522,58.13162336982332,5.313147704127467,2.4904667379317815,6.618892992364561,31.192655241769017,-0.8786837701725858,2059.6712475248323,1,0,0.2911451463904599,0.29432261021813144,0.27616328460548323,0.2914916785564709,4465.27147732254,4465.27147732254,2892.2285226774598,2892.2285226774598,asphalt,1.1575
6.899999999999981,21.071555428679996,5.853209841299999,28.982796604569888,6.757853543687194,58.61510605433858,5.320799220029998,2.439090221049505,6.707525791350496,31.23362761171758,-0.8751737183564501,2054.44980561985,1,0,0.2899983011151175,0.2931328879550063,0.2751772962404598,0.2905186092582068,4465.007219760306,4465.007219760306,2892.4927802396937,2892.4927802396937,asphalt,1.1575
6.916666666666647,21.018969079466,5.838602522073889,28.913232845153008,6.7615207325061615,59.097427700190025,5.327966404522121,2.3878972764864064,6.79628106384537,31.273745614489115,-0.8716804475341888,2049.24949751046,1,0,0.2888582960747098,0.29195030689353174,0.2741992624079725,0.28955332934733385,4464.744225458327,4464.744225458327,2892.755774541673,2892.755774541673,asphalt,1.1575
6.933333333333314,20.96659181790598,5.8240532827516605,28.843930899859423,6.765173291408077,59.57859267892913,5.334654347032306,2.3368910197139536,6.885150790694752,31.313012342176343,-0.8682038788737145,2044.0701869068312,1,0,0.287725085529636,0.29077482030737184,0.2732291134090189,0.2885957687972873,4464.482488615917,4464.482488615917,2893.0175113840833,2893.0175113840833,asphalt,1.1575
6.949999999999981,20.914422648518677,5.809561846810744,28.774889521102285,6.768811282222924,60.058605341084096,5.340868120701753,2.2860744889856024,6.974127037399048,31.351430937990767,-0.8647439278922064,2038.9117455664232,1,0,0.2865986234030532,0.2896063808712001,0.27226678177736613,0.28764585982639373,4464.222002975002,4464.222002975002,2893.2779970249967,2893.2779970249967,asphalt,1.1575
6.966666666666647,20.862460581046737,5.795127939179649,28.706107492273535,6.7724347673587815,60.53747001672139,5.3466127818521745,2.2354506463788266,7.0632019538365105,31.38900459498662,-0.8613005059326895,2033.774051740466,1,0,0.2854788634677835,0.2884449409140628,0.271312201895994,0.286703536514795,4463.9627619384855,4463.9627619384855,2893.537238061514,2893.537238061514,asphalt,1.1575
6.983333333333314,20.810704630650882,5.7807512862919115,28.637583621842786,6.776043809490746,61.015191015898715,5.351893369456916,2.1850223788164476,7.152367773977393,31.425736554801905,-0.8578735213134081,2028.6569889299694,1,0,0.2843657594840674,0.28729045260786157,0.2703653096927515,0.28576873450052465,4463.704758662273,4463.704758662273,2893.795241337726,2893.795241337726,asphalt,1.1575
6.9999999999999805,20.759153818049395,5.766431616124832,28.56931673884033,6.779638471349812,61.4917726290341,5.356714904617601,2.1347924990714424,7.241616815589351,31.461630106416315,-0.8544628802154364,2023.560444893913,1,0,0.2832592653008119,0.2861428681072368,0.2694260423996655,0.28484139073914116,4463.44798612623,4463.44798612623,2894.0520138737697,2894.0520138737697,asphalt,1.1575
7.016666666666647,20.707807169614895,5.75216865822636,28.501305689402404,6.783218815580209,61.967219127211536,5.361082390048152,2.084763746758188,7.330941479934196,31.496688584925746,-0.8510684873643726,2018.4843108614357,1,0,0.28215933492976913,0.2850021396531353,0.26849433836336795,0.28392144331441355,4463.192437189505,4463.192437189505,2894.307562810495,2894.307562810495,asphalt,1.1575
7.033333333333314,20.656663717437993,5.7379621437327755,28.43354933413034,6.786784904644345,62.44153476243763,5.36500080956778,2.034938789312221,7.4203342514561355,31.53091537033319,-0.8476902465626068,2013.4284809080687,1,0,0.2810659225996478,0.28386821964922715,0.26757013689589093,0.2830088312893273,4462.938104632448,4462.938104632448,2894.5618953675516,2894.5618953675516,asphalt,1.1575
7.04999999999998,20.60572249936523,5.72381180537923,28.366046546072052,6.7903368007604055,62.91472376786094,5.36847512760419,1.9853202229599674,7.509787697461679,31.564313886355887,-0.8443280610900672,2008.3928514631941,1,0,0.27997898279527333,0.28274106071797306,0.266653378157624,0.2821034945891844,4462.684981189681,4462.684981189681,2894.815018810319,2894.815018810319,asphalt,1.1575
7.066666666666647,20.55498255901726,5.709717377504795,28.298796209178686,6.793874565862087,63.38679035796284,5.371510288708038,1.935910573679458,7.599294467791369,31.59688759924852,-0.8409818340190611,2003.377320922004,1,0,0.2788984702857527,0.28162061574157016,0.2657440030653494,0.2812053739097464,4462.433059574616,4462.433059574616,2895.0669404253836,2895.0669404253836,asphalt,1.1575
7.0833333333333135,20.50444294579174,5.695678596053261,28.23179721712346,6.797398261573271,63.85773872872656,5.3741112170793945,1.8867122981527082,7.688847294483548,31.628640016642333,-0.8376514684483283,1998.381789340348,1,0,0.27782434014443574,0.28050683789157027,0.26484195322014953,0.28031441064521984,4462.182332498745,4462.182332498745,2895.317667501254,2895.317667501254,asphalt,1.1575
7.09999999999998,20.454102714854514,5.681695198570698,28.165048472396172,6.800907949193221,64.32757305778932,5.376282816106806,1.8377277847102378,7.778438991430364,31.65957468640005,-0.8343368676859342,1993.4061581950932,1,0,0.27675654776280173,0.2793996806500301,0.2639471708506784,0.27943054683158486,4461.932792686238,4461.932792686238,2895.5672073137616,2895.5672073137616,asphalt,1.1575
7.116666666666647,20.403960927121965,5.667766924200546,28.09854888560732,6.804403689687853,64.79629750458184,5.378029967919349,1.7889593542680404,7.86806245402623,31.68969519548646,-0.8310379353835629,1988.4503301961086,1,0,0.2756950488598947,0.2782990978244104,0.26305959876847734,0.2785537251019474,4461.684432884777,4461.684432884777,2895.8155671152226,2895.8155671152226,asphalt,1.1575
7.133333333333313,20.354016649236517,5.65389351367681,28.032297374951284,6.807885543685688,65.26391621045815,5.37935753295195,1.7404092612571938,7.957710658808955,31.71900516885453,-0.8277545756409666,1983.514209138806,1,0,0.27463979948843253,0.2772050435577766,0.26217918033268484,0.27768388865126087,4461.4372458741045,4461.4372458741045,2896.0627541258946,2896.0627541258946,asphalt,1.1575
7.14999999999998,20.3042689535371,5.640074709315861,27.96629286579023,6.811353571476941,65.73043329881718,5.380270349524153,1.6920796945462242,8.047376663093766,31.747508268346923,-0.8244866930844097,1978.5976997884716,1,0,0.2735907560384816,0.2761174723355207,0.2613058594219211,0.2768209812082386,4461.191224472161,4461.191224472161,2896.3087755278393,2896.3087755278393,asphalt,1.1575
7.1666666666666465,20.25471691802579,5.626310255007163,27.9005342903295,6.814807833014073,66.19585287521888,5.380773233432365,1.6439727783563152,8.137053604600457,31.775208191612865,-0.8212341929208122,1973.700707789456,1,0,0.27254787523932034,0.27503633898950103,0.26043958041179915,0.27596494701285385,4460.946361539599,4460.946361539599,2896.5536384604,2896.5536384604,asphalt,1.1575
7.183333333333313,20.205359626331585,5.612599896203218,27.83502058736214,6.818248387913377,66.66017902749562,5.380870977555611,1.5960905731693589,8.226734701073875,31.802108671040124,-0.8179969809820875,1968.8231395937648,1,0,0.27151111415998025,0.27396159870025244,0.2595802881567887,0.27511573079821416,4460.702649983434,4460.702649983434,2896.7973500165663,2896.7973500165663,asphalt,1.1575
7.19999999999998,20.156196167672217,5.598943379908949,27.76975070206588,6.821675295457515,67.12341582585977,5.380568351474737,1.548435076628878,8.316413249897984,31.828213472702114,-0.8147749637556245,1963.9649024047608,1,0,0.2704804302088408,0.2728932069978139,0.2587279279754113,0.2742732777757448,4460.460082759354,4460.460082759354,2897.039917240645,2897.039917240645,asphalt,1.1575
7.216666666666646,20.10722563681442,5.585340454670672,27.704723585839723,6.825088614598479,67.58556732300809,5.379870101104941,1.501008224433799,8.406082627703713,31.853526395319886,-0.8115680484021937,1959.1259041326202,1,0,0.2694557811324634,0.271831119761454,0.25788244563796453,0.2734375336229076,4460.218652873513,4460.218652873513,2897.2813471264867,2897.2813471264867,asphalt,1.1575
7.233333333333313,20.05844713403319,5.571790870564775,27.639938196170466,6.828488403960045,68.04663755422453,5.37878094834151,1.4538118912250582,8.495736289970822,31.87805126923896,-0.8083761427755576,1954.3060533589187,1,0,0.26843712501396116,0.2707752932186812,0.2570437873563106,0.27260844447297267,4459.978353383721,4459.978353383721,2897.5216466162788,2897.5216466162788,asphalt,1.1575
7.24999999999998,20.009859765070424,5.558294379186228,27.57539349652184,6.8318747218413,68.50663053747992,5.377305590718617,1.4068478914650022,8.585367770624002,31.901791955420887,-0.8051991554263083,1949.5052593082942,1,0,0.26742442027098584,0.26972568394367874,0.2562118997751694,0.27178595690630303,4459.739177400317,4459.739177400317,2897.760822599682,2897.760822599682,asphalt,1.1575
7.266666666666646,19.96146264109306,5.544850733636961,27.51108845624085,6.835247626218996,68.96555027353116,5.375448701080957,1.360117980309574,8.67497068162342,31.924752344449335,-0.8020369956118856,1944.7234318256014,1,0,0.2664176256534305,0.26868224885531494,0.2553867299645493,0.27097001794276504,4459.501118086441,4459.501118086441,2897.9988819135583,2897.9988819135583,asphalt,1.1575
7.283333333333313,19.913254878651134,5.531459688514204,27.44702205047699,6.838607174751068,69.42340074601795,5.373214927268083,1.3136238544732308,8.764538712549918,31.946936355550704,-0.798889573294872,1939.960481357311,1,0,0.26541670024094455,0.26764494521485804,0.2545682254131488,0.27016057503511065,4459.264168658478,4459.264168658478,2898.2358313415216,2898.2358313415216,asphalt,1.1575
7.299999999999979,19.865235599635653,5.518120999898793,27.383193260111398,6.841953424779204,69.88018592155902,5.370608891811176,1.267367153086581,8.854065630185085,31.968347935629,-0.7957567991464032,1935.2163189361984,1,0,0.26442160344035615,0.26661373062351795,0.25375633402244974,0.2693575760630486,4459.028322385903,4459.028322385903,2898.4716776140963,2898.4716776140963,asphalt,1.1575
7.316666666666646,19.817403931236605,5.5048344253435015,27.31960107169339,6.84528643333151,70.33590974984689,5.367635191642089,1.2213494585467006,8.943545278086413,31.988991058315015,-0.7926385845419048,1930.4908561685743,1,0,0.2634322949829435,0.2655885630197795,0.25295100410132526,0.2685609693278328,4458.7935725912785,4458.7935725912785,2898.706427408721,2898.706427408721,asphalt,1.1575
7.333333333333313,19.769759005901093,5.491599723861415,27.25624447738276,6.848606257125522,70.79057616374173,5.364298397814411,1.1755722973601013,9.032971576157712,32.008869723029534,-0.7895348415596004,1925.7840052234847,1,0,0.2624487349217113,0.26456940067669277,0.25215218436115033,0.26777070354733906,4458.559912650077,4458.559912650077,2898.940087349922,2898.940087349922,asphalt,1.1575
7.349999999999979,19.722299961291675,5.478416655914354,27.193122474896377,6.851912952570437,71.2441890793644,5.360603055236354,1.130037140978328,9.12233852021501,32.02798795406055,-0.786445482974969,1921.0956788234328,1,0,0.2614708836286021,0.26355620219907006,0.251359823911199,0.26698672785143984,4458.327335990366,4458.327335990366,2899.172664009634,2899.172664009634,asphalt,1.1575
7.366666666666646,19.675025940244975,5.465284983401382,27.130234067458204,6.855206575770146,71.69675239618836,5.356553682415223,1.0847454066261646,9.211640181548127,32.046349799654294,-0.7833704222581872,1916.4257902362804,1,0,0.26049870179169204,0.262548926520639,0.2505738722542846,0.26620899177760765,4458.095836092318,4458.095836092318,2899.404163907682,2899.404163907682,asphalt,1.1575
7.383333333333312,19.6279360907306,5.452204469647389,27.06757826375189,6.858487182525242,72.14826999713117,5.3521547712132564,1.0396984581224202,9.300870706478088,32.06395933112005,-0.7803095735664556,1911.7742532680677,1,0,0.25953215041237937,0.26154753290117455,0.2497942792827005,0.26543744526682755,4457.865406488155,4457.865406488155,2899.6345935118447,2899.6345935118447,asphalt,1.1575
7.399999999999979,19.581029565810336,5.43917487939176,27.00515407787543,6.861754828335768,72.59874574864477,5.347410786614615,0.994897606693284,9.390024315910614,32.08082064194852,-0.7772628517408009,1907.1409822565402,1,0,0.2585711908026009,0.2605519809236406,0.2490209952742563,0.26467203865959027,4457.636040761455,4457.636040761455,2899.863959238545,2899.863959238545,asphalt,1.1575
7.416666666666646,19.534305523597734,5.426195978777148,26.942960529297387,6.865009568403609,73.04818350080551,5.34232616650329,0.9503441117782274,9.479095304885806,32.09693784694368,-0.7742301722996814,1902.5258920652352,1,0,0.2576157845820396,0.2595622304913206,0.2482539708884891,0.2639127226920679,4457.4077325467515,4457.4077325467515,2900.092267453248,2900.092267453248,asphalt,1.1575
7.433333333333312,19.48776312721802,5.413267535338339,26.880996642814495,6.868251457634503,73.4965870874032,5.336905321451717,0.9060391818284478,9.568078042124283,32.11231508136802,-0.7712114514300339,1897.9288980780009,1,0,0.2566658936753499,0.2585782418249514,0.24749315716301337,0.26315944849241873,4457.180475529278,4457.180475529278,2900.3195244707213,2900.3195244707213,asphalt,1.1575
7.449999999999979,19.44140154476839,5.400389317991219,26.819261448510233,6.871480550640913,73.94396032602911,5.331152634519874,0.8619839750978361,9.656966969569861,32.12695650010093,-0.768206605986208,1893.3499161938578,1,0,0.25572148030940645,0.25759997545988117,0.24673850550990367,0.2624121675771276,4456.954263444199,4456.954263444199,2900.545736555801,2900.545736555801,asphalt,1.1575
7.4666666666666455,19.395219949278637,5.387561097021844,26.757753981714405,6.874696901743687,74.39030701816425,5.325072461064656,0.8181796004264708,9.745756601929031,32.14086627681034,-0.7652155534795213,1888.7888628221326,1,0,0.2547825070105663,0.2566273922432372,0.24598996771224374,0.26167083184750434,4456.72909007643,4456.72909007643,2900.7709099235694,2900.7709099235694,asphalt,1.1575
7.483333333333312,19.349217518672205,5.374782644075612,26.69647328296332,6.877900564974774,74.8356309492658,5.3186691285592955,0.774627118016616,9.834441526207335,32.154048603137156,-0.7622382120729299,1884.245654877807,1,0,0.2538489366019687,0.25566045333112514,0.24524749592071307,0.2609353935862222,4456.504949260083,4456.504949260083,2900.9950507399167,2900.9950507399167,asphalt,1.1575
7.499999999999979,19.303393435727543,5.362053732146539,26.635418397960773,6.881091594079212,75.27993588885391,5.311946936422636,0.731327540201242,9.923016401242855,32.16650768789272,-0.7592745005774049,1879.7202097770428,1,0,0.2529207322008563,0.25469912018585383,0.24451104265022164,0.2602058054538943,4456.281834877819,4456.281834877819,2901.21816512218,2901.21816512218,asphalt,1.1575
7.516666666666645,19.257746888039918,5.349374135566644,26.574588377539477,6.884270042517215,75.72322559059722,5.304910155858046,0.6882818322050492,10.011475957236943,32.17824775626885,-0.7563243384419138,1875.2124454328489,1,0,0.25199785721591195,0.25374335457317065,0.2437805607766557,0.25948202048576713,4456.059740860597,4456.059740860597,2901.4402591394028,2901.4402591394028,asphalt,1.1575
7.533333333333312,19.21227706798352,5.336743629995422,26.513982277623068,6.887435963466488,76.1655037923981,5.297563029701753,0.6454909128980052,10.099814995282376,32.18927304906067,-0.7533876457493704,1870.722280250866,1,0,0.25108027534462674,0.25279311855953157,0.24305600353365023,0.2587639920884311,4455.83866118717,4455.83866118717,2901.661338812829,2901.661338812829,asphalt,1.1575
7.5499999999999785,19.166983172673984,5.32416199240944,26.453599159188563,6.8905894098242335,76.60677421647694,5.289909772280422,0.6029556555413998,10.188028386889071,32.199587821901666,-0.750464343210453,1866.2496331252535,1,0,0.25016795057069724,0.25184837450939646,0.2423373245093974,0.25805167403656865,4455.618589883501,4455.618589883501,2901.881410116498,2901.881410116498,asphalt,1.1575
7.566666666666645,19.121864403931276,5.311629001092021,26.393438088229264,6.893730434209498,77.04704056945597,5.2819545692777545,0.5606768885264204,10.276111073507531,32.2091963445114,-0.7475543521559302,1861.7944234346553,1,0,0.24926084716144223,0.2509090850825493,0.24162447764353548,0.2573450204697751,4455.3995210223875,4455.3995210223875,2902.100478977612,2902.100478977612,asphalt,1.1575
7.583333333333312,19.076919968242912,5.299144435623031,26.333498135718106,6.896859088964848,77.48630654244265,5.273701577609926,0.5186553961052642,10.364058066050143,32.21810289995517,-0.7446575945321854,1857.356571038245,1,0,0.2483589296652435,0.24997521323143668,0.24091741722406562,0.2566439858894114,4455.181448722997,4455.181448722997,2902.3185512770024,2902.3185512770024,asphalt,1.1575
7.599999999999978,19.032149076727578,5.286708076868772,26.273778377571325,6.89997542615889,77.92457581111206,5.265154925309656,0.4768919191147795,10.451864444410509,32.226311783916,-0.7417739928943945,1852.9359962718318,1,0,0.24746216290902312,0.24904672219854926,0.24021609788433146,0.25594852515550903,4454.9643671504555,4454.9643671504555,2902.535632849544,2902.535632849544,asphalt,1.1575
7.616666666666645,18.987550945099084,5.274319706971967,26.214277894612547,6.903079497587668,78.36185203578928,5.256318711418735,0.43538715569266495,10.539525356980922,32.23382730397847,-0.7389034704011976,1848.5326199440256,1,0,0.24657051199576235,0.24812357551384384,0.23952047460003265,0.2552585934837135,4454.7482705152,4454.7482705152,2902.7517294848,2902.7517294848,asphalt,1.1575
7.6333333333333115,18.943124793630666,5.261979109341851,26.154995772537216,6.906171354777391,78.79813886153039,5.247197005888807,0.3941417619862301,10.627036020168143,32.240653778924454,-0.7360459508076644,1844.1463633324556,1,0,0.24568394230198562,0.24720573699212858,0.23883050268626815,0.25457414644224796,4454.533153072838,4454.533153072838,2902.966846927161,2902.966846927161,asphalt,1.1575
7.649999999999978,18.898869847119677,5.249686068644355,26.095931101877426,6.909251048985929,79.23343991820353,5.237793849490228,0.35315635285374125,10.714391717907597,32.24679553804065,-0.7332013584601782,1839.777148180037,1,0,0.2448024194753391,0.24629317073054852,0.23814613779463492,0.25389513994893675,4454.319009123476,4454.319009123476,2903.180990876524,2903.180990876524,asphalt,1.1575
7.666666666666645,18.85478533485258,5.237440370792383,26.03708297796701,6.912318631204875,79.66775882056923,5.228113253728822,0.31243150255836066,10.801587801176149,32.252256920437596,-0.7303696182906805,1835.4248966912833,1,0,0.24392590943216555,0.24538584110606304,0.23746733591036137,0.2532215302682535,4454.105833011262,4454.105833011262,2903.394166988737,2903.394166988737,asphalt,1.1575
7.683333333333311,18.810870490570284,5.22524180293619,25.978450500907062,6.915374152161761,80.10109916835974,5.218159200770338,0.2719677454547047,10.888619687503558,32.25704227438029,-0.7275506558104894,1831.089531528661,1,0,0.24305437835506746,0.2444837127729166,0.2367940533494656,0.2525532740083993,4453.8936191242055,4453.8936191242055,2903.606380875794,2903.606380875794,asphalt,1.1575
7.699999999999978,18.767124552433888,5.213090153453858,25.920032775531716,6.91841766232166,80.53346454635842,5.207935643372458,0.231765576668039,10.975482860482769,32.26115595663013,-0.7247443971060363,1826.7709758089868,1,0,0.24218779269057392,0.24358675066021318,0.23612624675598085,0.2518903281184382,4453.682361893447,4453.682361893447,2903.8176381065527,2903.8176381065527,asphalt,1.1575
7.716666666666645,18.723546762990654,5.200985211941848,25.861828911374296,6.921449211889195,80.96485852447833,5.197446504824159,0.19182545276612853,11.062172869279125,32.26460233179808,-0.7219507688297,1822.4691530998634,1,0,0.2413261191467769,0.24269491996945905,0.2354638730992111,0.25123264988546423,4453.4720557930195,4453.4720557930195,2904.0279442069805,2904.0279442069805,asphalt,1.1575
7.733333333333311,18.680136369140396,5.188926769205666,25.803838022633723,6.924468850810423,81.39528465783998,5.186695678892268,0.1521477924237714,11.148685328138662,32.267385771708994,-0.7191696981998064,1818.1839874161535,1,0,0.2404693246909869,0.2418081861721291,0.2348068896709888,0.250580196931768,4453.262695339418,4453.262695339418,2904.237304660581,2904.237304660581,asphalt,1.1575
7.749999999999978,18.636892622102174,5.1769146172506035,25.74605922814134,6.92747662877497,81.82474648684867,5.1756870297750455,0.11273297708004293,11.235015915895577,32.26951065477691,-0.7164011129895442,1813.9154032164895,1,0,0.23961737654743367,0.24092651500727547,0.23415525408298443,0.24993292721205315,4453.054275091087,4453.054275091087,2904.445724908912,2904.445724908912,asphalt,1.1575
7.766666666666644,18.59381477738127,5.164948549272575,25.688491651327944,6.9304725952175374,82.25324753727168,5.164424392062616,0.07358135158826853,11.321160375479005,32.27098136539125,-0.7136449415252599,1809.6633253998216,1,0,0.238770242195005,0.24004987247917853,0.23350892426411107,0.24929079901074006,4452.846789648176,4452.846789648176,2904.653210351824,2904.653210351824,asphalt,1.1575
7.783333333333311,18.550902094736557,5.153028359649044,25.63113442019119,6.93345679931983,82.68079132031437,5.152911570704102,0.03469322485875785,11.407114513419195,32.27180229331375,-0.7109011126800624,1805.4276793019994,1,0,0.23792788936497256,0.23917822485498447,0.23286785845783958,0.24865377093918714,4452.640233651836,4452.640233651836,2904.8597663481637,2904.8597663481637,asphalt,1.1575
7.799999999999978,18.508153838148143,5.14115384393004,25.573986667263277,6.9364292900124696,83.10738133269602,5.141152340981293,-0.003931129505671364,11.492874199353208,32.271977833086034,-0.7081695558676415,1801.2083906923874,1,0,0.23709028603874951,0.2383115386623745,0.23223201521967918,0.24802180193306683,4452.434601784285,4452.434601784285,2905.065398215714,2905.065398215714,asphalt,1.1575
7.816666666666644,18.465569275785292,5.129324798829248,25.517047529578914,6.939390115976719,83.53302105672508,5.129150448488677,-0.04229147258135231,11.578435365530247,32.27151238344772,-0.7054502010380048,1797.005385770518,1,0,0.23625740044569854,0.23744978068728798,0.23160135341459215,0.2473948512496771,4452.229888767993,4452.229888767993,2905.2701112320074,2905.2701112320074,asphalt,1.1575
7.833333333333311,18.423147679974747,5.117541022215208,25.46031614864361,6.942339325646346,83.95771396037378,5.116909609119716,-0.08038759950257511,11.663794006316717,32.270410346764926,-0.7027429786721484,1792.818591162772,1,0,0.23542920106094142,0.23659291797164447,0.2309758322145007,0.2467728784653419,4452.026089365431,4452.026089365431,2905.4739106345683,2905.4739106345683,asphalt,1.1575
7.849999999999977,18.38088832716928,5.105802313102577,25.403791670402285,6.945276967209297,84.3814634973525,5.1044335090591675,-0.1182193388475079,11.748946177701123,32.26867612846902,-0.7000478197767279,1788.6479339190983,1,0,0.23460565660315702,0.23574091781105805,0.2303554110957712,0.24615584347279001,4451.823198378829,4451.823198378829,2905.67680162117,2905.67680162117,asphalt,1.1575
7.866666666666644,18.338790497916563,5.094108471643489,25.347473245208068,6.948203088609662,84.8042731071832,5.0917258047813405,-0.1557865520312092,11.833887996798898,32.26631413650556,-0.6973646558797952,1784.4933415097603,1,0,0.23378673603249403,0.23489374775266733,0.22974004983680443,0.24554370647863127,4451.621210649509,4451.621210649509,2905.878789350491,2905.878789350491,asphalt,1.1575
7.883333333333311,18.296853476828367,5.082459299118991,25.291360027791512,6.951117737549069,85.22614621527278,5.078790123054119,-0.1930891327056814,11.918615641357261,32.263328780793266,-0.6946934190244036,1780.3547418221176,1,0,0.2329724085483887,0.23405137559286765,0.2291297085155687,0.24493642800078055,4451.420121057773,4451.420121057773,2906.0798789422265,2906.0798789422265,asphalt,1.1575
7.899999999999977,18.25507655255002,5.070854597930561,25.235451177229987,6.954020961488696,85.6470862329856,5.065630060948603,-0.23012700616694456,12.003125349260205,32.25972447269297,-0.6920340417643445,1776.232063157439,1,0,0.2321626435875062,0.23321376937517196,0.22852434750725276,0.2443339688659929,4451.219924522428,4451.219924522428,2906.2800754775712,2906.2800754775712,asphalt,1.1575
7.916666666666644,18.21345901773018,5.059294171591716,25.179745856917403,6.956912807650823,86.06709655771571,5.052249185854253,-0.2669001287690835,12.087413418033703,32.25550562448625,-0.6893864571596708,1772.1252342277446,1,0,0.23135741082163586,0.23238089738802525,0.22792392748187243,0.24373629020735735,4451.020616000413,4451.020616000413,2906.479383999587,2906.479383999587,asphalt,1.1575
7.9333333333333105,18.172000168990877,5.047777824719688,25.124243234534188,6.959793323020539,86.48618057295843,5.038651035499353,-0.30340848734523995,12.171476204351215,32.25067664886389,-0.6867505987717948,1768.0341841526804,1,0,0.23055668015564854,0.23155272816268124,0.22732840940194193,0.24314335346184623,4450.822190486333,4450.822190486333,2906.6778095136665,2906.6778095136665,asphalt,1.1575
7.949999999999977,18.13069930689787,5.036305363027186,25.068942482017565,6.962662554347594,86.90434164838129,5.024839117976703,-0.33965209863550044,12.255310123539598,32.245241958423854,-0.6841264006581582,1763.9588424564226,1,0,0.22976042172543332,0.23072923047105734,0.2267377545201704,0.24255512036789473,4450.624643012319,4450.624643012319,2906.87535698768,2906.87535698768,asphalt,1.1575
7.966666666666644,18.089555735931246,5.024876593314235,25.013842775532087,6.965520548147831,87.32158313989498,5.010816911774369,-0.3756310087216489,12.338911649085503,32.239205965178726,-0.6815137973675434,1759.899139064612,1,0,0.22896860589589296,0.22991037332365366,0.2261519243771865,0.24197155296300124,4450.427968647529,4450.427968647529,2907.07203135247,2907.07203135247,asphalt,1.1575
7.98333333333331,18.048568764456352,5.013491323460098,24.95894329544045,6.96836735070486,87.73790838972334,4.996587865811376,-0.4113452924687446,12.422277312142317,32.232573080072534,-0.6789127239353832,1755.8550043013172,1,0,0.22818120325894392,0.22909612596747406,0.22557088079928692,0.2413926135813535,4450.232162497827,4450.232162497827,2907.267837502173,2907.267837502173,asphalt,1.1575
7.999999999999977,18.00773770469494,5.002149362415261,24.904243226274506,6.971203008071864,88.15332072647305,4.982155399478204,-0.44679505297348343,12.505403701037766,32.225347712506725,-0.6763231158814165,1751.8263688860277,1,0,0.22739818463154893,0.2282864578839838,0.22499458589623117,0.24081826485149477,4450.037219705412,4450.037219705412,2907.4627802945874,2907.4627802945874,asphalt,1.1575
8.016666666666644,17.967061872696622,4.990850520193506,24.849741756706635,6.974027566072877,88.56782346520289,4.9675229026819645,-0.48198042101929633,12.58828746078224,32.21753426987537,-0.6737449092005221,1747.8131639306757,1,0,0.22661952105373848,0.22748133878704907,0.22442300205901933,0.24024846969397645,4449.843135448504,4449.843135448504,2907.656864551496,2907.656864551496,asphalt,1.1575
8.033333333333312,17.92654058831061,4.979594607864057,24.795438079521315,6.976841070304635,88.98141990749235,4.952693735896138,-0.5169015545381487,12.670925292577909,32.209137157109346,-0.6711780403620793,1743.8153209366874,1,0,0.2258451837866769,0.22668073862093388,0.22385609195773554,0.2396831913190734,4449.649904941017,4449.649904941017,2907.8500950589823,2907.8500950589823,asphalt,1.1575
8.04999999999998,17.88617317515768,4.9683814375438,24.74133139158696,6.9796435661383125,89.39411334150984,4.93767123021473,-0.551558638078996,12.753313953328727,32.200160776229346,-0.6686224463042123,1739.8327717920604,1,0,0.22507514431074727,0.22588462755830618,0.22329381853939137,0.23912239322449377,4449.457523432114,4449.457523432114,2908.042476567886,2908.042476567886,asphalt,1.1575
8.066666666666647,17.845958960602438,4.957210822389566,24.687420893828023,6.98243509872066,89.80590704208055,4.922458687410735,-0.585951882282851,12.835450255151375,32.19060952590781,-0.6660780644301667,1735.8654487684712,1,0,0.224309374323642,0.22509297599825429,0.2227361450258344,0.2385660391931589,4449.265986206124,4449.265986206124,2908.2340137938754,2908.2340137938754,asphalt,1.1575
8.083333333333314,17.8058972757258,4.9460825765905,24.633705791197336,6.985215712975894,90.21680427075383,4.907059379998797,-0.6200815233644212,12.917331064887225,32.18048780103941,-0.6635448326019144,1731.9132845184083,1,0,0.22354784573849212,0.22430575456434546,0.2221830349116205,0.2380140932909377,4449.075288581856,4449.075288581856,2908.4247114181435,2908.4247114181435,asphalt,1.1575
8.099999999999982,17.765987455297793,4.934996515360498,24.580185292648704,6.987985453607039,90.62680827586988,4.89147655130193,-0.6539478226002718,12.99895330361539,32.16979999232019,-0.6610226891380222,1727.9762120723342,1,0,0.22279053068199214,0.22352293410267526,0.22163445196197293,0.23746651986447478,4448.885425912612,4448.885425912612,2908.614574087387,2908.614574087387,asphalt,1.1575
8.11666666666665,17.726228837750565,4.9239524549307125,24.52685861110975,6.990744365097641,91.03592229262618,4.875713415522205,-0.6875510658234656,13.080313946166932,32.158550485835136,-0.6585115728074697,1724.0541648358735,1,0,0.2220374014925541,0.222744485679951,0.22109036021070988,0.23692328353897923,4448.696393585661,4448.696393585661,2908.803606414339,2908.803606414339,asphalt,1.1575
8.133333333333317,17.686620765151645,4.912950212542123,24.473724963454963,6.993492491713081,91.44414954314364,4.859773157815266,-0.7208915629246383,13.161410020640277,32.14674366265409,-0.6560114228283709,1720.1470765870279,1,0,0.22128843071849477,0.22197038058160865,0.22055072395825664,0.23638434921609933,4448.508187022042,4448.508187022042,2908.9918129779576,2908.9918129779576,asphalt,1.1575
8.149999999999984,17.647162583177494,4.9019896064381925,24.420783570479063,6.9962298775021585,91.85149323653181,4.843658934368595,-0.7539696473594615,13.242238607917923,32.13438389843596,-0.653522178859447,1716.2548814734166,1,0,0.22054359111621294,0.22120059030991687,0.22001550776960282,0.23584968207173998,4448.320801676074,4448.320801676074,2909.1791983239264,2909.1791983239264,asphalt,1.1575
8.166666666666652,17.60785364108725,4.8910704558575695,24.368033656870526,6.998956566298642,92.25795656895413,4.827373872483378,-0.7867856756624466,13.322796841184486,32.12147556304102,-0.6510437810008796,1712.3775140095452,1,0,0.2198028556483942,0.22043508658211497,0.219484676472352,0.23531924755397512,4448.134233035267,4448.134233035267,2909.365766964732,2909.365766964732,asphalt,1.1575
8.18333333333332,17.568693291696754,4.880192581026876,24.3154744511854,7.001672601722746,92.66354272369247,4.8109210706599,-0.8193400269670448,13.40308190544615,32.10802302015128,-0.6485761697862102,1708.5149090740974,1,0,0.21906619748225367,0.21967384132858436,0.21895819515477713,0.23479301138095704,4447.948476619901,4447.948476619901,2909.551523380099,2909.551523380099,asphalt,1.1575
8.199999999999987,17.529680891352793,4.869355803153553,24.26310518582129,7.004378027182349,93.06825487121137,4.794303598686353,-0.8516331025319919,13.48309103705156,32.09403062689877,-0.6461192861804221,1704.6670019072537,1,0,0.21833358998776706,0.218916826691014,0.21843602916385324,0.23427093953880962,4447.763527982644,4447.763527982644,2909.736472017356,2909.736472017356,asphalt,1.1575
8.216666666666654,17.490815799907615,4.858559944418782,24.21092509699165,7.007072885874676,93.47209616922177,4.777524497730942,-0.8836653252738546,13.562821523214257,32.07950273350166,-0.643673071574824,1700.8337281080353,1,0,0.21760500673592892,0.21816401502058744,0.21791814410337382,0.23375299827960191,4447.579382708449,4447.579382708449,2909.9206172915506,2909.9206172915506,asphalt,1.1575
8.233333333333322,17.452097380693637,4.847804827970455,24.158933424700262,7.0097572207876455,93.87506976274442,4.760586780437197,-0.9154371393057283,13.642270701536658,32.06444368290815,-0.6412374677842791,1697.0150236316717,1,0,0.2168804214970456,0.21741537887621032,0.21740450583205476,0.23323915411930396,4447.396036414056,4447.396036414056,2910.1039635859443,2910.1039635859443,asphalt,1.1575
8.24999999999999,17.413525000498414,4.837090277916226,24.10712941271589,7.012431074701246,94.27717878417275,4.743493431022399,-0.9469490094820421,13.721435959535668,32.04885781044786,-0.6388124170423026,1693.2108247869955,1,0,0.21615980823902542,0.2166708910227361,0.21689508046167555,0.23272937383578415,4447.213484747858,4447.213484747858,2910.2865152521413,2910.2865152521413,asphalt,1.1575
8.266666666666657,17.375098029539824,4.826416119316618,24.05551230854726,7.01509449018916,94.6784263533351,4.726247405379012,-0.9782014209494092,13.800314734169962,32.03274944349091,-0.6363978619978639,1689.4210682338583,1,0,0.21544314112566393,0.2159305244291818,0.21638983435518244,0.23222362446676875,4447.031723389494,4447.031723389494,2910.4682766105057,2910.4682766105057,asphalt,1.1575
8.283333333333324,17.336815841441503,4.815782178178195,24.004081363418226,7.0177475096198885,95.07881557755714,4.708851631179026,-1.0091948787034901,13.878904511368992,32.0161229011143,-0.6339937457113365,1685.6456909805722,1,0,0.21473039451499681,0.2151942522670185,0.21588873412490853,0.23172187330791047,4446.850748049662,4446.850748049662,2910.649251950338,2910.649251950338,asphalt,1.1575
8.299999999999992,17.298677813208467,4.805188281446797,23.952835832243057,7.020390175158119,95.47834955172357,4.691309007981124,-1.0399299071518149,13.957202825563751,31.998982493775678,-0.631600011650022,1681.8846303813768,1,0,0.21402154295765763,0.21446204790846482,0.21539174663075744,0.23122408791082494,4446.670554469678,4446.670554469678,2910.829445530322,2910.829445530322,asphalt,1.1575
8.31666666666666,17.26068332520301,4.794634257000836,23.901774973602098,7.023022528766439,95.87703135833888,4.673622407340579,-1.0704070496825067,14.035207259219368,31.981332522994272,-0.6292166036864444,1678.1378241339257,1,0,0.21331656119519554,0.21373388492473788,0.21489883897838094,0.23073023608112253,4446.491138421392,4446.491138421392,2911.0088615786076,2911.0088615786076,asphalt,1.1575
8.333333333333327,17.222831761120755,4.7841199336446545,23.8508980497175,7.025644612206114,96.27486406758894,4.655794672921781,-1.1006268682388698,14.11291544236954,31.963177281039027,-0.6268434660917421,1674.4052102768003,1,0,0.2126154241584958,0.21300973708441506,0.2144099785174552,0.23024028587653014,4446.312495706774,4446.312495706774,2911.1875042932256,2911.1875042932256,asphalt,1.1575
8.349999999999994,17.185122507967005,4.773645141101945,23.80020432642927,7.028256467039108,96.67185073740069,4.637828620613323,-1.1305899428997828,14.190325052152895,31.944521050623703,-0.624480543534176,1670.6867271870437,1,0,0.21191810696612678,0.21228957835171455,0.21392513283987535,0.22975420560494111,4446.1346221577505,4446.1346221577505,2911.3653778422495,2911.3653778422495,asphalt,1.1575
8.366666666666662,17.147554956033222,4.763209710009228,23.749693073171468,7.030858134628863,97.06799441350272,4.619727038645547,-1.16029687146585,14.267433812351273,31.92536810460894,-0.6221277810763581,1666.9823135777192,1,0,0.2112245849227883,0.211573382884883,0.21344426977805328,0.22927196382255816,4445.957513635742,4445.957513635742,2911.542486364258,2911.542486364258,asphalt,1.1575
8.38333333333333,17.11012849887379,4.752813471909387,23.69936356294861,7.033449656141861,97.46329812948471,4.601492687710465,-1.1897482690512644,14.344239492930008,31.905722705711156,-0.6197851241682173,1663.2919084954913,1,0,0.2105348335177168,0.21086112503454188,0.2129673574032001,0.2287935293320252,4445.781166031565,4445.781166031565,2911.7188339684344,2911.7188339684344,asphalt,1.1575
8.399999999999997,17.072842533282955,4.742456259245265,23.64921507231232,7.036031072548962,97.85776490685667,4.5831283010839785,-1.2189447676813254,14.420739909580217,31.8855891062182,-0.6174525186461466,1659.6154513182262,1,0,0.20984882842309635,0.21015277934203222,0.2124943640235942,0.22831887118054825,4445.605575265211,4445.605575265211,2911.8944247347886,2911.8944247347886,asphalt,1.1575
8.416666666666664,17.03569645927198,4.732137905353327,23.599246881338132,7.038602424626531,98.251397755108,4.564636584750315,-1.2478870158955706,14.496932923263168,31.864971547711622,-0.6151299107295927,1655.9528817526182,1,0,0.20916654549256802,0.20944832053786971,0.21202525818294474,0.22784795865809937,4445.4307372853455,4445.4307372853455,2912.069262714654,2912.069262714654,asphalt,1.1575
8.433333333333332,16.99868968004649,4.721858244457358,23.54945827360254,7.041163752957913,98.64419967176568,4.546020217528587,-1.2765756783564608,14.57281643975673,31.843874260795516,-0.6128172470159399,1652.3041398318355,1,0,0.20848796075964696,0.20874772354009855,0.21156000865868746,0.22738076129556617,4445.256648069278,4445.256648069278,2912.243351930722,2912.243351930722,asphalt,1.1575
8.45,16.961821601984077,4.711617111662243,23.49984853616019,7.043715097934522,99.03617364245277,4.52728185120142,-1.3050114354635753,14.648388409203953,31.822301464831853,-0.6105144744792312,1648.6691659131877,1,0,0.20781305043623427,0.20805096345274546,0.2110985844603581,0.2269172488629684,4445.083303622577,4445.083303622577,2912.416696377423,2912.416696377423,asphalt,1.1575
8.466666666666667,16.92509163461203,4.701414342947786,23.45041695952132,7.046256499757273,99.4273226409457,4.508424110645546,-1.3331949829732648,14.723646825663828,31.800257367682153,-0.6082215404648394,1645.0479006758155,1,0,0.20714179091109747,0.20735801556424147,0.21064095482793455,0.22645739136765097,4444.910699978815,4444.910699978815,2912.5893000211854,2912.5893000211854,asphalt,1.1575
8.483333333333334,16.888499190585325,4.69124977516259,23.401162837629382,7.048787998437646,99.81764962923208,4.4894495939643075,-1.3611270316237087,14.798589726664227,31.77774616545545,-0.605938392685843,1641.4402851184009,1,0,0.2064741587483783,0.20666885534587007,0.21018708923024818,0.22600115905254006,4444.738833199532,4444.738833199532,2912.7611668004683,2912.7611668004683,asphalt,1.1575
8.500000000000002,16.852043685664785,4.681123246017996,23.35208546783882,7.0513096337990335,100.20715755756737,4.470360872621992,-1.3888083067653352,14.87321519275708,31.754772042262452,-0.6036649792228133,1637.8462605568975,1,0,0.20581013068614593,0.2059834584502697,0.20973695736336703,0.2255485223943701,4444.5676993736,4444.5676993736,2912.9323006264,2912.9323006264,asphalt,1.1575
8.51666666666667,16.81572453869542,4.6710345940820615,23.303184150893074,7.053821445478146,100.59584936453156,4.451160491579912,-1.4162395479965424,14.947521347075801,31.731339169975808,-0.6014012485174192,1634.2657686222835,1,0,0.2051496836349064,0.20530180070987797,0.2092905291490043,0.22509945210194296,4444.397294617267,4444.397294617267,2913.102705382732,2913.102705382732,asphalt,1.1575
8.533333333333337,16.779541171585024,4.660983658773618,23.25445819090277,7.056323472925768,100.98372797708556,4.431850969434187,-1.4434215088046738,15.02150635489501,31.707451707996388,-0.5991471493707223,1630.6987512583323,1,0,0.20449279467616122,0.20462385813543793,0.20884777473295452,0.22465391911441107,4444.227615073904,4444.227615073904,2913.2723849260947,2913.2723849260947,asphalt,1.1575
8.550000000000004,16.743493009282886,4.650970280356357,23.205906895324095,7.058815755408494,101.37079631062686,4.412434798555135,-1.4703549562122051,15.095168423192561,31.68311380302548,-0.5969026309391268,1627.1451507194054,1,0,0.2038394410609883,0.20394960691452416,0.20840866448353504,0.22421189459956045,4444.058656913601,4444.058656913601,2913.4413430863983,2913.4413430863983,asphalt,1.1575
8.566666666666672,16.707579479758728,4.64099429993298,23.157529574937328,7.061298332009413,101.75705726904538,4.392914445228207,-1.497040670428082,15.168505800213909,31.65832958884287,-0.5946676427313946,1623.6049095682645,1,0,0.20318960020860716,0.20327902341005188,0.20797316899003915,0.22377334995211562,4443.890416333039,4443.890416333039,2913.60958366696,2913.60958366696,asphalt,1.1575
8.58333333333334,16.671800013981844,4.631055559439401,23.109325543825573,7.06377124162971,102.14251374477837,4.373292349796417,-1.5234794445041657,15.241516775038853,31.633103186090626,-0.5924421346067277,1620.077970673903,1,0,0.20254324970498666,0.20261208415882873,0.20754125906122226,0.22333825679206698,4443.722889555252,4443.722889555252,2913.777110444748,2913.777110444748,asphalt,1.1575
8.600000000000007,16.63615404590041,4.621153901639002,23.06129411935369,7.066234522989636,102.52716861886539,4.35357092680418,-1.5496720839967302,15.314199677150643,31.60743870206259,-0.5902260567698647,1616.5642772093984,1,0,0.201900367301445,0.20194876587010346,0.20711290572377578,0.2229065869629958,4443.556072829368,4443.556072829368,2913.943927170632,2913.943927170632,asphalt,1.1575
8.616666666666674,16.60064101242093,4.611289170116925,23.01343462214737,7.068688214629653,102.91102476100271,4.333752565142504,-1.5756194066329632,15.38655287600753,31.581340230499475,-0.5880193597685235,1613.063772649781,1,0,0.20126093091325806,0.2012890454241185,0.20668808022081794,0.22247831253041184,4443.389962430419,4443.389962430419,2914.110037569581,2914.110037569581,asphalt,1.1575
8.633333333333342,16.565260353387977,4.601461209274438,22.965746376072417,7.07113235491165,103.29408502959757,4.313839628195484,-1.601322241982427,15.45857478061672,31.554811851389406,-0.5858219944921217,1609.5764007699252,1,0,0.20062491861833012,0.20063289987072697,0.2062667540104415,0.2220534057801431,4443.2245546590175,4443.2245546590175,2914.2754453409816,2914.2754453409816,asphalt,1.1575
8.65000000000001,16.530011511564,4.5916698643233325,22.91822870821418,7.073566982020274,103.67635227182164,4.2938344539880156,-1.626781431133417,15.53026383911081,31.527857630773948,-0.5836339121655953,1606.102105642458,1,0,0.1999923086557852,0.19998030642793457,0.2058488987641825,0.22163183921665727,4443.059845841233,4443.059845841233,2914.4401541587663,2914.4401541587663,asphalt,1.1575
8.666666666666677,16.494893932609337,4.581914981280371,22.870880948857188,7.075992133963611,104.05782932366493,4.273739355334681,-1.651997826374178,15.601618538326674,31.50048162055945,-0.5814550643496119,1602.6408316356853,1,0,0.19936307942467704,0.19933124248055356,0.20543448636561895,0.22121358556150664,4442.895832328314,4442.895832328314,2914.6041676716854,2914.6041676716854,asphalt,1.1575
8.683333333333344,16.459907065062474,4.572196406961798,22.82370243146489,7.07840784857469,104.43851900998855,4.253556619989754,-1.6769722908789266,15.67263740338685,31.47268785833366,-0.5792854029350281,1599.1925234115392,1,0,0.1987372094826356,0.19868568557880203,0.20502348890889638,0.22079861775169915,4442.732510496515,4442.732510496515,2914.7674895034847,2914.7674895034847,asphalt,1.1575
8.700000000000012,16.425050360320387,4.562513988977885,22.776692492659677,7.080814163512474,104.8184241445776,4.233288510798259,-1.7017056983986267,15.743318997283449,31.444480367187506,-0.577124880142037,1595.7571259235406,1,0,0.19811467754455045,0.19804361343693005,0.20461587869727296,0.2203869089380952,4442.5698767467575,4442.5698767467575,2914.930123253242,2914.930123253242,asphalt,1.1575
8.71666666666668,16.3903232726191,4.552867575727527,22.72985047220296,7.083211116262904,105.19754753019365,4.21293726584802,-1.7261989329564706,15.813661920464583,31.415863155542006,-0.5749734485161184,1592.334584414781,1,0,0.19749546248127994,0.19740500393188573,0.2042116282417389,0.21997843248387255,4442.407927504571,4442.407927504571,2915.0920724954294,2915.0920724954294,asphalt,1.1575
8.733333333333347,16.35572525901439,4.543257016392886,22.683175712975455,7.0855987441400945,105.57589195862683,4.192505098622669,-1.7504528885480208,15.883664810423328,31.386840216980207,-0.5728310609250542,1588.9248444159252,1,0,0.19687954331834998,0.19676983510195656,0.2038107102595805,0.2195731619629429,4442.246659219828,4442.246659219828,2915.2533407801716,2915.2533407801716,asphalt,1.1575
8.750000000000014,16.32125577936271,4.533682160934085,22.636667560957644,7.087977084287226,105.95346021074764,4.171994198155535,-1.7744684688459555,15.953326341289268,31.357415530084026,-0.5706976705563704,1585.5278517432262,1,0,0.19626689923468507,0.19613808514545747,0.20341309767298643,0.21917107115840442,4442.08606836645,4442.08606836645,2915.41393163355,2915.41393163355,asphalt,1.1575
8.766666666666682,16.286914296302218,4.524142860083949,22.590325365210393,7.090346173678143,106.33025505655817,4.151406729184382,-1.7982465869093722,16.022645223422586,31.327593058276026,-0.5685732309162717,1582.1435524965614,1,0,0.19565750956132352,0.19550973241939112,0.2030187636076388,0.21877213406098714,4441.926151442237,4441.926151442237,2915.5738485577626,2915.5738485577626,asphalt,1.1575
8.78333333333335,16.252700275233995,4.514638965342776,22.54414847785576,7.092706049117718,106.70627925524363,4.13074483230692,-1.821788164897601,16.09162020301078,31.297376749665954,-0.5664576958240986,1578.7718930574856,1,0,0.19505135378017313,0.19488475543815703,0.20262768139136994,0.21837632486755745,4441.766904968763,4441.766904968763,2915.7330950312366,2915.7330950312366,asphalt,1.1575
8.800000000000017,16.21861318430345,4.505170328973181,22.49813625405786,7.095056747243342,107.08153555522291,4.110010624137077,-1.8450941337884832,16.16025006166793,31.266770536902015,-0.5643510194101964,1575.4128200873006,1,0,0.19444841152277134,0.19426313287226352,0.20223982455277933,0.2179836179795869,4441.608325491018,4441.608325491018,2915.8916745089814,2915.8916745089814,asphalt,1.1575
8.816666666666684,16.18465249438185,4.495736803994959,22.45228805200404,7.097398304525905,107.45602669419905,4.08920619746194,-1.8681654331010582,16.228533616036618,31.235778337026783,-0.5622531561148492,1572.0662805251413,1,0,0.19384866256903713,0.19364484354703232,0.20185516681987414,0.2175939880016484,4441.450409577316,4441.450409577316,2916.0495904226837,2916.0495904226837,asphalt,1.1575
8.833333333333352,16.150817679048018,4.486338244180005,22.406603232886052,7.099730757270673,107.82975539920977,4.068333621399346,-1.8910030106226197,16.296469717392448,31.2044040513377,-0.5601640606850822,1568.7322215860797,1,0,0.19325208684608575,0.1930298664413647,0.2014736821187619,0.21720740973995414,4441.293153819003,4441.293153819003,2916.206846180996,2916.206846180996,asphalt,1.1575
8.85000000000002,16.117108214570205,4.476974504047279,22.361081160881493,7.102054141618595,108.20272438667695,4.04739494155607,-1.9136078221400843,16.36405725125121,31.172651565252085,-0.5580836881703988,1565.410590759244,1,0,0.19265866442697294,0.1924181806864388,0.20109534457226547,0.21682385820083291,4441.136554830349,4441.136554830349,2916.3634451696503,2916.3634451696503,asphalt,1.1575
8.866666666666687,16.083523579888116,4.46764543885781,22.315721203135368,7.104368493547138,108.57493636245631,4.026392180186563,-1.9359808311756315,16.43129513697868,31.140524748176542,-0.5560119939215014,1562.1013358059574,1,0,0.19206837552952677,0.1918097655644965,0.200720128498632,0.21644330858928856,4440.9806092482695,4440.9806092482695,2916.51939075173,2916.51939075173,asphalt,1.1575
8.883333333333354,16.05006325659506,4.4583509046097385,22.270522729741778,7.106673848871206,108.94639402188693,4.005327336352186,-1.958123008726565,16.49818232740307,31.10802745338079,-0.5539489335879466,1558.8044047578883,1,0,0.19148120051515033,0.1912046005075946,0.20034800841022304,0.21606573630754486,4440.825313732251,4440.825313732251,2916.6746862677487,2916.6746862677487,asphalt,1.1575
8.900000000000022,16.016726728920297,4.449090758033416,22.225485113725792,7.108970243244587,109.3171000498397,3.9842023860809226,-1.9800353330093479,16.564717808430146,31.075163517875712,-0.5518944631153744,1555.51974591522,1,0,0.1908971198876417,0.19060266509638882,0.19997895901218424,0.21569111695357523,4440.670664963947,4440.670664963947,2916.8293350360523,2916.8293350360523,asphalt,1.1575
8.91666666666669,15.98351348371151,4.439864856586531,22.18060773102543,7.111257712160186,109.68705712076667,3.963019282527493,-2.001718789207767,16.630900598661004,31.04193676229569,-0.5498485387412444,1552.2473078448368,1,0,0.19031611429205292,0.19000393905893664,0.19961295520120625,0.21531942631971607,4440.516659647212,4440.516659647212,2916.9833403527873,2916.9833403527873,asphalt,1.1575
8.933333333333357,15.950423010417433,4.430673058449287,22.13588996047383,7.113536290951827,110.05626789874877,3.94177995613386,-2.0231743692251785,16.69672974901251,31.008350990785065,-0.5478111169959021,1548.9870393785218,1,0,0.18973816451350609,0.18940840226947647,0.19924997206419195,0.21495064039119383,4440.36329450778,4440.36329450778,2917.13670549222,2917.13670549222,asphalt,1.1575
8.950000000000024,15.917454801070619,4.421515222519616,22.09133118378156,7.115806014794817,110.42473503754415,3.920486314790066,-2.044403071440781,16.762204342340436,30.974409990888677,-0.5457821546966102,1545.7388896111759,1,0,0.18916325147605015,0.18881603474723552,0.19888998487699108,0.21458473534471903,4440.210566293119,4440.210566293119,2917.289433706881,2917.289433706881,asphalt,1.1575
8.966666666666692,15.884608350270376,4.412391208408438,22.046930785519017,7.118066918706681,110.79246118063618,3.899140243995367,-2.065405900469886,16.82732349306529,30.94011753344644,-0.5437616089466957,1542.5028078990472,1,0,0.18859135624155662,0.18822681665528312,0.1985329691031712,0.21422168754711668,4440.05847177224,4440.05847177224,2917.4415282277587,2917.4415282277587,asphalt,1.1575
8.98333333333336,15.851883155165831,4.403300876434953,22.00268815309904,7.120319037548716,111.15944896128048,3.877743607019632,-2.0861838669281276,16.892086346800788,30.90547737249188,-0.5417494371336318,1539.2787438579792,1,0,0.18802246000857528,0.18764072829934153,0.19817890039273395,0.2138614735539012,4439.907007735492,4439.907007735492,2917.5929922645073,2917.5929922645073,asphalt,1.1575
9.000000000000027,15.819278715439136,4.394244087621982,21.958602676759632,7.122562406026499,111.52570100255244,3.856298245064959,-2.1067379871995624,16.956492079985058,30.87049324515454,-0.5397455969252007,1536.0666473616716,1,0,0.18745654411121612,0.1870577501266276,0.1978277545808675,0.21350407010789185,4439.756170994393,4439.756170994393,2917.743829005606,2917.743829005606,asphalt,1.1575
