t,speed_kmh,speed_ms,yaw_rate,sideslip,heading,vx,vy,pos_x,pos_y,accel_long,rpm,gear,shift_cut,grip_FL,grip_FR,grip_RL,grip_RR,load_FL,load_FR,load_RL,load_RR,surface_type,surface_mu
0.016666666666666666,0.3309390611148057,0.09192751697633492,0.0,0.0,0.0,0.0,0.09192751697633492,0.0,0.0009594728358176428,5.497462743450995,1000.0,1,0,0.0,0.0,0.9354737664110092,0.9354737664110092,3985.745618197259,3985.745618197259,3371.7543818027407,3371.7543818027407,asphalt,1.1575
0.03333333333333333,0.6607864896964614,0.1835518026934615,0.0,0.0,0.0,0.0,0.1835518026934615,0.0,0.0034460179991887704,5.497452790064816,1000.0,1,0,0.0,0.0,0.9354739326439244,0.9354739326439244,3985.7462173551194,3985.7462173551194,3371.75378264488,3371.75378264488,asphalt,1.1575
0.05,0.9906330232632824,0.2751758397953562,0.0,0.0,0.0,0.0,0.2751758397953562,0.0,0.007459632173780988,5.497434895043791,1000.0,1,0,0.0,0.0,0.9354742645609327,0.9354742645609327,3985.7474136920696,3985.7474136920696,3371.75258630793,3371.75258630793,asphalt,1.1575
0.06666666666666667,1.3204781853206793,0.3667994959224109,0.0,0.0,0.0,0.0,0.3667994959224109,0.0,0.013000309837258904,5.497409058487017,1000.0,1,0,0.0,0.0,0.9354747621605582,0.9354747621605582,3985.749207201518,3985.749207201518,3371.7507927984816,3371.7507927984816,asphalt,1.1575
0.08333333333333333,1.6503214993817303,0.4584226387171473,0.0,0.0,0.0,0.0,0.4584226387171473,0.0,0.02006804326131485,5.4973752805395115,1000.0,1,0,0.0,0.0,0.9354754254405447,0.9354754254405447,3985.7515978734255,3985.7515978734255,3371.748402126574,3371.748402126574,asphalt,1.1575
0.09999999999999999,1.980162488969933,0.5500451358249814,0.0,0.0,0.0,0.0,0.5500451358249814,0.0,0.028662822511712333,5.4973335613921215,1000.0,1,0,0.0,0.0,0.9354762543978535,0.9354762543978535,3985.754585694301,3985.754585694301,3371.7454143056984,3371.7454143056984,asphalt,1.1575
0.11666666666666665,2.310000677621959,0.6416668548949886,0.0,0.0,0.0,0.0,0.6416668548949886,0.0,0.03878463544834226,5.497283901281644,1000.0,1,0,0.0,0.0,0.9354772490286661,0.9354772490286661,3985.758170647206,3985.758170647206,3371.7418293527935,3371.7418293527935,asphalt,1.1575
0.13333333333333333,2.639835588890407,0.7332876635806685,0.0,0.0,0.0,0.0,0.7332876635806685,0.0,0.05043346772529187,5.497226300490707,1000.0,1,0,0.0,0.0,0.9354784093283806,0.9354784093283806,3985.7623527117444,3985.7623527117444,3371.737647288255,3371.737647288255,asphalt,1.1575
0.15,2.9696667463465527,0.8249074295407091,0.0,0.0,0.0,0.0,0.8249074295407091,0.0,0.06360930279092646,5.497160759347821,1000.0,1,0,0.0,0.0,0.9354797352916165,0.9354797352916165,3985.767131864079,3985.767131864079,3371.7328681359204,3371.7328681359204,asphalt,1.1575
0.16666666666666666,3.299493673583105,0.9165260204397513,0.0,0.0,0.0,0.0,0.9165260204397513,0.0,0.07831212188798381,5.497087278227379,1000.0,1,0,0.0,0.0,0.9354812269122104,0.9354812269122104,3985.772508076919,3985.772508076919,3371.7274919230804,3371.7274919230804,asphalt,1.1575
0.18333333333333332,3.6293158942169566,1.0081433039491545,0.0,0.0,0.0,0.0,1.0081433039491545,0.0,0.09454190405368135,5.497005857549686,1000.0,1,0,0.0,0.0,0.9354828841832183,0.9354828841832183,3985.7784813195226,3985.7784813195226,3371.721518680477,3371.721518680477,asphalt,1.1575
0.19999999999999998,3.959132931891936,1.09975914774776,0.0,0.0,0.0,0.0,1.09975914774776,0.0,0.11229862611983611,5.496916497780848,1000.0,1,0,0.0,0.0,0.9354847070969153,0.9354847070969153,3985.785051557702,3985.785051557702,3371.7149484422976,3371.7149484422976,asphalt,1.1575
0.21666666666666665,4.28894431028156,1.1913734195226555,0.0,0.0,0.0,0.0,1.1913734195226555,0.0,0.13158226271299744,5.496819199432856,1000.0,1,0,0.0,0.0,0.9354866956447948,0.9354866956447948,3985.792218753817,3985.792218753817,3371.707781246182,3371.707781246182,asphalt,1.1575
0.2333333333333333,4.618749553091782,1.2829859869699396,0.0,0.0,0.0,0.0,1.2829859869699396,0.0,0.15239278625459227,5.496713963063584,1000.0,1,0,0.0,0.0,0.9354888498175712,0.9354888498175712,3985.799982866788,3985.799982866788,3371.7000171332115,3371.7000171332115,asphalt,1.1575
0.24999999999999997,4.94854818406375,1.374596717795486,0.0,0.0,0.0,0.0,1.374596717795486,0.0,0.17473016696108334,5.4966007892766555,1000.0,1,0,0.0,0.0,0.9354911696051753,0.9354911696051753,3985.808343852074,3985.808343852074,3371.6916561479256,3371.6916561479256,asphalt,1.1575
0.26666666666666666,5.278339726976547,1.4662054797157076,0.0,0.0,0.0,0.0,1.4662054797157076,0.0,0.19859437284414014,5.496479678721684,1000.0,1,0,0.0,0.0,0.93549365499676,0.93549365499676,3985.8173016617006,3985.8173016617006,3371.682698338299,3371.682698338299,asphalt,1.1575
0.2833333333333333,5.608123705649951,1.5578121404583196,0.0,0.0,0.0,0.0,1.5578121404583196,0.0,0.2239853697108224,5.496350632093954,1000.0,1,0,0.0,0.0,0.9354963059806958,0.9354963059806958,3985.826856244239,3985.826856244239,3371.6731437557605,3371.6731437557605,asphalt,1.1575
0.3,5.937899643947176,1.6494165677631045,0.0,0.0,0.0,0.0,1.6494165677631045,0.0,0.2509031211637765,5.496213650134685,1000.0,1,0,0.0,0.0,0.9354991225445733,0.9354991225445733,3985.8370075448174,3985.8370075448174,3371.662992455182,3371.662992455182,asphalt,1.1575
0.31666666666666665,6.267667065777628,1.7410186293826744,0.0,0.0,0.0,0.0,1.7410186293826744,0.0,0.2793475886014445,5.496068733630821,1000.0,1,0,0.0,0.0,0.9355021046752033,0.9355021046752033,3985.8477555051195,3985.8477555051195,3371.65224449488,3371.65224449488,asphalt,1.1575
0.3333333333333333,6.597425495099648,1.8326181930832355,0.0,0.0,0.0,0.0,1.8326181930832355,0.0,0.30931873121828585,5.495915883415243,1000.0,1,0,0.0,0.0,0.9355052523586149,0.9355052523586149,3985.859100063381,3985.859100063381,3371.6408999366186,3371.6408999366186,asphalt,1.1575
0.35,6.9271744559232635,1.9242151266453509,0.0,0.0,0.0,0.0,1.9242151266453509,0.0,0.3408165060050121,5.495755100366502,1000.0,1,0,0.0,0.0,0.9355085655800576,0.9355085655800576,3985.871041154396,3985.871041154396,3371.6289588456034,3371.6289588456034,asphalt,1.1575
0.36666666666666664,7.2569134723129345,2.015809297864704,0.0,0.0,0.0,0.0,2.015809297864704,0.0,0.3738408677488341,5.495586385408977,1000.0,1,0,0.0,0.0,0.9355120443240016,0.9355120443240016,3985.883578709517,3985.883578709517,3371.6164212904823,3371.6164212904823,asphalt,1.1575
0.3833333333333333,7.586642068390302,2.1074005745528614,0.0,0.0,0.0,0.0,2.1074005745528614,0.0,0.4083917690337217,5.495409739512773,1000.0,1,0,0.0,0.0,0.9355156885741369,0.9355156885741369,3985.896712656654,3985.896712656654,3371.6032873433455,3371.6032873433455,asphalt,1.1575
0.39999999999999997,7.916359768336925,2.1989888245380347,0.0,0.0,0.0,0.0,2.1989888245380347,0.0,0.44446916024067673,5.495225163693931,1000.0,1,0,0.0,0.0,0.9355194983133756,0.9355194983133756,3985.910442920282,3985.910442920282,3371.5895570797175,3371.5895570797175,asphalt,1.1575
0.41666666666666663,8.246066096397039,2.2905739156658442,0.0,0.0,0.0,0.0,2.2905739156658442,0.0,0.4820729895480182,5.495032659013894,1000.0,1,0,0.0,0.0,0.9355234735238429,0.9355234735238429,3985.9247694214105,3985.9247694214105,3371.575230578589,3371.575230578589,asphalt,1.1575
0.4333333333333333,8.57576057688029,2.3821557158000806,0.0,0.0,0.0,0.0,2.3821557158000806,0.0,0.5212032029316802,5.494832226580151,1000.0,1,0,0.0,0.0,0.9355276141868963,0.9355276141868963,3985.9396920776503,3985.9396920776503,3371.5603079223492,3371.5603079223492,asphalt,1.1575
0.44999999999999996,8.905442734164486,2.4737340928234683,0.0,0.0,0.0,0.0,2.4737340928234683,0.0,0.5618597441655232,5.494623867545911,1000.0,1,0,0.0,0.0,0.9355319202831035,0.9355319202831035,3985.9552108031353,3985.9552108031353,3371.5447891968643,3371.5447891968643,asphalt,1.1575
0.4666666666666666,9.23511209269833,2.565308914638425,0.0,0.0,0.0,0.0,2.565308914638425,0.0,0.6040425548216573,5.4944075831097905,1000.0,1,0,0.0,0.0,0.93553639179226,0.93553639179226,3985.9713255085912,3985.9713255085912,3371.5286744914083,3371.5286744914083,asphalt,1.1575
0.4833333333333333,9.56476817700417,2.656880049167825,0.0,0.0,0.0,0.0,2.656880049167825,0.0,0.6477515742707777,5.494183374516446,1000.0,1,0,0.0,0.0,0.9355410286933771,0.9355410286933771,3985.988036101283,3985.988036101283,3371.5119638987167,3371.5119638987167,asphalt,1.1575
0.49999999999999994,9.894410511680737,2.7484473643557603,0.0,0.0,0.0,0.0,2.7484473643557603,0.0,0.692986739682515,5.493951243055939,1000.0,1,0,0.0,0.0,0.9355458309646921,0.9355458309646921,3986.0053424850607,3986.0053424850607,3371.494657514939,3371.494657514939,asphalt,1.1575
0.5166666666666666,10.224038621405885,2.8400107281683016,0.0,0.0,0.0,0.0,2.8400107281683016,0.0,0.7397479860257954,5.493711190064268,1000.0,1,0,0.0,0.0,0.9355507985836631,0.9355507985836631,3986.023244560337,3986.023244560337,3371.476755439662,3371.476755439662,asphalt,1.1575
0.5333333333333333,10.553652030939332,2.931570008594259,0.0,0.0,0.0,0.0,2.931570008594259,0.0,0.7880352460692156,5.493463216922727,1000.0,1,0,0.0,0.0,0.9355559315269656,0.9355559315269656,3986.041742224077,3986.041742224077,3371.458257775922,3371.458257775922,asphalt,1.1575
0.55,10.88325026512539,3.0231250736459416,0.0,0.0,0.0,0.0,3.0231250736459416,0.0,0.83784845038143,5.493207325058549,1000.0,1,0,0.0,0.0,0.9355612297705047,0.9355612297705047,3986.0608353698417,3986.0608353698417,3371.439164630158,3371.439164630158,asphalt,1.1575
0.5666666666666668,11.212832848895717,3.1146757913599212,0.0,0.0,0.0,0.0,3.1146757913599212,0.0,0.889187527331549,5.492943515944475,1000.0,1,0,0.0,0.0,0.9355666932893979,0.9355666932893979,3986.080523887727,3986.080523887727,3371.4194761122726,3371.4194761122726,asphalt,1.1575
0.5833333333333335,11.542399307272037,3.206222029797788,0.0,0.0,0.0,0.0,3.206222029797788,0.0,0.9420524030895531,5.492671791098758,1000.0,1,0,0.0,0.0,0.9355723220579925,0.9355723220579925,3986.1008076644252,3986.1008076644252,3371.3991923355743,3371.3991923355743,asphalt,1.1575
0.6000000000000002,11.872056216100553,3.297793393361265,0.0,0.0,0.0,0.0,3.297793393361265,0.0,0.9964432171581141,5.495980895098427,1004.3237431367141,1,0,0.0,0.0,0.9360985228824568,0.9360985228824568,3985.959806655495,3985.959806655495,3371.5401933445046,3371.5401933445046,asphalt,1.1575
0.6166666666666669,12.202111955799998,3.389475543277777,0.0,0.0,0.0,0.0,3.389475543277777,0.0,1.0523612660792292,5.504463956329815,1014.8909237388378,1,0,0.0,0.0,0.9373273148092854,0.9373273148092854,3985.4099667355963,3985.4099667355963,3372.0900332644032,3372.0900332644032,asphalt,1.1575
0.6333333333333336,12.532831369173435,3.4813420469926206,0.0,0.0,0.0,0.0,3.4813420469926206,0.0,1.1098091873239584,5.5169433726975114,1030.2831137934918,1,0,0.0,0.0,0.9390971164752002,0.9390971164752002,3984.539591878375,3984.539591878375,3372.9604081216244,3372.9604081216244,asphalt,1.1575
0.6500000000000004,12.864419106636063,3.573449751843351,0.0,0.0,0.0,0.0,3.573449751843351,0.0,1.1687906646433173,5.532511948874443,1049.4076298325904,1,0,0.0,0.0,0.9412845632681572,0.9412845632681572,3983.421506280755,3983.421506280755,3374.0784937192448,3374.0784937192448,asphalt,1.1575
0.6666666666666671,13.197033486451026,3.665842635125285,0.0,0.0,0.0,0.0,3.665842635125285,0.0,1.2293101907890125,5.5504717596210895,1071.4238838007248,1,0,0.0,0.0,0.9437946494827255,0.9437946494827255,3982.111754041489,3982.111754041489,3375.3882459585107,3375.3882459585107,asphalt,1.1575
0.6833333333333338,13.530797210943463,3.7585547808176285,0.0,0.0,0.0,0.0,3.7585547808176285,0.0,1.291372885019372,5.570286579656312,1095.6860773950111,1,0,0.0,0.0,0.9465543418566167,0.9465543418566167,3980.6534085089015,3980.6534085089015,3376.846591491098,3376.846591491098,asphalt,1.1575
0.7000000000000005,13.865805639243082,3.851612677567523,0.0,0.0,0.0,0.0,3.851612677567523,0.0,1.3549843529237635,5.591544940761786,1121.6986988278666,1,0,0.0,0.0,0.9495075897635299,0.9495075897635299,3979.079532001415,3979.079532001415,3378.4204679985846,3378.4204679985846,asphalt,1.1575
0.7166666666666672,14.20213316451042,3.945036990141783,0.0,0.0,0.0,0.0,3.945036990141783,0.0,1.420150578887517,5.613931493470545,1149.082023896575,1,0,0.0,0.0,0.9526114405421419,0.9526114405421419,3977.4154712019986,3977.4154712019986,3380.084528798001,3380.084528798001,asphalt,1.1575
0.733333333333334,14.53983812325742,4.038843923127061,0.0,0.0,0.0,0.0,4.038843923127061,0.0,1.4868778436976078,5.637204843829977,1177.5454173514956,1,0,0.0,0.0,0.9558330243375975,0.9558330243375975,3975.680634297526,3975.680634297526,3381.8193657024735,3381.8193657024735,asphalt,1.1575
0.7500000000000007,14.878966569748261,4.133046269374517,0.0,0.0,0.0,0.0,4.133046269374517,0.0,1.555172661486951,5.661180428336934,1206.86670353908,1,0,0.0,0.0,0.9591472199036666,0.9591472199036666,3973.889864667461,3973.889864667461,3383.6101353325384,3383.6101353325384,asphalt,1.1575
0.7666666666666674,15.219555174267876,4.22765421507441,0.0,0.0,0.0,0.0,4.22765421507441,0.0,1.625041731535517,5.685717301470561,1236.8762503642654,1,0,0.0,0.0,0.9625348516540955,0.9625348516540955,3972.054501109853,3972.054501109853,3385.4454988901466,3385.4454988901466,asphalt,1.1575
0.7833333333333341,15.56163344601023,4.322675957225064,0.0,0.0,0.0,0.0,4.322675957225064,0.0,1.6964919014714623,5.710707956267527,1267.4447069887094,1,0,0.0,0.0,0.9659812998264268,0.9659812998264268,3970.183194964781,3970.183194964781,3387.3168050352187,3387.3168050352187,asphalt,1.1575
0.8000000000000008,15.905225436049072,4.418118176680298,0.0,0.0,0.0,0.0,4.418118176680298,0.0,1.7695301392097567,5.7360704921510575,1298.4735691227143,1,0,0.0,0.0,0.9694754310052044,0.9694754310052044,3968.2825390251637,3968.2825390251637,3389.217460974836,3389.217460974836,asphalt,1.1575
0.8166666666666675,16.250351040587386,4.513986400163162,0.0,0.0,0.0,0.0,4.513986400163162,0.0,1.8441635115802775,5.7617425964213,1329.887929110605,1,0,0.0,0.0,0.9730087764816558,0.9730087764816558,3966.3575509640386,3966.3575509640386,3391.142449035961,3391.142449035961,asphalt,1.1575
0.8333333333333343,16.597026997273367,4.610285277020379,0.0,0.0,0.0,0.0,4.610285277020379,0.0,1.920399168071994,5.787676925025096,1361.6309116239295,1,0,0.0,0.0,0.9765749019416804,0.9765749019416804,3964.4120444775454,3964.4120444775454,3393.087955522454,3393.087955522454,asphalt,1.1575
0.850000000000001,16.945267646109514,4.707018790585976,0.0,0.0,0.0,0.0,4.707018790585976,0.0,1.9982443284859583,5.813837561380524,1393.6594080002362,1,0,0.0,0.0,0.9801689245816394,0.9801689245816394,3962.4489138900267,3962.4489138900267,3395.051086109973,3395.051086109973,asphalt,1.1575
0.8666666666666677,17.295085510016587,4.804190419449052,0.0,0.0,0.0,0.0,4.804190419449052,0.0,2.077706273571799,5.840197304664443,1425.9408097632213,1,0,0.0,0.0,0.9837871436330766,0.9837871436330766,3960.470352154401,3960.470352154401,3397.0296478455984,3397.0296478455984,asphalt,1.1575
0.8833333333333344,17.64649173738461,4.9018032603846144,0.0,0.0,0.0,0.0,4.9018032603846144,0.0,2.158792337939301,5.866735595482666,1458.4505099393614,1,0,0.0,0.0,0.9874267579936044,0.9874267579936044,3958.478017655708,3958.478017655708,3399.021982344292,3399.021982344292,asphalt,1.1575
0.9000000000000011,17.999496439116225,4.999860121976729,0.0,0.0,0.0,0.0,4.999860121976729,0.0,2.241509904703292,5.893436930733671,1491.1699936546756,1,0,0.0,0.0,0.9910856506671901,0.9910856506671901,3956.4731617094085,3956.4731617094085,3401.026838290591,3401.026838290591,asphalt,1.1575
0.9166666666666679,18.354108945092584,5.098363595859051,0.0,0.0,0.0,0.0,5.098363595859051,0.0,2.3258664014478976,5.920289653487956,1524.085380477911,1,0,0.0,0.0,0.9947622243794102,0.9947622243794102,3954.456725919123,3954.456725919123,3403.0432740808765,3403.0432740808765,asphalt,1.1575
0.9333333333333346,18.71033799916089,5.197316110878024,0.0,0.0,0.0,0.0,5.197316110878024,0.0,2.4118692971942366,5.947285030047809,1557.1863126920375,1,0,0.0,0.0,0.9984552763441186,0.9984552763441186,3952.429416447682,3952.429416447682,3405.0705835523177,3405.0705835523177,asphalt,1.1575
0.9500000000000013,19.06781362036405,5.296614894545569,0.0,0.0,0.0,0.0,5.296614894545569,0.0,2.4995254513698506,5.959373636027294,1590.4650948103738,1,0,0.0,0.0,1.0,1.0,3951.008587216653,3951.008587216653,3406.4914127833467,3406.4914127833467,asphalt,1.1575
0.966666666666668,19.425355205301347,5.395932001472596,0.0,0.0,0.0,0.0,5.395932001472596,0.0,2.5888369320730997,5.958807987659043,1623.9142864306132,1,0,0.0,0.0,1.0,1.0,3951.0434625805774,3951.0434625805774,3406.4565374194217,3406.4565374194217,asphalt,1.1575
0.9833333333333347,19.7828615050681,5.495239306963361,0.0,0.0,0.0,0.0,5.495239306963361,0.0,2.6798035960907023,5.95821517975665,1657.5212163608085,1,0,0.0,0.0,1.0,1.0,3951.0878330357837,3951.0878330357837,3406.412166964216,3406.412166964216,asphalt,1.1575
1.0000000000000013,20.140331830669396,5.594536619630388,0.0,0.0,0.0,0.0,5.594536619630388,0.0,2.7724252780091287,5.957611557475531,1691.2689382527587,1,0,0.0,0.0,1.0,1.0,3951.133019763739,3951.133019763739,3406.3669802362606,3406.3669802362606,asphalt,1.1575
1.016666666666668,20.49776553378464,5.693823759384622,0.0,0.0,0.0,0.0,5.693823759384622,0.0,2.8667018094052676,5.956997131770763,1725.1390760305142,1,0,0.0,0.0,1.0,1.0,3951.1790189482554,3951.1790189482554,3406.320981051744,3406.320981051744,asphalt,1.1575
1.0333333333333345,20.85516196637566,5.793100546215461,0.0,0.0,0.0,0.0,5.793100546215461,0.0,2.962633018855365,5.956371907110878,1759.1135613587778,1,0,0.0,0.0,1.0,1.0,3951.2258302536056,3951.2258302536056,3406.274169746394,3406.274169746394,asphalt,1.1575
1.0500000000000012,21.212520480675167,5.892366800187546,0.0,0.0,0.0,0.0,5.892366800187546,0.0,3.060218731936273,5.955735888039229,1793.1755974850205,1,0,0.0,0.0,1.0,1.0,3951.273453339575,3951.273453339575,3406.2265466604244,3406.2265466604244,asphalt,1.1575
1.0666666666666678,21.56984042919141,5.991622341442058,0.0,0.0,0.0,0.0,5.991622341442058,0.0,3.1594587712267144,5.955089079177824,1827.310126808893,1,0,0.0,0.0,1.0,1.0,3951.3218878601156,3951.3218878601156,3406.1781121398844,3406.1781121398844,asphalt,1.1575
1.0833333333333344,21.927121164712855,6.090866990198015,0.0,0.0,0.0,0.0,6.090866990198015,0.0,3.2603529563085765,5.9544314852258395,1861.503989296219,1,0,0.0,0.0,1.0,1.0,3951.3711334632944,3951.3711334632944,3406.128866536705,3406.128866536705,asphalt,1.1575
1.100000000000001,22.28436204031286,6.190100566753572,0.0,0.0,0.0,0.0,6.190100566753572,0.0,3.362901103768218,5.953763110960466,1895.7458964016835,1,0,0.0,0.0,1.0,1.0,3951.4211897913456,3951.4211897913456,3406.078810208654,3406.078810208654,asphalt,1.1575
1.1166666666666676,22.641562409354325,6.289322891487313,0.0,0.0,0.0,0.0,6.289322891487313,0.0,3.4671030271978043,5.9530839612369135,1930.0263022465936,1,0,0.0,0.0,1.0,1.0,3951.472056480669,3951.472056480669,3406.0279435193306,3406.0279435193306,asphalt,1.1575
1.1333333333333342,22.998721625494348,6.388533784859541,0.0,0.0,0.0,0.0,6.388533784859541,0.0,3.57295853719666,5.952394040987343,1964.3372245441656,1,0,0.0,0.0,1.0,1.0,3951.523733161828,3951.523733161828,3405.9762668381713,3405.9762668381713,asphalt,1.1575
1.1500000000000008,23.355839042688874,6.487733067413576,0.0,0.0,0.0,0.0,6.487733067413576,0.0,3.680467441372642,5.951693355221721,1998.6720480212812,1,0,0.0,0.0,1.0,1.0,3951.576219459554,3951.576219459554,3405.9237805404455,3405.9237805404455,asphalt,1.1575
1.1666666666666674,23.712914015197367,6.586920559777046,0.0,0.0,0.0,0.0,6.586920559777046,0.0,3.7896295443435424,5.950981909027604,2033.0253299240069,1,0,0.0,0.0,1.0,1.0,3951.6295149927264,3951.6295149927264,3405.870485007273,3405.870485007273,asphalt,1.1575
1.183333333333334,24.06994589758743,6.686096082663175,0.0,0.0,0.0,0.0,6.686096082663175,0.0,3.9004446477385013,5.950259707569714,2067.3926185569617,1,0,0.0,0.0,1.0,1.0,3951.6836193744375,3951.6836193744375,3405.816380625562,3405.816380625562,asphalt,1.1575
1.2000000000000006,24.426934044739454,6.785259456872071,0.0,0.0,0.0,0.0,6.785259456872071,0.0,4.0129125501994505,5.949526756090151,2101.770290254608,1,0,0.0,0.0,1.0,1.0,3951.7385322119785,3951.7385322119785,3405.761467788021,3405.761467788021,asphalt,1.1575
1.2166666666666672,24.78387781185125,6.884410503292014,0.0,0.0,0.0,0.0,6.884410503292014,0.0,4.127033047382573,5.94878305990818,2136.1554067137004,1,0,0.0,0.0,1.0,1.0,3951.7942531067897,3951.7942531067897,3405.70574689321,3405.70574689321,asphalt,1.1575
1.2333333333333338,25.140776554442684,6.983549042900745,0.0,0.0,0.0,0.0,6.983549042900745,0.0,4.242805931959788,5.948028624420232,2170.5455925367996,1,0,0.0,0.0,1.0,1.0,3951.8507816545402,3951.8507816545402,3405.6492183454593,3405.6492183454593,asphalt,1.1575
1.2500000000000004,25.497629628360272,7.082674896766743,0.0,0.0,0.0,0.0,7.082674896766743,0.0,4.360230993620253,5.947263455099687,2204.9389316700217,1,0,0.0,0.0,1.0,1.0,3951.9081174450976,3951.9081174450976,3405.5918825549024,3405.5918825549024,asphalt,1.1575
1.266666666666667,25.854436389781853,7.181787886050515,0.0,0.0,0.0,0.0,7.181787886050515,0.0,4.4793080190718895,5.94648755749688,2239.3338808386097,1,0,0.0,0.0,1.0,1.0,3951.966260062542,3951.966260062542,3405.5337399374575,3405.5337399374575,asphalt,1.1575
1.2833333333333337,26.211196195221152,7.280887832005876,0.0,0.0,0.0,0.0,7.280887832005876,0.0,4.600036792042933,5.945700937239309,2273.7291978717612,1,0,0.0,0.0,1.0,1.0,3952.025209085168,3952.025209085168,3405.474790914831,3405.474790914831,asphalt,1.1575
1.3000000000000003,26.567908401532417,7.379974555981227,0.0,0.0,0.0,0.0,7.379974555981227,0.0,4.722417093283497,5.944903600030784,2308.1238828166947,1,0,0.0,0.0,1.0,1.0,3952.0849640855004,3952.0849640855004,3405.415035914499,3405.415035914499,asphalt,1.1575
1.3166666666666669,26.924572365915015,7.479047879420837,0.0,0.0,0.0,0.0,7.479047879420837,0.0,4.846448700567168,5.944095551652069,2342.5171298747696,1,0,0.0,0.0,1.0,1.0,3952.145524630307,3952.145524630307,3405.3544753696924,3405.3544753696924,asphalt,1.1575
1.3333333333333335,27.281187445918025,7.578107623866118,0.0,0.0,0.0,0.0,7.578107623866118,0.0,4.972131388692613,5.943276797960664,2376.908288387508,1,0,0.0,0.0,1.0,1.0,3952.206890280556,3952.206890280556,3405.2931097194437,3405.2931097194437,asphalt,1.1575
1.35,27.637752999444846,7.677153610956902,0.0,0.0,0.0,0.0,7.677153610956902,0.0,5.099464929485213,5.9424473448903825,2411.296831318693,1,0,0.0,0.0,1.0,1.0,3952.2690605915072,3952.2690605915072,3405.2309394084923,3405.2309394084923,asphalt,1.1575
1.3666666666666667,27.99426838475777,7.776185662432714,0.0,0.0,0.0,0.0,7.776185662432714,0.0,5.228449091798713,5.941607198451351,2445.6823298968798,1,0,0.0,0.0,1.0,1.0,3952.3320351126195,3952.3320351126195,3405.1679648873805,3405.1679648873805,asphalt,1.1575
1.3833333333333333,28.35073296048257,7.875203600134047,0.0,0.0,0.0,0.0,7.875203600134047,0.0,5.3590836415169045,5.940756364730433,2480.064433287475,1,0,0.0,0.0,1.0,1.0,3952.39581338766,3952.39581338766,3405.1041866123396,3405.1041866123396,asphalt,1.1575
1.4,28.707146085613072,7.974207246003631,0.0,0.0,0.0,0.0,7.974207246003631,0.0,5.491368341555316,5.939894849890166,2514.4428523482716,1,0,0.0,0.0,1.0,1.0,3952.4603949546427,3952.4603949546427,3405.039605045357,3405.039605045357,asphalt,1.1575
1.4166666666666665,29.063507119515737,8.073196422087705,0.0,0.0,0.0,0.0,8.073196422087705,0.0,5.62530295186293,5.939022660169826,2548.8173466844974,1,0,0.0,0.0,1.0,1.0,3952.525779345827,3952.525779345827,3404.9742206541728,3404.9742206541728,asphalt,1.1575
1.4333333333333331,29.419815421934217,8.172170950537282,0.0,0.0,0.0,0.0,8.172170950537282,0.0,5.7608872294239255,5.938139801884574,2583.187714358897,1,0,0.0,0.0,1.0,1.0,3952.5919660877967,3952.5919660877967,3404.908033912203,3404.908033912203,asphalt,1.1575
1.4499999999999997,29.7760703529939,8.271130653609417,0.0,0.0,0.0,0.0,8.271130653609417,0.0,5.8981209282594325,5.9372462814248195,2617.553783730563,1,0,0.0,0.0,1.0,1.0,3952.6589547014155,3952.6589547014155,3404.841045298584,3404.841045298584,asphalt,1.1575
1.4666666666666663,30.132271273206506,8.370075353668474,0.0,0.0,0.0,0.0,8.370075353668474,0.0,6.037003799429315,5.936342105258348,2651.9154069951064,1,0,0.0,0.0,1.0,1.0,3952.726744701775,3952.726744701775,3404.7732552982247,3404.7732552982247,asphalt,1.1575
1.483333333333333,30.488417543474593,8.469004873187387,0.0,0.0,0.0,0.0,8.469004873187387,0.0,6.177535591033973,5.935427279927126,2686.2724550807757,1,0,0.0,0.0,1.0,1.0,3952.795335598389,3952.795335598389,3404.7046644016104,3404.7046644016104,asphalt,1.1575
1.4999999999999996,30.844508525096124,8.567919034748924,0.0,0.0,0.0,0.0,8.567919034748924,0.0,6.319716048216163,5.934501812049433,2720.62481362252,1,0,0.0,0.0,1.0,1.0,3952.8647268949376,3952.8647268949376,3404.635273105062,3404.635273105062,asphalt,1.1575
1.5166666666666662,31.20054357976898,8.666817661046938,0.0,0.0,0.0,0.0,8.666817661046938,0.0,6.463544913162844,5.933565708319435,2754.9723797910965,1,0,0.0,0.0,1.0,1.0,3952.9349180895533,3952.9349180895533,3404.565081910446,3404.565081910446,asphalt,1.1575
1.5333333333333328,31.556522069595488,8.765700574887635,0.0,0.0,0.0,0.0,8.765700574887635,0.0,6.609021925107044,5.932618975505903,2789.3150597990248,1,0,0.0,0.0,1.0,1.0,3953.0059086746323,3953.0059086746323,3404.4940913253677,3404.4940913253677,asphalt,1.1575
1.5499999999999994,31.912443357086982,8.864567599190828,0.0,0.0,0.0,0.0,8.864567599190828,0.0,6.756146820329737,5.931661620453923,2823.652766941375,1,0,0.0,0.0,1.0,1.0,3953.0776981368626,3953.0776981368626,3404.4223018631374,3404.4223018631374,asphalt,1.1575
1.566666666666666,32.268306805168294,8.963418556991192,0.0,0.0,0.0,0.0,8.963418556991192,0.0,6.904919332161761,5.930693650083185,2857.98542005846,1,0,0.0,0.0,1.0,1.0,3953.1502859573548,3953.1502859573548,3404.349714042645,3404.349714042645,asphalt,1.1575
1.5833333333333326,32.62411177718225,9.062253271439515,0.0,0.0,0.0,0.0,9.062253271439515,0.0,7.055339190985737,5.929715071388841,2892.3129423308687,1,0,0.0,0.0,1.0,1.0,3953.223671611482,3953.223671611482,3404.2763283885174,3404.2763283885174,asphalt,1.1575
1.5999999999999992,32.97985763689422,9.16107156580395,0.0,0.0,0.0,0.0,9.16107156580395,0.0,7.2074061242380205,5.928725891440649,2926.635260335908,1,0,0.0,0.0,1.0,1.0,3953.297854569038,3953.297854569038,3404.2021454309615,3404.2021454309615,asphalt,1.1575
1.6166666666666658,33.33554374849654,9.259873263471261,0.0,0.0,0.0,0.0,9.259873263471261,0.0,7.361119856410671,5.927726117383401,2960.952303309432,1,0,0.0,0.0,1.0,1.0,3953.372834294175,3953.372834294175,3404.1271657058246,3404.1271657058246,asphalt,1.1575
1.6333333333333324,33.6911694766131,9.358658187948082,0.0,0.0,0.0,0.0,9.358658187948082,0.0,7.516480109053439,5.926715756437773,2995.2640025688384,1,0,0.0,0.0,1.0,1.0,3953.4486102454025,3953.4486102454025,3404.051389754597,3404.051389754597,asphalt,1.1575
1.649999999999999,34.04673418630374,9.457426162862149,0.0,0.0,0.0,0.0,9.457426162862149,0.0,7.673486600775781,5.925694815897344,3029.5702910624045,1,0,0.0,0.0,1.0,1.0,3953.5251818755887,3953.5251818755887,3403.974818124411,3403.974818124411,asphalt,1.1575
1.6666666666666656,34.40223724306877,9.556177011963547,0.0,0.0,0.0,0.0,9.556177011963547,0.0,7.832139047248886,5.924663303131155,3063.871103017572,1,0,0.0,0.0,1.0,1.0,3953.602548632023,3953.602548632023,3403.8974513679764,3403.8974513679764,asphalt,1.1575
1.6833333333333322,34.757678012853454,9.654910559125959,0.0,0.0,0.0,0.0,9.654910559125959,0.0,7.992437161207734,5.923621225583275,3098.166373666656,1,0,0.0,0.0,1.0,1.0,3953.6807099563853,3953.6807099563853,3403.8192900436143,3403.8192900436143,asphalt,1.1575
1.6999999999999988,35.11305586205244,9.7536266283479,0.0,0.0,0.0,0.0,9.7536266283479,0.0,8.154380652453161,5.922568590771107,3132.45603903308,1,0,0.0,0.0,1.0,1.0,3953.759665284744,3953.759665284744,3403.7403347152554,3403.7403347152554,asphalt,1.1575
1.7166666666666655,35.46837015751426,9.852325043753961,0.0,0.0,0.0,0.0,9.852325043753961,0.0,8.317969227853961,5.921505406287508,3166.740035764899,1,0,0.0,0.0,1.0,1.0,3953.839414047624,3953.839414047624,3403.6605859523756,3403.6605859523756,asphalt,1.1575
1.733333333333332,35.82362026654572,9.951005629596033,0.0,0.0,0.0,0.0,9.951005629596033,0.0,8.483202591348993,5.920431679797815,3201.0183010052406,1,0,0.0,0.0,1.0,1.0,3953.9199556699045,3953.9199556699045,3403.580044330095,3403.580044330095,asphalt,1.1575
1.7499999999999987,36.178805556916394,10.049668210254554,0.0,0.0,0.0,0.0,10.049668210254554,0.0,8.650080443949319,5.919347419042822,3235.290772291544,1,0,0.0,0.0,1.0,1.0,3954.001289570986,3954.001289570986,3403.4987104290135,3403.4987104290135,asphalt,1.1575
1.7666666666666653,36.53392539686307,10.14831261023974,0.0,0.0,0.0,0.0,10.14831261023974,0.0,8.818602483740356,5.918252631837078,3269.5573874772567,1,0,0.0,0.0,1.0,1.0,3954.0834151646254,3954.0834151646254,3403.416584835374,3403.416584835374,asphalt,1.1575
1.7833333333333319,36.888979155094106,10.246938654192807,0.0,0.0,0.0,0.0,10.246938654192807,0.0,8.988768405884057,5.917147326067607,3303.8180846710275,1,0,0.0,0.0,1.0,1.0,3954.1663318590977,3954.1663318590977,3403.333668140902,3403.333668140902,asphalt,1.1575
1.7999999999999985,37.24396620079394,10.345546166887205,0.0,0.0,0.0,0.0,10.345546166887205,0.0,9.160577902621105,5.916031509696893,3338.072802189526,1,0,0.0,0.0,1.0,1.0,3954.2500390570676,3954.2500390570676,3403.249960942932,3403.249960942932,asphalt,1.1575
1.816666666666665,37.59888590362746,10.44413497322985,0.0,0.0,0.0,0.0,10.44413497322985,0.0,9.33403066327313,5.914905190759896,3372.321478520877,1,0,0.0,0.0,1.0,1.0,3954.334536155751,3954.334536155751,3403.1654638442487,3403.1654638442487,asphalt,1.1575
1.8333333333333317,37.9537376337444,10.542704898262334,0.0,0.0,0.0,0.0,10.542704898262334,0.0,9.509126374244936,5.913768377364903,3406.5640522963427,1,0,0.0,0.0,1.0,1.0,3954.419822546752,3954.419822546752,3403.0801774532474,3403.0801774532474,asphalt,1.1575
1.8499999999999983,38.30852076178378,10.641255767162162,0.0,0.0,0.0,0.0,10.641255767162162,0.0,9.685864719026782,5.912621077694382,3440.8004622684275,1,0,0.0,0.0,1.0,1.0,3954.505897616227,3954.505897616227,3402.9941023837728,3402.9941023837728,asphalt,1.1575
1.866666666666665,38.66323465887826,10.73978740524396,0.0,0.0,0.0,0.0,10.73978740524396,0.0,9.864245378196635,5.911463300002424,3475.0306472939774,1,0,0.0,0.0,1.0,1.0,3954.592760744816,3954.592760744816,3402.9072392551834,3402.9072392551834,asphalt,1.1575
1.8833333333333315,39.017878696658556,10.83829963796071,0.0,0.0,0.0,0.0,10.83829963796071,0.0,10.044268029422485,5.910295052618153,3509.2545463211504,1,0,0.0,0.0,1.0,1.0,3954.680411307615,3954.680411307615,3402.8195886923845,3402.8195886923845,asphalt,1.1575
1.8999999999999981,39.37245224725779,10.936792290904942,0.0,0.0,0.0,0.0,10.936792290904942,0.0,10.225932347464651,5.909116343941889,3543.4720983794086,1,0,0.0,0.0,1.0,1.0,3954.7688486743014,3954.7688486743014,3402.731151325698,3402.731151325698,asphalt,1.1575
1.9166666666666647,39.72695468331588,11.035265189809966,0.0,0.0,0.0,0.0,11.035265189809966,0.0,10.409238004178128,5.907927182447281,3577.6832425718444,1,0,0.0,0.0,1.0,1.0,3954.85807220907,3954.85807220907,3402.6419277909295,3402.6419277909295,asphalt,1.1575
1.9333333333333313,40.08138537798389,11.133718160551082,0.0,0.0,0.0,0.0,11.133718160551082,0.0,10.594184668514949,5.906727576681732,3611.8879180693266,1,0,0.0,0.0,1.0,1.0,3954.948081270603,3954.948081270603,3402.5519187293967,3402.5519187293967,asphalt,1.1575
1.949999999999998,40.43574370492842,11.232151029146783,0.0,0.0,0.0,0.0,11.232151029146783,0.0,10.780772006526552,5.905517535262987,3646.086064106055,1,0,0.0,0.0,1.0,1.0,3955.038875212132,3955.038875212132,3402.4611247878674,3402.4611247878674,asphalt,1.1575
1.9666666666666646,40.790029038335874,11.330563621759964,0.0,0.0,0.0,0.0,11.330563621759964,0.0,10.968999681366187,5.904297066883402,3680.277619976207,1,0,0.0,0.0,1.0,1.0,3955.130453381535,3955.130453381535,3402.3695466184645,3402.3695466184645,asphalt,1.1575
1.9833333333333312,41.144240752916886,11.428955764699134,0.0,0.0,0.0,0.0,11.428955764699134,0.0,11.158867353291336,5.903066180306098,3714.46252503144,1,0,0.0,0.0,1.0,1.0,3955.22281512108,3955.22281512108,3402.2771848789193,3402.2771848789193,asphalt,1.1575
1.9999999999999978,41.498378223910606,11.527327284419613,0.0,0.0,0.0,0.0,11.527327284419613,0.0,11.350374679666151,5.901824884367102,3748.6407186790393,1,0,0.0,0.0,1.0,1.0,3955.3159597677777,3955.3159597677777,3402.184040232222,3402.184040232222,asphalt,1.1575
2.0166666666666644,41.85244082708903,11.625678007524732,0.0,0.0,0.0,0.0,11.625678007524732,0.0,11.54352131496391,5.900573187974061,3782.8121403805912,1,0,0.0,0.0,1.0,1.0,3955.4098866531563,3955.4098866531563,3402.0901133468433,3402.0901133468433,asphalt,1.1575
2.033333333333331,42.20642793876134,11.724007760767037,0.0,0.0,0.0,0.0,11.724007760767037,0.0,11.7383069107695,5.899311100106672,3816.976729651037,1,0,0.0,0.0,1.0,1.0,3955.504595103294,3955.504595103294,3401.9954048967056,3401.9954048967056,asphalt,1.1575
2.0499999999999976,42.56033893577812,11.822316371049478,0.0,0.0,0.0,0.0,11.822316371049478,0.0,11.93473111578192,5.898038629815829,3851.1344260580413,1,0,0.0,0.0,1.0,1.0,3955.6000844389164,3955.6000844389164,3401.899915561083,3401.899915561083,asphalt,1.1575
2.066666666666664,42.91417319553578,11.920603665426606,0.0,0.0,0.0,0.0,11.920603665426606,0.0,12.132793575816791,5.896755786225327,3885.2851692215954,1,0,0.0,0.0,1.0,1.0,3955.696353975427,3955.696353975427,3401.8036460245726,3401.8036460245726,asphalt,1.1575
2.083333333333331,43.26793009598079,12.018869471105774,0.0,0.0,0.0,0.0,12.018869471105774,0.0,12.332493933808902,5.895462578528878,3919.428898813805,1,0,0.0,0.0,1.0,1.0,3955.7934030226825,3955.7934030226825,3401.706596977317,3401.706596977317,asphalt,1.1575
2.0999999999999974,43.621609015613906,12.117113615448307,0.0,0.0,0.0,0.0,12.117113615448307,0.0,12.533831829814762,5.8941590159926704,3953.5655545588174,1,0,0.0,0.0,1.0,1.0,3955.8912308853796,3955.8912308853796,3401.60876911462,3401.60876911462,asphalt,1.1575
2.116666666666664,43.975209333494554,12.21533592597071,0.0,0.0,0.0,0.0,12.21533592597071,0.0,12.736806901015191,5.892845107953235,3987.6950762328615,1,0,0.0,0.0,1.0,1.0,3955.9898368627,3955.9898368627,3401.5101631372995,3401.5101631372995,asphalt,1.1575
2.1333333333333306,44.32873042924501,12.313536230345836,0.0,0.0,0.0,0.0,12.313536230345836,0.0,12.941418781717909,5.891520863819153,4021.817403664371,1,0,0.0,0.0,1.0,1.0,3956.0892202485365,3956.0892202485365,3401.4107797514625,3401.4107797514625,asphalt,1.1575
2.1499999999999972,44.68217168305469,12.41171435640408,0.0,0.0,0.0,0.0,12.41171435640408,0.0,13.147667103360154,5.890186293068069,4055.9324767341714,1,0,0.0,0.0,1.0,1.0,3956.1893803314924,3956.1893803314924,3401.310619668507,3401.310619668507,asphalt,1.1575
2.166666666666664,45.035532475684384,12.509870132134552,0.0,0.0,0.0,0.0,12.509870132134552,0.0,13.355551494511325,5.888841405250531,4090.0402353757236,1,0,0.0,0.0,1.0,1.0,3956.290316394784,3956.290316394784,3401.2096836052156,3401.2096836052156,asphalt,1.1575
2.1833333333333305,45.38881218847053,12.608003385686258,0.0,0.0,0.0,0.0,12.608003385686258,0.0,13.565071580875633,5.887486209986577,4124.140619575398,1,0,0.0,0.0,1.0,1.0,3956.392027716372,3956.392027716372,3401.1079722836275,3401.1079722836275,asphalt,1.1575
2.199999999999997,45.74201020332939,12.706113945369275,0.0,0.0,0.0,0.0,12.706113945369275,0.0,13.776226985294786,5.8861207169665875,4158.233569372787,1,0,0.0,0.0,1.0,1.0,3956.4945135688295,3956.4945135688295,3401.00548643117,3401.00548643117,asphalt,1.1575
2.2166666666666637,46.09512590276131,12.804201639655918,0.0,0.0,0.0,0.0,12.804201639655918,0.0,13.989017327750684,5.884744935951289,4192.3190248610335,1,0,0.0,0.0,1.0,1.0,3956.597773219538,3956.597773219538,3400.9022267804617,3400.9022267804617,asphalt,1.1575
2.2333333333333303,46.448158669854934,12.902266297181926,0.0,0.0,0.0,0.0,12.902266297181926,0.0,14.203442225368123,5.883358876772604,4226.396926187181,1,0,0.0,0.0,1.0,1.0,3956.701805930524,3956.701805930524,3400.7981940694754,3400.7981940694754,asphalt,1.1575
2.249999999999997,46.80110788829139,13.000307746747609,0.0,0.0,0.0,0.0,13.000307746747609,0.0,14.419501292417554,5.881962549330666,4260.467213552533,1,0,0.0,0.0,1.0,1.0,3956.806610958621,3956.806610958621,3400.6933890413784,3400.6933890413784,asphalt,1.1575
2.2666666666666635,47.1539729423485,13.098325817319028,0.0,0.0,0.0,0.0,13.098325817319028,0.0,14.637194140317815,5.8805559635972315,4294.529827213037,1,0,0.0,0.0,1.0,1.0,3956.9121875553415,3956.9121875553415,3400.587812444658,3400.587812444658,asphalt,1.1575
2.28333333333333,47.50675321690496,13.196320338029155,0.0,0.0,0.0,0.0,13.196320338029155,0.0,14.856520377638917,5.879139129612696,4328.584707479648,1,0,0.0,0.0,1.0,1.0,3957.018534966972,3957.018534966972,3400.4814650330277,3400.4814650330277,asphalt,1.1575
2.2999999999999967,47.85944809744451,13.29429113817903,0.0,0.0,0.0,0.0,13.29429113817903,0.0,15.077479610104842,5.877712057487372,4362.631794718729,1,0,0.0,0.0,1.0,1.0,3957.1256524345727,3957.1256524345727,3400.374347565427,3400.374347565427,asphalt,1.1575
2.3166666666666633,48.21205697006012,13.392238047238921,0.0,0.0,0.0,0.0,13.392238047238921,0.0,15.300071440596342,5.876274757401063,4396.671029352433,1,0,0.0,0.0,1.0,1.0,3957.2335391939805,3957.2335391939805,3400.2664608060195,3400.2664608060195,asphalt,1.1575
2.33333333333333,48.564579221458125,13.49016089484948,0.0,0.0,0.0,0.0,13.49016089484948,0.0,15.524295469153788,5.874827239602212,4430.7023518591,1,0,0.0,0.0,1.0,1.0,3957.3421944758047,3957.3421944758047,3400.157805524195,3400.157805524195,asphalt,1.1575
2.3499999999999965,48.917014238962416,13.588059510822893,0.0,0.0,0.0,0.0,13.588059510822893,0.0,15.750151292980007,5.873369514409603,4464.725702773656,1,0,0.0,0.0,1.0,1.0,3957.451617505494,3957.451617505494,3400.0483824945054,3400.0483824945054,asphalt,1.1575
2.366666666666663,49.26936141051853,13.685933725144036,0.0,0.0,0.0,0.0,13.685933725144036,0.0,15.977638506443167,5.8719015922098095,4498.741022688002,1,0,0.0,0.0,1.0,1.0,3957.561807503241,3957.561807503241,3399.9381924967583,3399.9381924967583,asphalt,1.1575
2.3833333333333298,49.62162012469781,13.783783367971614,0.0,0.0,0.0,0.0,13.783783367971614,0.0,16.206756701079655,5.870423483458893,4532.748252251418,1,0,0.0,0.0,1.0,1.0,3957.6727636841715,3957.6727636841715,3399.827236315828,3399.827236315828,asphalt,1.1575
2.3999999999999964,49.973789770701536,13.881608269639315,0.0,0.0,0.0,0.0,13.881608269639315,0.0,16.437505465596995,5.868935198681129,4566.747332170966,1,0,0.0,0.0,1.0,1.0,3957.7844852581215,3957.7844852581215,3399.715514741878,3399.715514741878,asphalt,1.1575
2.416666666666663,50.325869738364986,13.97940826065694,0.0,0.0,0.0,0.0,13.97940826065694,0.0,16.669884385876767,5.867436748469004,4600.738203211877,1,0,0.0,0.0,1.0,1.0,3957.8969714298632,3957.8969714298632,3399.6030285701363,3399.6030285701363,asphalt,1.1575
2.4333333333333296,50.67785941816164,14.077183171711566,0.0,0.0,0.0,0.0,14.077183171711566,0.0,16.90389304497756,5.865928143484922,4634.72080619796,1,0,0.0,0.0,1.0,1.0,3958.010221398975,3958.010221398975,3399.489778601025,3399.489778601025,asphalt,1.1575
2.449999999999996,51.02975820120714,14.174932833668649,0.0,0.0,0.0,0.0,14.174932833668649,0.0,17.139531023137945,5.864409394456942,4668.695082012,1,0,0.0,0.0,1.0,1.0,3958.124234359969,3958.124234359969,3399.3757656400307,3399.3757656400307,asphalt,1.1575
2.466666666666663,51.381565479263486,14.272657077573191,0.0,0.0,0.0,0.0,14.272657077573191,0.0,17.37679789777944,5.862880512183892,4702.660971596151,1,0,0.0,0.0,1.0,1.0,3958.239009502165,3958.239009502165,3399.2609904978344,3399.2609904978344,asphalt,1.1575
2.4833333333333294,51.7332806447431,14.37035573465086,0.0,0.0,0.0,0.0,14.37035573465086,0.0,17.615693243509536,5.861341507529829,4736.618415952338,1,0,0.0,0.0,1.0,1.0,3958.3545460097866,3958.3545460097866,3399.145453990213,3399.145453990213,asphalt,1.1575
2.499999999999996,52.084903090712764,14.4680286363091,0.0,0.0,0.0,0.0,14.4680286363091,0.0,17.85621663212471,5.8597923914283,4770.567356142654,1,0,0.0,0.0,1.0,1.0,3958.4708430620863,3958.4708430620863,3399.0291569379133,3399.0291569379133,asphalt,1.1575
2.5166666666666626,52.436432210897856,14.565675614138293,0.0,0.0,0.0,0.0,14.565675614138293,0.0,18.098367632613467,5.858233174879786,4804.507733289756,1,0,0.0,0.0,1.0,1.0,3958.58789983306,3958.58789983306,3398.9121001669396,3398.9121001669396,asphalt,1.1575
2.533333333333329,52.78786739968626,14.663296499912851,0.0,0.0,0.0,0.0,14.663296499912851,0.0,18.342145811159398,5.856663868951699,4838.439488577262,1,0,0.0,0.0,1.0,1.0,3958.7057154917347,3958.7057154917347,3398.794284508265,3398.794284508265,asphalt,1.1575
2.549999999999996,53.139208052132496,14.760891125592359,0.0,0.0,0.0,0.0,14.760891125592359,0.0,18.587550731144265,5.855084484779667,4872.3625632501435,1,0,0.0,0.0,1.0,1.0,3958.824289202105,3958.824289202105,3398.6757107978947,3398.6757107978947,asphalt,1.1575
2.5666666666666624,53.49045356396164,14.858459323322677,0.0,0.0,0.0,0.0,14.858459323322677,0.0,18.834581953151094,5.853495033565395,4906.276898615123,1,0,0.0,0.0,1.0,1.0,3958.9436201230346,3958.9436201230346,3398.556379876965,3398.556379876965,asphalt,1.1575
2.583333333333329,53.841603331573445,14.956000925437067,0.0,0.0,0.0,0.0,14.956000925437067,0.0,19.08323903496729,5.851895526577522,4940.182436041066,1,0,0.0,0.0,1.0,1.0,3959.063707408452,3959.063707408452,3398.4362925915475,3398.4362925915475,asphalt,1.1575
2.5999999999999956,54.192656752046254,15.053515764457293,0.0,0.0,0.0,0.0,15.053515764457293,0.0,19.333521531587767,5.850285975151621,4974.079116959374,1,0,0.0,0.0,1.0,1.0,3959.1845502071874,3959.1845502071874,3398.315449792812,3398.315449792812,asphalt,1.1575
2.6166666666666623,54.543613223141094,15.151003673094747,0.0,0.0,0.0,0.0,15.151003673094747,0.0,19.58542899521813,5.848666390690198,5007.966882864374,1,0,0.0,0.0,1.0,1.0,3959.306147663102,3959.306147663102,3398.1938523368976,3398.1938523368976,asphalt,1.1575
2.633333333333329,54.89447214330555,15.24846448425154,0.0,0.0,0.0,0.0,15.24846448425154,0.0,19.838960975277814,5.847036784661412,5041.845675313714,1,0,0.0,0.0,1.0,1.0,3959.4284989151206,3959.4284989151206,3398.071501084879,3398.071501084879,asphalt,1.1575
2.6499999999999955,55.24523291167783,15.345898031021619,0.0,0.0,0.0,0.0,15.345898031021619,0.0,20.09411701840328,5.845397168599931,5075.715435928751,1,0,0.0,0.0,1.0,1.0,3959.5516030970384,3959.5516030970384,3397.9483969029607,3397.9483969029607,asphalt,1.1575
2.666666666666662,55.59589492809067,15.443304146691853,0.0,0.0,0.0,0.0,15.443304146691853,0.0,20.35089666845124,5.8437475541060735,5109.576106394936,1,0,0.0,0.0,1.0,1.0,3959.675459337875,3959.675459337875,3397.8245406621245,3397.8245406621245,asphalt,1.1575
2.6833333333333287,55.94645759307535,15.540682664743153,0.0,0.0,0.0,0.0,15.540682664743153,0.0,20.60929946650187,5.842087952847095,5143.427628462208,1,0,0.0,0.0,1.0,1.0,3959.800066761519,3959.800066761519,3397.6999332384808,3397.6999332384808,asphalt,1.1575
2.6999999999999953,56.296920307865555,15.638033418851542,0.0,0.0,0.0,0.0,15.638033418851542,0.0,20.869324950862058,5.840418376553771,5177.26994394538,1,0,0.0,0.0,1.0,1.0,3959.9254244870513,3959.9254244870513,3397.5745755129483,3397.5745755129483,asphalt,1.1575
2.716666666666662,56.64728247440138,15.73535624288927,0.0,0.0,0.0,0.0,15.73535624288927,0.0,21.130972657068664,5.83873883702509,5211.10299472452,1,0,0.0,0.0,1.0,1.0,3960.0515316285514,3960.0515316285514,3397.448468371448,3397.448468371448,asphalt,1.1575
2.7333333333333285,56.9975434953332,15.832650970925888,0.0,0.0,0.0,0.0,15.832650970925888,0.0,21.394242117891814,5.837049346122711,5244.92672274534,1,0,0.0,0.0,1.0,1.0,3960.1783872952265,3960.1783872952265,3397.3216127047726,3397.3216127047726,asphalt,1.1575
2.749999999999995,57.34770277402565,15.929917437229347,0.0,0.0,0.0,0.0,15.929917437229347,0.0,21.65913286333819,5.835349915775652,5278.741070019585,1,0,0.0,0.0,1.0,1.0,3960.305990591315,3960.305990591315,3397.1940094086845,3397.1940094086845,asphalt,1.1575
2.7666666666666617,57.69775971456145,16.02715547626707,0.0,0.0,0.0,0.0,16.02715547626707,0.0,21.925644420654343,5.833640557976025,5312.545978625407,1,0,0.0,0.0,1.0,1.0,3960.4343406162457,3960.4343406162457,3397.065659383754,3397.065659383754,asphalt,1.1575
2.7833333333333283,58.047713721745325,16.124364922707034,0.0,0.0,0.0,0.0,16.124364922707034,0.0,22.19377631433004,5.831921284782879,5346.341390707752,1,0,0.0,0.0,1.0,1.0,3960.563436464575,3960.563436464575,3396.9365635354247,3396.9365635354247,asphalt,1.1575
2.799999999999995,58.397564201107905,16.22154561141886,0.0,0.0,0.0,0.0,16.22154561141886,0.0,22.46352806610162,5.830192108317078,5380.127248478744,1,0,0.0,0.0,1.0,1.0,3960.693277225922,3960.693277225922,3396.8067227740776,3396.8067227740776,asphalt,1.1575
2.8166666666666615,58.74731055890958,16.318697377474884,0.0,0.0,0.0,0.0,16.318697377474884,0.0,22.734899194955354,5.828453040766419,5413.903494218059,1,0,0.0,0.0,1.0,1.0,3960.8238619850667,3960.8238619850667,3396.676138014933,3396.676138014933,asphalt,1.1575
2.833333333333328,59.09695220214434,16.415820056151205,0.0,0.0,0.0,0.0,16.415820056151205,0.0,23.007889217130828,5.826704094380943,5447.670070273311,1,0,0.0,0.0,1.0,1.0,3960.9551898220743,3960.9551898220743,3396.544810177925,3396.544810177925,asphalt,1.1575
2.8499999999999948,59.446488538543676,16.5129134829288,0.0,0.0,0.0,0.0,16.5129134829288,0.0,23.28249764612438,5.8249452814771985,5481.426919060422,1,0,0.0,0.0,1.0,1.0,3961.087259812011,3961.087259812011,3396.4127401879887,3396.4127401879887,asphalt,1.1575
2.8666666666666614,59.79591897658033,16.609977493494537,0.0,0.0,0.0,0.0,16.609977493494537,0.0,23.558723992692503,5.823176614433123,5515.17398306401,1,0,0.0,0.0,1.0,1.0,3961.220071025325,3961.220071025325,3396.2799289746745,3396.2799289746745,asphalt,1.1575
2.883333333333328,60.14524292547222,16.707011923742282,0.0,0.0,0.0,0.0,16.707011923742282,0.0,23.836567764855285,5.821398105691458,5548.911204837756,1,0,0.0,0.0,1.0,1.0,3961.3536225275284,3961.3536225275284,3396.146377472471,3396.146377472471,asphalt,1.1575
2.8999999999999946,60.49445979518615,16.80401660977393,0.0,0.0,0.0,0.0,16.80401660977393,0.0,24.116028467899888,5.819609767758891,5582.638527004782,1,0,0.0,0.0,1.0,1.0,3961.487913379389,3961.487913379389,3396.0120866206107,3396.0120866206107,asphalt,1.1575
2.916666666666661,60.84132650837829,16.900368474549524,0.0,0.0,0.0,0.0,16.900368474549524,0.0,24.397101286097488,5.74284668139768,5616.355724893262,1,0,0.0,0.0,0.9893666963663491,0.9893666963663491,3965.3702847636696,3965.3702847636696,3392.12971523633,3392.12971523633,asphalt,1.1575
2.933333333333328,61.18206183540735,16.995017176502042,0.0,0.0,0.0,0.0,16.995017176502042,0.0,24.679762236965797,5.640582433260306,5650.052657350689,1,0,0.0,0.0,0.975806233356899,0.975806233356899,3973.0621652468108,3973.0621652468108,3384.437834753189,3384.437834753189,asphalt,1.1575
2.9499999999999944,61.51666769152258,17.08796324764516,0.0,0.0,0.0,0.0,17.08796324764516,0.0,24.96398292601491,5.538506076180738,5683.693080908951,1,0,0.0,0.0,0.9622072552584261,0.9622072552584261,3980.7424363169703,3980.7424363169703,3376.7575636830293,3376.7575636830293,asphalt,1.1575
2.966666666666661,61.84516116600033,17.17921143500009,0.0,0.0,0.0,0.0,17.17921143500009,0.0,25.2497350219675,5.436776643715859,5717.223929701049,1,0,0.0,0.0,0.9485914716536908,0.9485914716536908,3988.399814197118,3988.399814197118,3369.1001858028817,3369.1001858028817,asphalt,1.1575
2.9833333333333276,62.16756969747594,17.268769360409983,0.0,0.0,0.0,0.0,17.268769360409983,0.0,25.536990302278912,5.335571623157307,5750.58594683451,1,0,0.0,0.0,0.9349833744181086,0.9349833744181086,3996.0211332018744,3996.0211332018744,3361.4788667981247,3361.4788667981247,asphalt,1.1575
2.9999999999999942,62.48393141060445,17.35664761405679,0.0,0.0,0.0,0.0,17.35664761405679,0.0,25.825720702415143,5.235067667109092,5783.72013479814,1,0,0.0,0.0,0.9214077052954883,0.9214077052954883,4003.592996416793,4003.592996416793,3353.9070035832065,3353.9070035832065,asphalt,1.1575
3.016666666666661,62.7942946209319,17.442859616925528,0.0,0.0,0.0,0.0,17.442859616925528,0.0,26.115898364113505,5.1354295486461865,5816.571449952293,1,0,0.0,0.0,0.9078879673806646,0.9078879673806646,4011.102737344788,4011.102737344788,3346.3972626552118,3346.3972626552118,asphalt,1.1575
3.0333333333333274,63.098716888454504,17.52742135790403,0.0,0.0,0.0,0.0,17.52742135790403,0.0,26.407495679935945,5.036804457565154,5849.090711351177,1,0,0.0,0.0,0.8944456204148856,0.8944456204148856,4018.538933078344,4018.538933078344,3338.9610669216554,3338.9610669216554,asphalt,1.1575
3.049999999999994,63.397263863273196,17.610351073131444,0.0,0.0,0.0,0.0,17.610351073131444,0.0,26.700485332770192,4.939319679964456,5881.235378340856,1,0,0.0,0.0,0.88109971545027,0.88109971545027,4025.8916315628962,4025.8916315628962,3331.6083684371033,3331.6083684371033,asphalt,1.1575
3.0666666666666607,63.69000807476524,17.69166890965701,0.0,0.0,0.0,0.0,17.69166890965701,0.0,26.99484032978122,4.8430823522954825,5912.969634481871,1,0,0.0,0.0,0.8678668041965412,0.8678668041965412,4033.152401899595,4033.152401899595,3324.3475981004044,3324.3475981004044,asphalt,1.1575
3.0833333333333273,63.97702775459488,17.771396598498576,0.0,0.0,0.0,0.0,17.771396598498576,0.0,27.29053403083065,4.748180424721227,5944.264067013794,1,0,0.0,0.0,0.8547610131600047,0.8547610131600047,4040.3142799281645,4040.3142799281645,3317.185720071835,3317.185720071835,asphalt,1.1575
3.099999999999994,64.25840574384596,17.84955715106832,0.0,0.0,0.0,0.0,17.84955715106832,0.0,27.5875401716778,4.65468427054418,5975.095130167578,1,0,0.0,0.0,0.8417942101683891,0.8417942101683891,4047.3716563195417,4047.3716563195417,3310.128343680458,3310.128343680458,asphalt,1.1575
3.1166666666666605,64.53422850879183,17.926174585775506,0.0,0.0,0.0,0.0,17.926174585775506,0.0,27.885832882430073,4.562648582462714,6005.444512428203,1,0,0.0,0.0,0.8289762163821,0.8289762163821,4054.320137476941,4054.320137476941,3303.1798625230585,3303.1798625230585,asphalt,1.1575
3.133333333333327,64.80458527365221,18.001273687125614,0.0,0.0,0.0,0.0,18.001273687125614,0.0,28.1853867017743,4.472114333190689,6035.298482133051,1,0,0.0,0.0,0.8163150341327886,0.8163150341327886,4061.15639816719,4061.15639816719,3296.3436018328093,3296.3436018328093,asphalt,1.1575
3.1499999999999937,65.06956726891646,18.074879796921238,0.0,0.0,0.0,0.0,18.074879796921238,0.0,28.486176587529222,4.383110668683514,6064.6472554712755,1,0,0.0,0.0,0.8038170724838728,0.8038170724838728,4067.8780372385413,4067.8780372385413,3289.6219627614582,3289.6219627614582,asphalt,1.1575
3.1666666666666603,65.32926708825094,18.147018635625262,0.0,0.0,0.0,0.0,18.147018635625262,0.0,28.78817792403538,4.295656661500402,6093.484411119791,1,0,0.0,0.0,0.7914873600626622,0.7914873600626622,4074.4834428133236,4074.4834428133236,3283.016557186676,3283.016557186676,asphalt,1.1575
3.183333333333327,65.58377814417018,18.217716151158385,0.0,0.0,0.0,0.0,18.217716151158385,0.0,29.091366526857296,4.209762889936712,6121.806363025556,1,0,0.0,0.0,0.7793297397087532,0.7793297397087532,4080.9716701381485,4080.9716701381485,3276.528329861851,3276.528329861851,asphalt,1.1575
3.1999999999999935,65.83319421153351,18.28699839209264,0.0,0.0,0.0,0.0,18.28699839209264,0.0,29.39571864522378,4.125432832307467,6149.6118948910635,1,0,0.0,0.0,0.7673470426752655,0.7673470426752655,4087.3423332587654,4087.3423332587654,3270.157666741234,3270.157666741234,asphalt,1.1575
3.21666666666666,66.0776090478652,18.354891402184776,0.0,0.0,0.0,0.0,18.354891402184776,0.0,29.701210962581012,4.042664080075724,6176.9017551426095,1,0,0.0,0.0,0.7555412420961181,0.7555412420961181,4093.5955104568648,4093.5955104568648,3263.904489543135,3263.904489543135,asphalt,1.1575
3.2333333333333267,66.3171160800421,18.421421133345028,0.0,0.0,0.0,0.0,18.421421133345028,0.0,30.007820595583485,3.9614493815685137,6203.678308469042,1,0,0.0,0.0,0.7439135866026618,0.7439135866026618,4099.731662686172,4099.731662686172,3257.768337313827,3257.768337313827,asphalt,1.1575
3.2499999999999933,66.55180814776227,18.486613374378408,0.0,0.0,0.0,0.0,18.486613374378408,0.0,30.31552509180206,3.881777532016031,6229.945238672723,1,0,0.0,0.0,0.7324647156100815,0.7324647156100815,4105.751563875542,4105.751563875542,3251.748436124458,3251.748436124458,asphalt,1.1575
3.26666666666666,66.78177729521875,18.55049369311632,0.0,0.0,0.0,0.0,18.55049369311632,0.0,30.62430242638672,3.8036341271759966,6255.707297076364,1,0,0.0,0.0,0.721194758090124,0.721194758090124,4111.6562418178955,4111.6562418178955,3245.843758182104,3245.843758182104,asphalt,1.1575
3.2833333333333266,67.0071146034408,18.613087389844665,0.0,0.0,0.0,0.0,18.613087389844665,0.0,30.934130997885116,3.7270021977266765,6280.970090747062,1,0,0.0,0.0,0.710103416727029,0.710103416727029,4117.4469283431945,4117.4469283431945,3240.053071656805,3240.053071656805,asphalt,1.1575
3.299999999999993,67.22808943943352,18.674469288731533,0.0,0.0,0.0,0.0,18.674469288731533,0.0,31.24498983100464,3.6638215853619727,6305.739905113026,1,0,0.0,0.0,0.7011537580686096,0.7011537580686096,4123.125017532624,4123.125017532624,3234.374982467375,3234.374982467375,asphalt,1.1575
3.3166666666666598,67.447051041834,18.735291956064998,0.0,0.0,0.0,0.0,18.735291956064998,0.0,31.556865055029938,3.6407377295137167,6330.024731174209,1,0,0.0,0.0,0.6979301946649564,0.6979301946649564,4124.932794097915,4124.932794097915,3232.567205902085,3232.567205902085,asphalt,1.1575
3.3333333333333264,67.66464369293539,18.795734359148717,0.0,0.0,0.0,0.0,18.795734359148717,0.0,31.869750019910963,3.6180797262960596,6353.843238357368,1,0,0.0,0.0,0.694751813313488,0.694751813313488,4126.644414275239,4126.644414275239,3230.8555857247607,3230.8555857247607,asphalt,1.1575
3.349999999999993,67.88089193792361,18.85580331608989,0.0,0.0,0.0,0.0,18.85580331608989,0.0,32.183638459556846,3.595819809698071,6377.22600293789,1,0,0.0,0.0,0.6916284735540554,0.6916284735540554,4128.325528695964,4128.325528695964,3229.174471304036,3229.174471304036,asphalt,1.1575
3.3666666666666596,68.09581845089616,18.915505125248934,0.0,0.0,0.0,0.0,18.915505125248934,0.0,32.49852421618854,3.573925373273994,6400.208950351287,1,0,0.0,0.0,0.6885555037327716,0.6885555037327716,4129.978532307286,4129.978532307286,3227.5214676927144,3227.5214676927144,asphalt,1.1575
3.383333333333326,68.30944390276821,18.974845528546723,0.0,0.0,0.0,0.0,18.974845528546723,0.0,32.814401231213715,3.552362938979172,6422.828976762185,1,0,0.0,0.0,0.68552809272114,0.68552809272114,4131.605946405845,4131.605946405845,3225.8940535941542,3225.8940535941542,asphalt,1.1575
3.399999999999993,68.52178700176292,19.03382972271192,0.0,0.0,0.0,0.0,19.03382972271192,0.0,33.13126353602362,3.5311004653090095,6445.121402158803,1,0,0.0,0.0,0.682541627561796,0.682541627561796,4133.210218618894,4133.210218618894,3224.289781381105,3224.289781381105,asphalt,1.1575
3.4166666666666594,68.73286462966932,19.092462397130365,0.0,0.0,0.0,0.0,19.092462397130365,0.0,33.449105243276556,3.5101085755439954,6467.118614502567,1,0,0.0,0.0,0.6795918744042139,0.6795918744042139,4134.793613483023,4134.793613483023,3222.7063865169766,3222.7063865169766,asphalt,1.1575
3.433333333333326,68.94269202456158,19.150747784600437,0.0,0.0,0.0,0.0,19.150747784600437,0.0,33.767920538960674,3.489361099797179,6488.8494707835835,1,0,0.0,0.0,0.6766750595393534,0.6766750595393534,4136.358160967499,4136.358160967499,3221.1418390325002,3221.1418390325002,asphalt,1.1575
3.4499999999999926,69.1512829792142,19.20868971644839,0.0,0.0,0.0,0.0,19.20868971644839,0.0,34.087703675356565,3.4688351950180163,6510.339163653629,1,0,0.0,0.0,0.6737878887526486,0.6737878887526486,4137.905640969654,4137.905640969654,3219.5943590303455,3219.5943590303455,asphalt,1.1575
3.4666666666666592,69.35865003679697,19.26629167688805,0.0,0.0,0.0,0.0,19.26629167688805,0.0,34.40844896491558,3.4485112179797284,6531.609360632412,1,0,0.0,0.0,0.6709275303851086,0.6709275303851086,4139.437589176155,4139.437589176155,3218.062410823845,3218.062410823845,asphalt,1.1575
3.483333333333326,69.5648046735373,19.32355685376036,0.0,0.0,0.0,0.0,19.32355685376036,0.0,34.7301507750091,3.4283724652453884,6552.678490129358,1,0,0.0,0.0,0.6680915786948278,0.6680915786948278,4140.955314728453,4140.955314728453,3216.5446852715463,3216.5446852715463,asphalt,1.1575
3.4999999999999925,69.7697574632517,19.38048818423658,0.0,0.0,0.0,0.0,19.38048818423658,0.0,35.052803523472114,3.408404852785054,6573.562094148087,1,0,0.0,0.0,0.6652780081276193,0.6652780081276193,4142.459923564019,4142.459923564019,3215.0400764359806,3215.0400764359806,asphalt,1.1575
3.516666666666659,69.97351822191234,19.43708839497565,0.0,0.0,0.0,0.0,19.43708839497565,0.0,35.37640167485097,3.3885965800848794,6594.273198191266,1,0,0.0,0.0,0.6624851250740502,0.6624851250740502,4143.9523436127,4143.9523436127,3213.5476563873,3213.5476563873,asphalt,1.1575
3.5333333333333257,70.1760961323785,19.493360036771804,0.0,0.0,0.0,0.0,19.493360036771804,0.0,35.700939737262765,3.368937805173573,6614.822669218614,1,0,0.0,0.0,0.6597115210091216,0.6597115210091216,4145.43334956915,4145.43334956915,3212.06665043085,3212.06665043085,asphalt,1.1575
3.5499999999999923,70.37749985053158,19.54930551403655,0.0,0.0,0.0,0.0,19.54930551403655,0.0,36.02641225977781,3.34942034494361,6635.219545786065,1,0,0.0,0.0,0.6569560291541887,0.6569560291541887,4146.90358596811,4146.90358596811,3210.59641403189,3210.59641403189,asphalt,1.1575
3.566666666666659,70.57773759461061,19.604927109614056,0.0,0.0,0.0,0.0,19.604927109614056,0.0,36.352813830244074,3.3300374074485717,6655.471332974963,1,0,0.0,0.0,0.6542176856754142,0.6542176856754142,4148.363587940173,4148.363587940173,3209.1364120598264,3209.1364120598264,asphalt,1.1575
3.5833333333333255,70.77681721975667,19.66022700548796,0.0,0.0,0.0,0.0,19.66022700548796,0.0,36.680139073481826,3.310783358128333,6675.584259976735,1,0,0.0,0.0,0.6514956957317006,0.6514956957317006,4149.813799428562,4149.813799428562,3207.686200571438,3207.686200571438,asphalt,1.1575
3.599999999999992,70.97474627977698,19.71520729993805,0.0,0.0,0.0,0.0,19.71520729993805,0.0,37.00838264978553,3.2916535190327068,6695.563501312946,1,0,0.0,0.0,0.6487894042678141,0.6487894042678141,4151.254588893077,4151.254588893077,3206.245411106922,3206.245411106922,asphalt,1.1575
3.6166666666666587,71.17153207802293,19.769870021673036,0.0,0.0,0.0,0.0,19.769870021673036,0.0,37.33753925367967,3.2726439986203104,6715.413364383956,1,0,0.0,0.0,0.6460982712159887,0.6460982712159887,4152.686262662028,4152.686262662028,3204.8137373379714,3204.8137373379714,asphalt,1.1575
3.6333333333333253,71.36718170909812,19.824217141416145,0.0,0.0,0.0,0.0,19.824217141416145,0.0,37.6676036128829,3.2537515489343605,6735.1374468554895,1,0,0.0,0.0,0.6434218506571283,0.6434218506571283,4154.109076163073,4154.109076163073,3203.3909238369265,3203.3909238369265,asphalt,1.1575
3.649999999999992,71.56170209291159,19.87825058136433,0.0,0.0,0.0,0.0,19.87825058136433,0.0,37.99857048744269,3.234973446729441,6754.738767650296,1,0,0.0,0.0,0.6407597734544696,0.6407597734544696,4155.52324328766,4155.52324328766,3201.9767567123395,3201.9767567123395,asphalt,1.1575
3.6666666666666585,71.75510000238658,19.93197222288516,0.0,0.0,0.0,0.0,19.93197222288516,0.0,38.33043466900883,3.2163073952111176,6774.219875237476,1,0,0.0,0.0,0.6381117328797877,0.6381117328797877,4156.928944145191,4156.928944145191,3200.571055854809,3200.571055854809,asphalt,1.1575
3.683333333333325,71.94738208594322,19.985383912762003,0.0,0.0,0.0,0.0,19.985383912762003,0.0,38.66319098021968,3.197751443254049,6793.582936652651,1,0,0.0,0.0,0.6354774727835003,0.6354774727835003,4158.326331444533,4158.326331444533,3199.1736685554665,3199.1736685554665,asphalt,1.1575
3.6999999999999917,72.13855488569754,20.03848746824932,0.0,0.0,0.0,0.0,20.03848746824932,0.0,38.996834274179804,3.1793039193138384,6812.829810333081,1,0,0.0,0.0,0.6328567779052066,0.6328567779052066,4159.715535721958,4159.715535721958,3197.7844642780415,3197.7844642780415,asphalt,1.1575
3.7166666666666583,72.32862485216486,20.091284681156907,0.0,0.0,0.0,0.0,20.091284681156907,0.0,39.33135943401156,3.1609633775752854,6831.962105472086,1,0,0.0,0.0,0.6302494659692066,0.6302494659692066,4161.0966696046535,4161.0966696046535,3196.403330395346,3196.403330395346,asphalt,1.1575
3.733333333333325,72.51759835612012,20.143777321144476,0.0,0.0,0.0,0.0,20.143777321144476,0.0,39.666761372466205,3.142728554210521,6850.981230222425,1,0,0.0,0.0,0.6276553812587494,0.6276553812587494,4162.469831276435,4162.469831276435,3195.030168723564,3195.030168723564,asphalt,1.1575
3.7499999999999916,72.70548169815412,20.195967138376144,0.0,0.0,0.0,0.0,20.195967138376144,0.0,40.003035031583174,3.1245983319701054,6869.888430728321,1,0,0.0,0.0,0.6250743894078306,0.6250743894078306,4163.835107285382,4163.835107285382,3193.664892714617,3193.664892714617,asphalt,1.1575
3.766666666666658,72.89228111636696,20.24785586565749,0.0,0.0,0.0,0.0,20.24785586565749,0.0,40.34017538238798,3.1065717115816938,6888.684822650541,1,0,0.0,0.0,0.6225063731909743,0.6225063731909743,4165.192574813151,4165.192574813151,3192.307425186849,3192.307425186849,asphalt,1.1575
3.7833333333333248,73.0780027925587,20.299445220155196,0.0,0.0,0.0,0.0,20.299445220155196,0.0,40.678177424621325,3.0886477886986086,6907.371416571949,1,0,0.0,0.0,0.6199512291274265,0.6199512291274265,4166.542303504582,4166.542303504582,3190.957696495417,3190.957696495417,asphalt,1.1575
3.7999999999999914,73.08885175680562,20.302458821334895,0.0,0.0,0.0,0.0,20.302458821334895,0.0,41.016530592414064,0.21987358477360885,6552.9818556172,2,1,0.0,0.0,0.15296522572970356,0.15296522572970356,4384.469528750882,4384.469528750882,2973.030471249118,2973.030471249118,asphalt,1.1575
3.816666666666658,73.10660884998609,20.307391347218356,0.0,0.0,0.0,0.0,20.307391347218356,0.0,41.35495264374245,0.3692144863720159,6172.58814997578,2,1,0.0,0.0,0.17915329355304752,0.17915329355304752,4376.08702441258,4376.08702441258,2981.41297558742,2981.41297558742,asphalt,1.1575
3.8333333333333246,73.13702529294528,20.315840359151466,0.0,0.0,0.0,0.0,20.315840359151466,0.0,41.69349270460593,0.5825261702452167,5880.50857936298,2,1,0.0,0.0,0.21593700410736436,0.21593700410736436,4358.9494979368765,4358.9494979368765,2998.550502063123,2998.550502063123,asphalt,1.1575
3.849999999999991,73.17831723183974,20.327310342177704,0.0,0.0,0.0,0.0,20.327310342177704,0.0,42.03220609208038,0.7461818870856973,5656.289779663401,2,1,0.0,0.0,0.24389097157445355,0.24389097157445355,4345.799658730473,4345.799658730473,3011.700341269526,3011.700341269526,asphalt,1.1575
3.866666666666658,73.22794922522954,20.341097007008205,0.0,0.0,0.0,0.0,20.341097007008205,0.0,42.37113557921601,0.8716380923470979,5484.275199745913,2,1,0.0,0.0,0.26517202953112473,0.26517202953112473,4335.716610346401,4335.716610346401,3021.7833896535994,3021.7833896535994,asphalt,1.1575
3.8833333333333244,73.28335513124294,20.35648753645637,0.0,0.0,0.0,0.0,20.35648753645637,0.0,42.71031304093595,0.9378802878455872,5352.4648163679,2,1,0.0,0.0,0.27623664112628804,0.27623664112628804,4328.834092421638,4328.834092421638,3028.665907578361,3028.665907578361,asphalt,1.1575
3.899999999999991,73.34002299943015,20.372228610952817,0.0,0.0,0.0,0.0,20.372228610952817,0.0,43.04975158963165,0.948062141902426,5251.64728350888,2,1,0.0,0.0,0.2779998332136413,0.2779998332136413,4328.013569550975,4328.013569550975,3029.486430449024,3029.486430449024,asphalt,1.1575
3.9166666666666576,73.39720541624503,20.38811261562362,0.0,0.0,0.0,0.0,20.38811261562362,0.0,43.389454030643414,0.9557549975059487,5174.733581575589,2,1,0.0,0.0,0.27934480680528095,0.27934480680528095,4327.392759966764,4327.392759966764,3030.1072400332355,3030.1072400332355,asphalt,1.1575
3.9333333333333242,73.45477506865866,20.404104185738518,0.0,0.0,0.0,0.0,20.404104185738518,0.0,43.72942236582397,0.9615277528766342,5116.260055347546,2,1,0.0,0.0,0.2803674350035487,0.2803674350035487,4326.926008613493,4326.926008613493,3030.573991386507,3030.573991386507,asphalt,1.1575
3.949999999999991,73.51263373166283,20.420176036573007,0.0,0.0,0.0,0.0,20.420176036573007,0.0,44.069658094513905,0.9658189967356634,5072.014540939894,2,1,0.0,0.0,0.28114151468103193,0.28114151468103193,4326.578120097427,4326.578120097427,3030.9218799025725,3030.9218799025725,asphalt,1.1575
3.9666666666666575,73.57070560864847,20.43630711351346,0.0,0.0,0.0,0.0,20.43630711351346,0.0,44.41016232831103,0.9689669347815766,5038.7489503635825,2,1,0.0,0.0,0.2817238836966403,0.2817238836966403,4326.32195599525,4326.32195599525,3031.1780440047487,3031.1780440047487,asphalt,1.1575
3.983333333333324,73.62893220037324,20.452481166770344,0.0,0.0,0.0,0.0,20.452481166770344,0.0,44.75093587957579,0.9712324225631619,5013.958062991945,2,1,0.0,0.0,0.28215834013560254,0.28215834013560254,4326.136585773976,4326.136585773976,3031.363414226024,3031.363414226024,asphalt,1.1575
3.9999999999999907,73.68726835062802,20.468685652952228,0.0,0.0,0.0,0.0,20.468685652952228,0.0,45.09197932969775,0.9728166982029052,4995.709220183703,2,1,0.0,0.0,0.282478648294452,0.282478648294452,4326.005863314578,4326.005863314578,3031.494136685421,3031.494136685421,asphalt,1.1575
4.016666666666658,73.78083634602186,20.49467676278385,1.4475673848998865,0.1399321178594508,0.012201920793098753,0.054418219100378015,20.49460451602866,0.00046100392187546266,45.43339792092827,1.482506488352442,4982.522717400999,2,1,0.6685465808097645,0.6788448687928529,0.39125384093291055,0.39125384093291055,4283.209780502465,4283.209780502465,3074.2902194975345,3074.2902194975345,asphalt,1.1575
4.033333333333324,73.8606309858051,20.51684194050142,4.65401508747877,0.4116515562738119,0.06862032748009746,0.17197683703139868,20.516121153352618,0.0025552751150147756,45.775204943584114,1.2113785037198,4973.343419976408,2,1,1.0,1.0,0.39506650543153227,0.39506650543153227,4304.31657678564,4304.31657678564,3053.1834232143597,3053.1834232143597,asphalt,1.1575
4.049999999999991,73.92884036654141,20.535788990705946,8.059397088120656,0.6464199350276821,0.18172631763847902,0.2968114701132529,20.53364391485371,0.00671982669246442,46.11732778369175,1.0182866014324077,4967.323785365273,2,1,1.0,1.0,0.39645102927250253,0.3964510292725025,4318.975901201989,4318.975901201989,3038.524098798011,3038.524098798011,asphalt,1.1575
4.0666666666666575,73.98597950585108,20.55166097384752,11.362741464736247,0.8328672383694312,0.3506523995127931,0.4244913826675628,20.547276604212254,0.012991530131081598,46.459702363569306,0.8301892994913374,4963.735908528545,2,1,1.0,1.0,0.3984982661808702,0.3984982661808702,4333.1914056262995,4333.1914056262995,3024.3085943736996,3024.3085943736996,asphalt,1.1575
4.083333333333324,74.03180088824837,20.564389135624545,14.483957475104866,0.9790531174391176,0.5728204661525219,0.5569246228448468,20.556846438251707,0.021438803441075585,46.802262068060486,0.6441080749502248,4961.972710170432,2,1,1.0,1.0,0.40721113387105956,0.40721113387105956,4347.203179135008,4347.203179135008,3010.2968208649913,3010.2968208649913,asphalt,1.1575
4.099999999999991,74.06610460181393,20.573917944948313,17.372152313654443,1.0919475690630345,0.844631806350675,0.6952595758132913,20.562167048434027,0.032153695173429926,47.14493725698554,0.4576705506249823,4961.5336528794915,2,1,1.0,1.0,0.4271561597140196,0.4271561597140196,4361.201818101954,4361.201818101954,2996.298181898045,2996.298181898045,asphalt,1.1575
4.116666666666657,74.08870429173624,20.5801956365934,19.998622187515988,1.1775283071290152,1.1618788281139742,0.840063276580474,20.56304321183513,0.04524112951391983,47.48765508362142,0.26916516379770883,4962.009211395721,2,1,1.0,1.0,0.4594415650000829,0.4594415650000828,4375.328320551933,4375.328320551933,2982.1716794480667,2982.1716794480667,asphalt,1.1575
4.133333333333324,74.09941434211221,20.583170650586723,22.351187380445555,1.2408797726794905,1.5200542602207117,0.9914654521125748,20.559277961262207,0.06081075824444147,47.83033941929751,0.07749238940903069,4963.066028085718,2,1,1.0,1.0,0.5021010207490839,0.5021010207490839,4389.676278749662,4389.676278749662,2967.8237212503377,2967.8237212503377,asphalt,1.1575
4.149999999999991,74.09804854336896,20.582791262046932,24.429659407400862,1.2862907985414904,1.914577989333049,1.1492739996000871,20.550680412357124,0.07897090901067233,48.172910905795085,-0.11793135987289816,4964.43351803344,2,1,1.0,1.0,0.5517196545411333,0.551719654541133,4404.298511724533,4404.298511724533,2953.2014882754675,2953.2014882754675,asphalt,1.1575
4.166666666666657,74.08442423644027,20.57900673234452,26.24225435937828,1.3173486587686138,2.34095843171725,1.3130667674279914,20.53707315452125,0.09982420554397872,48.51528713483375,-0.31728312104263523,4965.89225081266,2,1,1.0,1.0,0.604846859617316,0.604846859617316,4419.215210070459,4419.215210070459,2938.284789929541,2938.284789929541,asphalt,1.1575
4.183333333333324,74.05836841664592,20.571769004623867,27.80279068833495,1.3370278549554062,2.794902494301706,1.4822637757718158,20.518298518118844,0.12346450885898097,48.85738293966337,-0.5204372776412924,4967.264160633163,2,1,1.0,1.0,0.6586663415766493,0.6586663415766493,4434.421938080477,4434.421938080477,2923.0780619195225,2923.0780619195225,asphalt,1.1575
4.19999999999999,74.1535525604396,20.598209044566556,29.32248511530115,1.3146628344497986,3.2743175846982076,1.648005327088239,20.532177046907428,0.14990948420188335,49.19941926764299,2.4197868516353083,4968.417291718529,2,0,1.0,1.0,1.0,1.0,4214.882603853848,4214.882603853848,3142.6173961461513,3142.6173961461513,asphalt,1.1575
4.216666666666657,74.28637565712393,20.63510434920109,30.58846105811303,1.2689493838292771,3.776435191213695,1.8147503595519272,20.55515051355557,0.1791062689752069,49.54186872818606,2.154647593948482,4969.620872448395,2,0,1.0,1.0,1.0,1.0,4233.281359447979,4233.281359447979,3124.2186405520197,3124.2186405520197,asphalt,1.1575
4.233333333333324,74.40666389352144,20.6685177482004,31.692914878136563,1.2170700685602327,4.297942453974938,1.9863801595930561,20.572844231395184,0.21113407148274022,49.88464565329745,1.9534214591504906,4971.328689213384,2,0,1.0,1.0,1.0,1.0,4248.479641461414,4248.479641461414,3109.020358538586,3109.020358538586,asphalt,1.1575
4.24999999999999,74.51490985154012,20.698586069872256,32.65952925573136,1.159620242596684,4.836391508856316,2.162158492649558,20.58534760320003,0.2460664560585366,50.227663370549614,1.75572284346174,4973.726185071338,2,0,1.0,1.0,1.0,1.0,4263.424124304818,4263.424124304818,3094.0758756951814,3094.0758756951814,asphalt,1.1575
4.266666666666657,74.61141911293848,20.725394198038465,33.509147991657734,1.0971798731425102,5.3897075887087205,2.3414685072888055,20.59270477361974,0.28396600673924505,50.57083579550146,1.5630069344064168,4976.827045526328,2,0,1.0,1.0,1.0,1.0,4278.016724207353,4278.016724207353,3079.4832757926465,3079.4832757926465,asphalt,1.1575
4.2833333333333234,74.69655884771502,20.749044124365284,34.258910199093364,1.0302783012367887,5.956123550573785,2.5237845967981953,20.594983451894826,0.3248860038971336,50.914077839777185,1.3761123502985129,4980.548085912146,2,0,1.0,1.0,1.0,1.0,4292.183800328723,4292.183800328723,3065.3161996712765,3065.3161996712765,asphalt,1.1575
4.29999999999999,74.77072730978595,20.769646474940544,34.92304610674114,0.9593944332190398,6.534126707584061,2.7086543650785617,20.592265689441533,0.3688717508689555,51.25730570228295,1.1954626294044601,4984.757720035038,2,0,1.0,1.0,1.0,1.0,4305.887087976838,4305.887087976838,3051.612912023161,3051.612912023161,asphalt,1.1575
4.316666666666657,74.83433520735842,20.78731533537734,35.51347577733755,0.8849582910468672,7.122416805718977,2.895684809226899,20.584642050276862,0.415961645429061,51.60043704413735,1.0212258968527976,4989.306483917923,2,0,0.9999999999999999,1.0,1.0,1.0,4319.1099522206305,4319.1099522206305,3038.3900477793695,3038.3900477793695,asphalt,1.1575
4.333333333333323,74.88779414881692,20.802165041338032,36.04026184087856,0.807353618661133,7.719872398068027,3.08453168933088,20.572207821830396,0.4661880553804621,51.943391089043,0.8534090114437731,4994.045465212039,2,0,1.0,1.0,1.0,1.0,4331.8493327167325,4331.8493327167325,3025.650667283267,3025.650667283267,asphalt,1.1575
4.34999999999999,74.93150935350496,20.81430815375138,36.511956110074486,0.7269211319583067,8.325523615418092,3.2748912662955205,20.555060474570794,0.5195780425685728,52.28608867427472,0.6919149887886533,4998.836716546714,2,0,1.0,1.0,1.0,1.0,4344.110874262628,4344.110874262628,3013.389125737371,3013.389125737371,asphalt,1.1575
4.3666666666666565,74.96587502159956,20.823854172666543,36.93586866727992,0.643962058703679,8.938529875039917,3.4664937944186875,20.53329791771742,0.5761539681493004,52.62845226806356,0.5365793420185128,5003.558467148524,2,0,1.0,1.0,1.0,1.0,4355.905873651371,4355.905873651371,3001.594126348629,3001.594126348629,asphalt,1.1575
4.383333333333323,74.99127141932836,20.83090872759121,37.31827968377567,0.5587417178652365,9.558161455673384,3.659098323097811,20.507017283826006,0.6359340035262241,52.97040596368487,0.3871939312071504,5008.107053312189,2,0,1.0,1.0,1.0,1.0,4367.249293636782,4367.249293636782,2990.2507063632183,2990.2507063632183,asphalt,1.1575
4.39999999999999,75.00806310595581,20.835573084987725,37.664608348490695,0.47149297927145645,10.183784140358645,3.852488486839834,20.47631407843295,0.6989325652965453,53.31187545725945,0.24352313580919827,5012.396861504098,2,0,0.9999999999999999,1.0,1.0,1.0,4378.158426523479,4378.158426523479,2979.3415734765213,2979.3415734765213,asphalt,1.1575
4.416666666666656,75.01659794089716,20.83794387247143,37.9795491935191,0.3824195122751232,10.81484632382702,4.04646905216015,20.441281590012398,0.7651606881697303,53.65278801420325,0.105315118872511,5016.359141971869,2,0,1.0,1.0,1.0,1.0,4388.651968954578,4388.651968954578,2968.848031045422,2968.848031045422,asphalt,1.1575
4.433333333333323,75.01720663422151,20.838112953950418,38.26718326801601,0.29169877823542567,11.450868121740537,4.240863053060755,20.402010490311497,0.8346263466520317,53.99307242790093,-0.027690173764369774,5019.940250324288,2,0,1.0,1.0,1.0,1.0,4398.749367572168,4398.749367572168,2958.7506324278315,2958.7506324278315,asphalt,1.1575
4.4499999999999895,75.01020267992578,20.836167411090496,38.5310696354959,0.19948475129717505,12.091432121756187,4.435509391176582,20.35858857641595,0.9073347339676207,54.33265897324776,-0.15575526800603257,5023.09966964026,2,0,1.0,1.0,1.0,1.0,4408.470350007948,4408.470350007948,2949.029649992052,2949.029649992052,asphalt,1.1575
4.466666666666656,74.99588255950512,20.832189599862534,38.77432127839083,0.10591037007553035,12.736175492527682,4.630260808042402,20.311100619467357,0.9832885049625915,54.671479357042664,-0.27914102220222503,5025.808027598054,2,0,1.0,1.0,1.0,1.0,4417.834586974094,4417.834586974094,2939.6654130259053,2939.6654130259053,asphalt,1.1575
4.483333333333323,74.97452613498541,20.82625725971817,38.99966850231508,0.011089733267803326,13.384783224065613,4.824982159278432,20.25962829398922,1.0624879884380893,55.00946666672874,-0.3981036621041767,5028.04523147431,2,0,1.0,1.0,1.0,1.0,4426.861449654539,4426.861449654539,2930.6385503454603,2930.6385503454603,asphalt,1.1575
4.499999999999989,74.94639717217832,20.818443658938424,39.20951221596044,-0.08487994236934518,14.03698231665968,5.019548936599896,20.204250168058014,1.1449313733632769,55.34655531861223,-0.5128926905405251,5029.798784198196,2,0,1.0,1.0,1.0,1.0,4435.569837795653,4435.569837795653,2921.9301622043463,2921.9301622043463,asphalt,1.1575
4.516666666666656,74.91174395016654,20.80881776393515,39.40596893698911,-0.1819165809585737,14.692536769484168,5.213845995325687,20.145041739090274,1.2306148726445623,55.682681006410206,-0.623749456766518,5031.062306795539,2,0,1.0,1.0,1.0,1.0,4443.9780609847285,4443.9780609847285,2913.521939015271,2913.521939015271,asphalt,1.1575
4.533333333333323,74.8707999241127,20.797444423364638,39.59090898299563,-0.27995170226404886,15.351243246624348,5.407766453791349,20.082075503398293,1.3195328675163356,56.01778065076001,-0.730906226639263,5031.834269415344,2,0,1.0,1.0,1.0,1.0,4452.103760258775,4452.103760258775,2905.3962397412247,2905.3962397412247,asphalt,1.1575
4.549999999999989,74.82378441673201,20.784384560203335,39.76598901099848,-0.378929051918653,16.012927319396383,5.601210737648242,20.015421050252048,1.411678035129415,56.35179235015393,-0.8345856336936208,5032.116919764134,2,0,0.9999999999999999,1.0,1.0,1.0,4459.963860386645,4459.963860386645,2897.5361396133544,2897.5361396133544,asphalt,1.1575
4.566666666666656,74.77090332000738,20.769695366668714,39.93267984246701,-0.4788033880865958,16.677440200787487,5.7940857470627884,19.945145173197,1.5070414615172016,56.6846553336296,-0.9350004191125549,5031.915390784764,2,0,1.0,1.0,1.0,1.0,4467.574545441617,4467.574545441617,2889.9254545583826,2889.9254545583826,asphalt,1.1575
4.583333333333322,74.71234979350211,20.75343049819503,40.09229033514634,-0.5795394071408186,17.344655901573997,5.986304128738413,19.871311992962646,1.6056127417950956,57.01630991544296,-1.0323533893256354,5031.236966487031,2,0,1.0,1.0,1.0,0.9999999999999999,4474.951251953118,4474.951251953118,2882.5487480468814,2882.5487480468814,asphalt,1.1575
4.599999999999989,74.64830494930489,20.735640263695803,40.245987924928926,-0.6811107926239668,18.01446874888181,6.177783637762409,19.7939830875546,1.7073800691804126,57.34669745186949,-1.1268375356743832,5030.0904844028955,2,0,0.9999999999999999,1.0,0.9999999999999999,1.0,4482.108675197255,4482.108675197255,2875.3913248027443,2875.3913248027443,asphalt,1.1575
4.616666666666656,74.57893851648677,20.716371810135215,40.39481635146326,-0.7834993734235012,18.68679121716814,6.368446576738227,19.71321762612578,1.8123303141964116,57.675760300216915,-1.2186362727385358,5028.485854157894,2,0,1.0,1.0,0.9999999999999999,0.9999999999999999,4489.060785151011,4489.060785151011,2868.439214848988,2868.439214848988,asphalt,1.1575
4.633333333333322,74.50440948014857,20.695669300041267,40.53971099338672,-0.8866943786565123,19.36155202922568,6.558219301649357,19.629072504021792,1.9204490952362563,58.0034417800843,-1.3079237614567774,5026.433673441223,2,0,1.0,1.0,1.0,1.0,4495.820849400632,4495.820849400632,2861.6791505993674,2861.6791505993674,asphalt,1.1575
4.649999999999989,74.4248666918303,20.673574081063972,40.68151216810304,-0.9906917782016813,20.038694491149272,6.747031785521584,19.541602477033493,2.031720841504144,58.32968613686582,-1.3948652906370285,5023.944924784972,2,0,1.0,1.0,1.0,1.0,4502.401460892618,4502.401460892618,2855.0985391073814,2855.0985391073814,asphalt,1.1575
4.666666666666655,74.34044944935332,20.650124847042587,40.82097669323021,-1.0954936991199364,20.71817503050449,6.934817232285322,19.4508602933969,2.14612884921618,58.65443850747016,-1.4796176964310348,5021.030738759657,2,0,1.0,1.0,1.0,1.0,4508.814568885762,4508.814568885762,2848.685431114238,2848.685431114238,asphalt,1.1575
4.683333333333322,74.25128804515066,20.625357790319626,40.9587879594762,-1.201107909372187,21.39996191138287,7.121511734348015,19.356896822482728,2.263655331828743,58.97764488820673,-1.5623298040597433,5017.70221130043,2,0,1.0,1.0,1.0,1.0,4515.071511842434,4515.071511842434,2842.4284881575654,2842.4284881575654,asphalt,1.1575
4.699999999999989,74.15750428288386,20.599306745245517,41.09556472564395,-1.307547361278891,22.084034103775416,7.307053968312911,19.259761179435223,2.384281464963793,59.29925210477515,-1.6431428798037473,5013.970264811289,2,0,1.0,1.0,1.0,1.0,4521.183051295838,4521.183051295838,2836.316948704162,2836.316948704162,asphalt,1.1575
4.716666666666655,74.05921196269146,20.572003322969852,41.23186881410581,-1.4148297880822145,22.770380287862576,7.491384924059427,19.15950084526885,2.507987426616109,59.61920778428531,-1.722191084261624,5009.845544414527,2,0,1.0,1.0,1.0,1.0,4527.159405961802,4527.159405961802,2830.3405940381977,2830.3405940381977,asphalt,1.1575
4.733333333333322,73.9565173358122,20.54347703772561,41.36821185814986,-1.5229773477771384,23.45899797650425,7.674447663058432,19.05616178212539,2.634752433154727,59.937460329228905,-1.7996019202101365,5005.338342209905,2,0,1.0,1.0,1.0,1.0,4533.010285556348,4533.010285556348,2824.489714443652,2824.489714443652,asphalt,1.1575
4.7499999999999885,73.84951952960587,20.51375542489052,41.50506123008976,-1.6320163090863624,24.149892741497347,7.856187102354266,18.9497885435439,2.7645547715679744,60.25395889332008,-1.875496670236032,5000.458543690161,2,0,1.0,1.0,1.0,1.0,4538.744923923433,4538.744923923433,2818.7550760765666,2818.7550760765666,asphalt,1.1575
4.766666666666655,73.73831094418183,20.48286415116162,41.64284526014834,-1.7419767750733604,24.843077531114705,8.036549821121135,18.840424379710235,2.8973718283471013,60.568653359121576,-1.9499908207748717,4995.215591543066,2,0,0.9999999999999999,1.0,1.0,1.0,4544.372111196083,4544.372111196083,2813.1278888039164,2813.1278888039164,asphalt,1.1575
4.783333333333322,73.62297762196387,20.450827117212185,41.78195784023842,-1.8528924404346092,25.538572068105132,8.21548388710802,18.728111337739577,3.033180115356282,60.881494317373196,-2.0231944702922533,4989.618462976723,2,0,1.0,1.0,1.0,0.9999999999999999,4549.900224799276,4549.900224799276,2807.5997752007233,2807.5997752007233,asphalt,1.1575
4.799999999999988,73.50359959158303,20.417666553217508,41.92276249335648,-1.9648003789870618,26.23640231875928,8.392938700634843,18.612890357109045,3.1719552929956945,61.19243304794093,-2.0952127202303927,4983.675657456468,2,0,1.0,1.0,1.0,1.0,4555.337259178585,4555.337259178585,2802.162740821415,2802.162740821415,asphalt,1.1575
4.816666666666655,73.38025118751479,20.383403107642994,42.065595977959994,-2.0777408582864134,26.93660002487104,8.568864854101982,18.494801360404114,3.3136721909286107,61.501421502307586,-2.166146047990196,4977.3951923605055,2,0,1.0,1.0,1.0,0.9999999999999999,4560.690854187325,4560.690854187325,2796.8091458126746,2796.8091458126746,asphalt,1.1575
4.8333333333333215,73.25300134686836,20.348055929685653,42.2107714870731,-2.191757178678287,27.639202291478306,8.743214005233256,18.373883339574913,3.4583048266122,61.80841228752879,-2.236090661728838,4970.784604567676,2,0,1.0,1.0,1.0,0.9999999999999999,4565.968322107718,4565.968322107718,2791.531677892281,2791.531677892281,asphalt,1.1575
4.849999999999988,73.12191388470907,20.31164274575252,42.358581493681605,-2.3068955344076585,28.344251224175196,8.915938762495154,18.250174437920236,3.605826421844446,62.11335865158183,-2.305138837149343,4963.850956402492,2,0,1.0,1.0,0.9999999999999999,1.0,4571.176673311771,4571.176673311771,2786.323326688228,2786.323326688228,asphalt,1.1575
4.866666666666655,72.98704774924859,20.27417993034683,42.50930028700357,-2.4232048946937206,29.05179361057362,9.086992581327634,18.123712028030425,3.75620941751567,62.416214470038454,-2.3733792366871853,4956.600844695955,2,0,1.0,1.0,1.0,1.0,4576.322640590663,4576.322640590663,2781.1773594093374,2781.1773594093374,asphalt,1.1575
4.883333333333321,72.84845725818408,20.2356825717178,42.66318623826426,-2.540736902929479,29.761880641171615,9.256329669988748,17.994532785927216,3.909425486732168,62.716934233996874,-2.4408972117564076,4949.040411989208,2,0,1.0,1.0,1.0,1.0,4581.412702194823,4581.412702194823,2776.087297805176,2776.087297805176,asphalt,1.1575
4.899999999999988,72.7061923174041,20.19616453261225,42.8204838295089,-2.659545792382371,30.4745676654754,9.423904903960308,17.862672761640624,4.065445546461056,63.01547303921188,-2.5077750887979278,4941.175359122521,2,0,1.0,1.0,1.0,1.0,4586.453103642681,4586.453103642681,2771.046896357319,2771.046896357319,asphalt,1.1575
4.9166666666666545,72.56029862321408,20.155638506448355,42.98142547461706,-2.7796883169697977,31.189913979735298,9.5896737479877,17.728167446461555,4.2242397678292,63.3117865763664,-2.5740924400014364,4933.010958624215,2,0,1.0,1.0,1.0,1.0,4591.449878359402,4591.449878359402,2766.0501216405974,2766.0501216405974,asphalt,1.1575
4.933333333333321,72.41081784916535,20.1141160692126,43.14623315792928,-2.901223695852719,31.90798264310089,9.753592184936908,17.591051837104402,4.385777585194812,63.60583112243142,-2.639926339612373,4924.552068451005,2,0,1.0,1.0,1.0,1.0,4596.408867215171,4596.408867215171,2761.0911327848285,2761.0911327848285,asphalt,1.1575
4.949999999999988,72.25778781850477,20.071607727362434,43.315119912670184,-3.024213570744795,32.628840319390896,9.915616650747504,17.451360497008082,4.55002770409772,63.89756353306513,-2.7053516067516625,4915.803145739695,2,0,1.0,1.0,1.0,1.0,4601.335737029777,4601.335737029777,2756.164262970223,2756.164262970223,asphalt,1.1575
4.966666666666654,72.10124266319389,20.0281229619983,43.48829115856893,-3.1487219749700195,33.35255714201329,10.075703974844194,17.309127614996445,4.7169581081831575,64.1869412360061,-2.7704410356955123,4906.768260315625,2,0,1.0,1.0,1.0,1.0,4606.235998119575,4606.235998119575,2751.2640018804245,2751.2640018804245,asphalt,1.1575
4.983333333333321,71.94121297038281,19.983670269550778,43.66594591567777,-3.274815313421279,34.07920659986865,10.233811325442804,17.164387061511,4.886536065184087,64.47392222541838,-2.835265614549769,4897.4511077703955,2,0,1.0,1.0,1.0,1.0,4611.115020951122,4611.115020951122,2746.3849790488775,2746.3849790488775,asphalt,1.1575
4.999999999999988,71.77772591715987,19.938257199211073,43.848277909314575,-3.402562352681679,34.80886544233153,10.389896159250984,17.017172442620243,5.058728132038344,64.75846505715056,-2.8998947332311786,4887.855021973673,2,0,1.0,1.0,1.0,1.0,4615.978051976177,4615.978051976177,2741.521948023822,2741.521948023822,asphalt,1.1575
5.016666666666654,71.61080539434025,19.891890387316735,44.03547657925731,-3.532034220666081,35.54161360163405,10.543916175120419,16.867517152001298,5.2335001592091706,65.04052884487349,-2.964396381631218,4877.982986924572,2,0,1.0,1.0,1.0,1.0,4620.830228710142,4620.830228710142,2736.669771289857,2736.669771289857,asphalt,1.1575
5.033333333333321,71.44047211999856,19.84457558888849,44.227728004763335,-3.663304415227889,36.27753413117857,10.695829271257065,16.715454421080796,5.410817294270823,65.32007325706506,-3.0288373388194145,4867.837647879292,2,0,1.0,1.0,1.0,1.0,4625.67659412298,4625.67659412298,2731.82340587702,2731.82340587702,asphalt,1.1575
5.049999999999987,71.26674374339808,19.796317706499465,44.425215755631775,-3.796448821253104,37.016713158484336,10.84559350563994,16.561017367513536,5.590643984814875,65.59705851481304,-3.0932833541029936,4857.421321715584,2,0,1.0,1.0,1.0,1.0,4630.522110401421,4630.522110401421,2726.977889598579,2726.977889598579,asphalt,1.1575
5.066666666666654,71.08963493991912,19.7471208166442,44.628121678354916,-3.9315457358363246,37.759239851631385,10.993167059337704,16.404239042169404,5.772943980727398,65.87144539041014,-3.1577993207102395,4846.736006512638,2,0,1.0,1.0,1.0,0.9999999999999999,4635.3716721423925,4635.3716721423925,2722.128327857607,2722.128327857607,asphalt,1.1575
5.083333333333321,70.9091574975422,19.69698819376172,44.83662662537963,-4.0686759011955935,38.5052063982044,11.138508202446683,16.245152474791258,5.957680335882393,66.14319520671819,-3.222449442848756,4835.78339033837,2,0,1.0,1.0,1.0,1.0,4640.230119034361,4640.230119034361,2717.269880965638,2717.269880965638,asphalt,1.1575
5.099999999999987,70.72532039539777,19.645922332054937,45.0509111346119,-4.207922545043483,39.254707995863974,11.2815752624045,16.083790718479204,6.144815409292577,66.4122698372808,-3.2872973968233055,4824.5648592459365,2,0,1.0,1.0,1.0,1.0,4645.102248080239,4645.102248080239,2712.3977519197597,2712.3977519197597,asphalt,1.1575
5.116666666666654,70.53812987485436,19.59392496523732,45.271156065518035,-4.3493714281844795,40.00784285378303,11.42232659446065,15.92018689315007,6.334310865754797,66.67863170716662,-3.3524064868876735,4813.0815044882465,2,0,1.0,1.0,1.0,0.9999999999999999,4649.992825410855,4649.992825410855,2707.507174589144,2707.507174589144,asphalt,1.1575
5.13333333333332,70.34758950357856,19.540997084327376,45.49754319749946,-4.493110899158109,40.764712204284805,11.560720554109597,15.754374228114516,6.526127676023966,66.94224379452753,-3.4178397964615215,4801.334128964112,2,0,1.0,1.0,1.0,1.0,4654.906597738536,4654.906597738536,2702.593402261464,2702.593402261464,asphalt,1.1575
5.149999999999987,70.15370023296634,19.48713895360176,45.730255795626036,-4.639231955794801,41.5254203241076,11.696715471313652,15.586386103908595,6.720226116546407,67.20306963285846,-3.48366033528265,4789.323252912719,2,0,1.0,1.0,1.0,1.0,4659.848303495243,4659.848303495243,2697.6516965047567,2697.6516965047567,asphalt,1.1575
5.166666666666654,69.95646044931206,19.432350124808906,45.969479148292464,-4.787828313592075,42.290074564800385,11.83026962636244,15.416256093511386,6.916565768780819,67.4610733139479,-3.5499311830906777,4777.049118875013,2,0,1.0,1.0,1.0,0.9999999999999999,4664.8226836978965,4664.8226836978965,2692.6773163021035,2692.6773163021035,asphalt,1.1575
5.18333333333332,69.75586601905235,19.376629449736765,46.215401080911874,-4.938996480860452,43.058785391824415,11.961341227233305,15.244018003075661,7.115105518132693,67.71621949151012,-3.6167156303332604,4764.511695941362,2,0,1.0,1.0,1.0,1.0,4669.834492581339,4669.834492581339,2687.66550741866,2687.66550741866,asphalt,1.1575
5.199999999999987,69.55191032839457,19.319975091220712,46.468212449360614,-5.092835840625821,43.83166643200112,12.089888388332932,15.069705912294415,7.31580355252594,67.9684733854923,-3.6840773164277607,4751.710683304968,2,0,1.0,1.0,1.0,1.0,4674.888508037933,4674.888508037933,2682.611491962067,2682.611491962067,asphalt,1.1575
5.2166666666666535,69.34458431761405,19.26238453267057,46.72810761654268,-5.249448739310913,44.60883452900392,12.215869110514952,14.89335421452243,7.518617360633637,68.21780078705164,-3.752080366036239,4738.64551314008,2,0,1.0,1.0,1.0,1.0,4679.989541898205,4679.989541898205,2677.510458101794,2677.510458101794,asphalt,1.1575
5.23333333333332,69.1338765102815,19.203854586189305,46.99528491513593,-5.408940582253868,45.39040980664499,12.339241262281512,14.714997656768869,7.723503729788159,68.4641680641998,-3.820789523796293,4725.3153528231305,2,0,1.0,1.0,1.0,1.0,4685.1424500890425,4685.1424500890425,2672.357549910957,2672.357549910957,asphalt,1.1575
5.249999999999987,68.91977303766018,19.14438139935005,47.269947099314855,-5.57141993615431,46.176515739756375,12.45996256208899,14.534671379674222,7.930418743589628,68.70754216811349,-3.8902702879477147,4711.719106513831,2,0,1.0,1.0,1.0,1.0,4690.352142699099,4690.352142699099,2667.1478573009,2667.1478573009,asphalt,1.1575
5.266666666666653,68.70225765849383,19.083960460692733,47.55230178800993,-5.736998638570738,46.96727923250825,12.577990561689294,14.352410957582652,8.139317779230309,68.94789064011226,-3.960589043245477,4697.855416111852,2,0,1.0,1.0,0.9999999999999999,1.0,4695.623593983562,4695.623593983562,2661.8764060164367,2661.8764060164367,asphalt,1.1575
5.28333333333332,68.4813117743875,19.02258660399653,47.84256190205771,-5.905791914624387,47.76283070404832,12.693282630448657,14.168252438818934,8.350155504551621,69.18518161930602,-4.0318131935291035,4683.722661603251,2,0,1.0,1.0,1.0,0.9999999999999999,4700.961852337748,4700.961852337748,2656.5381476622524,2656.5381476622524,asphalt,1.1575
5.2999999999999865,68.2569144409681,18.960254011380027,48.1409460974145,-6.077918501096329,48.56330418138344,12.805795940595702,13.98223238627777,8.562885874849517,69.41938385091714,-4.104011294322731,4669.318960809253,2,0,1.0,1.0,1.0,1.0,4706.372050264608,4706.372050264608,2651.1279497353917,2651.1279497353917,asphalt,1.1575
5.316666666666653,68.02904237499642,18.896956215276784,48.447679196446614,-6.253500778136357,49.36883739945863,12.91548745335992,13.794387918432275,8.777462129443336,69.6504666952831,-4.177253185801817,4654.642168548349,2,0,1.0,1.0,1.0,1.0,4711.859414363533,4711.859414363533,2645.6405856364668,2645.6405856364668,asphalt,1.1575
5.33333333333332,67.79766995758932,18.832686099330367,48.762992619172,-6.4326649088328205,50.17957190842167,13.022313905970512,13.604756750867626,8.993836788022623,69.87840013754806,-4.251610126416381,4639.689875221086,2,0,1.0,1.0,0.9999999999999999,1.0,4717.429275364532,4717.429275364532,2640.0707246354677,2640.0707246354677,asphalt,1.1575
5.349999999999986,67.56276923369855,18.767435898249595,49.087124816202156,-6.615540986925221,50.99565318809064,13.126231799494228,13.413377238445731,9.211961646786012,70.10315479805305,-4.327154927510151,4624.459404825294,2,0,1.0,1.0,0.9999999999999999,1.0,4723.087078230199,4723.087078230199,2634.412921769801,2634.412921769801,asphalt,1.1575
5.366666666666653,67.32430990798254,18.701197196661816,49.42032170502612,-6.8022631929724975,51.81723076966937,13.227197387499084,13.220288418206662,9.431787774386025,70.32470194343647,-4.403962089182869,4608.947812407929,2,0,1.0,1.0,1.0,1.0,4728.83839234602,4728.83839234602,2628.66160765398,2628.66160765398,asphalt,1.1575
5.3833333333333195,67.082259337198,18.633960926999443,49.76283711118106,-6.992969959324508,52.64445836478382,13.325166665539035,13.025530053112972,9.653265507693503,70.54301349845811,-4.482107937653268,4593.151880958181,2,0,1.0,1.0,1.0,1.0,4734.688921820388,4734.688921820388,2622.811078179612,2622.811078179612,asphalt,1.1575
5.399999999999986,66.83658251922972,18.5657173664527,50.11493321576779,-7.187804144276046,53.4774940019353,13.420095361462847,12.829142676743706,9.876344447395327,70.75806205856227,-4.561670764378505,4577.068117744975,2,0,1.0,1.0,1.0,1.0,4740.6445159112445,4740.6445159112445,2616.8554840887555,2616.8554840887555,asphalt,1.1575
5.416666666666653,66.58724207887091,18.4964561330197,50.47688101069292,-7.386913215819393,54.31650017049105,13.51193892655842,12.631167639045778,10.100973453439336,70.96982090319639,-4.642730967128728,4560.692750100612,2,0,1.0,1.0,1.0,1.0,4746.711179594995,4746.711179594995,2610.7888204050046,2610.7888204050046,asphalt,1.1575
5.433333333333319,66.33419825045985,18.42616618068329,50.848960762950256,-7.590449445446485,55.16164397235463,13.600652527552045,12.431647153251607,10.327100640340495,71.17826400990438,-4.725371193188153,4544.021720650897,2,0,1.0,1.0,1.0,1.0,4752.895084295073,4752.895084295073,2604.6049157049274,2604.6049157049274,asphalt,1.1575
5.449999999999986,66.07740885747462,18.35483579374295,51.23146248918906,-7.798570112490181,56.013097281479936,13.6861910394904,12.230624344073368,10.554673372362894,71.38336606921499,-4.809676484890701,4527.050681990833,2,0,1.0,1.0,0.9999999999999999,0.9999999999999999,4759.202578779572,4759.202578779572,2598.297421220427,2598.297421220427,asphalt,1.1575
5.466666666666653,65.81682928918457,18.282452580329046,51.62468644176012,-8.011437719533749,56.87103691141267,13.768509039541568,12.028143297285844,10.783638258592621,71.58510250034766,-4.89573442757802,4509.774990803734,2,0,1.0,1.0,1.0,1.0,4765.6402002407885,4765.6402002407885,2591.859799759211,2591.859799759211,asphalt,1.1575
5.483333333333319,65.55240751642631,18.2090020878962,52.02893846776789,-8.229220098980152,57.73564475866086,13.847559772582493,11.82424819520308,11.013941142365008,71.78344946279682,-4.983864286779749,4492.189701420454,2,0,1.0,1.0,1.0,1.0,4772.221966763402,4772.221966763402,2585.2780332365974,2585.2780332365974,asphalt,1.1575
5.499999999999986,65.28406973344286,18.13446381484524,52.444556481868574,-8.452090832862215,58.607108053834814,13.923292016060614,11.618980905717768,11.245527034802459,71.9783838218405,-5.074233193539612,4474.289541679675,2,0,1.0,1.0,1.0,1.0,4778.980278456535,4778.980278456535,2578.519721543464,2578.519721543464,asphalt,1.1575
5.516666666666652,65.01176119795811,18.058822554988364,52.871890137953635,-8.680230032544975,59.48561990950055,13.995658649328966,11.41238848988325,11.478340133470242,72.16988319319783,-5.166623454152841,4456.0688360461845,2,0,1.0,1.0,1.0,1.0,4785.888952015094,4785.888952015094,2571.611047984905,2571.611047984905,asphalt,1.1575
5.533333333333319,64.73542795895888,17.982063321933023,53.31128689450123,-8.913823976329407,60.37137918945006,14.064612970171769,11.204519771649517,11.712323858780051,72.35792599844778,-5.261134436475459,4437.521507686538,2,0,1.0,1.0,1.0,1.0,4792.955200403725,4792.955200403725,2564.544799596275,2564.544799596275,asphalt,1.1575
5.549999999999986,64.45501346375949,17.904170406599857,53.76310701481945,-9.15306544853701,61.26459068104381,14.13010797135413,10.995424806092782,11.947420849596726,72.54249148564897,-5.35786902397092,4418.641115474202,2,0,1.0,1.0,1.0,1.0,4800.186696419025,4800.186696419025,2557.313303580975,2557.313303580975,asphalt,1.1575
5.566666666666652,64.17045851895085,17.825127366375238,54.22772415556781,-9.398154034532482,62.165465314776654,14.192096340984099,10.785154939810793,12.183572958156223,72.72355975048445,-5.456933586004595,4399.420873338172,2,0,1.0,1.0,1.0,1.0,4807.591371901449,4807.591371901449,2549.9086280985507,2549.9086280985507,asphalt,1.1575
5.583333333333319,63.881701249316436,17.74491701369901,54.705525965754525,-9.64929643182704,63.07422039371612,14.250530464387396,10.57376287357681,12.420721245005533,72.90111175843688,-5.558438143245326,4379.85365659922,2,0,1.0,1.0,1.0,1.0,4815.177430131524,4815.177430131524,2542.3225698684755,2542.3225698684755,asphalt,1.1575
5.599999999999985,63.58867705464416,17.663521404067822,55.196914704488094,-9.906706778260304,63.991079833118214,14.30536242756155,10.3613027273636,12.65880597399017,73.07512936803218,-5.6624965347876355,4359.931999687682,2,0,1.0,1.0,1.0,1.0,4822.953358366478,4822.953358366478,2534.546641633522,2534.546641633522,asphalt,1.1575
5.616666666666652,63.29131856457477,17.580921823492993,55.70230787812931,-10.170606998262208,64.91627441054057,14.356544022345668,10.147830107871487,12.897766607316875,73.24559535519295,-5.769226586728564,4339.648088212265,2,0,1.0,1.0,1.0,1.0,4830.927940492147,4830.927940492147,2526.572059507852,2526.572059507852,asphalt,1.1575
5.633333333333319,62.98955559163711,17.497098775454752,56.22213889739897,-10.441227168268572,65.85004202678164,14.404026753456483,9.933402178696387,13.137541800721744,73.41249343874463,-5.878750281709699,4318.993747362294,2,0,1.0,1.0,1.0,1.0,4839.110269757217,4839.110269757217,2518.389730242783,2518.389730242783,asphalt,1.1575
5.649999999999985,62.68331508263534,17.412031967398704,56.75685775489158,-10.718805902439698,66.79262797798422,14.44776184755708,9.71807773327567,13.378069398776551,73.57580830711997,-5.99119392889321,4297.960427946509,2,0,1.0,1.0,1.0,1.0,4847.509761550981,4847.509761550981,2509.9902384490183,2509.9902384490183,asphalt,1.1575
5.666666666666652,62.372521068570414,17.325700296825115,57.30693172332559,-11.003590759912958,67.7442852392462,14.487700264541704,9.50191727075142,13.619286430369067,73.73552564630936,-6.106688333607053,4276.5391909077025,2,0,1.0,1.0,1.0,1.0,4856.136166171825,4856.136166171825,2501.3638338281753,2501.3638338281753,asphalt,1.1575
5.6833333333333185,62.057094613299235,17.238081837027565,57.87284607471965,-11.295838674908197,68.70527476008665,14.523792711238565,9.284983074892121,13.861129104396353,73.8916321691072,-6.225368965817779,4254.720690839061,2,0,1.0,1.0,1.0,1.0,4864.9995815253515,4864.9995815253515,2492.500418474648,2492.500418474648,asphalt,1.1575
5.699999999999985,61.73695376115898,17.14915382254416,58.45510482052436,-11.59581641109856,69.6758657721168,14.55598965775247,9.06733929621497,14.103532805713645,74.04411564570701,-6.347376126377071,4232.4951588188405,2,0,1.0,1.0,1.0,1.0,4874.110465674484,4874.110465674484,2483.3895343255153,2483.3895343255153,asphalt,1.1575
5.716666666666652,61.41201348381322,17.05889263439256,59.05423147255214,-11.90380104176085,70.65633610926325,14.584241356690772,8.849052037451427,14.346432091385308,74.19296493569962,-6.472855109767295,4209.852384742898,2,0,1.0,1.0,1.0,1.0,4883.479649153224,4883.479649153224,2474.020350846775,2474.020350846775,asphalt,1.1575
5.733333333333318,61.08218562660823,16.967273785168953,59.67076982433296,-12.22008045732729,71.64697254088696,14.608497865539352,8.63018944249857,14.589760687288683,74.338170021532,-6.601956361867565,4186.78169924666,2,0,1.0,1.0,1.0,1.0,4893.118346935537,4893.118346935537,2464.381653064462,2464.381653064462,asphalt,1.1575
5.749999999999985,60.74737885476611,16.874271904101697,60.30528475227299,-12.544953902077774,72.64807111813185,14.628709072480653,8.410821788997682,14.833451485126304,74.47972204348632,-6.734835631030762,4163.271955253954,2,0,1.0,1.0,0.9999999999999999,1.0,4903.038169933881,4903.038169933881,2454.4618300661186,2454.4618300661186,asphalt,1.1575
5.7666666666666515,60.40749859978297,16.779860722161935,60.95836303570915,-12.878732541838977,73.65993753382463,14.64482472597288,8.191021584679545,15.077436539907188,74.61761333624091,-6.871654110382508,4139.311509158477,2,0,1.0,1.0,1.0,1.0,4913.2511358812635,4913.2511358812635,2444.2488641187356,2444.2488641187356,asphalt,1.1575
5.783333333333318,60.06244700644931,16.68401305734703,61.63061419461709,-13.221740064688872,74.68288749622747,14.656794468438887,7.970863667612529,15.321647067963424,74.75183746707748,-7.0125785690220255,4114.888201627387,2,0,1.0,1.0,1.0,1.0,4923.769679423138,4923.769679423138,2433.730320576862,2433.730320576862,asphalt,1.1575
5.799999999999985,59.7121228809641,16.586700800267806,62.32267134335343,-13.574313316816326,75.71724711692248,14.664567874444936,7.750425310484726,15.56601344557451,74.88238927580106,-7.157781469342694,4089.9893380102967,2,0,1.0,1.0,1.0,1.0,4934.606661221458,4934.606661221458,2422.893338778541,2422.893338778541,asphalt,1.1575
5.816666666666651,59.356421640675556,16.487894900187655,63.03519205837041,-13.93680297583827,76.76335331307325,14.668094493783542,7.529786329044868,15.810465208278517,75.00926491644107,-7.307441067317484,4064.601668337411,2,0,1.0,1.0,0.9999999999999999,0.9999999999999999,4945.775375840933,4945.775375840933,2411.724624159067,2411.724624159067,asphalt,1.1575
5.833333333333318,58.99523526605168,16.387565351681022,63.76885925734058,-14.309574264052724,77.82155422427101,14.667323899911437,7.309029194818086,16.054931050956473,75.13246190080413,-7.461741492078602,4038.711366895665,2,0,1.0,1.0,1.0,0.9999999999999999,4957.2895581492485,4957.2895581492485,2400.2104418507515,2400.2104418507515,asphalt,1.1575
5.8499999999999845,58.628452255562046,16.285681182100568,64.524382086551,-14.693007704286211,78.89220964412348,14.662205744233129,7.0882391522014565,16.299338828784276,75.25197914395103,-7.620872800566474,4012.3040113797038,2,0,1.0,1.0,1.0,1.0,4969.163387928189,4969.163387928189,2388.33661207181,2388.33661207181,asphalt,1.1575
5.866666666666651,58.25595758424034,16.18221044006676,65.30249681276526,-15.087499921197907,79.97569146668573,14.652689816762955,6.867504340030439,16.54361555915504,75.36781701167168,-7.7850310024373925,3985.3645616248978,2,0,1.0,1.0,1.0,0.9999999999999999,4981.411492342319,4981.411492342319,2376.08850765768,2376.08850765768,asphalt,1.1575
5.883333333333318,57.87763266679714,16.07712018522143,66.10396771499714,-15.493464491116228,81.072384147761,14.638726113744067,6.6469159176900865,16.787687424684183,75.47997737003342,-7.954418049678225,3957.8773379415475,2,0,1.0,1.0,1.0,1.0,4994.04894586342,4994.04894586342,2363.4510541365794,2363.4510541365794,asphalt,1.1575
5.899999999999984,57.49335532626345,15.970376479517624,66.9295879707779,-15.911332843720196,82.1826851810143,14.620264912851402,6.426568195823952,17.03147977741962,75.58846363707912,-8.129241784610883,3929.8259990829306,2,0,1.0,1.0,1.0,0.9999999999999999,5007.0912671907845,5007.0912671907845,2350.4087328092146,2350.4087328092146,asphalt,1.1575
5.916666666666651,57.10299976927132,15.861944380353144,67.78018053051635,-16.341555219132704,83.30700558874256,14.597256856657847,6.206558771668254,17.274917144390514,75.69328083675181,-8.309715839059066,3901.1935198948177,2,0,1.0,1.0,1.0,1.0,5020.554412643026,5020.554412643026,2336.9455873569736,2336.9455873569736,asphalt,1.1575
5.933333333333318,56.706436569217985,15.751787935893885,68.65659897243324,-16.78460168426975,84.44577042702535,14.569653045098104,5.9869886690084595,17.517923234639863,75.79443565512308,-8.496059476507156,3871.9621687105873,2,0,1.0,1.0,0.9999999999999999,0.9999999999999999,5034.454765421368,5034.454765421368,2323.045234578631,2323.045234578631,asphalt,1.1575
5.949999999999984,56.303532658717515,15.639870182977088,69.55972832928342,-17.24096321259083,85.59941930484332,14.537405137723791,5.767962482719326,17.760420947899043,75.891936499002,-8.688497367862738,3842.11348457435,2,0,1.0,1.0,1.0,1.0,5048.809120068394,5048.809120068394,2308.6908799316057,2308.6908799316057,asphalt,1.1575
5.966666666666651,55.89415133292004,15.526153148033345,70.4904858766363,-17.711152831724227,86.768406916589,14.50046546660566,5.549588527806584,18.0023323850764,75.98579355699995,-8.887259290301444,3811.6282543947796,2,0,1.0,1.0,1.0,1.0,5063.634661347585,5063.634661347585,2293.865338652414,2293.865338652414,asphalt,1.1575
5.983333333333317,55.478152265475735,15.410597851521038,71.44982187085746,-18.195706843798515,87.9532035872082,14.458787160804674,5.331978992818215,18.24357886074677,76.07601886312524,-9.092579737164925,3780.486490154928,2,0,1.0,1.0,1.0,1.0,5078.948936672566,5078.948936672566,2278.5510633274343,2278.5510633274343,asphalt,1.1575
5.999999999999984,55.055391539140835,15.29316431642801,72.43872022308719,-18.69518612370277,89.15429582899368,14.412324283402917,5.1152500974342985,18.48408091784502,76.16262636297856,-9.304697425415753,3748.667406328606,2,0,1.0,1.0,1.0,1.0,5094.769821097457,5094.769821097457,2262.730178902543,2262.730178902543,asphalt,1.1575
6.016666666666651,54.62572169326871,15.17381158146353,73.45819909343363,-19.210177500924527,90.3721869088028,14.36103198215756,4.899522253975838,18.72375834478394,76.24563198261579,-9.52385468533734,3716.1493976822367,2,0,1.0,1.0,1.0,1.0,5111.115473754354,5111.115473754354,2246.3845262456457,2246.3845262456457,asphalt,1.1575
6.033333333333317,54.188991790703334,15.052497719639815,74.50931138725066,-19.74129523108226,91.60739742418342,14.304866654916328,4.684920232493271,18.96253019523521,76.32505370014076,-9.750296715325248,3682.9100176729885,2,0,1.0,1.0,1.0,1.0,5128.00428448207,5128.00428448207,2229.4957155179295,2229.4957155179295,asphalt,1.1575
6.049999999999984,53.745047506897876,14.929179863027187,75.59314513273756,-20.289182563781722,92.86046588656384,14.24378613101035,4.471573329003303,19.20031481083216,76.40091162008272,-9.98427068241682,3648.9259576898335,2,0,1.0,1.0,1.0,1.0,5145.454809235606,5145.454809235606,2212.0451907643933,2212.0451907643933,asphalt,1.1575
6.06666666666665,53.293731244421366,14.803814234561491,76.71082371613447,-20.854513413988055,94.13194930928579,14.17774986991959,4.25961553633664,19.43702984707387,76.47322805060577,-10.226024646929517,3614.173027424565,2,0,1.0,1.0,1.0,1.0,5163.485692692563,5163.485692692563,2194.0143073074364,2194.0143073074364,asphalt,1.1575
6.083333333333317,52.83487121189868,14.6763531144163,77.86350672770335,-21.437997618141548,95.42242378761003,14.10671597821227,4.04918572667242,19.67259228251558,76.54202758357906,-10.476247288757037,3578.6261363718395,2,0,1.0,1.0,1.0,1.0,5182.134603657522,5182.134603657522,2175.3653963424767,2175.3653963424767,asphalt,1.1575
6.099999999999984,52.36827373599331,14.546742704442586,79.05244184736787,-22.040386803807696,96.73248562583242,14.03063912229122,3.840428248162523,19.90691833799032,76.60733718153742,-10.735045961241383,3542.2592409101544,2,0,1.0,1.0,1.0,1.0,5201.438195854226,5201.438195854226,2156.0618041457733,2156.0618041457733,asphalt,1.1575
6.11666666666665,51.89377185283538,14.414936625787606,80.27887328137804,-22.66246047205118,98.06275201295747,13.949484853350356,3.6334928445810855,20.139923598618452,76.669186269732,-11.002344747488877,3505.045237678808,2,0,1.0,1.0,1.0,1.0,5221.376466303431,5221.376466303431,2136.1235336965688,2136.1235336965688,asphalt,1.1575
6.133333333333317,51.411198031860586,14.280888342183495,81.544064481992,-23.30503602330025,99.41386100450504,13.863221929746036,3.4285346094973357,20.371523111779748,76.72760682452251,-11.27838039420027,3466.955986194987,2,0,1.0,1.0,1.0,1.0,5241.9673109243395,5241.9673109243395,2115.53268907566,2115.53268907566,asphalt,1.1575
6.1499999999999835,50.92038256723675,14.144550713121319,82.8493121606115,-23.96897179106149,100.78647206146321,13.771822060854575,3.2257141845210104,20.6016314344824,76.78263346473379,-11.563381549097329,3427.962361854792,2,0,1.0,1.0,1.0,1.0,5263.228094055625,5263.228094055625,2094.271905944375,2094.271905944375,asphalt,1.1575
6.16666666666665,50.421153937833914,14.005876093842753,84.19594495178877,-24.655169529348925,102.18126659121394,13.675260241240494,3.0251979258261663,20.830162685991713,76.83430354586397,-11.857565983191733,3388.0342890373045,2,0,1.0,1.0,1.0,1.0,5285.175416686085,5285.175416686085,2072.324583313915,2072.324583313915,asphalt,1.1575
6.183333333333317,49.91333922811322,13.864816452253672,85.58532164962348,-25.36457707588926,103.5989484618096,13.573515113288117,2.8271580649166346,21.057030606322407,76.88265725701069,-12.16113742428547,3347.140762744838,2,0,1.0,1.0,1.0,1.0,5307.82488645099,5307.82488645099,2049.67511354901,2049.67511354901,asphalt,1.1575
6.199999999999983,49.39676461751638,13.721323504865662,87.01882895433683,-26.09819120561243,105.04024448184063,13.466569360107485,2.6317728615124034,21.282148621087767,76.92773772039764,-12.474281928206352,3305.249865438539,2,0,1.0,1.0,1.0,1.0,5331.190853815762,5331.190853815762,2026.309146184237,2026.309146184237,asphalt,1.1575
6.21666666666665,48.87125594680424,13.575348874112288,88.4978786584625,-26.857060690353144,106.5059048370062,13.354410130549073,2.4392267461123964,21.50542991322932,76.96959109334493,-12.79716373457191,3262.328783953528,2,0,1.0,1.0,1.0,1.0,5355.286110530009,5355.286110530009,2002.2138894699901,2002.2138894699901,asphalt,1.1575
6.2333333333333165,48.336639370720675,13.426844269644631,90.02390419407558,-27.64228958229038,107.99670347323928,13.237029498154154,2.249710449432469,21.726787502181196,77.00826667248286,-13.129920549620238,3218.3438301953015,2,0,1.0,1.0,1.0,1.0,5380.121546108607,5380.121546108607,1977.3784538913924,1977.3784538913924,asphalt,1.1575
6.249999999999983,47.79274210737282,13.275761696492449,91.59835645384169,-28.45504074045401,109.51343841484129,13.11442495582883,2.0634211155239366,21.94613433105352,77.04381699995739,-13.472658194444875,3173.2604685573224,2,0,1.0,1.0,1.0,1.0,5405.705757784139,5405.705757784139,1951.7942422158603,1951.7942422158603,asphalt,1.1575
6.26666666666665,47.239393295825884,13.122053693284968,93.2226987894239,-29.29653962165238,111.05693200452977,12.98659994795279,1.8805623949463275,22.16338336244815,77.07629797131801,-13.825444552997936,3127.0433525367353,2,0,1.0,1.0,1.0,1.0,5432.0446090618825,5432.0446090618825,1925.4553909381168,1925.4553909381168,asphalt,1.1575
6.283333333333316,46.67642497461734,12.965673604060372,94.89840108097964,-30.168078359459358,112.62803105059534,12.853564441510317,1.7013445138975938,22.37844768354739,77.10576894471397,-14.188302750562656,3079.6563727750704,2,0,1.0,1.0,1.0,1.0,5459.14073173888,5459.14073173888,1898.359268261119,1898.359268261119,asphalt,1.1575
6.299999999999983,46.10367319520655,12.806575887557374,96.62693276117733,-31.071020157479786,114.22760686448476,12.715335537651688,1.5259843146959235,22.59124062114104,77.13229285095036,-14.561203490517158,3031.0627186526744,2,0,1.0,1.0,1.0,1.0,5486.992966001721,5486.992966001721,1870.507033998279,1870.507033998279,asphalt,1.1575
6.3166666666666496,45.520979285798,12.644716468277222,98.4097546664835,-32.00680402602979,115.85655517007476,12.571938124847012,1.3547052624609486,22.801675867278064,77.15593630387403,-14.944056475097938,2981.224955576933,2,0,1.0,1.0,1.0,1.0,5515.595733052876,5515.595733052876,1841.9042669471235,1841.9042669471235,asphalt,1.1575
6.333333333333316,44.928191282514064,12.480053134031683,100.24830957755873,-32.976949894672686,117.51579586366574,12.42340557446986,1.1877374122613285,23.009667616245274,77.1767697104668,-15.336700835177055,2930.10512019464,2,0,1.0,1.0,1.0,1.0,5544.938334626321,5544.938334626321,1812.5616653736786,1812.5616653736786,asphalt,1.1575
6.349999999999983,44.32516554655177,12.31254598515327,102.14401129968047,-33.98306413679441,119.20627260130878,12.269780479231306,1.0253173303852279,23.21513071358521,77.19486737992207,-15.738894495080444,2877.6648359067735,2,0,1.0,1.0,1.0,1.0,5575.004173797494,5575.004173797494,1782.495826202505,1782.495826202505,asphalt,1.1575
6.366666666666649,43.71176858774275,12.142157941039654,104.0982321234643,-35.026845546644,120.92895218748208,12.11111543436188,0.8676879627572281,23.417980817867072,77.21030763086802,-16.15030240170455,2823.865451253658,2,0,1.0,1.0,1.0,1.0,5605.769891689727,5605.769891689727,1751.7301083102727,1751.7301083102727,asphalt,1.1575
6.383333333333316,43.08787911684905,11.968855310235847,106.11228849615217,-36.11009181406701,122.68482373636687,11.947473860793826,0.7150984428797995,23.618134575916287,77.22317289577826,-16.570483553582136,2768.668203958154,2,0,1.0,1.0,1.0,1.0,5637.204415091261,5637.204415091261,1720.2955849087393,1720.2955849087393,asphalt,1.1575
6.399999999999983,42.4533903509765,11.792608430826805,108.18742472486086,-37.234706547591784,124.47489757404874,11.778930868812813,0.5678038310332748,23.815509812187912,77.23354982147667,-16.998876775373617,2712.034413654454,2,0,1.0,1.0,1.0,1.0,5669.267910672969,5669.267910672969,1688.23208932703,1688.23208932703,asphalt,1.1575
6.416666666666649,41.808198731394135,11.613388536498372,110.32480455082076,-38.40271998572269,126.30020389048259,11.605570213316124,0.42606727574563935,24.01002570418659,77.24152938250646,-17.43532093472993,2653.9257053080905,2,0,1.0,0.9999999999999999,1.0,1.0,5701.938057364106,5701.938057364106,1655.561942635894,1655.561942635894,asphalt,1.1575
6.433333333333316,41.15221576567278,11.431171046020216,112.52552851227736,-39.61629242116943,128.1617917280798,11.427487890946244,0.290158552601654,24.201602925982296,77.24720702427356,-17.87856746564401,2594.3042198643216,2,0,1.0,1.0,1.0,1.0,5735.150071959941,5735.150071959941,1622.3499280400592,1622.3499280400592,asphalt,1.1575
6.449999999999982,40.4853970440821,11.245943623356139,114.79050929741528,-40.877696965211456,130.06072655793497,11.244800413567225,0.16034849155195635,24.39016397712116,77.25068269302959,-18.32743985739299,2533.1328422139104,2,0,1.0,1.0,1.0,1.0,5768.8055875610235,5768.8055875610235,1588.6944124389759,1588.6944124389759,asphalt,1.1575
6.466666666666649,39.8077250977487,11.057701416041306,117.12049263814635,-42.18934750970919,131.99808732277987,11.057639807865907,0.03691186558734379,24.575633459478862,77.25206089064534,-18.780727920358373,2470.3755928798423,2,0,1.0,1.0,1.0,1.0,5802.817316866874,5802.817316866874,1554.6826831331257,1554.6826831331257,asphalt,1.1575
6.483333333333316,39.11921333457808,10.86644814849391,119.51603441128799,-43.55380967359188,133.9749634562343,10.866154591921944,-0.07987332696445411,24.757938345851628,77.25145073319352,-19.237010781170056,2405.9980701570425,2,0,1.0,1.0,1.0,1.0,5837.08252627808,5837.08252627808,1520.4174737219194,1520.4174737219194,asphalt,1.1575
6.499999999999982,38.419910509624806,10.672197363784669,121.97746860157854,-44.97381261297081,135.99245138892906,10.670510781412727,-0.1897267385668472,24.937008265294967,77.2489659957518,-19.694635281090456,2339.967922972633,2,0,1.0,1.0,1.0,1.0,5871.481427841663,5871.481427841663,1486.0185721583366,1486.0185721583366,asphalt,1.1575
6.516666666666649,37.709905689536846,10.474973802649124,124.50487205732685,-46.45226195629793,138.05165048742975,10.470892888686766,-0.2923666872856376,25.11277580517538,77.2447251411726,-20.151693559815698,2272.255366244281,2,0,1.0,1.0,1.0,1.0,5905.875507168288,5905.875507168288,1451.624492831712,1451.624492831712,asphalt,1.1575
6.5333333333333155,36.98933375792253,10.274814932756257,127.09802593565263,-47.992253986006446,140.15365837137637,10.267504900370412,-0.3875113201708372,25.28517682966987,77.23885133040402,-20.60600011816554,2202.8337482282545,2,0,1.0,1.0,1.0,1.0,5940.105805978799,5940.105805978799,1417.3941940212,1417.3941940212,asphalt,1.1575
6.549999999999982,36.25838151240449,10.071772642334581,129.7563737828311,-49.59709119803588,142.29956555302658,10.060571216733896,-0.4748799341989098,25.45415081418407,77.23147241179083,-21.05506875201101,2131.680177616644,2,0,0.9999999999999999,1.0,1.0,1.0,5973.991186841069,5973.991186841069,1383.50881315893,1383.50881315893,asphalt,1.1575
6.566666666666649,35.517294408433756,9.865915113453822,132.47897625905512,-51.27029937876982,144.49044934312317,9.85033753349141,-0.5541944624108688,25.61964119485366,77.2227208866478,-21.49608986336446,2058.7762167783726,2,0,1.0,0.9999999999999999,1.0,1.0,6007.326615888201,6007.326615888201,1350.1733841117991,1350.1733841117991,asphalt,1.1575
6.583333333333315,34.76638400971804,9.657328891588344,135.2644625983031,-53.01564634344036,146.727366967986,9.637071644112332,-0.6251811309956375,25.78159573194466,77.21273384828932,-21.92590878442701,1984.1086463566753,2,0,1.0,1.0,1.0,1.0,6039.8815087738585,6039.8815087738585,1317.6184912261415,1317.6184912261415,asphalt,1.1575
6.599999999999982,34.006036210453026,9.446121169570285,138.11097899531757,-54.83716247827341,149.01134784526778,9.421064138165788,-0.6875722905777952,25.939966885576137,77.20165289162881,-22.341005896135258,1907.6703052915886,2,0,1.0,1.0,1.0,1.0,6071.398195783553,6071.398195783553,1286.101804216446,1286.101804216446,asphalt,1.1575
6.6166666666666485,33.23672030050623,9.232422305696174,141.0161342352141,-56.739163216578525,151.34338497026906,9.202628968824087,-0.741108421808839,26.09471220175541,77.18962399043875,-22.737479482600165,1829.4610091118122,2,0,1.0,1.0,1.0,1.0,6101.590573800926,6101.590573800926,1255.909426199073,1255.909426199073,asphalt,1.1575
6.633333333333315,32.45899700692121,9.016388057478114,143.97694486561466,-58.726278512034575,153.7244253786185,8.982103390418741,-0.7855394877802849,26.245794703173754,77.17679734472328,-23.11115907948647,1749.4885478174206,2,0,1.0,1.0,1.0,1.0,6130.148700494863,6130.148700494863,1227.3512995051367,1227.3512995051367,asphalt,1.1575
6.649999999999982,31.67352907324804,8.798202520346678,146.98979130534218,-60.803482974602474,156.15535983727654,8.759848126219753,-0.8206268302943226,26.39318327404947,77.16332721219659,-23.45729325575718,1667.7697526272075,2,0,1.0,1.0,1.0,1.0,6156.730669641014,6156.730669641014,1200.7693303589858,1200.7693303589858,asphalt,1.1575
6.666666666666648,30.881100692297064,8.578083525638073,150.05032793556416,-62.97610531530385,158.6370113269271,8.536249122087073,-0.846148863079664,26.53685307508591,77.14937165179794,-23.770697229307096,1584.3316259730518,2,0,1.0,1.0,1.0,1.0,6180.950272091874,6180.950272091874,1176.5497279081255,1176.5497279081255,asphalt,1.1575
6.683333333333315,30.082626071343157,8.356285019817543,153.15343495590028,-65.24986925296479,161.1701223937766,8.311716100626231,-0.8619018476704585,26.676785947957104,77.135092232473,-24.045868047381305,1499.2125788664762,2,0,1.0,1.0,0.9999999999999999,0.9999999999999999,6202.401103343005,6202.401103343005,1155.0988966569946,1155.0988966569946,asphalt,1.1575
6.6999999999999815,29.279163803974136,8.133101056659482,156.29316486678113,-67.63092620146946,163.75534170519336,8.086681963468218,-0.8677024948410552,26.81297080539493,77.12065370937819,-24.27692126539796,1412.4637393709822,2,0,1.0,1.0,1.0,1.0,6220.647685157843,6220.647685157843,1136.8523148421566,1136.8523148421566,asphalt,1.1575
6.716666666666648,28.47193294691078,7.908870263030772,159.46268831408483,-70.12588784454347,166.39320968503185,7.861601949402859,-0.8633907728239838,26.945404009100542,77.1062236540579,-24.457612049500845,1324.7230120664929,2,0,1.0,1.0,1.0,1.0,6235.22737413369,6235.22737413369,1122.272625866309,1122.272625866309,asphalt,1.1575
6.733333333333315,27.662332942584417,7.683981372940115,162.65423851814896,-72.74184531680541,169.08414325567128,7.636952906101538,-0.8488345243202234,27.07408973387857,77.09197202327019,-24.581192858055303,1250.8407972086518,2,0,1.0,1.0,0.9999999999999999,0.9999999999999999,6245.642547208148,6245.642547208148,1111.8574527918513,1111.8574527918513,asphalt,1.1575
6.749999999999981,26.851962075297852,7.4588783542494035,165.85905274695853,-75.48639264811348,171.82841955762368,7.413231488724562,-0.823932763077731,27.199040312469986,77.0780706505155,-24.640819486128773,1193.7685449018552,2,0,1.0,1.0,1.0,1.0,6251.376877882325,6251.376877882325,1106.123122117675,1106.123122117675,asphalt,1.1575
6.766666666666648,26.042633747784862,7.2340649299402395,169.0673633024417,-78.36767026202384,174.62615922982127,7.190951332032694,-0.7886154645506911,27.32027653490247,77.06469273229489,-24.629561360845766,1149.6815885262515,2,0,1.0,1.0,1.0,1.0,6251.912288515514,6251.912288515514,1105.5877114844861,1105.5877114844861,asphalt,1.1575
6.783333333333315,25.236399278988394,7.010110910830109,172.26838086280839,-81.39438005310448,177.4773094947356,6.970640902282652,-0.7428461439379264,27.437827909261195,77.05201228637992,-24.540386568027603,1115.6254641592632,2,0,1.0,1.0,1.0,1.0,6246.721137247069,6246.721137247069,1110.77886275293,1110.77886275293,asphalt,1.1575
6.799999999999981,24.43579023610495,6.787719510029152,175.44951178717852,-84.57266840211223,-179.6183744971349,6.752863881051474,-0.6869974896757791,27.551733036852788,77.04020125639181,-24.320186957079592,1089.317918747905,1,0,1.0,1.0,1.0,1.0,6232.00824301257,6232.00824301257,1125.4917569874294,1125.4917569874294,asphalt,1.1575
6.816666666666648,23.643267154452854,6.567574209570237,178.5942885122425,-87.91161414181508,-176.66140729040677,6.538135333648915,-0.6211419782173111,27.662039717812032,77.0294237979062,-24.052787064495394,1068.9959661348373,1,0,1.0,1.0,1.0,1.0,6213.501681158652,6213.501681158652,1143.998318841347,1143.998318841347,asphalt,1.1575
6.833333333333314,22.861475293540916,6.350409803761366,181.69313717216232,-91.4245209111955,-173.65248694617935,6.326982755465528,-0.5449714559041644,27.76880411604287,77.01985151509146,-23.686924544598337,1053.297741479128,1,0,1.0,1.0,1.0,1.0,6187.888364341869,6187.888364341869,1169.6116356581301,1169.6116356581301,asphalt,1.1575
6.849999999999981,22.09363606632242,6.137121129534006,184.73129500325223,-95.12190420539909,-170.5925315171575,6.119961694861738,-0.45861161345717794,27.872091618451503,77.01165507132743,-23.216388582453842,1041.1712366085947,1,0,1.0,1.0,0.9999999999999999,0.9999999999999999,6154.514103138074,6154.514103138074,1202.9858968619264,1202.9858968619264,asphalt,1.1575
6.866666666666648,21.34632698383844,5.929535273288455,187.66370291242683,-99.00972594324088,-167.48283681548767,5.918428457071808,-0.362757709352419,27.971980198393574,77.0050003930692,-22.55119525018838,1031.803800251924,1,0,1.0,0.9575187137056483,1.0,1.0,6112.958454183627,6112.958454183627,1244.5415458163734,1244.5415458163734,asphalt,1.1575
6.883333333333314,20.69240265161146,5.747889625447628,189.71087143491192,-102.96136659506642,-164.33219840714528,5.741478303176431,-0.2714075173659648,28.06873706059801,76.99992020358403,-21.08499044597936,1024.5676786461433,1,0,1.0,0.582434991272431,1.0,1.0,6012.453521779646,6012.453521779646,1345.046478220354,1345.046478220354,asphalt,1.1575
6.899999999999981,20.147431098031785,5.596508638342162,190.5942067925003,-106.88085952053389,-161.15970262635923,5.59323626702372,-0.1913556905059585,28.162849733142934,76.99624577268858,-19.594826410329276,1018.9779469522249,1,0,1.0,0.23615635944958413,1.0,1.0,5900.680058242544,5900.680058242544,1456.8199417574554,1456.8199417574554,asphalt,1.1575
6.916666666666647,19.694553802672615,5.470709389631282,190.41681292446788,-110.72641745423566,-157.98366338378395,5.4693230327904665,-0.12315351715468209,28.25475060396958,76.99378259485322,-18.09805539131542,1014.6600122750303,1,0,1.0,0.08505397300150412,1.0,1.0,5788.160331578281,5788.160331578281,1569.3396684217187,1569.3396684217187,asphalt,1.1575
6.933333333333314,19.318054093219622,5.36612613700545,189.27495496616615,-114.4637970281768,-154.8207485744144,5.365707783041743,-0.06700526291495434,28.34480271437237,76.99233060295954,-16.607683232629356,1011.3245105197664,1,0,0.9999999999999999,0.38282635137803367,1.0,0.9999999999999998,5675.880635714511,5675.880635714511,1681.6193642854885,1681.6193642854885,asphalt,1.1575
6.949999999999981,19.003524640278975,5.278756844521937,187.25917217011167,-118.06662545739313,-151.6860826747684,5.278707677331439,-0.022783346315486785,28.43330554539025,76.99168981040685,-15.136148885280889,1008.7479148111446,1,0,1.0,0.6582613806910801,1.0,1.0,5564.788571320953,5564.788571320953,1792.7114286790459,1792.7114286790459,asphalt,1.1575
6.966666666666647,18.74804244827892,5.2077895689663665,184.3698902457533,-121.48071353035695,-148.59385906656252,5.2077851579706085,0.0067781307108783235,28.520518353918646,76.99164593528808,-13.514970361367169,1006.7575559587737,1,0,0.8742377106661344,0.9107989329454261,1.0,1.0,5447.825807665113,5447.825807665113,1909.6741923348873,1909.6741923348873,asphalt,1.1575
6.983333333333314,18.552561608680705,5.15348933574464,180.61878543822624,-124.6396197826403,-145.55945076103455,5.15345823006539,0.017905435069251595,28.606737173620274,76.99188805190771,-12.104097271541328,1005.2200511232439,1,0,0.6756339573811072,1.0,1.0,1.0,5332.612183615411,5332.612183615411,2024.8878163845893,2024.8878163845893,asphalt,1.1575
6.9999999999999805,18.38252352097066,5.106256533602961,176.4655486319362,-127.63919570753728,-142.59192433475013,5.10621499020683,0.02059759087843069,28.69212820621963,76.99222483147156,-10.887898746443234,1004.0323652361179,1,0,0.4862118558446285,1.0,1.0,1.0,5240.439755624667,5240.439755624667,2117.060244375333,2117.060244375333,asphalt,1.1575
7.016666666666647,18.247010099986777,5.0686139166629935,172.01438653693793,-130.54161178564368,-139.69689378832953,5.06857000191546,0.021099096485113298,28.776830756812746,76.992581053231,-10.205950577654193,1003.1149061596445,1,0,0.3328445340747679,1.0,1.0,1.0,5184.7996472816585,5184.7996472816585,2172.7003527183406,2172.7003527183406,asphalt,1.1575
7.033333333333314,18.131535562281016,5.036537656189171,167.32661845392872,-133.31366026588478,-136.87852306109622,5.036509323497694,0.01689368320726106,28.860966561946753,76.99289415090055,-9.287118559371876,1002.4061908619997,1,0,0.19972109294667797,1.0,1.0,1.0,5114.197082408247,5114.197082408247,2243.3029175917522,2243.3029175917522,asphalt,1.1575
7.04999999999998,18.032193320651093,5.008942589069748,162.42681240334448,-135.96407202671585,-134.14052891240107,5.008934241850127,0.009144474727627312,28.944615835725504,76.99309896683052,-8.44600897014299,1002.3792761522794,1,0,0.08516774297600999,1.0,1.0,1.0,5049.518990858674,5049.518990858674,2307.9810091413256,2307.9810091413256,asphalt,1.1575
7.066666666666647,17.946261506462616,4.98507264068406,157.34484390595415,-138.5004280720907,-131.4861350809743,4.985072503598734,-0.001169085366986036,29.027845130670936,76.9931466463058,-7.677932025017924,1013.5826688026275,1,0,0.010817317097097061,1.0,1.0,1.0,4990.425065521156,4990.425065521156,2367.0749344788437,2367.0749344788437,asphalt,1.1575
7.0833333333333135,17.87143807599407,4.964288354442798,152.11116385806224,-140.9309878722744,-128.91806093772897,4.964271125661016,-0.013078875513275655,29.110709386000995,76.99300455775382,-6.977806468936443,1036.5152941817332,1,0,0.08845545222083176,1.0,1.0,1.0,4936.538240626164,4936.538240626164,2420.9617593738353,2420.9617593738353,asphalt,1.1575
7.09999999999998,17.80430226285104,4.945639517458622,146.78320532062895,-143.27402703543424,-126.4383763254545,4.945577213750021,-0.02482457421437102,29.19325166457783,76.9926602270573,-6.36949432484311,1067.285722239838,1,0,0.14854069178042686,0.9613740369751227,1.0,1.0,4888.229395470379,4888.229395470379,2469.270604529621,2469.270604529621,asphalt,1.1575
7.116666666666647,17.735256385343362,4.926460107039823,141.5436062404547,-145.59313934954073,-124.0467188150113,4.926362786294297,-0.030965853282427347,29.275478886135016,76.9921741453571,-5.837636424536754,1102.9809646473668,1,0,0.19989151037602643,0.8588702734257952,1.0,1.0,4848.010727747376,4848.010727747376,2509.4892722526233,2509.4892722526233,asphalt,1.1575
7.133333333333313,17.66341884868387,4.90650523574552,136.41514091206642,-147.90031280407055,-121.74121961945531,4.906409208306023,-0.030697052758618407,29.35737792404537,76.99165252475399,-5.3182585009636085,1141.452114398791,1,0,0.24608429161277878,0.7597732775691237,1.0,1.0,4808.7150354646465,4808.7150354646465,2548.7849645353535,2548.7849645353535,asphalt,1.1575
7.14999999999998,17.589450188368986,4.885958385658052,131.389848858474,-150.19775500769052,-119.52011012463309,4.8858991494637065,-0.024059252940706478,29.438938374218427,76.99120179014392,-4.812205161062195,1181.1287696050363,1,0,0.2869285298530142,0.6644000634361247,1.0,1.0,4770.4056661616005,4770.4056661616005,2587.0943338383986,2587.0943338383986,asphalt,1.1575
7.1666666666666465,17.514061119697143,4.86501697769365,126.46040058462768,-152.4874580355759,-117.38174806470113,4.865004301645252,-0.011105774203413337,29.520152766641893,76.99092754999826,-4.320263078155477,1220.868260390003,1,0,0.32222679367630946,0.5730325910215693,1.0,1.0,4733.143233086118,4733.143233086118,2624.356766913881,2624.356766913881,asphalt,1.1575
7.183333333333313,17.438001797188257,4.843889388107849,121.62025933362573,-154.7712122881257,-115.32460525064526,4.843882614674248,0.008100585188882962,29.601016352982825,76.99093442241367,-3.8431146401146776,1259.844274380646,1,0,0.35178463908792135,0.48592639931806847,1.0,1.0,4696.981279482339,4696.981279482339,2660.51872051766,2660.51872051766,asphalt,1.1575
7.19999999999998,17.362051988036114,4.822792218898921,116.86379299981448,-157.0506113923607,-113.34725313238307,4.822675942390907,0.0334894215529691,29.681526852597027,76.9913258976943,-3.3813044538934633,1297.464849923622,1,0,0.3754193250781336,0.4033164337650614,1.0,1.0,4661.963539093115,4661.963539093115,2695.5364609068843,2695.5364609068843,asphalt,1.1575
7.216666666666646,17.29440154046256,4.804000427906266,112.00670354845587,-159.2476918866436,-111.44958808275142,4.803644684551854,0.05846243152923373,29.761699080739284,76.99215913370936,-2.8842845301884523,1333.3118156764133,1,0,0.46026995185129427,0.4602699518512945,1.0,1.0,4625.460159844596,4625.460159844596,2732.039840155404,2732.039840155404,asphalt,1.1575
7.233333333333313,17.24385565651053,4.789959904586258,106.78031250897324,-161.23779015011405,-109.63683326484355,4.789401832392683,0.07311617753688592,29.841606514801867,76.99329766291359,-2.41405386852243,1367.089564732742,1,0,0.5465515096402482,0.5465515096402485,1.0,1.0,4589.146819492061,4589.146819492061,2768.3531805079388,2768.3531805079388,asphalt,1.1575
7.24999999999998,17.20375745422977,4.778821515063825,101.27858624616493,-163.0491648958817,-107.9141688774855,4.778146071773654,0.08034419475548787,29.921309709436347,76.99459947042286,-1.9920066364797862,1398.5851565197825,1,0,0.6089816789750071,0.6089816789750075,1.0,0.9999999999999999,4556.533735488198,4556.533735488198,2800.9662645118015,2800.9662645118015,asphalt,1.1575
7.266666666666646,17.169400620649082,4.7692779501803,95.58195039488523,-164.70788285477968,-106.2853244213705,4.768561400539176,0.08267003909432731,30.000844138548672,76.99596769579823,-1.6140844264027976,1427.6586865738902,1,0,0.6517154750242252,0.6517154750242249,1.0,1.0,4527.314121007281,4527.314121007281,2830.185878992719,2830.185878992719,asphalt,1.1575
7.283333333333313,17.137600282320836,4.760444522866899,89.7557762713644,-166.2363008699351,-104.75284977435,4.759735130783267,0.08217992504898064,30.080227694080406,76.9973428934174,-1.2763921280338764,1454.2364514945339,1,0,0.6782217302462958,0.6782217302462955,1.0,1.0,4501.19135021474,4501.19135021474,2856.3086497852596,2856.3086497852596,asphalt,1.1575
7.299999999999979,17.106258877719576,4.751738577144327,83.8531398770383,-167.65340989955268,-103.3183365877828,4.751055180522913,0.08058645759665856,30.159466306008802,76.99869641875263,-0.9752629657937462,1478.3016542648215,1,0,0.691400299238327,0.691400299238327,1.0,1.0,4477.885194645161,4477.885194645161,2879.614805354838,2879.614805354838,asphalt,1.1575
7.316666666666646,17.07405173016715,4.742792147268652,77.91705166512614,-168.97524572673697,-101.9825993679619,4.742129413231463,0.07928417470226314,30.238558086675802,77.00002479006393,-0.7072710286256978,1499.8843401751342,1,0,0.693677669139135,0.6936776691391345,1.0,1.0,4457.133575278286,4457.133575278286,2900.366424721713,2900.366424721713,asphalt,1.1575
7.333333333333313,17.040198468595563,4.733388463498767,71.98226349880774,-170.21530117067473,-100.74582392163842,4.732722505967457,0.07939790861436491,30.317496318698254,77.0013448998264,-0.46921113850295626,1519.0515934234886,1,0,0.6870855365294007,0.687085536529401,1.0,1.0,4438.691570207684,4438.691570207684,2918.8084297923156,2918.8084297923156,asphalt,1.1575
7.349999999999979,17.00429541791336,4.723415393864823,66.07673671561048,-171.38490804102676,-99.60768931244331,4.722706606047744,0.0818247895944282,30.396271538748522,77.00268996496823,-0.25805545964075804,1535.898560628961,1,0,0.673325723664194,0.6733257236641939,1.0,1.0,4422.3285574634265,4422.3285574634265,2935.1714425365735,2935.1714425365735,asphalt,1.1575
7.366666666666646,16.966190615465987,4.712830726518329,60.22283750430973,-172.49357618948198,-98.56746826638495,4.712022633545639,0.08727060082810852,30.47487291361871,77.00410611746389,-0.0708881075015455,1550.5405605527196,1,0,0.6538240381637739,0.6538240381637741,1.0,1.0,4407.82373496625,4407.82373496625,2949.676265033749,2949.676265033749,asphalt,1.1575
7.383333333333312,16.925887547932227,4.701635429981174,54.438311821986524,-173.5492874386997,-97.6241100110342,4.700649493830991,0.09628111237779262,30.553289057108135,77.00564954776921,0.09518948233314006,1563.1063419315046,1,0,0.6297751592787164,0.6297751592787166,1.0,1.0,4394.959648234945,4394.959648234945,2962.5403517650548,2962.5403517650548,asphalt,1.1575
7.399999999999979,16.883466244353155,4.689851734542543,48.737081000452356,-174.55874757844558,-96.77630878128203,4.688578631949672,0.10926895266563857,30.631508392793954,77.00738412332336,0.24320228282448397,1573.7324271218536,1,0,0.6021802796204988,0.6021802796204989,1.0,1.0,4383.512522049969,4383.512522049969,2973.98747795003,2973.98747795003,asphalt,1.1575
7.416666666666646,16.839010817940856,4.6775030049835715,43.12989044801541,-175.52760231500392,-96.02256063262914,4.675791149782001,0.1265364977018467,30.709519123393928,77.00937941286477,0.37653873544229555,1582.5583996096186,1,0,0.5718790227544065,0.5718790227544067,1.0,1.0,4373.236665379257,4373.236665379257,2984.263334620742,2984.263334620742,asphalt,1.1575
7.433333333333312,16.792529838996284,4.664591621943412,37.62483737717424,-176.46062447431876,-95.3612107336254,4.662233751396373,0.14829513425992488,30.787308812543625,77.01170905411948,0.49938073502104885,1589.7229333016599,1,0,0.5395771410883775,0.5395771410883773,1.0,1.0,4363.83686848311,4363.83686848311,2993.6631315168893,2993.6631315168893,asphalt,1.1575
7.449999999999979,16.743846575713967,4.651068493253879,32.22780084609217,-177.3618806904285,-94.79049291200731,4.6477870740534355,0.17468097549737022,30.86486349782926,77.01444940580296,0.617568332182401,1595.3602924377267,1,0,0.505871870530414,0.5058718705304139,1.0,1.0,4354.914360393362,4354.914360393362,3002.5856396066374,3002.5856396066374,asphalt,1.1575
7.4666666666666455,16.692409173340288,4.636780325927857,26.942807260489438,-178.23488580760497,-94.30856276766661,4.63221243354928,0.20576627853731824,30.94216607823776,77.01767841881582,0.7405568584314182,1599.5969052999587,1,0,0.4712782456620965,0.4712782456620964,1.0,1.0,4345.848303714493,4345.848303714493,3011.651696285506,3011.651696285506,asphalt,1.1575
7.483333333333312,16.63688693757081,4.621357482658558,21.77243298637508,-179.08274471196663,-93.91352454936231,4.615039811657494,0.24156266131296153,31.019193279806114,77.02147462186939,0.8865577503338073,1602.547319427618,1,0,0.4362646882204537,0.4362646882204537,1.0,1.0,4335.497120258105,4335.497120258105,3022.0028797418945,3022.0028797418945,asphalt,1.1575
7.499999999999979,16.57504789951361,4.604179972087114,16.805023155079713,-179.8808696917725,-93.60307854436006,4.5956708138424665,0.2797909686973783,31.09591083258376,77.02590650373972,1.038662071680605,1604.308033271495,1,0,0.40129843910806645,0.4012984391080663,0.9082577325618921,0.9082577325618921,4321.394282850778,4321.394282850778,3036.105717149221,3036.105717149221,asphalt,1.1575
7.516666666666645,16.51261480276775,4.586837445213264,12.89678426199855,179.62593165878008,-93.36517499309255,4.57707291404357,0.2991342313063564,31.172309914800767,77.03079706143973,1.0486018880104098,1604.9513826048835,1,0,0.35942168720663736,0.35942168720663736,0.6301084443530486,0.6301084443530485,4320.389166821804,4320.389166821804,3037.110833178195,3037.110833178195,asphalt,1.1575
7.533333333333312,16.450218764251236,4.56950521229201,9.95892579531314,179.3792897533735,-93.18190642772352,4.559445174910533,0.303047161591898,31.24840995454979,77.03583834177633,1.0504927960023025,1604.557147311349,1,0,0.31390750554298563,0.31390750554298563,0.44217994397369775,0.44217994397369775,4320.143792036233,4320.143792036233,3037.3562079637663,3037.3562079637663,asphalt,1.1575
7.5499999999999785,16.387542980894274,4.552095272470631,7.733778153580386,179.2827788559135,-93.03989605039186,4.54231186953899,0.29828551673635917,31.324221799445155,77.04084759166716,1.0493497212909375,1603.230311538677,1,0,0.2693129539562523,0.2693129539562523,0.31608405279974655,0.3160840527997465,4320.193298056068,4320.193298056068,3037.306701943932,3037.306701943932,asphalt,1.1575
7.566666666666645,16.324683084319986,4.534634190088885,6.036352004808411,179.27437032728795,-92.92927105836624,4.525411217962743,0.2890684110380073,31.399750759421142,77.0457268189789,1.0472812471904547,1601.0868708170683,1,0,0.2280455113966828,0.22804551139668278,0.23275334117934035,0.23275334117934038,4320.339725029618,4320.339725029618,3037.160274970381,3037.160274970381,asphalt,1.1575
7.583333333333312,16.26178219565877,4.5171617210163255,4.732824440021654,179.31468507829155,-92.84268569662278,4.508600997710671,0.2779695257712853,31.474999116096264,77.05043027591262,1.0451084149465117,1598.242737179185,1,0,0.19119798821717762,0.19119798821717762,0.1791571132913257,0.17915711329132575,4320.504095190796,4320.504095190796,3036.995904809204,3036.995904809204,asphalt,1.1575
7.599999999999978,16.198939659211703,4.49970546089214,3.7256200012398786,179.37916554306426,-92.7746309396741,4.491806311320546,0.2665057154423837,31.54996753187481,77.05494348532595,1.0431017584287616,1594.8069158741364,1,0,0.15908269754840165,0.15908269754840168,0.1460393460114685,0.14603934601146845,4320.658855441177,4320.658855441177,3036.841144558822,3036.841144558822,asphalt,1.1575
7.616666666666645,16.136206411421725,4.482279558728257,2.9430167232649818,179.45288001541667,-92.72094348276038,4.47499024073552,0.2555237521543241,31.62465584471842,77.05926986788832,1.0413110230671663,1590.877859100604,1,0,0.13156945142223228,0.13156945142223225,0.12652113632120904,0.126521136321209,4320.79749430744,4320.79749430744,3036.7025056925604,3036.7025056925604,asphalt,1.1575
7.6333333333333115,16.073600466389458,4.464889018441516,2.331866863423568,179.5270865730668,-92.67845401731051,4.458137149433091,0.24545285462639452,31.699063515128813,77.06342234547326,1.0397083141791086,1586.5419842393258,1,0,0.1082963970860409,0.10829639708604087,0.11549581801569628,0.11549581801569625,4320.921230696487,4320.921230696487,3036.5787693035127,3036.5787693035127,asphalt,1.1575
7.649999999999978,16.01112191276745,4.447533864657625,1.8524694238131987,179.596970873691,-92.64473338514675,4.441243094157842,0.23646829781529932,31.77318987411413,77.06741817936447,1.038247035908455,1581.8735632723178,1,0,0.08879886995148435,0.08879886995148438,0.10942812159864457,0.10942812159864455,4321.033442450843,4321.033442450843,3036.4665575491563,3036.4665575491563,asphalt,1.1575
7.666666666666645,15.948763006353389,4.430211946209274,1.4749354669337071,179.66016558998956,-92.61790793619376,4.424310295869507,0.228596356485495,31.84703425654111,77.07127589232941,1.0368837653459906,1576.9354130987483,1,0,0.07258576308769248,0.07258576308769248,0.10610314473601677,0.10610314473601679,4321.137527581268,4321.137527581268,3036.3624724187316,3036.3624724187316,asphalt,1.1575
7.683333333333311,15.886513853368335,4.412920514824537,1.1765939410297654,179.71578893035138,-92.59652414127277,4.407343959225536,0.22178073684933622,31.920596068446834,77.0750135173975,1.035584512114056,1571.780000089392,1,0,0.05918264297971269,0.059182642979712756,0.10424708076784804,0.10424708076784803,4321.236231207872,4321.236231207872,3036.2637687921274,3036.2637687921274,asphalt,1.1575
7.699999999999978,15.824365144272978,4.395656984520271,0.9401265952303244,179.7638266216405,-92.57944851231396,4.390350464589349,0.21592388390804804,31.993874816586995,77.07864767807014,1.034324920659131,1566.450709547901,1,0,0.04815410835974801,0.04815410835974798,0.10316664503958084,0.10316664503958084,4321.331556251865,4321.331556251865,3036.168443748135,3036.168443748135,asphalt,1.1575
7.716666666666645,15.76230919006803,4.378419219463342,0.7522167576108701,179.80474005281442,-92.56579302313935,4.3733363668997995,0.21091202743712265,32.06687011680976,77.08219317831512,1.0330885221747366,1560.9831277050585,1,0,0.03911347115049652,0.03911347115049652,0.10249497474937028,0.10249497474937028,4321.424874674668,4321.424874674668,3036.0751253253316,3036.0751253253316,asphalt,1.1575
7.733333333333311,15.700340095368931,4.361205582046925,0.6025625997864633,179.83922241273024,-92.55485909284909,4.356307869103236,0.2066298102077453,32.13958169101501,77.08566289537106,1.031864688296551,1555.4062495238975,1,0,0.031724941184343006,0.031724941184343006,0.10203985916351882,0.10203985916351882,4321.517081880722,4321.517081880722,3035.9829181192777,3035.9829181192777,asphalt,1.1575
7.749999999999978,15.638453555813456,4.344014876614849,0.48315071960142286,179.8680508963267,-92.5460951905447,4.339270572859849,0.20296833192318106,32.21200935842106,77.0890678437775,1.0306468656276024,1549.7435684525012,1,0,0.025701600388179164,0.02570160038817913,0.10170050807667828,0.10170050807667828,4321.6087365132025,4321.6087365132025,3035.8912634867966,3035.8912634867966,asphalt,1.1575
7.766666666666644,15.576646536877094,4.326846260243637,0.38771701208578135,179.89200062295862,-92.53906451689899,4.3222293885737635,0.19982910782370383,32.28415302445325,77.09241732832356,1.0294312253221705,1544.0140311932473,1,0,0.020801216647687977,0.020801216647687977,0.10142370923411675,0.10142370923411675,4321.700169852546,4321.700169852546,3035.799830147453,3035.799830147453,asphalt,1.1575
7.783333333333311,15.514916954948907,4.309699154152474,0.3113433275153403,179.91179764995766,-92.53342020072735,4.305188534052575,0.19712555786805294,32.35601266912635,77.09571913558307,1.028215695854371,1538.2328567016725,1,0,0.016821147602832646,0.016821147602832716,0.10118109145045914,0.10118109145045914,4321.791565244256,4321.791565244256,3035.708434755744,3035.708434755744,asphalt,1.1575
7.799999999999978,15.453263407848638,4.292573168846844,0.25015336365976476,179.92809628730052,-92.52888614431991,4.288151579556281,0.19478306048732474,32.427588335929535,77.09897973425788,1.02699929948173,1532.412227664854,1,0,0.013593071269275564,0.013593071269275564,0.10095735916787231,0.10095735916787231,4321.883013107162,4321.883013107162,3035.6169868928378,3035.6169868928378,asphalt,1.1575
7.816666666666644,15.39168496558359,4.275468045995441,0.20108166854345028,179.9414711149264,-92.52524214703028,4.271121514259654,0.19273822339222668,32.49888012170975,77.10220446759907,1.02578171169327,1526.5618671936672,1,0,0.010977954965569362,0.010977954965569397,0.10074417327068079,0.10074417327068079,4321.974547734057,4321.974547734057,3035.525452265943,3035.525452265943,asphalt,1.1575
7.833333333333311,15.330181016309195,4.258383615641443,0.16169694557758385,179.95241754089838,-92.52231229246513,4.254100819666991,0.19093777539324164,32.569888167749035,77.10539772932273,1.0245629769453757,1520.6895151280917,1,0,0.008861471212246902,0.008861471212246938,0.10053693953294252,0.10053693953294252,4322.066171203735,4322.066171203735,3035.4338287962646,3035.4338287962646,asphalt,1.1575
7.849999999999977,15.268751157121867,4.2413197658671855,0.130066014859665,179.96135700017683,-92.51995584200138,4.23709154191792,0.18933732263688338,32.64061265206141,77.10856311940469,1.023343330399058,1514.801318349864,1,0,0.0071499458618331044,0.00714994586183314,0.10033310412436033,0.10033310412436033,4322.157868487098,4322.157868487098,3035.3421315129017,3035.3421315129017,asphalt,1.1575
7.866666666666644,15.2073951188589,4.22427642190525,0.10464845039691824,179.96864437249795,-92.5180600649935,4.220095358793401,0.18790011004524973,32.71105378284334,77.11170357906609,1.0221230897138156,1508.9021485689698,1,0,0.005766851251540326,0.005766851251540362,0.10013123785856644,0.10013123785856644,4322.249616696963,4322.249616696963,3035.2503833030364,3035.2503833030364,asphalt,1.1575
7.883333333333311,15.146112715566684,4.2072535321018565,0.08421453474156937,179.97457615677695,-92.516534573932,4.203113639539845,0.18659586409580511,32.7812117929675,77.11482150589501,1.0209025920904224,1502.9958596729023,1,0,0.004649816963001496,0.004649816963001496,0.09993053801047108,0.09993053801047108,4322.341390535105,4322.341390535105,3035.158609464894,3035.158609464894,asphalt,1.1575
7.899999999999977,15.084903811294163,4.190251058692823,0.06778106140316377,179.97939855466544,-92.51530683498476,4.18614749697276,0.18539975314174026,32.851086935393354,77.1179188508773,1.0196821598574957,1497.0854951906663,1,0,0.003748110639610687,0.0037481106396107223,0.09973055395619337,0.09973055395619337,4322.4331653246945,4322.4331653246945,3035.066834675305,3035.066834675305,asphalt,1.1575
7.916666666666644,15.023768298750277,4.173268971875077,0.054560886871465604,179.98331500498034,-92.51431860066427,4.169197832070385,0.18429147748841393,32.92067947936728,77.12099719944563,1.0184620835977398,1491.1734548976551,1,0,0.003020533361539727,0.0030205333615396916,0.09953103432108465,0.09953103432108465,4322.524918549282,4322.524918549282,3034.975081450718,3034.975081450718,asphalt,1.1575
7.9333333333333105,14.962706085914038,4.156307246087232,0.04392313786516325,179.9864929520184,-92.5135230688088,4.152265371654033,0.18325448763954044,32.98998970729292,77.12405783870658,1.017242615709364,1485.2616281660003,1,0,0.00243367325388766,0.0024336732538876955,0.09933184092942311,0.09933184092942311,4322.616630495066,4322.616630495066,3034.883369504934,3034.883369504934,asphalt,1.1575
7.949999999999977,14.901717087872807,4.139365857742447,0.03536172007630879,179.9890697762636,-92.5128826156344,4.135350699920392,0.18227532173003336,33.05901791216456,77.12710181289468,1.0160239698776508,1479.3515003924235,1,0,0.0019604641056309236,0.0019604641056309236,0.09913289992895942,0.09913289992895942,4322.708284377873,4322.708284377873,3034.791715622127,3034.791715622127,asphalt,1.1575
7.966666666666644,14.840801222032345,4.1224447838978735,0.028470325628149416,179.99115790006977,-92.512366983896,4.118454284632461,0.18134304971325474,33.12776439546931,77.13012996891285,1.014806323672559,1473.4442377269602,1,0,0.0015790008191323363,0.0015790008191323716,0.09893417383939372,0.09893417383939372,4322.799866192004,4322.799866192004,3034.7001338079963,3034.7001338079963,asphalt,1.1575
7.98333333333331,14.779958405457089,4.105544001515858,0.022922549570425534,179.992849126153,-92.51195183278602,4.101576498746483,0.18044881078406844,33.196229465477245,77.13314299359837,1.0135898225687612,1467.5407543789024,1,0,0.001271569289319574,0.0012715692893195383,0.09873564549899591,0.09873564549899591,4322.89136442612,4322.89136442612,3034.608635573879,3034.608635573879,asphalt,1.1575
7.999999999999977,14.719188553524415,4.088663487090115,0.01845603788130735,179.99421828793825,-92.51161757599682,4.084717638186711,0.17958543078513156,33.26441343585107,77.13614144412891,1.0123745844116172,1461.6417659792228,1,0,0.0010238541276858103,0.0010238541276858457,0.09853730883632639,0.09853730883632639,4322.98276973076,4322.98276973076,3034.5172302692395,3034.5172302692395,asphalt,1.1575
8.016666666666644,14.65849157936509,4.071803216490303,0.014859827038794264,179.99532629754017,-92.51134844977405,4.067877936399117,0.17874710732776236,33.33231662451764,77.13912577277274,1.0111607037808312,1455.7478318155258,1,0,0.0008242931158339089,0.0008242931158338736,0.09833916358398011,0.09833916358398011,4323.0740745860985,4323.0740745860985,3034.425925413901,3034.425925413901,asphalt,1.1575
8.033333333333312,14.597867393754635,4.054963164931843,0.01196421732048507,179.99622267554963,-92.51113176482745,4.051057576231167,0.1779291516703525,33.39993935275361,77.14209634699537,1.009948255972546,1449.8593882087969,1,0,0.0006635522097290815,0.0006635522097290815,0.09814121227936784,0.09814121227936784,4323.165272993749,4323.165272993749,3034.334727006251,3034.334727006251,asphalt,1.1575
8.04999999999998,14.53731590524678,4.038143307012994,0.00963266244359159,179.99694764072413,-92.51095730542045,4.034256699604535,0.1771277778039575,33.467281944445425,77.1450534657675,1.0087373004962785,1443.9767748537474,1,0,0.0005340992511726817,0.0005340992511727172,0.09794345859441007,0.09794345859441007,4323.256360204572,4323.256360204572,3034.243639795427,3034.243639795427,asphalt,1.1575
8.066666666666647,14.476837020422451,4.021343616784014,0.007755267122246881,179.9975338295301,-92.51081684641166,4.0174754153744665,0.17633993056393074,33.53434472549127,77.14799737277401,1.0075278840534452,1438.1002555805944,1,0,0.00042985827836829784,0.00042985827836826244,0.09774590643559149,0.09774590643559149,4323.347332485041,4323.347332485041,3034.1526675149585,3034.1526675149585,asphalt,1.1575
8.083333333333314,14.416430644179634,4.004564067827676,0.00624356910067895,179.99800770670763,-92.51070376491663,4.000713805704709,0.17556314584868857,33.6011280233181,77.15092826710094,1.0063200430296604,1432.2300347016144,1,0,0.00034592950089856907,0.00034592950089863987,0.09754855948725885,0.09754855948725885,4323.438186920819,4323.438186920819,3034.0618130791804,3034.0618130791804,asphalt,1.1575
8.099999999999982,14.356096680022716,3.9878046333396435,0.005026348809285128,179.99839071944126,-92.51061272793393,3.9839719312309887,0.17479543715084903,33.66763216649196,77.15384631187352,1.0051138055519715,1426.3662698685132,1,0,0.00027836267236360933,0.00027836267236360933,0.09735142100620761,0.09735142100620761,4323.528921254525,4323.528921254525,3033.971078745475,3033.971078745475,asphalt,1.1575
8.11666666666665,14.295835030329675,3.9710652862026876,0.004046262183874272,179.998700239775,-92.5105394409986,3.9672498352382,0.17403520358394722,33.733857484403906,77.15675164123297,1.0039091931648514,1420.509082176187,1,0,0.00022397381872599128,0.00022397381872599128,0.09715449375503114,0.09715449375503114,4323.619533752762,4323.619533752762,3033.880466247237,3033.880466247237,asphalt,1.1575
8.133333333333317,14.235645596587801,3.9543459990521668,0.003257133562739613,179.99895033279876,-92.51048044589052,3.9505475470363116,0.17328115542452563,33.79980430701688,77.1596443659673,1.0027062221869798,1414.658564096034,1,0,0.00018019712383923468,0.00018019712383923468,0.09695778000869194,0.09695778000869194,4323.71002309861,4323.71002309861,3033.7899769013898,3033.7899769013898,asphalt,1.1575
8.149999999999984,14.175528279595424,3.937646744332062,0.0026217783527721387,179.99915238192523,-92.51043295779117,3.933865084686355,0.17253225389620724,33.86547296466195,77.16252457805346,1.001504904800612,1408.8147857003703,1,0,0.00014496529360252268,0.00014496529360252268,0.09676128159654719,0.09676128159654719,4323.800388304955,4323.800388304955,3033.699611695044,3033.699611695044,asphalt,1.1575
8.166666666666652,14.115482979630956,3.9209674943419324,0.0021102511924339295,179.999315597238,-92.51039473417609,3.9172024572000455,0.17178766251386293,33.9308637878744,77.16539235431947,1.000305249924054,1402.9777995426869,1,0,0.00011661296818874672,0.00011661296818871129,0.0965649999585405,0.0965649999585405,4323.890628645216,4323.890628645216,3033.6093713547843,3033.6093713547843,asphalt,1.1575
8.18333333333332,14.055509596592316,3.904308221275643,0.0016984360705387962,179.99944742836857,-92.51036396924536,3.9005596663135726,0.17104670779739684,33.99597710726185,77.16824775939565,0.9991072639043352,1397.1476444816115,1,0,9.379877329381243e-05,9.379877329384785e-05,0.09636893620396095,0.09636893620396095,4323.980743598024,4323.980743598024,3033.5192564019762,3033.5192564019762,asphalt,1.1575
8.199999999999987,13.995608030110652,3.887668897252959,0.0013669113999202499,179.9995538995523,-92.51033920891005,3.883936707917269,0.17030884757053696,34.06081325339829,77.17109084809246,0.9979109510679152,1391.3243486754598,1,0,7.544243523637404e-05,7.544243523637404e-05,0.09617309116684974,0.09617309116684974,4324.070732803458,4324.070732803458,3033.429267196542,3033.429267196542,asphalt,1.1575
8.216666666666654,13.935778179642217,3.87104949434506,0.001100036263785403,179.9996398813411,-92.51031928232774,3.8673335732073895,0.16957364539370878,34.12537255673897,77.17392166731527,0.9967163141548951,1385.5079319260317,1,0,6.0674063875659775e-05,6.0674063875624356e-05,0.09597746545537168,0.09597746545537168,4324.160596028297,4324.160596028297,3033.3394039717027,3033.3394039717027,asphalt,1.1575
8.233333333333322,13.876019944542064,3.8544499845950178,0.0008852146322643016,179.99970931081816,-92.51030324676304,3.8507502496136663,0.1688407499533808,34.189655347552105,77.17674025760624,0.9955233546632769,1379.698407512167,1,0,4.8793259601819484e-05,4.8793259601819484e-05,0.09578205949430178,0.09578205949430178,4324.250333138635,4324.250333138635,3033.2496668613644,3033.2496668613644,asphalt,1.1575
8.24999999999999,13.816333224122841,3.8378703400341228,0.0007123028243939809,179.99976536998489,-92.51029034317861,3.8341867215460432,0.16810987845346606,34.25366195586408,77.17954665438538,0.9943320731190397,1373.8957836234938,1,0,3.92361489254134e-05,3.92361489254134e-05,0.09558687356073675,0.09558687356073675,4324.339944078323,4324.339944078323,3033.1600559216768,3033.1600559216768,asphalt,1.1575
8.266666666666657,13.756717917701444,3.8213105326948456,0.0005731322911943492,179.99981063020306,-92.51027996046805,3.8176429709956614,0.16738080323616994,34.31739271141554,77.18234088894934,0.9931424692881308,1368.1000644810767,1,0,3.1548816781518366e-05,3.1548816781553786e-05,0.0953919078136161,0.0953919078136161,4324.429428851969,4324.429428851969,3033.070571148031,3033.070571148031,asphalt,1.1575
8.283333333333324,13.697173924635898,3.8047705346210825,0.00046112525501898445,179.99984716910905,-92.51027160664903,3.801118978018426,0.16665334100747656,34.38084794362628,77.18512298927524,0.9919545423436915,1362.3112512130035,1,0,2.5365898073519575e-05,2.5365898073484162e-05,0.09519716231783025,0.09519716231783025,4324.518787511586,4324.518787511586,3032.9812124884133,3032.9812124884133,asphalt,1.1575
8.299999999999992,13.637701144354413,3.7882503178762255,0.0003709851265431175,179.99987666521648,-92.51026488566234,3.784614721124005,0.16592734416241606,34.44402798156711,77.18789298066707,0.9907682909971527,1356.5293425382538,1,0,2.0393329348247773e-05,2.0393329348247773e-05,0.09500263706373113,0.09500263706373113,4324.608020146233,4324.608020146233,3032.891979853767,3032.891979853767,asphalt,1.1575
8.31666666666666,13.578299476378184,3.7717498545494954,0.0002984471467137814,179.99990047444382,-92.51025947868645,3.768130177588687,0.16520269380246028,34.506933153937474,77.19065088627596,0.9895837136002328,1350.7543353006513,1,0,1.639445420324726e-05,1.639445420324726e-05,0.09480833198279964,0.09480833198279964,4324.697126873696,4324.697126873696,3032.8028731263034,3032.8028731263034,asphalt,1.1575
8.333333333333327,13.518968820339268,3.755269116760908,0.0002400775367172614,179.99991969200653,-92.51025512908903,3.7516653237069697,0.16447929411608908,34.56956378904756,77.19339672751839,0.9884008082253004,1344.986224885635,1,0,1.3178831802685663e-05,1.3178831802721076e-05,0.09461424696016843,0.09461424696016843,4324.786107834175,4324.786107834175,3032.7138921658247,3032.7138921658247,asphalt,1.1575
8.349999999999994,13.459709075994493,3.7388080766651366,0.0001931117206161926,179.99993520246218,-92.51025163030805,3.7352201349938223,0.16375706785720565,34.6319202148041,77.19613052441267,0.9872195727279376,1339.2250055454704,1,0,1.0593223713786647e-05,1.0593223713751234e-05,0.09442038184457598,0.09442038184457598,4324.874963185192,4324.874963185192,3032.625036814807,3032.625036814807,asphalt,1.1575
8.366666666666662,13.40052014323632,3.7223667064545336,0.00015532402165542014,179.99994772016842,-92.51024881609229,3.718794586347293,0.16303595270749358,34.69400275869915,77.19885229584938,0.9860400047961804,1333.470670652951,1,0,8.51433589593626e-06,8.514335895865438e-06,0.09422673645625887,0.09422673645625887,4324.96369309777,4324.96369309777,3032.536306902229,3032.536306902229,asphalt,1.1575
8.38333333333333,13.341401922101252,3.7059449783614586,0.00012492271152613182,179.99995782198567,-92.51024655264263,3.7023886521791898,0.16231589835033455,34.755811747801154,77.20156205980892,0.9848621019887815,1327.7232128992598,1,0,6.842974646490264e-06,6.842974646490264e-06,0.09403331059318179,0.09403331059318179,4325.05229775326,4325.05229775326,3032.4477022467395,3032.4477022467395,asphalt,1.1575
8.399999999999997,13.282354312776308,3.6895428646600856,0.0001004654822700451,179.9999659737069,-92.51024473228371,3.68600230652011,0.1615968641174068,34.81734750874803,77.2042598335363,0.9836858617654798,1321.9826244482476,1,0,5.499341527346019e-06,5.4993415273814295e-06,0.09384010403595236,0.09384010403595236,4325.140777341044,4325.140777341044,3032.3592226589562,3032.3592226589562,asphalt,1.1575
8.416666666666664,13.22337721560405,3.6731603376677913,8.079136917436642e-05,179.99997255141557,-92.51024326836873,3.6696355231038296,0.16087881709611104,34.87861036774164,77.20694563368171,0.9825112815088488,1316.2488970566992,1,0,4.419245619676961e-06,4.41924561971237e-06,0.0936471165516834,0.0936471165516834,4325.229132056602,4325.229132056602,3032.2708679433977,3032.2708679433977,asphalt,1.1575
8.433333333333332,13.164470531086378,3.656797369746216,6.496592516252364e-05,179.99997785874226,-92.51024209117679,3.6532882754351004,0.16016173060775726,34.93960065054364,77.20961947641354,0.9813383585441215,1310.5220221680675,1,0,3.5510545450684982e-06,3.5510545451039067e-06,0.09345434789702715,0.09345434789702715,4325.317362100089,4325.317362100089,3032.1826378999103,3032.1826378999103,asphalt,1.1575
8.45,13.105634159887444,3.6404539333020676,5.223706917389942e-05,179.9999821408069,-92.51024114461009,3.636960536844108,0.15944558298401007,35.00031868247221,77.21228137750911,0.9801670901529391,1304.8019909855107,1,0,2.853240351320398e-06,2.85324035128499e-06,0.0932617978205556,0.0932617978205556,4325.405467675232,4325.405467675232,3032.094532324767,3032.094532324767,asphalt,1.1575
8.466666666666667,13.046868002835824,3.6241300007877286,4.1999532126477514e-05,179.99998559548106,-92.51024038353472,3.6206522805302117,0.1587303565832315,35.060764788399624,77.21493135242774,0.9789974735835827,1299.088794528796,1,0,2.2924043867917296e-06,2.292404386756323e-06,0.09306946606461948,0.09306946606461948,4325.493448988325,4325.493448988325,3032.006551011674,3032.006551011674,asphalt,1.1575
8.483333333333334,12.988171960926142,3.607825544701706,3.376622770358834e-05,179.99998838248578,-92.5102397716402,3.6043634795970636,0.1580160369997605,35.12093929275042,77.21756941636929,0.9778295060607789,1293.382423678618,1,0,1.841687773414373e-06,1.841687773414373e-06,0.09287735236681034,0.09287735236681034,4325.5813062476955,4325.5813062476955,3031.918693752304,3031.918693752304,asphalt,1.1575
8.500000000000002,12.929545935320245,3.591540537588957,2.7145200434664175e-05,179.99999063073912,-92.51023927971633,3.588094107080804,0.15730261242834376,35.18084251950015,77.2201955843214,0.9766631847914553,1287.6828692111155,1,0,1.4794923188650579e-06,1.4794923189004634e-06,0.09268545646109727,0.09268545646109727,4325.669039663057,4325.669039663057,3031.8309603369416,3031.8309603369416,asphalt,1.1575
8.51666666666667,12.870989827348046,3.575274952041124,2.1821065576857417e-05,179.99999244429068,-92.5102388842663,3.5718441359726913,0.15659007315331663,35.24047479217446,77.22280987109728,0.9754985069709221,1281.9901218247442,1,0,1.1884513003610405e-06,1.1884513003964452e-06,0.09249377807871886,0.09249377807871886,4325.756649445201,4325.756649445201,3031.7433505547983,3031.7433505547983,asphalt,1.1575
8.533333333333337,12.812503538508091,3.559028760696692,1.754006637353032e-05,179.9999939071141,-92.5102385663903,3.5556135392372576,0.15587841113808315,35.299836433848576,77.22541229136623,0.9743354697852169,1276.304172161195,1,0,9.546013788230268e-07,9.546013788230268e-07,0.09230231694887228,0.09230231694887228,4325.8441358054515,4325.8441358054515,3031.655864194548,3031.655864194548,asphalt,1.1575
8.550000000000004,12.754086970467926,3.5428019362410903,1.4098044364335767e-05,179.99999508697633,-92.51023831088717,3.539402289826876,0.15516761969522636,35.35892776714695,77.22800285967797,0.9731740704167535,1270.6250108216748,1,0,7.667163752230392e-07,7.667163751876359e-07,0.09211107279926392,0.09211107279926392,4325.931498955727,4325.931498955727,3031.5685010442726,3031.5685010442726,asphalt,1.1575
8.566666666666672,12.695740025064291,3.5265944514067473,1.1330755411434e-05,179.99999603856287,-92.51023810553133,3.5232103606934357,0.15445769322143466,35.41774911424325,77.23058159048246,0.9720143060445352,1264.952628379573,1,0,6.157713143559027e-07,6.157713143205001e-07,0.09192004535652346,0.09192004535652346,4326.018739108051,4326.018739108051,3031.4812608919483,3031.4812608919483,asphalt,1.1575
8.58333333333334,12.63746260430321,3.5104062789731136,9.106074515862963e-06,179.99999680600033,-92.51023794049095,3.507037724797701,0.1537486269845237,35.47630079686042,77.23314849814551,0.970856173847352,1259.2870153903134,1,0,4.945112968225417e-07,4.945112967871399e-07,0.09172923434653962,0.09172923434653962,4326.105856474624,4326.105856474624,3031.3941435253764,3031.3941435253764,asphalt,1.1575
8.600000000000007,12.579254610359957,3.4942373917666547,7.3177214098223075e-06,179.99999742489322,-92.51023780785974,3.490884355116808,0.15304041695232812,35.53458313627091,77.23570359696161,0.9696996710046335,1253.6281623990171,1,0,3.9710471782290425e-07,3.971047177875031e-07,0.0915386394947113,0.0915386394947113,4326.19285126753,4326.19285126753,3031.307148732469,3031.307148732469,asphalt,1.1575
8.616666666666674,12.521115945578968,3.478087762660824,5.880210529073724e-06,179.9999979239683,-92.51023770128025,3.4747502246502626,0.15233305965524305,35.592596453297006,77.23824690116405,0.9685447946978343,1247.9760599464553,1,0,3.188643393328238e-07,3.188643393682243e-07,0.09134826052615079,0.09134826052615079,4326.279723698755,4326.279723698755,3031.220276301244,3031.220276301244,asphalt,1.1575
8.633333333333342,12.463046512473671,3.4619573645760195,4.724786710097599e-06,179.999998326402,-92.51023761564082,3.458635306424738,0.1516265520758038,35.65034106831127,77.24077842493308,0.967391542111713,1242.3306985736776,1,0,2.5602297882488006e-07,2.5602297878948033e-07,0.09115809716583799,0.09115809716583799,4326.366473980081,4326.366473980081,3031.133526019919,3031.133526019919,asphalt,1.1575
8.65000000000001,12.405046213726301,3.445846170479528,3.7961543956408876e-06,179.9999986508917,-92.51023754683165,3.4425395734979087,0.15092089155999322,35.70781730123703,77.24329818240263,0.9662399104342256,1236.6920688256039,1,0,2.055531036409337e-07,2.0555310360553469e-07,0.09096814913874052,0.09096814913874052,4326.453102323,4326.453102323,3031.0468976769994,3031.0468976769994,asphalt,1.1575
8.666666666666677,12.347114952187646,3.429754153385457,3.049845594744403e-06,179.9999989125205,-92.5102374915487,3.426462998961504,0.150216075746005,35.765025471548924,77.24580618766547,0.9650898968575916,1231.0601612538112,1,0,1.6502176882392077e-07,1.6502176885931907e-07,0.09077841616990923,0.09077841616990923,4326.539608938744,4326.539608938744,3030.960391061256,3030.960391061256,asphalt,1.1575
8.683333333333344,12.289252630876794,3.413681286354665,2.4501019920755414e-06,179.99999912345552,-92.51023744713589,3.410405555943745,0.14951210250703154,35.8219658982735,77.24830245477752,0.9639414985787198,1225.4349664186957,1,0,1.3247396941331978e-07,1.3247396941331978e-07,0.09058889798454957,0.09058889798454957,4326.625994038172,4326.625994038172,3030.874005961827,3030.874005961827,asphalt,1.1575
8.700000000000012,12.231459152980843,3.3976275424946785,1.9681708703858265e-06,179.99999929351065,-92.5102374114581,3.3943672176112805,0.14880896990531828,35.878638899989824,77.25078699776131,0.9627947127992087,1219.8164748911454,1,0,1.0633885546723531e-07,1.063388555380291e-07,0.09039959430808023,0.09039959430808023,4326.712257831826,4326.712257831826,3030.7877421681737,3030.7877421681737,asphalt,1.1575
8.71666666666668,12.173734421854595,3.38159289495961,1.5809340852775865e-06,179.9999994306019,-92.51023738279922,3.3783479571707167,0.14810667615526857,35.93504479483018,77.25325983060868,0.9616495367258793,1214.2046772538342,1,0,8.535432670709362e-08,8.535432674248981e-08,0.09021050486617438,0.09021050486617438,4326.79840052982,4326.79840052982,3030.701599470179,3030.701599470179,asphalt,1.1575
8.733333333333347,12.116078341020252,3.36557731695007,1.269805062383088e-06,179.99999954111348,-92.51023735977982,3.3623477478698316,0.14740521959381805,35.991183900480706,77.25572096728304,0.9605059675712013,1208.5995641022223,1,0,6.850641393615538e-08,6.850641397155087e-08,0.09002162938479596,0.09002162938479596,4326.884422341895,4326.884422341895,3030.6155776581054,3030.6155776581054,asphalt,1.1575
8.750000000000014,12.058490814167076,3.3495807817130765,1.019841486639787e-06,179.99999963019442,-92.5102373412914,3.3463665629985275,0.14670459865664678,36.047056534182104,77.25817042172109,0.9593640025519079,1203.0011260453234,1,0,5.4980547113320375e-08,5.4980547113320375e-08,0.08983296759022483,0.08983296759022483,4326.970323477378,4326.970323477378,3030.5296765226217,3030.5296765226217,asphalt,1.1575
8.766666666666682,12.000971745151078,3.333603262541966,8.190315411113437e-07,179.99999970199698,-92.51023732644302,3.3304043758895756,0.1460048118590814,36.10266301273037,77.26060820783437,0.958223638891873,1197.4093537062968,1,0,4.412238965954005e-08,4.412238965954005e-08,0.0896445192090782,0.0896445192090782,4327.0561041452,4327.0561041452,3030.443895854799,3030.443895854799,asphalt,1.1575
8.78333333333335,11.943521037994659,3.317644732776294,6.577197949079768e-07,179.9999997598697,-92.5102373145188,3.314461159919193,0.1453058577807621,36.15800365247748,77.26303433951033,0.9570848738198734,1191.8242377228983,1,0,3.5406348662118526e-08,3.540634862672515e-08,0.08945628396832442,0.08945628396832442,4327.141764553835,4327.141764553835,3030.3582354461646,3030.3582354461646,asphalt,1.1575
8.800000000000017,11.886138596886292,3.3017051658017476,5.281454392143768e-07,179.99999980651276,-92.51023730494349,3.2985368885074924,0.14460773505333432,36.21307876933216,77.26544883061331,0.9559477045696951,1186.2457687478236,1,0,2.8410272018573465e-08,2.8410272053966148e-08,0.08926826159529731,0.08926826159529731,4327.227304911369,4327.227304911369,3030.272695088631,3030.272695088631,asphalt,1.1575
8.816666666666684,11.828824326180161,3.2857845350500448,4.240709198275839e-07,179.99999984410331,-92.51023729725485,3.282631535118814,0.1439104423505674,36.26788867876056,77.2678516949853,0.9548121283822653,1180.6739374489691,1,0,2.2795115401017492e-08,2.2795115401017492e-08,0.08908045181770319,0.08908045181770319,4327.312725425425,4327.312725425425,3030.187274574574,3030.187274574574,asphalt,1.1575
8.833333333333352,11.771578130395827,3.2698828139988407,3.404832807360296e-07,179.9999998743968,-92.51023729108155,3.2667450732619816,0.14321397838042324,36.32243369578708,77.27024294644653,0.9536781425029872,1175.1087345096244,1,0,1.828859538279478e-08,1.8288595347403495e-08,0.08889285436362869,0.08889285436362869,4327.398026303186,4327.398026303186,3030.101973696813,3030.101973696813,asphalt,1.1575
8.85000000000002,11.714399914217879,3.2539999761716327,2.733539997214621e-07,179.99999989880854,-92.51023728612526,3.2508774764904835,0.1425183418786898,36.376714134995034,77.27262259879603,0.9525457441836593,1169.5501506286164,1,0,1.4672059199427569e-08,1.4672059270208749e-08,0.08870546896154755,0.08870546896154755,4327.48320775145,4327.48320775145,3030.0167922485493,3030.0167922485493,asphalt,1.1575
8.866666666666687,11.657289582495574,3.2381359951376596,2.194458738695554e-07,179.99999991847957,-92.51023728214629,3.2350287184026,0.14182353160387162,36.43073031052743,77.27499066581196,0.9514149306820485,1163.998176520413,1,0,1.1769932081044265e-08,1.1769932081044265e-08,0.0885182953403216,0.0885182953403216,4327.568269976517,4327.568269976517,3029.931730023483,3029.931730023483,asphalt,1.1575
8.883333333333354,11.60024704024252,3.2222908445118112,1.7615775085191715e-07,179.9999999343298,-92.51023727895212,3.2191987726414872,0.1411295463330876,36.48448253608772,77.27734716125201,0.9502856992614639,1158.4528029151963,1,0,9.441239727862365e-09,9.441239798640764e-09,0.08833133322920726,0.08833133322920726,4327.653213184326,4327.653213184326,3029.846786815673,3029.846786815673,asphalt,1.1575
8.900000000000022,11.543272192636291,3.206464497954525,1.4139968650038054e-07,179.99999994710072,-92.51023727638814,3.203387612895224,0.14043638485878007,36.53797112494054,77.27969209885367,0.9491580471908634,1152.9140205589115,1,0,7.572795803548772e-09,7.572795803548772e-09,0.0881445823578535,0.0881445823578535,4327.738037580298,4327.738037580298,3029.7619624197014,3029.7619624197014,asphalt,1.1575
8.91666666666669,11.486364945018105,3.1906569291716957,1.1349258538046327e-07,179.99999995739003,-92.51023727433017,3.1875952128968317,0.13974404598607237,36.591196389912476,77.2820254923344,0.9480319717450669,1147.3818202132977,1,0,6.073731511911812e-09,6.073731441136184e-09,0.0879580424563073,0.0879580424563073,4327.822743369482,4327.822743369482,3029.6772566305176,3029.6772566305176,asphalt,1.1575
8.933333333333357,11.429525202892462,3.1748681119145727,9.108752144357602e-08,179.99999996567962,-92.51023727267841,3.1718215464242685,0.13905252853064823,36.64415864339278,77.28434735539187,0.9469074702051827,1141.8561926559041,1,0,4.87110067508518e-09,4.87110067508518e-09,0.08777171325501157,0.08777171325501157,4327.907330756449,4327.907330756449,3029.5926692435514,3029.5926692435514,asphalt,1.1575
8.950000000000024,11.372752871926807,3.1590980199796683,7.310088508081754e-08,179.9999999723578,-92.51023727135279,3.1560665873004097,0.13836183131704963,36.69685819733414,77.28665770170416,0.9457845398572218,1136.3371286800952,1,0,3.906346641357744e-09,3.906346641357744e-09,0.08758559448480778,0.08758559448480778,4327.991799945349,4327.991799945349,3029.5082000546504,3029.5082000546504,asphalt,1.1575
8.966666666666692,11.316047857951174,3.1433466272086594,5.866225335500859e-08,179.99999997773753,-92.51023727028897,3.1403303093930104,0.13767195317731068,36.74929536325343,77.28895654492975,0.9446631779940162,1130.8246190950474,1,0,3.13246759732239e-09,3.13246759732239e-09,0.08739968587693647,0.08739968587693647,4328.076151139937,4328.076151139937,3029.423848860063,3029.423848860063,asphalt,1.1575
8.98333333333336,11.25941006695785,3.1276139074882914,4.7072494253871674e-08,179.99999998207113,-92.51023726943531,3.124612686614657,0.13698289294986088,36.80147045223247,77.29124389870775,0.9435433819130878,1125.3186547257383,1,0,2.5117396731036257e-09,2.5117396731036257e-09,0.08721398716303402,0.08721398716303402,4328.160384543442,4328.160384543442,3029.3396154565576,3029.3396154565576,asphalt,1.1575
9.000000000000027,11.202839405101011,3.1118998347502806,3.777009226455713e-08,179.9999999855618,-92.51023726875033,3.1089136929227092,0.1362946494786449,36.85338377491874,77.29351977665802,0.942425148918673,1119.819226412931,1,0,2.0138858423926485e-09,2.013885877777014e-09,0.08702849807513728,0.08702849807513728,4328.244500358744,4328.244500358744,3029.255499641256,3029.255499641256,asphalt,1.1575
9.016666666666694,11.146335778696402,3.096204382971223,3.0304089996804357e-08,179.99999998837336,-92.51023726820074,3.093233302319237,0.13560722161241542,36.90503564152613,77.29578419238115,0.9413084763199109,1114.326325013155,1,0,1.614608712965589e-09,1.614608748349268e-09,0.08684321834568078,0.08684321834568078,4328.328498788272,4328.328498788272,3029.171501211728,3029.171501211728,asphalt,1.1575
9.033333333333362,11.089899094220975,3.080527526172493,2.431234325257707e-08,179.99999999063786,-92.51023726775979,3.0775714888509476,0.1349206082041652,36.956426361835724,77.2980371594586,0.9401933614325486,1108.839941398684,1,0,1.294409597743928e-09,1.2944095623609348e-09,0.08665814770749576,0.08665814770749576,4328.4123800339985,4328.4123800339985,3029.0876199660015,3029.0876199660015,asphalt,1.1575
9.05000000000003,11.033529258312551,3.0648692384201532,1.9504048637043616e-08,179.99999999246168,-92.51023726740604,3.061928226609112,0.134234808110671,37.0075562451965,77.30027869145277,0.9390798015769164,1103.3600664575097,1,0,1.0376449638039614e-09,1.0376449991862698e-09,0.0864732858938109,0.0864732858938109,4328.496144297455,4328.496144297455,3029.0038557025437,3029.0038557025437,asphalt,1.1575
9.066666666666697,10.977226177769476,3.0492294938248543,1.564570336696771e-08,179.9999999939305,-92.51023726712229,3.046303489729483,0.13354982019212713,37.05842560052608,77.30250880190702,0.9379677940804854,1097.8866910933161,1,0,8.31758627137482e-10,8.317586625191065e-10,0.08628863263825327,0.08628863263825327,4328.579791779815,4328.579791779815,3028.920208220184,3028.920208220184,asphalt,1.1575
9.083333333333364,10.92098975955028,3.0336082665417443,1.2549826980378928e-08,179.99999999511334,-92.51023726689468,3.0306972523922173,0.13286564331185063,37.109034736311486,77.30472750434575,0.9368573362752031,1092.41980622545,1,0,6.6668068212321e-10,6.6668068212321e-10,0.08610418767484473,0.08610418767484473,4328.66332268176,4328.66332268176,3028.8366773182397,3028.8366773182397,asphalt,1.1575
9.100000000000032,10.864819910773342,3.0180055307703726,1.0065903321422765e-08,179.99999999606578,-92.51023726671208,3.0151094888217873,0.1321822763360436,37.15938396060988,77.30693481227445,0.9357484254989856,1086.9594027888918,1,0,5.343322887309578e-10,5.343322887309578e-10,0.08591995073800349,0.08591995073800349,4328.746737203563,4328.746737203563,3028.7532627964365,3028.7532627964365,asphalt,1.1575
9.1166666666667,10.808716538716537,3.0024212607545935,8.073097258378945e-09,179.99999999683277,-92.51023726656565,2.9995401732868965,0.13149971813360267,37.209473581049274,77.30913073917975,0.9346410590962506,1081.505471734226,1,0,4.282297576337065e-10,4.282297576337065e-10,0.08573592156254285,0.08573592156254285,4328.830035545074,4328.830035545074,3028.6699644549262,3028.6699644549262,asphalt,1.1575
9.133333333333367,10.752679550816907,2.9868554307824744,6.474406757517659e-09,179.99999999745037,-92.51023726644821,2.9839892801003916,0.13081796757596556,37.2593039048293,77.31131529852945,0.9335352344155723,1076.0580040276097,1,0,3.431742987121747e-10,3.4317426333327526e-10,0.08555209988367021,0.08555209988367021,4328.913217905691,4328.913217905691,3028.586782094308,3028.586782094308,asphalt,1.1575
9.150000000000034,10.69670885467032,2.9713080151862,5.19197007896633e-09,179.9999999979476,-92.51023726635403,2.9684567836191733,0.13013702353698614,37.308875238721924,77.31348850377255,0.9324309488125593,1070.6169906507423,1,0,2.7499494401354494e-10,2.7499494401354494e-10,0.08536848543698843,0.08536848543698843,4328.9962844844495,4328.9962844844495,3028.5037155155505,3028.5037155155505,asphalt,1.1575
9.166666666666702,10.640804358031131,2.9557789883419807,4.1632907368681445e-09,179.99999999834793,-92.5102372662785,2.952942658244109,0.1294568848928347,37.35818788907219,77.31565036833933,0.9313281996475098,1065.182422600832,1,0,2.203466543755102e-10,2.203466543755102e-10,0.08518507795849212,0.08518507795849212,4329.079235479896,4329.079235479896,3028.420764520103,3028.420764520103,asphalt,1.1575
9.183333333333369,10.584965968811849,2.940268324669958,3.338210455992515e-09,179.99999999867026,-92.51023726621796,2.9374468784199412,0.12877755052191617,37.40724216179894,77.31780090564135,0.9302269842867972,1059.754290890565,1,0,1.7654683354394146e-10,1.7654686892080722e-10,0.08500187718456953,0.08500187718456953,4329.1620710902,4329.1620710902,3028.3379289098,3028.3379289098,asphalt,1.1575
9.200000000000037,10.529193595082793,2.924775998634109,2.676473803699462e-09,179.9999999989297,-92.5102372661694,2.9219694186351948,0.12809901930480494,37.45603836239556,77.31994012907148,0.929127300102337,1054.3325865480736,1,0,1.4144433670898297e-10,1.4144437208517277e-10,0.08481888285200057,0.08481888285200057,4329.244791513083,4329.244791513083,3028.255208486916,3028.255208486916,asphalt,1.1575
9.216666666666704,10.47348714507177,2.909301984742158,2.145777452953618e-09,179.9999999991386,-92.51023726613046,2.906510253422091,0.12742129012419046,37.50457679593068,77.32206805200401,0.928029144471374,1048.9173006169035,1,0,1.1331438918122775e-10,1.1331442455674257e-10,0.08463609469795635,0.08463609469795635,4329.327396945849,4329.327396945849,3028.172603054151,3028.172603054151,asphalt,1.1575
9.233333333333372,10.417846527163723,2.8938462575454786,1.7201993698898772e-09,179.9999999993068,-92.51023726609927,2.891069357356452,0.12674436186483407,37.55285776704895,77.32418468779458,0.9269325147771212,1043.508424155982,1,0,9.077237208489843e-11,9.077237208489843e-11,0.08445351245999946,0.08445351245999946,4329.409887585403,4329.409887585403,3028.090112414596,3028.090112414596,asphalt,1.1575
9.250000000000039,10.362271649900416,2.8784087916390044,1.3789383819954355e-09,179.9999999994421,-92.51023726607426,2.875646705057613,0.12606823341353315,37.600881579971706,77.32629004978027,0.925837408407908,1038.1059482395854,1,0,7.27095500485217e-11,7.27095500485217e-11,0.0842711358760823,0.0842711358760823,4329.49226362823,4329.49226362823,3028.00773637177,3028.00773637177,asphalt,1.1575
9.266666666666707,10.306762421980094,2.8629895616611374,1.1053077863476068e-09,179.99999999955105,-92.5102372660542,2.8602422711883295,0.12539290365909092,37.64864853849776,77.32838415127964,0.9247438227578186,1032.709863957306,1,0,5.823814496185637e-11,5.823810958836075e-11,0.08408896468454644,0.08408896468454644,4329.574525270378,4329.574525270378,3027.925474729622,3027.925474729622,asphalt,1.1575
9.283333333333374,10.251318752257143,2.847588542293651,8.859195743878478e-10,179.99999999963873,-92.51023726603812,2.8448560304546855,0.12471837149229252,37.69615894600406,77.33046700559275,0.9236517552265866,1027.320162414021,1,0,4.6644374981502974e-11,4.664441035432744e-11,0.08390699862412171,0.08390699862412171,4329.656672707474,4329.656672707474,3027.843327292526,3027.843327292526,asphalt,1.1575
9.300000000000042,10.195940549741776,2.832205708261604,7.100324522570483e-10,179.99999999970927,-92.51023726602523,2.8294879576060046,0.12404463580588472,37.74341310544646,77.3325386260012,0.9225612032192743,1021.9368347298602,1,0,3.7356426012378906e-11,3.7356426012378906e-11,0.08372523743392736,0.08372523743392736,4329.738706134774,4329.738706134774,3027.7612938652255,3027.7612938652255,asphalt,1.1575
9.316666666666709,10.14062579487116,2.816840498575322,5.690297433630847e-10,179.99999999976612,-92.51023726601491,2.8141374921909406,0.12337167202949177,37.79041131608301,77.33459902562446,0.9215515640032024,1016.9672832488706,1,0,2.9915647750104995e-11,2.991566543585918e-11,0.08355753016420132,0.08355753016420132,4329.817769234283,4329.817769234283,3027.6822307657158,3027.6822307657158,asphalt,1.1575
9.333333333333377,10.085363357509808,2.801489821530502,4.5599850348292443e-10,179.99999999981182,-92.51023726600664,2.79880154547196,0.12269934475281781,37.837153841517,77.33664821601887,0.9207583399793506,1013.1068224254467,1,0,2.395519769063334e-11,2.3955180005138213e-11,0.08342730055772667,0.08342730055772667,4329.881192914095,4329.881192914095,3027.618807085905,3027.618807085905,asphalt,1.1575
9.350000000000044,10.030141877799316,2.7861505216109212,3.6539587946044663e-10,179.9999999998486,-92.510237266,2.783476964960842,0.12202751577077302,37.88364088983111,77.33868620630683,0.92013655194922,1010.1247083326452,1,0,1.9180725175628623e-11,1.9180725175628623e-11,0.08332671628938249,0.08332671628938249,4329.93086702087,4329.93086702087,3027.569132979129,3027.569132979129,asphalt,1.1575
9.366666666666712,9.974952577481139,2.7708201604114273,2.9277628883672366e-10,179.99999999987818,-92.5102372659947,2.7681613145923034,0.12135607828624677,37.92987262426981,77.34071300364494,0.9196472447930404,1007.821096181338,1,0,1.5357079553933333e-11,1.5357097239066077e-11,0.08324903369286583,0.08324903369286583,4329.969916101637,4329.969916101637,3027.5300838983626,3027.5300838983626,asphalt,1.1575
9.383333333333379,9.919788672519735,2.755496853477704,2.3457445787720935e-10,179.99999999990197,-92.51023726599044,2.7528527117203314,0.12068494976402826,37.97584917342707,77.34272861367076,0.9192603266276933,1006.041610628971,1,0,1.2295394862050026e-11,1.2295412547056819e-11,0.08318904286252923,0.08318904286252923,4330.000753792893,4330.000753792893,3027.499246207106,3027.499246207106,asphalt,1.1575
9.400000000000047,9.864644919368397,2.740179144268999,1.8793137707093343e-10,179.99999999992116,-92.51023726598702,2.7375497012018553,0.12001406641063538,38.02157063911613,77.34473304084781,0.918952552204999,1004.667000398127,1,0,9.84373743366645e-12,9.843719748759685e-12,0.0831427189208401,0.0831427189208401,4330.0252445702345,4330.0252445702345,3027.4747554297646,3027.4747554297646,asphalt,1.1575
9.416666666666714,9.80951726447072,2.7248659067974224,1.5055350366300896e-10,179.9999999999366,-92.5102372659843,2.7222511581294726,0.11934337891011824,38.06703710244865,77.34672628873201,0.9187059651317853,1003.6051467156246,1,0,7.880022800921673e-12,7.880022800921673e-12,0.08310695253645481,0.08310695253645481,4330.044828695897,4330.044828695897,3027.4551713041024,3027.4551713041024,asphalt,1.1575
9.433333333333382,9.754402573509118,2.7095562704191996,1.2060185945819586e-10,179.999999999949,-92.51023726598211,2.70695621269487,0.11867284913007171,38.112248628530786,77.34870836017762,0.9185066945273945,1002.7848900219496,1,0,6.307783328524405e-12,6.3078186980489836e-12,0.08307934169949316,0.08307934169949316,4330.060618737774,4330.060618737774,3027.4393812622257,3027.4393812622257,asphalt,1.1575
9.450000000000049,9.699298422255923,2.6942495617377564,9.660179281163459e-11,179.999999999959,-92.51023726598036,2.691664192147658,0.11800244757711081,38.157205270090714,77.35067925749624,0.9183440254680519,1002.151261251239,1,0,5.047729029369136e-12,5.047746714078922e-12,0.08305803083922138,0.08305803083922138,4330.073474127856,4330.073474127856,3027.4265258721443,3027.4265258721443,asphalt,1.1575
9.466666666666717,9.644202935011013,2.678945259725281,7.737272222509974e-11,179.99999999996703,-92.51023726597897,2.676374575959998,0.11733215143128777,38.20190707028088,77.35263898257966,0.9182096809305307,1001.661798108581,1,0,4.0402919754536386e-12,4.040274290787082e-12,0.08304158652617105,0.08304158652617105,4330.084058756943,4330.084058756943,3027.415941243057,3027.415941243057,asphalt,1.1575
9.483333333333384,9.589114659798817,2.663642961055227,6.196722637103093e-11,179.99999999997348,-92.51023726597785,2.661086961192372,0.11666194302772787,38.24635406484262,77.3545875369948,0.9180972671081733,1001.2836994819171,1,0,3.233227941680561e-12,3.233227941680561e-12,0.08302890144294625,0.08302890144294625,4330.092885464924,4330.092885464924,3027.407114535076,3027.407114535076,asphalt,1.1575
9.500000000000052,9.5340324719611,2.6483423533225277,4.962527850602355e-11,179.99999999997868,-92.51023726597695,2.645801035739494,0.11599180868373007,38.2905462837783,77.35652492205698,0.9180018449344374,1000.9916272929695,1,0,2.5869032908059494e-12,2.58688560620593e-12,0.08301912019676741,0.08301912019676741,4330.100350408727,4330.100350408727,3027.399649591273,3027.399649591273,asphalt,1.1575
9.516666666666719,9.478955499684712,2.6330431943568646,3.97386066024789e-11,179.99999999998286,-92.51023726597623,2.630516557663431,0.11532173779273064,38.33448375264299,77.3584511388865,0.9179195990937927,1000.7660084794095,1,0,2.0701915832496526e-12,2.0701915832496526e-12,0.08301158200711228,0.08301158200711228,4330.10675961045,4330.10675961045,3027.393240389549,3027.393240389549,asphalt,1.1575
9.533333333333387,9.423883066473644,2.617745296242679,3.1819950251295774e-11,179.99999999998622,-92.51023726597566,2.615233339228945,0.1146517221244126,38.378166493542274,77.36036618845246,0.9178475823397392,1000.5917233164994,1,0,1.656547262571042e-12,1.6565295780200283e-12,0.08300577643070205,0.08300577643070205,4330.112349465271,4330.112349465271,3027.3876505347284,3027.3876505347284,asphalt,1.1575
9.550000000000054,9.368814646710048,2.602448512975013,2.5477315962935336e-11,179.99999999998892,-92.5102372659752,2.5999512345711837,0.11398175528405771,38.42159452590304,77.36227007160657,0.9177835179891147,1000.457092176785,1,0,1.3251372607764749e-12,1.3251372607764749e-12,0.08300130915856027,0.08300130915856027,4330.117302583309,4330.117302583309,3027.3826974166914,3027.3826974166914,asphalt,1.1575
9.566666666666721,9.31374983132626,2.5871527309239615,2.0397220314231833e-11,179.9999999999911,-92.51023726597484,2.58467013016928,0.11331183229490832,38.46476786706884,77.36416278910916,0.9177256473511264,1000.3530928260764,1,0,1.0597267318684204e-12,1.0596913628432596e-12,0.0829978755941192,0.0829978755941192,4330.121760026927,4330.121760026927,3027.378239973072,3027.378239973072,asphalt,1.1575
9.583333333333389,9.258688301287261,2.5718578614686836,1.6329134409860825e-11,179.99999999999284,-92.51023726597454,2.5693899374874327,0.11264194927555252,38.507686532759884,77.3660443416494,0.9176726118729306,1000.2727558032243,1,0,8.480600035343187e-13,8.480600035343187e-13,0.08299524044238502,0.08299524044238502,4330.125830764074,4330.125830764074,3027.3741692359263,3027.3741692359263,asphalt,1.1575
9.600000000000056,9.20362980710651,2.556563835307364,1.307169686397529e-11,179.99999999999426,-92.5102372659743,2.5541105872903285,0.1119721031907122,38.5503505374283,77.36791472986087,0.9176233620975793,1000.2106973653905,1,0,6.7865962618882e-13,6.7865962618882e-13,0.08299322194270455,0.08299322194270455,4330.129598970315,4330.129598970315,3027.3704010296847,3027.3704010296847,asphalt,1.1575
9.616666666666724,9.148574153022455,2.541270598061793,1.0463760869647205e-11,179.99999999999537,-92.51023726597411,2.538832025251938,0.11130229165873264,38.592759894532605,77.3697739543336,0.9175770873371292,1000.162758699385,1,0,5.430192174831806e-13,5.430545864154728e-13,0.08299167968875731,0.08299167968875731,4330.133129669853,4330.133129669853,3027.3668703301473,3027.3668703301473,asphalt,1.1575
9.633333333333391,9.093521184775245,2.5259781068820124,8.375246983644727e-12,179.99999999999628,-92.51023726597396,2.5235542085634215,0.11063251280287312,38.63491461674974,77.37162201562332,0.9175331613473503,1000.1257272210139,1,0,4.339587796876471e-13,4.3399414859263e-13,0.082990505219662,0.082990505219662,4330.136473092897,4330.136473092897,3027.3635269071024,3027.3635269071024,asphalt,1.1575
9.650000000000059,9.038470780164557,2.510686327823488,6.703426455177555e-12,179.999999999997,-92.51023726597384,2.508277103312818,0.10996276513643213,38.6768147161388,77.37345891425873,0.9174911003618291,1000.0971212854588,1,0,3.4691564855643e-13,3.4693333299587315e-13,0.08298961475175272,0.08298961475175272,4330.139668041628,4330.139668041628,3027.3603319583713,3027.3603319583713,asphalt,1.1575
9.666666666666726,8.983422841755738,2.4953952338210383,5.364489021423674e-12,179.9999999999976,-92.51023726597374,2.493000682460917,0.10929304747400999,38.71846020426759,77.37528465074696,0.9174505306750191,1000.07502388117,1,0,2.7745097330218837e-13,2.774686577290672e-13,0.08298894356400582,0.08298894356400582,4330.14274449038,4330.14274449038,3027.3572555096193,3027.3572555096193,asphalt,1.1575
9.683333333333394,8.92837729124547,2.4801048031237416,4.2934580461626226e-12,179.99999999999807,-92.51023726597366,2.4777249242776693,0.10862335886296044,38.75985109231035,77.37709922557788,0.917411163600832,1000.057954162357,1,0,2.2215161751088884e-13,2.2216930192559276e-13,0.08298844166088443,0.08298844166088443,4330.145725594156,4330.145725594156,3027.354274405844,3027.354274405844,asphalt,1.1575
9.700000000000061,8.873334065109399,2.464815018085944,3.435190145131563e-12,179.99999999999847,-92.51023726597361,2.4624498111343534,0.10795369853044011,38.80098739112325,77.37890263922743,0.9173727761287509,1000.0447682108966,1,0,1.769501348709738e-13,1.769501348709738e-13,0.08298807042197343,0.08298807042197343,4330.148629240241,4330.148629240241,3027.351370759759,3027.351370759759,asphalt,1.1575
9.716666666666729,8.818293111240012,2.4495258642333364,2.7479441702869394e-12,179.99999999999878,-92.51023726597356,2.447175328570549,0.10728406584250368,38.84186911130272,77.38069489216014,0.9173351959811171,1000.0345823772681,1,0,1.414397611915998e-13,1.414397611915998e-13,0.08298780001388908,0.08298780001388908,4330.151469246691,4330.151469246691,3027.3485307533088,3027.3485307533088,asphalt,1.1575
9.733333333333396,8.76325438634949,2.4342373295415247,2.198543349286615e-12,179.99999999999898,-92.5102372659735,2.4319014645734014,0.1066144602725071,38.88249626323048,77.38247598483116,0.9172982900689775,1000.0267140632507,1,0,1.1358677186941114e-13,1.1360445624927561e-13,0.08298760739103467,0.08298760739103467,4330.154256288197,4330.154256288197,3027.345743711803,3027.345743711803,asphalt,1.1575
9.750000000000064,8.708217853963468,2.418949403878741,1.7598966610545846e-12,179.99999999999918,-92.51023726597346,2.4166282090208653,0.10594488137669958,38.922868857108405,77.38424591768772,0.9172619555779349,1000.0206359779672,1,0,9.160502968365556e-14,9.158734531499075e-14,0.08298747475122667,0.08298747475122667,4330.156998611262,4330.156998611262,3027.343001388738,3027.343001388738,asphalt,1.1575
9.766666666666731,8.653183482871267,2.4036620785753517,1.4098101387514801e-12,179.99999999999935,-92.51023726597343,2.401355553251625,0.10527532877536899,38.96298690298533,77.38600469117038,0.9172261130782999,1000.0159408017668,1,0,7.363766513702962e-14,7.361998077940785e-14,0.08298738834269989,0.08298738834269989,4330.159702586667,4330.159702586667,3027.340297413333,3027.340297413333,asphalt,1.1575
9.783333333333399,8.598151245928715,2.3883753460913097,1.128033114266963e-12,179.9999999999995,-92.51023726597343,2.38608348973287,0.1046058021382772,39.002850410777896,77.38775230571389,0.9171907012051861,1000.0123138899147,1,0,5.777476071874188e-14,5.777476071874188e-14,0.08298733754254647,0.08298733754254647,4330.162373136277,4330.162373136277,3027.3376268637226,3027.3376268637226,asphalt,1.1575
9.800000000000066,8.54312111913338,2.373089199759272,9.011882530293573e-13,179.9999999999996,-92.51023726597343,2.370812011803655,0.10393630117340832,39.04245939028657,77.3894887617479,0.9171556725479846,1000.0095121868429,1,0,4.53956903316468e-14,4.53956903316468e-14,0.08298731414482811,0.08298731414482811,4330.16501406265,4330.16501406265,3027.3349859373493,3027.3349859373493,asphalt,1.1575
9.816666666666734,8.488093080910183,2.357803633586162,7.190615972113184e-13,179.9999999999997,-92.51023726597343,2.3555411134766535,0.10326682561827782,39.08181385120803,77.3912140596975,0.9171209904762634,1000.0073479379108,1,0,3.5669284035749754e-14,3.568696836100297e-14,0.08298731181066105,0.08298731181066105,4330.1676283037405,4330.1676283037405,3027.332371696259,3027.332371696259,asphalt,1.1575
9.833333333333401,8.433067111559563,2.3425186420998787,5.731178193370264e-13,179.99999999999974,-92.51023726597343,2.3402707892850163,0.10259737523321896,39.12091380314479,77.39292819998366,0.91708662668605,1000.0056761071279,1,0,2.8065007391490463e-14,2.808269170616689e-14,0.08298732564341804,0.08298732564341804,4330.170218129585,4330.170218129585,3027.3297818704145,3027.3297818704145,asphalt,1.1575
9.850000000000069,8.378043192831191,2.327234220230886,4.563584115994816e-13,179.9999999999998,-92.51023726597343,2.3250010341640723,0.10192794979619654,39.15975925561254,77.39463118302355,0.9170525593064127,1000.0043846576439,1,0,2.210538024024075e-14,2.210538024024075e-14,0.08298735186058213,0.08298735186058213,4330.172785294303,4330.172785294303,3027.327214705696,3027.327214705696,asphalt,1.1575
9.866666666666736,8.323021307594669,2.311950363220741,3.630426003364557e-13,179.99999999999986,-92.51023726597343,2.3097318433599434,0.10125854909880061,39.19835021804593,77.3963230092308,0.9170187714348188,1000.0033870436588,1,0,1.738366080046672e-14,1.738366080046672e-14,0.08298738754026051,0.08298738754026051,4330.175331153441,4330.175331153441,3027.3246688465583,3027.3246688465583,asphalt,1.1575
9.883333333333404,8.268001439585147,2.2966670665514295,2.885685754359007e-13,179.9999999999999,-92.51023726597343,2.294463212358952,0.10058917294315164,39.23668669980295,77.39800367901566,0.9169852500076914,1000.0026164106023,1,0,1.3705319697399066e-14,1.372300398087958e-14,0.08298743042537296,0.08298743042537296,4330.177856754683,4330.177856754683,3027.322143245317,3027.322143245317,asphalt,1.1575
9.900000000000071,8.212983573206834,2.2813843258907873,2.2924797422572527e-13,179.9999999999999,-92.51023726597343,2.2791951368330907,0.09991982113950983,39.27476871016835,77.39967319278517,0.9169519849261221,1000.00202111491,1,0,1.0805090952991673e-14,1.0840459499482645e-14,0.08298747877239111,0.08298747877239111,4330.180362907858,4330.180362907858,3027.3196370921414,3027.3196370921414,asphalt,1.1575
9.916666666666739,8.15796769338119,2.2661021370503307,1.8201567978769242e-13,179.99999999999994,-92.51023726597343,2.263927612597895,0.09925049350442836,39.3125962583563,77.4013315509433,0.9169189683822765,1000.001561263158,1,0,8.541499071183267e-15,8.559183334270603e-15,0.08298753123449389,0.08298753123449389,4330.182850239091,4330.182850239091,3027.3171497609087,3027.3171497609087,asphalt,1.1575
9.933333333333406,8.102953785429664,2.2508204959526843,1.444867208739266e-13,179.99999999999994,-92.51023726597343,2.2486606355799017,0.09858118985932676,39.35016935351243,77.40297875389093,0.9168861943374651,1000.0012060386258,1,0,6.773068900565874e-15,6.773068900565874e-15,0.08298758677130713,0.08298758677130713,4330.185319232575,4330.185319232575,3027.314680767424,3027.314680767424,asphalt,1.1575
9.950000000000074,8.04794183498311,2.235539398606419,1.1464328005400311e-13,179.99999999999994,-92.51023726597343,2.2333942017915125,0.09791191002938877,39.387488004715365,77.40461480202613,0.9168536581201181,1000.0009316361303,1,0,5.340641384252346e-15,5.30527289826392e-15,0.08298764457918031,0.08298764457918031,4330.187770262876,4330.187770262876,3027.312229737123,3027.312229737123,asphalt,1.1575
9.966666666666741,7.9929318279118045,2.220258841086612,9.091462743001998e-14,-180.0,-92.51023726597343,2.2181283073115705,0.09724265384271111,39.42455222097803,77.406239695744,0.9168213561143546,1000.0007196667343,1,0,4.226531700509686e-15,4.1911632343966345e-15,0.08298770403732467,0.08298770403732467,4330.19020361983,4330.19020361983,3027.3097963801697,3027.3097963801697,asphalt,1.1575
9.983333333333409,7.937923750271402,2.204978819519834,7.207011401225795e-14,-180.0,-92.51023726597343,2.202862948270363,0.09657342112964562,39.461362011248525,77.40785343543682,0.9167892855201742,1000.0005559254215,1,0,3.2892655133604645e-15,3.2892655133604645e-15,0.08298776466621044,0.08298776466621044,4330.192619527888,4330.192619527888,3027.307380472111,3027.307380472111,asphalt,1.1575
10.000000000000076,7.882917588261155,2.189699330072543,5.715038431604417e-14,-180.0,-92.51023726597343,2.1875981208380275,0.0959042117222913,39.4979173844109,77.40945602149408,0.916757444168006,1000.000429439155,1,0,2.6349477957440066e-15,2.5995793689554965e-15,0.08298782609542524,0.08298782609542524,4330.195018160943,4330.195018160943,3027.304981839057,3027.304981839057,asphalt,1.1575
10.016666666666744,7.827913328191659,2.1744203689421275,4.522321269784541e-14,-180.0,-92.51023726597343,2.172333821215601,0.09523502545410174,39.53421834928567,77.41104745430248,0.9167258303747161,1000.000331731525,1,0,2.0690518292039964e-15,2.0867360328724066e-15,0.08298788803884703,0.08298788803884703,4330.197399653812,4330.197399653812,3027.302600346188,3027.302600346188,asphalt,1.1575
10.033333333333411,7.772910956459931,2.1591419323499808,3.5871606047587836e-14,-180.0,-92.51023726597343,2.1570700456281022,0.09456586215958193,39.570264914630336,77.41262773424592,0.9166944428334034,1000.0002562547066,1,0,1.6446300431297398e-15,1.6446300431297398e-15,0.08298795027546747,0.08298795027546747,4330.199764111173,4330.199764111173,3027.300235888826,3027.300235888826,asphalt,1.1575
10.050000000000079,7.717910459530138,2.1438640165361496,2.842325412182412e-14,-180.0,-92.51023726597343,2.141806790319187,0.09389672167405387,39.60605708913966,77.41419686170559,0.9166632805282404,1000.0001979506611,1,0,1.3086296474599982e-15,1.2909454630348631e-15,0.08298801263457586,0.08298801263457586,4330.20211161439,4330.20211161439,3027.29788838561,3027.29788838561,asphalt,1.1575
10.066666666666746,7.662911823918739,2.128586617755205,2.2572231675914907e-14,-180.0,-92.51023726597343,2.1265440515470195,0.09322760383347564,39.64159488144596,77.41575483705994,0.9166323426671141,1000.0001529121737,1,0,1.0256821446125799e-15,1.0079979697054663e-15,0.08298807498431504,0.08298807498431504,4330.2044422268,4330.2044422268,3027.2955577731996,3027.2955577731996,asphalt,1.1575
10.083333333333414,7.607915036182969,2.1133097322730467,1.787928387838653e-14,-180.0,-92.51023726597343,2.1112818255810826,0.09255850847430148,39.67687830011931,77.41730166068469,0.9166016286321721,1000.0001181210145,1,0,8.488399419782678e-16,8.134716110625067e-16,0.08298813722284241,0.08298813722284241,4330.206755997853,4330.206755997853,3027.293244002147,3027.293244002147,asphalt,1.1575
10.100000000000081,7.552920082911964,2.0980333563644344,1.4122723133023604e-14,-180.0,-92.51023726597343,2.0960201086997112,0.0918894354333738,39.7119073536677,77.41883733295278,0.9165711379393215,1000.000091245672,1,0,6.543137748592959e-16,6.719979309365742e-16,0.08298819927149989,0.08298819927149989,4330.209052966243,4330.209052966243,3027.2909470337568,3027.2909470337568,asphalt,1.1575
10.116666666666749,7.497926950719901,2.0827574863110834,1.1199159580697484e-14,-180.0,-92.51023726597343,2.0807588971881885,0.09122038454783951,39.74668205053716,77.42036185423453,0.9165408702079603,1000.0000704851097,1,0,5.128402561902879e-16,5.305244029554702e-16,0.08298826106953809,0.08298826106953809,4330.21133316232,4330.21133316232,3027.2886668376796,3027.2886668376796,asphalt,1.1575
10.133333333333416,7.442935626240675,2.0674821184001875,8.890859279628398e-15,-180.0,-92.51023726597343,2.0654981873372713,0.09055135565508557,39.78120239911189,77.42187522489749,0.9165108251378484,1000.0000544480694,1,0,3.890510254728838e-16,4.067351629943785e-16,0.08298832257004335,0.08298832257004335,4330.213596610049,4330.213596610049,3027.2864033899514,3027.2864033899514,asphalt,1.1575
10.150000000000084,7.387946096123822,2.052207248923284,7.0793362230127295e-15,-180.0,-92.51023726597343,2.0502379754420548,0.08988234859268908,39.8154684077143,77.42337744530653,0.9164810024900305,1000.0000420598375,1,0,3.35998438576616e-16,3.35998438576616e-16,0.08298838373678823,0.08298838373678823,4330.215843328406,4330.215843328406,3027.284156671594,3027.284156671594,asphalt,1.1575
10.166666666666751,7.332958347031322,2.0369328741753674,5.615639184080174e-15,-180.0,-92.51023726597343,2.0349782578010895,0.08921336319837866,39.8494800846051,77.42486851582376,0.9164514020745784,1000.0000324902234,1,0,2.4757766934668783e-16,2.4757766934668783e-16,0.08298844454180099,0.08298844454180099,4330.218073332548,4330.218073332548,3027.281926667452,3027.281926667452,asphalt,1.1575
10.183333333333419,7.277972365635165,2.0216589904542124,4.4385978886984485e-15,-180.0,-92.51023726597343,2.0197190307157022,0.08854439931000462,39.88323743798331,77.42634843680867,0.9164220237376952,1000.0000250979242,1,0,1.7684110200179058e-16,1.9452521220196966e-16,0.08298850496348713,0.08298850496348713,4330.220286634664,4330.220286634664,3027.2797133653357,3027.2797133653357,asphalt,1.1575
10.200000000000086,7.22298813861544,2.0063855940598443,3.490890174593851e-15,-180.0,-92.51023726597343,2.004460290489469,0.08787545676551589,39.916740475986344,77.42781720861798,0.9163928673542543,1000.000019387549,1,0,1.414728098358961e-16,1.414728098358961e-16,0.08298856498517661,0.08298856498517661,4330.222483244613,4330.222483244613,3027.277516755387,3027.277516755387,asphalt,1.1575
10.216666666666754,7.168005652658874,1.9911126812941315,2.7571584267753866e-15,-180.0,-92.51023726597343,1.9892020334278067,0.08720653540294213,39.94998920669006,77.42927483160574,0.9163639328215645,1000.00001497642,1,0,1.2378864628857755e-16,1.2378864628857755e-16,0.0829886245940058,0.0829886245940058,4330.224663170505,4330.224663170505,3027.275336829495,3027.275336829495,asphalt,1.1575
10.233333333333421,7.113024894457695,1.9758402484604707,2.214418984646106e-15,-180.0,-92.51023726597343,1.9739442558376594,0.08653763506037986,39.98298363810872,77.43072130612327,0.9163352200543073,1000.0000115689279,1,0,8.842041746254648e-17,8.842041746254648e-17,0.08298868378004975,0.08298868378004975,4330.226826419068,4330.226826419068,3027.273173580932,3027.273173580932,asphalt,1.1575
10.250000000000089,7.058045850708746,1.9605682918635405,1.752008343920919e-15,-180.0,-92.51023726597343,1.9586869540272518,0.08586875557598184,40.01572377819506,77.43215663251928,0.916306728980274,1000.0000089367214,1,0,8.842037363086318e-17,1.0610444835703582e-16,0.08298874253565418,0.08298874253565418,4330.22897299596,4330.22897299596,3027.2710270040398,3027.2710270040398,asphalt,1.1575
10.266666666666756,7.003068508112803,1.945296807809112,1.4232721235559562e-15,-180.0,-92.51023726597343,1.9434301243058996,0.08519989678794859,40.04820963484029,77.43358081113966,0.9162784595373807,1000.0000069034046,1,0,7.073626411163912e-17,7.073626411163912e-17,0.082988800854918,0.082988800854918,4330.231102906003,4330.231102906003,3027.268897093997,3027.268897093997,asphalt,1.1575
10.283333333333424,6.948092853374043,1.9300257926039008,1.1251933217051462e-15,-180.0,-92.51023726597343,1.9281737629838627,0.08453105853452211,40.080441215874124,77.43499384232769,0.9162504116719639,1000.0000053327157,1,0,7.073622959081353e-17,7.073622959081353e-17,0.08298885873329542,0.08298885873329542,4330.233216153395,4330.233216153395,3027.266783846605,3027.266783846605,asphalt,1.1575
10.300000000000091,6.893118873199631,1.914755242555453,9.645303527391744e-16,-180.0,-92.51023726597343,1.9129178663722302,0.08386224065398067,40.1124185290648,77.43639572642391,0.9162225853362749,1000.000004119396,1,0,8.842024417769139e-17,8.842024417769139e-17,0.08298891616728604,0.08298891616728604,4330.235312741799,4330.235312741799,3027.2646872582004,3027.2646872582004,asphalt,1.1575
10.316666666666759,6.838146554299398,1.8994851539720552,8.2300006457616175e-16,-180.0,-92.51023726597343,1.8976624307828314,0.08319344298463496,40.14414158211906,77.4377864637662,0.9161949804878411,1000.0000031821353,1,0,5.305212102420203e-17,5.305212102420203e-17,0.08298897315419922,0.08298897315419922,4330.237392674546,4330.237392674546,3027.2626073254537,3027.2626073254537,asphalt,1.1575
10.333333333333426,6.78317588338559,1.884215523162664,6.777267043288671e-16,-180.0,-92.51023726597343,1.8824074525281649,0.08252466536482514,40.17561038268221,77.43916605468975,0.9161675970875471,1000.0000024581238,1,0,5.3052095745835093e-17,5.3052095745835093e-17,0.08298902969196598,0.08298902969196598,4330.239455954576,4330.239455954576,3027.2605440454236,3027.2605440454236,asphalt,1.1575
10.350000000000094,6.728206847172668,1.8689463464368523,5.439518140469279e-16,-180.0,-92.51023726597343,1.8671529279213446,0.08185590763291825,40.20682493833807,77.440534499527,0.9161404350997948,1000.0000018988421,1,0,1.7684023557159764e-17,1.7684023557159764e-17,0.08298908577900209,0.08298908577900209,4330.241502584679,4330.241502584679,3027.2584974153206,3027.2584974153206,asphalt,1.1575
10.366666666666761,6.673239432377153,1.8536776201047647,4.1405479439143046e-16,-180.0,-92.51023726597343,1.851898853276056,0.08118716962730645,40.23778525660906,77.44189179860774,0.9161134944907978,1000.0000014668102,1,0,5.3052045801102993e-17,5.3052045801102993e-17,0.08298914141409364,0.08298914141409364,4330.243532567388,4330.243532567388,3027.256467432612,3027.256467432612,asphalt,1.1575
10.383333333333429,6.618273625717506,1.838409340477085,3.185382818500697e-16,-180.0,-92.51023726597343,1.836645224906523,0.08051845118640541,40.26849134495612,77.44323795225908,0.9160867752292212,1000.000001133076,1,0,1.7684007044891964e-17,1.7684007044891964e-17,0.08298919659631543,0.08298919659631543,4330.245545905129,4330.245545905129,3027.25445409487,3027.25445409487,asphalt,1.1575
10.400000000000096,6.563309413914027,1.8231415038650074,2.573806147529805e-16,-180.0,-92.51023726597343,1.82139203912748,0.07984975214865328,40.2989432107788,77.44457296080537,0.9160602772847426,1000.0000008752743,1,0,1.768399889072314e-17,1.768399889072314e-17,0.08298925132496364,0.08298925132496364,4330.247542600189,4330.247542600189,3027.2524573998107,3027.2524573998107,asphalt,1.1575
10.416666666666764,6.508346783688778,1.8078741065802162,2.381993844951575e-16,-180.0,-92.51023726597343,1.80613929225415,0.07918107235250957,40.32914086141523,77.44589682456836,0.9160340006284251,1000.0000006761286,1,0,1.7683990804518695e-17,1.7683990804518695e-17,0.08298930559950585,0.08298930559950585,4330.249522654766,4330.249522654766,3027.2504773452333,3027.2504773452333,asphalt,1.1575
10.433333333333431,6.45338572176552,1.7926071449348666,2.495323236767113e-16,-180.0,-92.51023726597343,1.7908869806022272,0.07851241163645446,40.35908430414213,77.44720954386703,0.9160079452323444,1000.0000005222932,1,0,3.536796557253966e-17,3.536796557253966e-17,0.08298935941954193,0.08298935941954193,4330.251486070969,4330.251486070969,3027.2485139290307,3027.2485139290307,asphalt,1.1575
10.450000000000099,6.398426214869656,1.7773406152415712,2.456076151702841e-16,-180.0,-92.51023726597343,1.7756351004878625,0.07784376983898816,40.38877354617481,77.44851111901772,0.9159821110694288,1000.000000403459,1,0,1.768397483596791e-17,1.768397483596791e-17,0.0829894127847742,0.0829894127847742,4330.2534328508655,4330.2534328508655,3027.2465671491345,3027.2465671491345,asphalt,1.1575
10.466666666666766,6.343468249728196,1.7620745138133878,2.4931413755105655e-16,-180.0,-92.51023726597343,1.7603836482276518,0.07717514679863041,40.4182085946672,77.44980155033404,0.9159564981131396,1000.0000003116625,1,0,1.768396695360459e-17,1.768396695360459e-17,0.08298946569498356,0.08298946569498356,4330.255362996454,4330.255362996454,3027.2446370035454,3027.2446370035454,asphalt,1.1575
10.483333333333434,6.288511813069712,1.7468088369638088,2.4920235924936745e-16,-180.0,-92.51023726597343,1.745132620138625,0.07650654235391992,40.44738945671182,77.45108083812696,0.915931106337684,1000.0000002407519,1,0,1.768395913917174e-17,1.768395913917174e-17,0.08298951815001115,0.08298951815001115,4330.257276509684,4330.257276509684,3027.242723490316,3027.242723490316,asphalt,1.1575
10.500000000000101,6.233556891624314,1.7315435810067539,2.4909190367976734e-16,-180.0,-92.51023726597343,1.7298820125382388,0.07583795634341414,40.47631613933984,77.45234898270468,0.9159059357175892,1000.0000001859751,1,0,1.7683951392661272e-17,1.7683951392661272e-17,0.08298957014974603,0.08298957014974603,4330.259173392489,4330.259173392489,3027.240826607511,3027.240826607511,asphalt,1.1575
10.516666666666769,6.178603472123621,1.7162787422565613,2.3372634609380857e-16,-180.0,-92.51023726597343,1.7146318217443681,0.07516938860568889,40.50498864952105,77.45360598437279,0.915880986227755,1000.0000001436613,1,0,0.0,0.0,0.08298962169411193,0.08298962169411193,4330.261053646737,4330.261053646737,3027.2389463532622,3027.2389463532622,asphalt,1.1575
10.533333333333436,6.123651541300734,1.7010143170279817,2.4124801814407795e-16,-180.0,-92.51023726597343,1.6993820440753002,0.07450083897933801,40.533406994163876,77.45485184343411,0.9158562578437213,1000.000000110975,1,0,1.7683936103376215e-17,1.7683936103376215e-17,0.08298967278306196,0.08298967278306196,4330.262917274308,4330.262917274308,3027.237082725691,3027.237082725691,asphalt,1.1575
10.550000000000104,6.06870108589022,1.6857503016361723,2.4113855601682186e-16,-180.0,-92.51023726597343,1.6841326758497281,0.07383230730297316,40.56157118011538,77.45608656018887,0.915831750541134,1000.0000000857256,1,0,0.0,0.0,0.08298972341656904,0.08298972341656904,4330.2647642770135,4330.2647642770135,3027.2352357229856,3027.2352357229856,asphalt,1.1575
10.566666666666771,6.013752092628092,1.6704866923966921,2.410312639728548e-16,-180.0,-92.51023726597343,1.6688837133867462,0.07316379341522358,40.589481214161275,77.45731013493453,0.9158074642961189,1000.000000066221,1,0,0.0,0.0,0.08298977359462334,0.08298977359462334,4330.266594656668,4330.266594656668,3027.2334053433315,3027.2334053433315,asphalt,1.1575
10.583333333333439,5.958804548251785,1.655223485625496,2.1804192963492243e-16,-180.0,-92.51023726597343,1.6536351530058446,0.07249529715473589,40.61713710302594,77.45852256796589,0.9157833990849618,1000.0000000511542,1,0,1.7683913678673384e-17,1.7683913678673384e-17,0.08298982331722776,0.08298982331722776,4330.268408415062,4330.268408415062,3027.2315915849367,3027.2315915849367,asphalt,1.1575
10.600000000000106,5.903858439500149,1.6399606776389302,2.0269103602959893e-16,-180.0,-92.51023726597343,1.6383869910269044,0.07182681836017381,40.644538853372396,77.45972385957506,0.9157595548842146,1000.0000000395154,1,0,1.768390633953579e-17,1.768390633953579e-17,0.0829898725843941,0.0829898725843941,4330.270205553945,4330.270205553945,3027.2297944460543,3027.2297944460543,asphalt,1.1575
10.616666666666774,5.848913753113423,1.6246982647537285,1.682806857343388e-16,-180.0,-92.51023726597343,1.6231392237701938,0.07115835687021807,40.67168647180236,77.46091401005144,0.9157359316707492,1000.0000000305247,1,0,1.7683899068267595e-17,1.7683899068267595e-17,0.0829899213961422,0.0829899213961422,4330.2719860750785,4330.2719860750785,3027.2280139249215,3027.2280139249215,asphalt,1.1575
10.633333333333441,5.79397047583323,1.6094362432870084,1.6057929622081381e-16,-180.0,-92.51023726597343,1.6078918475563642,0.07048991252356616,40.698579964856194,77.46209301968179,0.9157125294218105,1000.0000000235797,1,0,0.0,0.0,0.08298996975249726,0.08298996975249726,4330.273749980185,4330.273749980185,3027.2262500198144,3027.2262500198144,asphalt,1.1575
10.650000000000109,5.739028594402555,1.5941746095562652,1.8338951388112073e-16,-180.0,-92.51023726597343,1.5926448587064448,0.06982148515893216,40.725219339012966,77.46326088875013,0.9156893481145367,1000.0000000182148,1,0,1.7683884729310705e-17,1.7683884729310705e-17,0.08299001765348828,0.08299001765348828,4330.275497270965,4330.275497270965,3027.224502729034,3027.224502729034,asphalt,1.1575
10.666666666666776,5.684088095565731,1.5789133598793699,1.9093400711356943e-16,-180.0,-92.51023726597343,1.5773982535418398,0.06915307461504658,40.751604600690406,77.4644176175378,0.9156663877267057,1000.0000000140705,1,0,0.0,0.0,0.08299006509914794,0.08299006509914794,4330.277227949117,4330.277227949117,3027.222772050882,3027.222772050882,asphalt,1.1575
10.683333333333444,5.629148966068435,1.5636524905745652,2.1754355188623225e-16,-180.0,-92.51023726597343,1.562152028384325,0.06848468073065621,40.77773575624497,77.46556320632351,0.9156436482359886,1000.000000010869,1,0,1.7683870661745934e-17,1.7683870661745934e-17,0.08299011208951088,0.08299011208951088,4330.278942016304,4330.278942016304,3027.221057983695,3027.221057983695,asphalt,1.1575
10.700000000000111,5.57421119265766,1.548391997960461,2.4032799960846897e-16,-180.0,-92.51023726597343,1.5469061795560426,0.0678163033445239,40.803612811971796,77.4666976553832,0.9156211296204297,1000.000000008396,1,0,1.7683863729718136e-17,1.7683863729718136e-17,0.08299015862461373,0.08299015862461373,4330.280639474194,4330.280639474194,3027.2193605258058,3027.2193605258058,asphalt,1.1575
10.716666666666779,5.519274762081706,1.5331318783560295,2.440343256707266e-16,-180.0,-92.51023726597343,1.5316607033794976,0.06714794229542848,40.82923577410473,77.46782096499018,0.9155988318584463,1000.0000000064857,1,0,1.7683856865517587e-17,1.7683856865517587e-17,0.08299020470449422,0.08299020470449422,4330.282320324416,4330.282320324416,3027.217679675584,3027.217679675584,asphalt,1.1575
10.733333333333446,5.464339661090179,1.5178721280806051,2.3629710879533785e-16,-180.0,-92.51023726597343,1.5164155961775558,0.06647959742216447,40.85460464881633,77.46893313541504,0.9155767549284022,1000.00000000501,1,0,0.0,0.0,0.0829902503291909,0.0829902503291909,4330.283984568598,4330.283984568598,3027.216015431402,3027.216015431402,asphalt,1.1575
10.750000000000114,5.409405876433958,1.5026127434538772,2.361911222379332e-16,-180.0,-92.51023726597343,1.5011708542734383,0.06581126856354208,40.87971944221786,77.4700341669257,0.9155548988088746,1000.0000000038701,1,0,0.0,0.0,0.0829902954987429,0.0829902954987429,4330.285632208339,4330.285632208339,3027.214367791661,3027.214367791661,asphalt,1.1575
10.766666666666781,5.354473394865199,1.4873537207958885,2.1701719888108624e-16,-180.0,-92.51023726597343,1.4859264739907192,0.06514295555838692,40.904580160359345,77.47112405978741,0.9155332634789737,1000.0000000029895,1,0,1.76838366798119e-17,1.76838366798119e-17,0.08299034021318961,0.08299034021318961,4330.287263245234,4330.287263245234,3027.2127367547664,3027.2127367547664,asphalt,1.1575
10.783333333333449,5.299542203137308,1.4720950564270299,1.7115773222216392e-16,-180.0,-92.51023726597343,1.4706824516533203,0.06447465824553991,40.92918680922949,77.47220281426273,0.9155118489178626,1000.0000000023093,1,0,3.536766017370639e-17,3.536766017370639e-17,0.08299038447257064,0.08299038447257064,4330.288877680849,4330.288877680849,3027.2111223191514,3027.2111223191514,asphalt,1.1575
10.800000000000116,5.244612288004939,1.4568367466680385,1.4057297256429938e-16,-180.0,-92.51023726597343,1.4554387835855094,0.06380637646385709,40.95353939475578,77.47327043061148,0.9154906551047048,1000.0000000017839,1,0,3.536764712337697e-17,3.536764712337697e-17,0.08299042827692593,0.08299042827692593,4330.290475516751,4330.290475516751,3027.209524483249,3027.209524483249,asphalt,1.1575
10.816666666666784,5.189683636223977,1.4415787878399935,1.2525569944189304e-16,-180.0,-92.51023726597343,1.4401954661118956,0.06313811005220946,40.977637922804405,77.47432690909085,0.9154696820192498,1000.000000001378,1,0,1.7683817104311362e-17,1.7683817104311362e-17,0.08299047162629472,0.08299047162629472,4330.292056754472,4330.292056754472,3027.207943245528,3027.207943245528,asphalt,1.1575
10.833333333333451,5.134756234551524,1.4263211762643122,1.0994524158076867e-16,-180.0,-92.51023726597343,1.4249524955574262,0.06246985884948284,41.00148239918033,77.47537224995531,0.915448929641034,1000.0000000010644,1,0,1.768381071471543e-17,1.768381071471543e-17,0.08299051452071671,0.08299051452071671,4330.293621395541,4330.293621395541,3027.2063786044587,3027.2063786044587,asphalt,1.1575
10.850000000000119,5.079830069745886,1.411063908262746,9.84557018351037e-17,-180.0,-92.51023726597343,1.4097098682473825,0.06180162269457775,41.02507282962728,77.47640645345672,0.915428397950393,1000.0000000008223,1,0,1.768380439289439e-17,1.768380439289439e-17,0.08299055696023107,0.08299055696023107,4330.295169441466,4330.295169441466,3027.2048305585336,3027.2048305585336,asphalt,1.1575
10.866666666666786,5.024905128566563,1.3958069801573787,6.02780482714267e-17,-180.0,-92.51023726597343,1.3944675805073772,0.06113340142640919,41.04840921982769,77.47742951984414,0.9154080869272896,1000.0000000006353,1,0,1.7683798138841993e-17,1.7683798138841993e-17,0.08299059894487668,0.08299059894487668,4330.296700893741,4330.296700893741,3027.2032991062583,3027.2032991062583,asphalt,1.1575
10.883333333333454,4.969981397774233,1.3805503882706203,4.1184092700221946e-17,0.0,-92.51023726597343,1.3792256286633495,0.0604651948839065,41.071491575402796,77.47844144936403,0.9153879965521661,1000.0000000004908,1,0,8.841895976276057e-18,8.841895976276057e-18,0.08299064047469207,0.08299064047469207,4330.29821575383,4330.29821575383,3027.2017842461696,3027.2017842461696,asphalt,1.1575
10.900000000000121,4.915058864130741,1.3652941289252059,3.7353359426941405e-17,0.0,-92.51023726597343,1.3639840090415631,0.05979700290601321,41.0943199019126,77.47944224226012,0.9153681268058378,1000.0000000003791,1,0,0.0,0.0,0.08299068154971607,0.08299068154971607,4330.299714023217,4330.299714023217,3027.2002859767817,3027.2002859767817,asphalt,1.1575
10.916666666666789,4.860137514399087,1.3500381984441907,3.733716377086803e-17,0.0,-92.51023726597343,1.3487427179686016,0.059128825331686896,41.11689420485587,77.4804318987735,0.9153484776689602,1000.000000000293,1,0,0.0,0.0,0.08299072216998593,0.08299072216998593,4330.301195703316,4330.301195703316,3027.1988042966836,3027.1988042966836,asphalt,1.1575
10.933333333333456,4.805217335343409,1.334782593150947,4.113423263685407e-17,0.0,-92.51023726597343,1.3335017517713652,0.05846066199989902,41.13921448967017,77.48141041914256,0.9153290491227217,1000.0000000002262,1,0,0.0,0.0,0.08299076233553979,0.08299076233553979,4330.302660795575,4330.302660795575,3027.1973392044247,3027.1973392044247,asphalt,1.1575
10.950000000000124,4.750298313728975,1.3195273093691597,4.874371801752974e-17,0.0,-92.51023726597343,1.3182611067770669,0.05779251274963476,41.161280761731824,77.48237780360297,0.9153098411482574,1000.0000000001749,1,0,8.84188394244813e-18,8.84188394244813e-18,0.08299080204641461,0.08299080204641461,4330.304109301397,4330.304109301397,3027.1958906986024,3027.1958906986024,asphalt,1.1575
10.966666666666791,4.695380436322169,1.3042723434228247,6.016137790608592e-17,0.0,-92.51023726597343,1.3030207793132298,0.057124377419892854,41.18309302635596,77.48333405238775,0.9152908537271287,1000.0000000001352,1,0,0.0,0.0,0.08299084130264751,0.08299084130264751,4330.305541222186,4330.305541222186,3027.194458777814,3027.194458777814,asphalt,1.1575
10.983333333333459,4.640463689890477,1.2890176916362435,5.632177660194302e-17,0.0,-92.51023726597343,1.2877807657076823,0.05645625584968548,41.20465128879651,77.48427916572724,0.9152720868412167,1000.0000000001045,1,0,0.0,0.0,0.08299088010427483,0.08299088010427483,4330.306956559318,4330.306956559318,3027.1930434406813,3027.1930434406813,asphalt,1.1575
11.000000000000126,4.5855480612024735,1.2737633503340204,6.010997427112777e-17,0.0,-92.51023726597343,1.272541062288556,0.055788147878038055,41.22595555424619,77.48521314384908,0.9152535404721895,1000.0000000000808,1,0,0.0,0.0,0.08299091845133261,0.08299091845133261,4330.308355314161,4330.308355314161,3027.191644685838,3027.191644685838,asphalt,1.1575
