t,speed_kmh,speed_ms,yaw_rate,sideslip,heading,vx,vy,pos_x,pos_y,accel_long,rpm,gear,shift_cut,grip_FL,grip_FR,grip_RL,grip_RR,load_FL,load_FR,load_RL,load_RR,surface_type,surface_mu
0.016666666666666666,0.2797853329512026,0.07771814804200072,0.0,0.0,0.0,0.0,0.07771814804200072,0.0,0.0008217032647064487,4.541758359694926,1000.0,1,0,0.0015281792721518169,0.0015281792721518169,0.8526121853350138,0.8526121853350138,4057.070165207495,4057.070165207495,3300.4298347925046,3300.4298347925046,asphalt,1.1575
0.03333333333333333,0.55121590391822,0.1531155288661722,0.0,0.0,0.0,0.0,0.1531155288661722,0.0,0.0029030162278799064,4.513115519600941,1000.0,1,0,0.00348915689545362,0.00348915689545362,0.8507239165508695,0.8507239165508695,4059.2272945574,4059.2272945574,3298.2727054425995,3298.2727054425995,asphalt,1.1575
0.05,0.8209344831909301,0.22803735644192502,0.0,0.0,0.0,0.0,0.22803735644192502,0.0,0.0062359947234604625,4.484647985890464,1000.0,1,0,0.005435702684728943,0.005435702684728943,0.8488452128507115,0.8488452128507115,4061.37122265096,4061.37122265096,3296.1287773490394,3296.1287773490394,asphalt,1.1575
0.06666666666666667,1.088951551445533,0.30248654206820363,0.0,0.0,0.0,0.0,0.30248654206820363,0.0,0.010812743211799682,4.456354753659784,1000.0,1,0,0.007367933976668969,0.007367933976668969,0.8469760404006179,0.8469760404006179,4063.502025144689,4063.502025144689,3293.9979748553105,3293.9979748553105,asphalt,1.1575
0.08333333333333333,1.3552775292472077,0.37646598034644657,0.0,0.0,0.0,0.0,0.37646598034644657,0.0,0.0166254145008599,4.428234822889059,1000.0,1,0,0.009285967006799158,0.009285967006799158,0.8451163653266818,0.8451163653266818,4065.619777327627,4065.619777327627,3291.8802226723724,3291.8802226723724,asphalt,1.1575
0.09999999999999999,1.619922777342693,0.44997854926185915,0.0,0.0,0.0,0.0,0.44997854926185915,0.0,0.023666209468769295,4.400287198430299,1000.0,1,0,0.01118991692172061,0.01118991692172061,0.8432661537170394,0.8432661537170394,4067.724554122247,4067.724554122247,3289.7754458777526,3289.7754458777526,asphalt,1.1575
0.11666666666666665,1.8828975969521453,0.5230271102644848,0.0,0.0,0.0,0.0,0.5230271102644848,0.0,0.031927376787729445,4.372510889995214,1000.0,1,0,0.013079897791191048,0.013079897791191048,0.8414253716238864,0.8414253716238864,4069.816430085363,4069.816430085363,3287.683569914637,3287.683569914637,asphalt,1.1575
0.13333333333333333,2.144212230060254,0.5956145083500706,0.0,0.0,0.0,0.0,0.5956145083500706,0.0,0.04140121264927191,4.344904912142793,1000.0,1,0,0.01495602262004778,0.01495602262004778,0.8395939850654783,0.8395939850654783,4071.895479409057,4071.895479409057,3285.6045205909427,3285.6045205909427,asphalt,1.1575
0.15,2.4038768597066187,0.6677435721407274,0.0,0.0,0.0,0.0,0.6677435721407274,0.0,0.05208006049086042,4.317468284266974,1000.0,1,0,0.016818403359975035,0.016818403359975035,0.8377719600281132,0.8377719600281132,4073.961775921612,4073.961775921612,3283.5382240783874,3283.5382240783874,asphalt,1.1575
0.16666666666666666,2.6619016102753656,0.7394171139653793,0.0,0.0,0.0,0.0,0.7394171139653793,0.0,0.06395631072383524,4.290200030583904,1000.0,1,0,0.018667150921118054,0.018667150921118054,0.8359592624681048,0.8359592624681048,4076.015393088463,4076.015393088463,3281.4846069115365,3281.4846069115365,asphalt,1.1575
0.18333333333333332,2.918296547784011,0.8106379299400029,0.0,0.0,0.0,0.0,0.8106379299400029,0.0,0.07702240046269619,4.263099180119321,1000.0,1,0,0.02050237518354622,0.02050237518354622,0.8341558583137334,0.8341558583137334,4078.0564040131408,4078.0564040131408,3279.443595986859,3279.443595986859,asphalt,1.1575
0.19999999999999998,3.1730716801715473,0.881408800047652,0.0,0.0,0.0,0.0,0.881408800047652,0.0,0.09127081325572065,4.236164766695607,1000.0,1,0,0.022324185008567417,0.022324185008567417,0.8323617134671885,0.8323617134671885,4080.084881438251,4080.084881438251,3277.4151185617484,3277.4151185617484,asphalt,1.1575
0.21666666666666665,3.4262369575857594,0.9517324882182665,0.0,0.0,0.0,0.0,0.9517324882182665,0.0,0.1066940788169132,4.209395828918732,1000.0,1,0,0.02413268824989599,0.02413268824989599,0.8305767938064886,0.8305767938064886,4082.1008977464376,4082.1008977464376,3275.399102253562,3275.399102253562,asphalt,1.1575
0.2333333333333333,3.6778022726697506,1.021611742408264,0.0,0.0,0.0,0.0,1.021611742408264,0.0,0.12328477275928311,4.182791410165301,1000.0,1,0,0.02592799176467631,0.02592799176467631,0.8288010651873925,0.8288010651873925,4084.1045249613726,4084.1045249613726,3273.395475038627,3273.395475038627,asphalt,1.1575
0.24999999999999997,3.9277774608476776,1.0910492946799104,0.0,0.0,0.0,0.0,1.0910492946799104,0.0,0.14103551632944597,4.156350558569208,1000.0,1,0,0.027710201424364204,0.027710201424364204,0.8270344934452917,0.8270344934452917,4086.0958347487585,4086.0958347487585,3271.404165251241,3271.404165251241,asphalt,1.1575
0.26666666666666666,4.176172300609691,1.1600478612804697,0.0,0.0,0.0,0.0,1.1600478612804697,0.0,0.15993897614354588,4.130072327008207,1000.0,1,0,0.02947942212546848,0.02947942212546848,0.8252770443970835,0.8252770443970835,4088.0748984173106,4088.0748984173106,3269.425101582689,3269.425101582689,asphalt,1.1575
0.2833333333333333,4.422996513796062,1.2286101427211282,0.0,0.0,0.0,0.0,1.2286101427211282,0.0,0.17998786392449467,4.10395577309048,1000.0,1,0,0.03123575780015432,0.03123575780015432,0.8235286838430341,0.8235286838430341,4090.0417869197818,4090.0417869197818,3267.458213080218,3267.458213080218,asphalt,1.1575
0.3,4.6682597658805,1.2967388238556945,0.0,0.0,0.0,0.0,1.2967388238556945,0.0,0.20117493624052393,4.077999959141181,1000.0,1,0,0.0329793114267107,0.0329793114267107,0.8217893775686281,0.8217893775686281,4091.996570853995,4091.996570853995,3265.5034291460047,3265.5034291460047,asphalt,1.1575
0.31666666666666665,4.911971666252655,1.364436573959071,0.0,0.0,0.0,0.0,1.364436573959071,0.0,0.22349299424504637,4.0522039521884246,1000.0,1,0,0.03471018503988428,0.03471018503988428,0.8200590913463882,0.8200590913463882,4093.939320463838,4093.939320463838,3263.5606795361614,3263.5606795361614,asphalt,1.1575
0.3333333333333333,5.154141768499781,1.4317060468054947,0.0,0.0,0.0,0.0,1.4317060468054947,0.0,0.24693488341782277,4.026566823949853,1000.0,1,0,0.036428479741080814,0.036428479741080814,0.8183377909376982,0.8183377909376982,4095.870105640338,4095.870105640338,3261.6298943596616,3261.6298943596616,asphalt,1.1575
0.35,5.394779570687579,1.4985498807465496,0.0,0.0,0.0,0.0,1.4985498807465496,0.0,0.27149349330743044,4.001087650818356,1000.0,1,0,0.038134295708437065,0.038134295708437065,0.8166254420945936,0.8166254420945936,4097.788995922678,4097.788995922678,3259.7110040773223,3259.7110040773223,asphalt,1.1575
0.36666666666666664,5.633894515640194,1.564970698788943,0.0,0.0,0.0,0.0,1.564970698788943,0.0,0.2971617572750296,3.9757655138483194,1000.0,1,0,0.03982773220676427,0.03982773220676427,0.814922010561546,0.814922010561546,4099.696060499262,4099.696060499262,3257.8039395007377,3257.8039395007377,asphalt,1.1575
0.3833333333333333,5.871495991219374,1.6309711086720482,0.0,0.0,0.0,0.0,1.6309711086720482,0.0,0.3239326522394233,3.950599498741294,1000.0,1,0,0.04150888759736563,0.04150888759736563,0.813227462077228,0.813227462077228,4101.591368208778,4101.591368208778,3255.9086317912224,3255.9086317912224,asphalt,1.1575
0.39999999999999997,6.107593330602767,1.696553702945213,0.0,0.0,0.0,0.0,1.696553702945213,0.0,0.35179919842340757,3.9255886958320296,1000.0,1,0,0.043177859347729476,0.043177859347729476,0.8115417623762589,0.8115417623762589,4103.4749875412435,4103.4749875412435,3254.0250124587565,3254.0250124587565,asphalt,1.1575
0.41666666666666663,6.342195812561373,1.7617210590448258,0.0,0.0,0.0,0.0,1.7617210590448258,0.0,0.38075445910140737,3.9007322000739286,1000.0,1,0,0.04483474404109941,0.04483474404109941,0.8098648771909449,0.8098648771909449,4105.346986639121,4105.346986639121,3252.1530133608794,3252.1530133608794,asphalt,1.1575
0.4333333333333333,6.575312661736128,1.8264757393711468,0.0,0.0,0.0,0.0,1.8264757393711468,0.0,0.4107915403483946,3.8760291110247103,1000.0,1,0,0.04647963738592463,0.04647963738592463,0.8081967722529856,0.8081967722529856,4107.207433298346,4107.207433298346,3250.2925667016534,3250.2925667016534,asphalt,1.1575
0.44999999999999996,6.806953048913624,1.8908202913648955,0.0,0.0,0.0,0.0,1.8908202913648955,0.0,0.4419035907900839,3.8514785328320222,1000.0,1,0,0.0481126342251901,0.0481126342251901,0.806537413295185,0.806537413295185,4109.056394969467,4109.056394969467,3248.4436050305326,3248.4436050305326,asphalt,1.1575
0.4666666666666666,7.037126091300949,1.9547572475835968,0.0,0.0,0.0,0.0,1.9547572475835968,0.0,0.474083801354403,3.827079574218839,1000.0,1,0,0.04973382854563051,0.04973382854563051,0.8048867660531276,0.8048867660531276,4110.893938758703,4110.893938758703,3246.606061241296,3246.606061241296,asphalt,1.1575
0.4833333333333333,7.265840852799659,2.018289125777683,0.0,0.0,0.0,0.0,2.018289125777683,0.0,0.507325405024232,3.802831348468594,1000.0,1,0,0.05134331348682808,0.05134331348682808,0.8032447962668483,0.8032447962668483,4112.720131429056,4112.720131429056,3244.779868570944,3244.779868570944,asphalt,1.1575
0.49999999999999994,7.493106344278868,2.081418428966352,0.0,0.0,0.0,0.0,2.081418428966352,0.0,0.5416216765914091,3.7787329734108965,1000.0,1,0,0.05294118135019647,0.05294118135019647,0.8016114696824871,0.8016114696824871,4114.535039401422,4114.535039401422,3242.9649605985774,3242.9649605985774,asphalt,1.1575
0.5166666666666666,7.7189315238474325,2.1441476455131756,0.0,0.0,0.0,0.0,2.1441476455131756,0.0,0.5769659324119987,3.7547835714060795,1000.0,1,0,0.05452752360785278,0.05452752360785278,0.799986752053919,0.799986752053919,4116.338728755698,4116.338728755698,3241.161271244302,3241.161271244302,asphalt,1.1575
0.5333333333333333,7.943325297125273,2.2064792492014647,0.0,0.0,0.0,0.0,2.2064792492014647,0.0,0.613351530162815,3.730982269330916,1000.0,1,0,0.05610243091137857,0.05610243091137857,0.7983706091443776,0.7983706091443776,4118.131265231902,4118.131265231902,3239.368734768098,3239.368734768098,asphalt,1.1575
0.55,8.166296517513777,2.2684156993093825,0.0,0.0,0.0,0.0,2.2684156993093825,0.0,0.6507718685992016,3.7073281985633244,1000.0,1,0,0.057665993100471935,0.057665993100471935,0.7967630067280567,0.7967630067280567,4119.912714231308,4119.912714231308,3237.587285768692,3237.587285768692,asphalt,1.1575
0.5666666666666668,8.387853986465306,2.329959440684807,0.0,0.0,0.0,0.0,2.329959440684807,0.0,0.6892203873140583,3.6838204949673425,1000.0,1,0,0.05921829921149251,0.05921829921149251,0.7951639105916914,0.7951639105916914,4121.683140817546,4121.683140817546,3235.8168591824533,3235.8168591824533,asphalt,1.1575
0.5833333333333335,8.608006453751802,2.391112903819945,0.0,0.0,0.0,0.0,2.391112903819945,0.0,0.7286905664981146,3.6604582988780976,1000.0,1,0,0.0607594374858998,0.0607594374858998,0.7935732865361341,0.7935732865361341,4123.4426097177675,4123.4426097177675,3234.057390282232,3234.057390282232,asphalt,1.1575
0.6000000000000002,8.826762617732488,2.451878504925691,0.0,0.0,0.0,0.0,2.451878504925691,0.0,0.7691759267014429,3.637240755086779,1000.0,1,0,0.06228949537858753,0.06228949537858753,0.7919911003779079,0.7919911003779079,4125.191185323782,4125.191185323782,3232.308814676218,3232.308814676218,asphalt,1.1575
0.6166666666666669,9.044131125620641,2.5122586460057335,0.0,0.0,0.0,0.0,2.5122586460057335,0.0,0.8106700285962094,3.6141670128249714,1000.0,1,0,0.06380855956611549,0.06380855956611549,0.7904173179507357,0.7904173179507357,4126.92893169317,4126.92893169317,3230.57106830683,3230.57106830683,asphalt,1.1575
0.6333333333333336,9.260120573749468,2.572255714930408,0.0,0.0,0.0,0.0,2.572255714930408,0.0,0.8531664727406564,3.5912362257498387,1000.0,1,0,0.06531671595483889,0.06531671595483889,0.7888519051070698,0.7888519051070698,4128.655912550472,4128.655912550472,3228.844087449528,3228.844087449528,asphalt,1.1575
0.6500000000000004,9.474739507837052,2.631872085510292,0.0,0.0,0.0,0.0,2.631872085510292,0.0,0.8966588993443139,3.5684475519284575,1000.0,1,0,0.0668140496889386,0.0668140496889386,0.7872948277195932,0.7872948277195932,4130.372191288323,4130.372191288323,3227.1278087116766,3227.1278087116766,asphalt,1.1575
0.6666666666666671,9.68799642325036,2.691110117569544,0.0,0.0,0.0,0.0,2.691110117569544,0.0,0.9411409880344341,3.5458001538223627,1000.0,1,0,0.06830064515835241,0.06830064515835241,0.7857460516827052,0.7857460516827052,4132.077830968612,4132.077830968612,3225.422169031388,3225.422169031388,asphalt,1.1575
0.6833333333333338,9.899899765268353,2.749972157018987,0.0,0.0,0.0,0.0,2.749972157018987,0.0,0.9866064576236466,3.523293198272519,1000.0,1,0,0.06977658600660921,0.06977658600660921,0.7842055429139961,0.7842055429139961,4133.772894323644,4133.772894323644,3223.7271056763548,3223.7271056763548,asphalt,1.1575
0.7000000000000005,10.110457929344149,2.80846053592893,0.0,0.0,0.0,0.0,2.80846053592893,0.0,1.0330490658788278,3.5009258564831214,1000.0,1,0,0.07124195513856729,0.07124195513856729,0.7826732673557002,0.7826732673557002,4135.457443757313,4135.457443757313,3222.0425562426867,3222.0425562426867,asphalt,1.1575
0.7166666666666672,10.319679261366245,2.866577572601735,0.0,0.0,0.0,0.0,2.866577572601735,0.0,1.080462609291182,3.4786973040066727,1000.0,1,0,0.07269683472805825,0.07269683472805825,0.7811491909761358,0.7811491909761358,4137.131541346258,4137.131541346258,3220.368458653741,3220.368458653741,asphalt,1.1575
0.733333333333334,10.527572057918825,2.924325571644118,0.0,0.0,0.0,0.0,2.924325571644118,0.0,1.1288409228475296,3.456606720727784,1000.0,1,0,0.07414130622543759,0.07414130622543759,0.7796332797711281,0.7796332797711281,4138.7952488410565,4138.7952488410565,3218.704751158943,3218.704751158943,asphalt,1.1575
0.7500000000000007,10.734144566541104,2.9817068240391955,0.0,0.0,0.0,0.0,2.9817068240391955,0.0,1.1781778798027964,3.4346532908481464,1000.0,1,0,0.07557545036504373,0.07557545036504373,0.7781254997654159,0.7781254997654159,4140.44862766739,4140.44862766739,3217.0513723326094,3217.0513723326094,asphalt,1.1575
0.7666666666666674,10.939404985985748,3.0387236072182633,0.0,0.0,0.0,0.0,3.0387236072182633,0.0,1.2284673914537025,3.412836202870011,1000.0,1,0,0.07699934717256635,0.07699934717256635,0.7766258170140415,0.7766258170140415,4142.09173892723,4142.09173892723,3215.4082610727696,3215.4082610727696,asphalt,1.1575
0.7833333333333341,11.143369776200048,3.095380493388902,0.0,0.0,0.0,0.0,3.095380493388902,0.0,1.2797034165313792,3.3917086311617695,1000.1372363414962,1,0,0.07841307597232568,0.07841307597232568,0.7752313206358155,0.7752313206358155,4143.724643400012,4143.724643400012,3213.775356599988,3213.775356599988,asphalt,1.1575
0.8000000000000008,11.346497456847317,3.1518048491242547,0.0,0.0,0.0,0.0,3.1518048491242547,0.0,1.3318809668960052,3.383875933803111,1003.5414711918114,1,0,0.07983198090286021,0.07983198090286021,0.775987451956846,0.775987451956846,4144.6506121850425,4144.6506121850425,3212.8493878149566,3212.8493878149566,asphalt,1.1575
0.8166666666666675,11.549743418102699,3.208262060584083,0.0,0.0,0.0,0.0,3.208262060584083,0.0,1.38499894767321,3.3912145905700797,1010.7019365384597,1,0,0.08127341746770117,0.08127341746770117,0.7791086923703107,0.7791086923703107,4144.355570898186,4144.355570898186,3213.1444291018133,3213.1444291018133,asphalt,1.1575
0.8333333333333343,11.753877682287005,3.2649660228575015,0.0,0.0,0.0,0.0,3.2649660228575015,0.0,1.4390602103547612,3.4101060447408926,1020.7438996988699,1,0,0.08273868178884722,0.08273868178884722,0.7840353113436375,0.7840353113436375,4143.130505834578,4143.130505834578,3214.3694941654217,3214.3694941654217,asphalt,1.1575
0.850000000000001,11.959486536751815,3.3220795935421705,0.0,0.0,0.0,0.0,3.3220795935421705,0.0,1.4940706215683957,3.4377950585519557,1033.0013331755404,1,0,0.08422870773739335,0.08422870773739335,0.790338764147584,0.790338764147584,4141.197346082636,4141.197346082636,3216.3026539173634,3216.3026539173634,asphalt,1.1575
0.8666666666666677,12.167016919082169,3.379726921967269,0.0,0.0,0.0,0.0,3.379726921967269,0.0,1.5500383449394448,3.4721973399472006,1046.9704988742756,1,0,0.08574419553498452,0.08574419553498452,0.7976937470454838,0.7976937470454838,4138.724248392769,4138.724248392769,3218.77575160723,3218.77575160723,asphalt,1.1575
0.8833333333333344,12.376810758560245,3.438002988488957,0.0,0.0,0.0,0.0,3.438002988488957,0.0,1.606973298549016,3.5117462491144025,1062.2729347621,1,0,0.08728570078601272,0.08728570078601272,0.8058552662732442,0.8058552662732442,4135.837809315547,4135.837809315547,3221.662190684452,3221.662190684452,asphalt,1.1575
0.9000000000000011,12.589131362322114,3.4969809339783646,0.0,0.0,0.0,0.0,3.4969809339783646,0.0,1.6648867476776057,3.5552718332525757,1078.6262287573072,1,0,0.0888536952631389,0.0888536952631389,0.8146401827439319,0.8146401827439319,4132.632724370791,4132.632724370791,3224.867275629209,3224.867275629209,asphalt,1.1575
0.9166666666666679,12.804183557330507,3.5567176548140296,0.0,0.0,0.0,0.0,3.5567176548140296,0.0,1.7237910010830249,3.6019061969473043,1095.8211425009945,1,0,0.09044860767809454,0.09044860767809454,0.8239125853653851,0.8239125853653851,4129.179360061013,4129.179360061013,3228.3206399389874,3228.3206399389874,asphalt,1.1575
0.9333333333333346,13.022128971051092,3.617258047514192,0.0,0.0,0.0,0.0,3.617258047514192,0.0,1.7836991860153542,3.65101005360426,1113.703846362008,1,0,0.09207085041113687,0.09207085041113687,0.8335723432758876,0.8335723432758876,4125.529642190861,4125.529642190861,3231.970357809139,3231.970357809139,asphalt,1.1575
0.9500000000000013,13.243097555543953,3.67863820987332,0.0,0.0,0.0,0.0,3.67863820987332,0.0,1.8446250827512416,3.702116126866102,1132.1622234187485,1,0,0.09372083651380489,0.09372083651380489,0.8435462400684919,0.8435462400684919,4121.721601297182,4121.721601297182,3235.778398702818,3235.778398702818,asphalt,1.1575
0.966666666666668,13.467196228621786,3.7408878412838296,0.0,0.0,0.0,0.0,3.7408878412838296,0.0,1.906583003859449,3.7548858288979403,1151.1153815800642,1,0,0.0953989900800151,0.0953989900800151,0.8537811698279872,0.8537811698279872,4117.782857536312,4117.782857536312,3239.7171424636877,3239.7171424636877,asphalt,1.1575
0.9833333333333347,13.694515316865834,3.8040320324627315,0.0,0.0,0.0,0.0,3.8040320324627315,0.0,1.9695877068935015,3.809076311270836,1170.5056734861923,1,0,0.09710575218555771,0.09710575218555771,0.8642389573608309,0.8642389573608309,4113.733275318889,4113.733275318889,3243.7667246811097,3243.7667246811097,asphalt,1.1575
1.0000000000000013,13.925133332965705,3.8680925924904734,0.0,0.0,0.0,0.0,3.8680925924904734,0.0,2.033654331924706,3.8645155570306144,1190.2926615250738,1,0,0.09884158394229872,0.09884158394229872,0.8748924435814056,0.8748924435814056,4109.586973100347,4109.586973100347,3247.9130268996523,3247.9130268996523,asphalt,1.1575
1.016666666666668,14.159120498376328,3.9330890273267576,0.0,0.0,0.0,0.0,3.9330890273267576,0.0,2.0987983574322664,3.9210836623078293,1210.4485807766966,1,0,0.10060696773907282,0.10060696773907282,0.8857225469993558,0.8857225469993558,4105.3538359547165,4105.3538359547165,3252.1461640452826,3252.1461640452826,asphalt,1.1575
1.0333333333333345,14.396541326365275,3.9990392573236875,0.0,0.0,0.0,0.0,3.9990392573236875,0.0,2.1650355696840844,3.9786988505894527,1230.9549478215959,1,0,0.10240240740006001,0.10240240740006001,0.8967160720151184,0.8967160720151184,4101.040647346414,4101.040647346414,3256.4593526535855,3256.4593526535855,asphalt,1.1575
1.0500000000000012,14.637456505441595,4.065960140400443,0.0,0.0,0.0,0.0,4.065960140400443,0.0,2.23238204197649,4.037307082950576,1251.8000405701043,1,0,0.10422842774860559,0.10422842774860559,0.9078640843149143,0.9078640843149143,4096.651931113508,4096.651931113508,3260.8480688864915,3260.8480688864915,asphalt,1.1575
1.0666666666666678,14.881924264848639,4.133867851346844,0.0,0.0,0.0,0.0,4.133867851346844,0.0,2.3008541210380984,4.0968743840925725,1272.977036191805,1,0,0.10608557389372884,0.10608557389372884,0.9191607139362681,0.9191607139362681,4092.190574264944,4092.190574264944,3265.3094257350554,3265.3094257350554,asphalt,1.1575
1.0833333333333344,15.130001358848281,4.202778155235634,0.0,0.0,0.0,0.0,4.202778155235634,0.0,2.370468418609749,4.157381207458215,1294.4826433591545,1,0,0.10797441043831368,0.10797441043831368,0.9306022787694812,0.9306022787694812,4087.658284969294,4087.658284969294,3269.8417150307055,3269.8417150307055,asphalt,1.1575
1.100000000000001,15.381743772097735,4.272706603360482,0.0,0.0,0.0,0.0,4.272706603360482,0.0,2.4412418067425175,4.21881832253014,1316.3161036465856,1,0,0.10989552072751413,0.10989552072751413,0.9421866466600625,0.9421866466600625,4083.055927336422,4083.055927336422,3274.4440726635776,3274.4440726635776,asphalt,1.1575
1.1166666666666676,15.63720722222437,4.343668672840103,0.0,0.0,0.0,0.0,4.343668672840103,0.0,2.513191415750967,4.281183831951623,1338.478467042275,1,0,0.11184950620231239,0.11184950620231239,0.9539127741015936,0.9539127741015936,4078.3837646190177,4078.3837646190177,3279.116235380982,3279.116235380982,asphalt,1.1575
1.1333333333333342,15.896447515892277,4.415679865525632,0.0,0.0,0.0,0.0,4.415679865525632,0.0,2.5863346340518367,4.344481022440121,1360.9720698327715,1,0,0.11383698588849657,0.11383698588849657,0.965780374839202,0.965780374839202,4073.641634731645,4073.641634731645,3283.8583652683546,3283.8583652683546,asphalt,1.1575
1.1500000000000008,16.15952079975887,4.4887557777107965,0.0,0.0,0.0,0.0,4.4887557777107965,0.0,2.660689109334304,4.408716827433992,1383.8001610263598,1,0,0.11585859602969063,0.11585859602969063,0.977789683464112,0.977789683464112,4068.829076039525,4068.829076039525,3288.6709239604747,3288.6709239604747,asphalt,1.1575
1.1666666666666674,16.426483736585478,4.562912149051521,0.0,0.0,0.0,0.0,4.562912149051521,0.0,2.7362727506662283,4.473900735858933,1406.9666371496064,1,0,0.11791498986032864,0.11791498986032864,0.9899412880350758,0.9899412880350758,4063.945416824958,4063.945416824958,3293.5545831750414,3293.5545831750414,asphalt,1.1575
1.183333333333334,16.697197273973465,4.638110353881518,0.0,0.0,0.0,0.0,4.638110353881518,0.0,2.813103503993886,4.526953723084688,1430.4758556207912,1,0,0.1200068375076121,0.1200068375076121,1.0,1.0,4058.9898383881555,4058.9898383881555,3298.510161611844,3298.510161611844,asphalt,1.1575
1.2000000000000006,16.968250472918424,4.713402909144007,0.0,0.0,0.0,0.0,4.713402909144007,0.0,2.891190002417583,4.511275376019697,1454.331016159385,1,0,0.12194669731322846,0.12194669731322846,1.0,1.0,4059.58623641457,4059.58623641457,3297.9137635854295,3297.9137635854295,asphalt,1.1575
1.2166666666666672,17.238296067106017,4.788415574196115,0.0,0.0,0.0,0.0,4.788415574196115,0.0,2.970528464322127,4.494457496133961,1478.5202067672667,1,0,0.12385842940786307,0.12385842940786307,1.0,1.0,4060.8517503003386,4060.8517503003386,3296.648249699661,3296.648249699661,asphalt,1.1575
1.2333333333333338,17.50733468913405,4.863148524759459,0.0,0.0,0.0,0.0,4.863148524759459,0.0,3.051114222392063,4.477695820580294,1503.0113615457947,1,0,0.12576182812291128,0.12576182812291128,1.0,1.0,4062.1132209613934,4062.1132209613934,3295.386779038606,3295.386779038606,asphalt,1.1575
1.2500000000000004,17.775369727889526,4.937602702191535,0.0,0.0,0.0,0.0,4.937602702191535,0.0,3.132942624526774,4.460990587545766,1527.7620220787749,1,0,0.12765693770326492,0.12765693770326492,1.0,1.0,4063.370444758487,4063.370444758487,3294.1295552415127,3294.1295552415127,asphalt,1.1575
1.266666666666667,18.042404564581062,5.0117790457169615,0.0,0.0,0.0,0.0,5.0117790457169615,0.0,3.2160090342940917,4.444341654494153,1552.726459582337,1,0,0.12954379582356537,0.12954379582356537,1.0,1.0,4064.623432350039,4064.623432350039,3292.8765676499606,3292.8765676499606,asphalt,1.1575
1.2833333333333337,18.30844257185715,5.0856784921825415,0.0,0.0,0.0,0.0,5.0856784921825415,0.0,3.3003088308908217,4.427748878743216,1577.8599030649389,1,0,0.13142243997659642,0.13142243997659642,1.0,1.0,4065.8721944647573,4065.8721944647573,3291.6278055352423,3291.6278055352423,asphalt,1.1575
1.3000000000000003,18.573487113804518,5.159301976056811,0.0,0.0,0.0,0.0,5.159301976056811,0.0,3.385837409103111,4.411212117588761,1603.1208720266875,1,0,0.13329290747623332,0.13329290747623332,1.0,1.0,4067.116741832985,4067.116741832985,3290.383258167015,3290.383258167015,asphalt,1.1575
1.3166666666666669,18.83754154594697,5.232650429429714,0.0,0.0,0.0,0.0,5.232650429429714,0.0,3.4725901792668052,4.394731228309112,1628.472295037736,1,0,0.13515523545831518,0.13515523545831518,1.0,1.0,4068.3570851864906,4068.3570851864906,3289.142914813509,3289.142914813509,asphalt,1.1575
1.3333333333333335,19.1006092152445,5.305724782012361,0.0,0.0,0.0,0.0,5.305724782012361,0.0,3.5605625672278043,4.378306068169806,1653.8818735176756,1,0,0.13700946088151775,0.13700946088151775,1.0,1.0,4069.593235258118,4069.593235258118,3287.9067647418815,3287.9067647418815,asphalt,1.1575
1.35,19.362693460092604,5.378525961136835,0.0,0.0,0.0,0.0,5.378525961136835,0.0,3.6497500143024095,4.3619364944250805,1679.3219964828327,1,0,0.13885562052821948,0.13885562052821948,1.0,1.0,4070.825202781543,4070.825202781543,3286.6747972184567,3286.6747972184567,asphalt,1.1575
1.3666666666666667,19.623797610321837,5.4510548917560655,0.0,0.0,0.0,0.0,5.4510548917560655,0.0,3.7401479772376764,4.345622364324484,1704.769406551129,1,0,0.14069375100536582,0.14069375100536582,1.0,1.0,4072.052998490956,4072.052998490956,3285.4470015090437,3285.4470015090437,asphalt,1.1575
1.3833333333333333,19.88392498719758,5.523312496443772,0.0,0.0,0.0,0.0,5.523312496443772,0.0,3.8317519281717587,4.329363535114368,1730.2047456354567,1,0,0.142523888745328,0.142523888745328,1.0,1.0,4073.2766331208018,4073.2766331208018,3284.223366879198,3284.223366879198,asphalt,1.1575
1.4,20.14307890342003,5.595299695394452,0.0,0.0,0.0,0.0,5.595299695394452,0.0,3.924557354594254,4.313159864042149,1755.6120602901076,1,0,0.14434607000675784,0.14434607000675784,1.0,1.0,4074.4961174055115,4074.4961174055115,3283.003882594488,3283.003882594488,asphalt,1.1575
1.4166666666666665,20.40126266312442,5.66701740642345,0.0,0.0,0.0,0.0,5.66701740642345,0.0,4.018559759306553,4.297011208360999,1780.9783143915706,1,0,0.14616033087544084,0.14616033087544084,1.0,1.0,4075.711462079194,4075.711462079194,3281.7885379208055,3281.7885379208055,asphalt,1.1575
1.4333333333333331,20.65847956188147,5.738466544967075,0.0,0.0,0.0,0.0,5.738466544967075,0.0,4.113754660382188,4.280917425332191,1806.2929356716243,1,0,0.14796670726514313,0.14796670726514313,1.0,1.0,4076.922677875382,4076.922677875382,3280.577322124618,3280.577322124618,asphalt,1.1575
1.4499999999999997,20.914732886697998,5.809648024082777,0.0,0.0,0.0,0.0,5.809648024082777,0.0,4.210137591127181,4.264878372228935,1831.547409035819,1,0,0.14976523491845503,0.14976523491845503,1.0,1.0,4078.1297755267733,4078.1297755267733,3279.3702244732262,3279.3702244732262,asphalt,1.1575
1.4666666666666663,21.170025916017806,5.88056275444939,0.0,0.0,0.0,0.0,5.88056275444939,0.0,4.307704100040401,4.248893906340641,1856.7349211295386,1,0,0.15155594940763073,0.15155594940763073,1.0,1.0,4079.332765764962,4079.332765764962,3278.1672342350375,3278.1672342350375,asphalt,1.1575
1.483333333333333,21.424361919722756,5.951211644367432,0.0,0.0,0.0,0.0,5.951211644367432,0.0,4.406449750773924,4.232963884975689,1881.850055551331,1,0,0.15333888613542715,0.15333888613542715,1.0,1.0,4080.531659320114,4080.531659320114,3276.9683406798854,3276.9683406798854,asphalt,1.1575
1.4999999999999996,21.677744159134058,6.02159559975946,0.0,0.0,0.0,0.0,6.02159559975946,0.0,4.506370122093397,4.21708816546527,1906.8885352868167,1,0,0.15511408033593224,0.15511408033593224,1.0,1.0,4081.7264669208084,4081.7264669208084,3275.773533079191,3275.773533079191,asphalt,1.1575
1.5166666666666662,21.93017588701375,6.091715524170486,0.0,0.0,0.0,0.0,6.091715524170486,0.0,4.607460807838407,4.2012666051667935,1931.847007546966,1,0,0.15688156707539763,0.15688156707539763,1.0,1.0,4082.9171992936695,4082.9171992936695,3274.58280070633,3274.58280070633,asphalt,1.1575
1.5333333333333328,22.18166034756641,6.161572318768447,0.0,0.0,0.0,0.0,6.161572318768447,0.0,4.709717416882867,4.185499061467084,1956.7228657023038,1,0,0.15864138125305946,0.15864138125305946,1.0,1.0,4084.103867163205,4084.103867163205,3273.3961328367945,3273.3961328367945,asphalt,1.1575
1.5499999999999994,22.43220077644105,6.231166882344736,0.0,0.0,0.0,0.0,6.231166882344736,0.0,4.813135573095396,4.169785391786007,1981.5141030498,1,0,0.16039355760196333,0.16039355760196333,1.0,1.0,4085.2864812514545,4085.2864812514545,3272.213518748545,3272.213518748545,asphalt,1.1575
1.566666666666666,22.68180040073324,6.300500111314789,0.0,0.0,0.0,0.0,6.300500111314789,0.0,4.91771091529972,4.154125453580306,2006.219193495597,1,0,0.1621381306897778,0.1621381306897778,1.0,1.0,4086.465052277829,4086.465052277829,3271.0349477221707,3271.0349477221707,asphalt,1.1575
1.5833333333333326,22.930462438987394,6.369572899718721,0.0,0.0,0.0,0.0,6.369572899718721,0.0,5.02343909723508,4.138519104345733,2030.8369947323124,1,0,0.16387513491960976,0.16387513491960976,1.0,1.0,4087.639590958806,4087.639590958806,3269.8604090411936,3269.8604090411936,asphalt,1.1575
1.5999999999999992,23.17819010119929,6.438386139222025,0.0,0.0,0.0,0.0,6.438386139222025,0.0,5.130315787516648,4.122966201621523,2055.3666700394315,1,0,0.1656046045308145,0.1656046045308145,1.0,1.0,4088.810108007673,4088.810108007673,3268.689891992326,3268.689891992326,asphalt,1.1575
1.6166666666666658,23.42498658881876,6.506940719116322,0.0,0.0,0.0,0.0,6.506940719116322,0.0,5.238336669595956,4.107466602992531,2079.807625382198,1,0,0.1673265735997993,0.1673265735997993,1.0,1.0,4089.9766141343366,4089.9766141343366,3267.523385865663,3267.523385865663,asphalt,1.1575
1.6333333333333324,23.670855094752604,6.5752375263201674,0.0,0.0,0.0,0.0,6.5752375263201674,0.0,5.3474974417213454,4.09202016609413,2104.159458996338,1,0,0.16904107604082944,0.16904107604082944,1.0,1.0,4091.1391200449825,4091.1391200449825,3266.3608799550166,3266.3608799550166,asphalt,1.1575
1.649999999999999,23.91579880336766,6.643277445379906,0.0,0.0,0.0,0.0,6.643277445379906,0.0,5.457793816898422,4.076626748613279,2128.421921106924,1,0,0.17074814560682117,0.17074814560682117,1.0,1.0,4092.297636441968,4092.297636441968,3265.2023635580317,3265.2023635580317,asphalt,1.1575
1.6666666666666656,24.1598208904941,6.711061358470583,0.0,0.0,0.0,0.0,6.711061358470583,0.0,5.569221522850529,4.061286208293424,2152.5948818336956,1,0,0.17244781589014122,0.17244781589014122,1.0,1.0,4093.4521740234645,4093.4521740234645,3264.047825976535,3264.047825976535,asphalt,1.1575
1.6833333333333322,24.402924523428897,6.778590145396915,0.0,0.0,0.0,0.0,6.778590145396915,0.0,5.681776301979232,4.045998402937272,2176.6783056823856,1,0,0.17414012032339635,0.17414012032339635,1.0,1.0,4094.602743483253,4094.602743483253,3262.8972565167464,3262.8972565167464,asphalt,1.1575
1.6999999999999988,24.64511286093947,6.845864683594297,0.0,0.0,0.0,0.0,6.845864683594297,0.0,5.795453911324829,4.030763190408919,2200.6722313154924,1,0,0.1758250921802184,0.1758250921802184,1.0,1.0,4095.7493555105457,4095.7493555105457,3261.750644489454,3261.750644489454,asphalt,1.1575
1.7166666666666655,24.886389053267557,6.912885848129877,0.0,0.0,0.0,0.0,6.912885848129877,0.0,5.91025012252687,4.015580428638117,2224.5767555418115,1,0,0.1775027645760522,0.1775027645760522,1.0,1.0,4096.89202078965,4096.89202078965,3260.607979210349,3260.607979210349,asphalt,1.1575
1.733333333333332,25.126756242133194,6.979654511703665,0.0,0.0,0.0,0.0,6.979654511703665,0.0,6.026160721784698,4.0004499756228284,2248.3920206677176,1,0,0.17917317046892942,0.17917317046892942,1.0,1.0,4098.030749999873,4098.030749999873,3259.4692500001265,3259.4692500001265,asphalt,1.1575
1.7499999999999987,25.366217560738978,7.046171544649716,0.0,0.0,0.0,0.0,7.046171544649716,0.0,6.1431815098180085,3.9853716894324265,2272.1182045206306,1,0,0.18083634266025064,0.18083634266025064,1.0,1.0,4099.165553815166,4099.165553815166,3258.334446184833,3258.334446184833,asphalt,1.1575
1.7666666666666653,25.604776133774408,7.112437814937335,0.0,0.0,0.0,0.0,7.112437814937335,0.0,6.261308301827433,3.970345428210038,2295.7555125918093,1,0,0.18249231379555553,0.18249231379555553,1.0,1.0,4100.296442903954,4100.296442903954,3257.203557096046,3257.203557096046,asphalt,1.1575
1.7833333333333319,25.842435077420475,7.1784541881723545,0.0,0.0,0.0,0.0,7.1784541881723545,0.0,6.380536927455132,3.9553710501763817,2319.304171856641,1,0,0.18414111636528963,0.18414111636528963,1.0,1.0,4101.42342792895,4101.42342792895,3256.0765720710488,3256.0765720710488,asphalt,1.1575
1.7999999999999985,26.079197499354414,7.244221527598448,0.0,0.0,0.0,0.0,7.244221527598448,0.0,6.500863230745428,3.940448413632325,2342.7644259203134,1,0,0.18578278270557488,0.18578278270557488,1.0,1.0,4102.546519546831,4102.546519546831,3254.953480453168,3254.953480453168,asphalt,1.1575
1.816666666666665,26.315066498754597,7.309740694098499,0.0,0.0,0.0,0.0,7.309740694098499,0.0,6.622283070105441,3.9255773769620816,2366.136531208937,1,0,0.18741734499896515,0.18741734499896515,1.0,1.0,4103.665728408146,4103.665728408146,3253.8342715918534,3253.8342715918534,asphalt,1.1575
1.8333333333333317,26.55004516630565,7.375012546196014,0.0,0.0,0.0,0.0,7.375012546196014,0.0,6.744792318265762,3.9107577986349185,2389.420753984101,1,0,0.1890448352752086,0.1890448352752086,1.0,1.0,4104.781065157002,4104.781065157002,3252.7189348429984,3252.7189348429984,asphalt,1.1575
1.8499999999999983,26.784136584203683,7.440037940056579,0.0,0.0,0.0,0.0,7.440037940056579,0.0,6.868386862241142,3.89598953720963,2412.617368005111,1,0,0.19066528541200015,0.19066528541200015,1.0,1.0,4105.8925404309,4105.8925404309,3251.607459569099,3251.607459569099,asphalt,1.1575
1.866666666666665,27.017343826161756,7.5048177294893765,0.0,0.0,0.0,0.0,7.5048177294893765,0.0,6.993062603291211,3.881272451336244,2435.7266527000297,1,0,0.19227872713573393,0.19227872713573393,1.0,1.0,4107.000164860486,4107.000164860486,3250.4998351395134,3250.4998351395134,asphalt,1.1575
1.8833333333333315,27.249669957415463,7.569352765948739,0.0,0.0,0.0,0.0,7.569352765948739,0.0,7.118815456881221,3.8666063997594335,2458.7488917359806,1,0,0.19388519202224777,0.19388519202224777,1.0,1.0,4108.103949069396,4108.103949069396,3249.396050930604,3249.396050930604,asphalt,1.1575
1.8999999999999981,27.481118034728684,7.6336438985357455,0.0,0.0,0.0,0.0,7.6336438985357455,0.0,7.245641352642815,3.851991241320647,2481.6843719024173,1,0,0.19548471149757066,0.19548471149757066,1.0,1.0,4109.203903673973,4109.203903673973,3248.296096326026,3248.296096326026,asphalt,1.1575
1.9166666666666647,27.71169110639954,7.697691973999873,0.0,0.0,0.0,0.0,7.697691973999873,0.0,7.373536234334821,3.8374268349615193,2504.5333822394964,1,0,0.1970773168386583,0.1970773168386583,1.0,1.0,4110.30003928316,4110.30003928316,3247.19996071684,3247.19996071684,asphalt,1.1575
1.9333333333333313,27.94139221226647,7.761497836740686,0.0,0.0,0.0,0.0,7.761497836740686,0.0,7.502496059804079,3.8229130397260036,2527.296213358221,1,0,0.19866303917413564,0.19866303917413564,1.0,1.0,4111.392366498168,4111.392366498168,3246.1076335018324,3246.1076335018324,asphalt,1.1575
1.949999999999998,28.170224383714476,7.825062328809577,0.0,0.0,0.0,0.0,7.825062328809577,0.0,7.6325168009462905,3.8084497147631424,2549.97315691051,1,0,0.2002419094850228,0.2002419094850228,1.0,1.0,4112.480895912419,4112.480895912419,3245.01910408758,3245.01910408758,asphalt,1.1575
1.9666666666666646,28.398190643681556,7.888386289911543,0.0,0.0,0.0,0.0,7.888386289911543,0.0,7.763594443666905,3.7940367193300517,2572.5645051763986,1,0,0.20181395860547197,0.20181395860547197,1.0,1.0,4113.565638111213,4113.565638111213,3243.9343618887865,3243.9343618887865,asphalt,1.1575
1.9833333333333312,28.625294006665268,7.951470557407019,0.0,0.0,0.0,0.0,7.951470557407019,0.0,7.895724987842033,3.779673912794692,2595.0705507426746,1,0,0.20337921722348795,0.20337921722348795,1.0,1.0,4114.646603671621,4114.646603671621,3242.8533963283785,3242.8533963283785,asphalt,1.1575
1.9999999999999978,28.851537478729444,8.014315966313735,0.0,0.0,0.0,0.0,8.014315966313735,0.0,8.02890444727938,3.765361154637361,2617.491586252853,1,0,0.2049377158816535,0.2049377158816535,1.0,1.0,4115.723803162255,4115.723803162255,3241.7761968377445,3241.7761968377445,asphalt,1.1575
2.0166666666666644,29.07692405751107,8.07692334930863,0.0,0.0,0.0,0.0,8.07692334930863,0.0,8.163128849679232,3.7510983044541035,2639.8279042127724,1,0,0.20648948497784525,0.20648948497784525,1.0,1.0,4116.797247143117,4116.797247143117,3240.7027528568824,3240.7027528568824,asphalt,1.1575
2.033333333333331,29.30145673222734,8.139293536729816,0.0,0.0,0.0,0.0,8.139293536729816,0.0,8.298394236595461,3.736885221959483,2662.07979683954,1,0,0.20803455476595661,0.20803455476595661,1.0,1.0,4117.866946165283,4117.866946165283,3239.6330538347174,3239.6330538347174,asphalt,1.1575
2.0499999999999976,29.52513848368282,8.201427356578561,0.0,0.0,0.0,0.0,8.201427356578561,0.0,8.434696663396556,3.7227217669887125,2684.247555944233,1,0,0.20957295535660173,0.20957295535660173,1.0,1.0,4118.932910770865,4118.932910770865,3238.5670892291346,3238.5670892291346,asphalt,1.1575
2.066666666666664,29.747972284276795,8.263325634521332,0.0,0.0,0.0,0.0,8.263325634521332,0.0,8.572032199226706,3.7086077995002142,2706.331472840895,1,0,0.2111047167178266,0.2111047167178266,1.0,1.0,4119.99515149278,4119.99515149278,3237.5048485072202,3237.5048485072202,asphalt,1.1575
2.083333333333331,29.96996109801073,8.32498919389187,0.0,0.0,0.0,0.0,8.32498919389187,0.0,8.710396926966911,3.694543179577323,2728.331838275976,1,0,0.21262986867581696,0.21262986867581696,1.0,1.0,4121.053678854514,4121.053678854514,3236.446321145485,3236.446321145485,asphalt,1.1575
2.0999999999999974,30.19110788049592,8.38641885569331,0.0,0.0,0.0,0.0,8.38641885569331,0.0,8.849786943196117,3.680527767432551,2750.2489423736947,1,0,0.21414844091559823,0.21414844091559823,1.0,1.0,4122.108503369974,4122.108503369974,3235.391496630026,3235.391496630026,asphalt,1.1575
2.116666666666664,30.411415578961233,8.447615438600343,0.0,0.0,0.0,0.0,8.447615438600343,0.0,8.990198358152394,3.6665614234071597,2772.083074593768,1,0,0.21566046298173555,0.21566046298173555,1.0,1.0,4123.159635543283,4123.159635543283,3234.3403644567165,3234.3403644567165,asphalt,1.1575
2.1333333333333306,30.630887132261066,8.508579758961407,0.0,0.0,0.0,0.0,8.508579758961407,0.0,9.131627295694164,3.6526440079771305,2793.8345236987634,1,0,0.21716596427902546,0.21716596427902546,1.0,1.0,4124.207085868663,4124.207085868663,3233.292914131337,3233.292914131337,asphalt,1.1575
2.1499999999999972,30.849525470883354,8.569312630800932,0.0,0.0,0.0,0.0,8.569312630800932,0.0,9.274069893261435,3.6387753817523105,2815.503577728929,1,0,0.21866497407319016,0.21866497407319016,1.0,1.0,4125.250864830203,4125.250864830203,3232.2491351697972,3232.2491351697972,asphalt,1.1575
2.166666666666664,31.067333516957802,8.629814865821611,0.0,0.0,0.0,0.0,8.629814865821611,0.0,9.417522301837108,3.62495540548025,2837.0905239828317,1,0,0.2201575214915655,0.2201575214915655,1.0,1.0,4126.290982901701,4126.290982901701,3231.2090170982983,3231.2090170982983,asphalt,1.1575
2.1833333333333305,31.284314184264204,8.690087273406723,0.0,0.0,0.0,0.0,8.690087273406723,0.0,9.561980685908296,3.611183940048761,2858.595649002507,1,0,0.22164363552378638,0.22164363552378638,1.0,1.0,4127.327450546475,4127.327450546475,3230.172549453524,3230.172549453524,asphalt,1.1575
2.199999999999997,31.500470378240916,8.750130660622476,0.0,0.0,0.0,0.0,8.750130660622476,0.0,9.707441223427695,3.5974608464867686,2880.01923856212,1,0,0.2231233450224683,0.2231233450224683,1.0,1.0,4128.360278217198,4128.360278217198,3229.139721782801,3229.139721782801,asphalt,1.1575
2.2166666666666637,31.71580499599346,8.809945832220405,0.0,0.0,0.0,0.0,8.809945832220405,0.0,9.85390010577499,3.583785985968575,2901.3615776593465,1,0,0.2245966787038815,0.2245966787038815,1.0,1.0,4129.389476355804,4129.389476355804,3228.1105236441963,3228.1105236441963,asphalt,1.1575
2.2333333333333303,31.930320926303278,8.869533590639799,0.0,0.0,0.0,0.0,8.869533590639799,0.0,10.001353537718302,3.570159219814286,2922.6229505088722,1,0,0.22606366514863607,0.22606366514863607,1.0,1.0,4130.415055393132,4130.415055393132,3227.084944606868,3227.084944606868,asphalt,1.1575
2.249999999999997,32.14402104963657,8.92889473601016,0.0,0.0,0.0,0.0,8.92889473601016,0.0,10.149797737375678,3.5565804094927955,2943.8036405375346,1,0,0.22752433280234083,0.22752433280234083,1.0,1.0,4131.437025748998,4131.437025748998,3226.062974251002,3226.062974251002,asphalt,1.1575
2.2666666666666635,32.35690823815335,8.988030066153708,0.0,0.0,0.0,0.0,8.988030066153708,0.0,10.299228936176618,3.5430494166239157,2964.903930380743,1,0,0.22897870997628228,0.22897870997628228,1.0,1.0,4132.4553978318345,4132.4553978318345,3225.044602168165,3225.044602168165,asphalt,1.1575
2.28333333333333,32.568985355716514,9.04694037658792,0.0,0.0,0.0,0.0,9.04694037658792,0.0,10.449643378823648,3.529566102980084,2985.9241018798957,1,0,0.23042682484808105,0.23042682484808105,1.0,1.0,4133.470182038694,4133.470182038694,3224.0298179613055,3224.0298179613055,asphalt,1.1575
2.2999999999999967,32.78025525790116,9.1056264605281,0.0,0.0,0.0,0.0,9.1056264605281,0.0,10.601037323253934,3.516130330490199,3006.8644360805642,1,0,0.23186870546236565,0.23186870546236565,1.0,1.0,4134.4813887548635,4134.4813887548635,3223.0186112451356,3223.0186112451356,asphalt,1.1575
2.3166666666666633,32.99072079200395,9.164089108889986,0.0,0.0,0.0,0.0,9.164089108889986,0.0,10.753407040600939,3.5027419612383426,3027.7252132312824,1,0,0.23330437973141566,0.23330437973141566,1.0,1.0,4135.489028353994,4135.489028353994,3222.010971646005,3222.010971646005,asphalt,1.1575
2.33333333333333,33.20038479705259,9.222329110292387,0.0,0.0,0.0,0.0,9.222329110292387,0.0,10.906748815156128,3.4894008574697466,3048.506712782806,1,0,0.23473387543582755,0.23473387543582755,1.0,1.0,4136.493111197746,4136.493111197746,3221.0068888022533,3221.0068888022533,asphalt,1.1575
2.3499999999999965,33.40925010381554,9.28034725105987,0.0,0.0,0.0,0.0,9.28034725105987,0.0,11.061058944330709,3.4761068815895158,3069.2092133877372,1,0,0.2361572202251675,0.2361572202251675,1.0,1.0,4137.49364763563,4137.49364763563,3220.00635236437,3220.00635236437,asphalt,1.1575
2.366666666666663,33.617319534811685,9.338144315225467,0.0,0.0,0.0,0.0,9.338144315225467,0.0,11.216333738617426,3.4628598961677426,3089.8329929004335,1,0,0.23757444161861346,0.23757444161861346,1.0,1.0,4138.490648004974,4138.490648004974,3219.0093519950256,3219.0093519950256,asphalt,1.1575
2.3833333333333298,33.82459590432027,9.395721084533408,0.0,0.0,0.0,0.0,9.395721084533408,0.0,11.372569521552395,3.4496597639382287,3110.3783283771445,1,0,0.23898556700560478,0.23898556700560478,1.0,1.0,4139.484122630702,4139.484122630702,3218.0158773692983,3218.0158773692983,asphalt,1.1575
2.3999999999999964,34.031082018390876,9.45307833844191,0.0,0.0,0.0,0.0,9.45307833844191,0.0,11.529762629676988,3.4365063478031743,3130.845496076327,1,0,0.24039062364648559,0.24039062364648559,1.0,1.0,4140.474081825167,4140.474081825167,3217.0259181748324,3217.0259181748324,asphalt,1.1575
2.416666666666663,34.23678067485353,9.51021685412598,0.0,0.0,0.0,0.0,9.51021685412598,0.0,11.687909412499755,3.4233995108331783,3151.2347714590915,1,0,0.24178963867314107,0.24178963867314107,1.0,1.0,4141.4605358880635,4141.4605358880635,3216.0394641119356,3216.0394641119356,asphalt,1.1575
2.4333333333333296,34.44169466332895,9.567137406480263,0.0,0.0,0.0,0.0,9.567137406480263,0.0,11.847006232458412,3.4103391162715013,3171.546429189768,1,0,0.2431826390896381,0.2431826390896381,1.0,1.0,4142.443495106198,4142.443495106198,3215.0565048938024,3215.0565048938024,asphalt,1.1575
2.449999999999996,34.64582676523889,9.623840768121912,0.0,0.0,0.0,0.0,9.623840768121912,0.0,12.007049464881852,3.3973250275336397,3191.7807431365554,1,0,0.24456965177285417,0.24456965177285417,1.0,1.0,4143.422969753421,4143.422969753421,3214.0770302465785,3214.0770302465785,asphalt,1.1575
2.466666666666663,34.849179753816564,9.68032770939349,0.0,0.0,0.0,0.0,9.68032770939349,0.0,12.168035497952228,3.384357108209457,3211.9379863722424,1,0,0.2459507034731096,0.2459507034731096,1.0,1.0,4144.398970090446,4144.398970090446,3213.1010299095533,3213.1010299095533,asphalt,1.1575
2.4833333333333294,35.05175639411726,9.736598998365906,0.0,0.0,0.0,0.0,9.736598998365906,0.0,12.329960732667068,3.3714352220665944,3232.0184311749854,1,0,0.2473258208147899,0.2473258208147899,1.0,1.0,4145.371506364774,4145.371506364774,3212.1284936352254,3212.1284936352254,asphalt,1.1575
2.499999999999996,35.253559443029005,9.79265540084139,0.0,0.0,0.0,0.0,9.79265540084139,0.0,12.492821582801442,3.3585592330513236,3252.0223490291382,1,0,0.24869503029697662,0.24869503029697662,1.0,1.0,4146.3405888104435,4146.3405888104435,3211.159411189556,3211.159411189556,asphalt,1.1575
2.5166666666666626,35.454591649283344,9.848497680356484,0.0,0.0,0.0,0.0,9.848497680356484,0.0,12.656614474870189,3.345729005290252,3271.9500106261116,1,0,0.2500583582940633,0.2500583582940633,1.0,1.0,4147.306227647964,4147.306227647964,3210.1937723520355,3210.1937723520355,asphalt,1.1575
2.533333333333329,35.65485575346625,9.90412659818507,0.0,0.0,0.0,0.0,9.90412659818507,0.0,12.821335848090182,3.3329444030920286,3291.8016858652727,1,0,0.2514158310563749,0.2514158310563749,1.0,1.0,4148.268433084157,4148.268433084157,3209.231566915843,3209.231566915843,asphalt,1.1575
2.549999999999996,35.854354488029145,9.959542913341428,0.0,0.0,0.0,0.0,9.959542913341428,0.0,12.986982154342654,3.3202052909503266,3311.5776438548696,1,0,0.25276747471077743,0.25276747471077743,1.0,1.0,4149.227215312089,4149.227215312089,3208.27278468791,3208.27278468791,asphalt,1.1575
2.5666666666666624,36.05309057729998,10.014747382583328,0.0,0.0,0.0,0.0,10.014747382583328,0.0,13.153549858135559,3.3075115335438454,3331.2781529129807,1,0,0.25411331526129904,0.25411331526129904,1.0,1.0,4150.182584510789,4150.182584510789,3207.3174154892113,3207.3174154892113,asphalt,1.1575
2.583333333333329,36.25106673749448,10.069740760415133,0.0,0.0,0.0,0.0,10.069740760415133,0.0,13.321035436566014,3.2948629957388675,3350.9034805684805,1,0,0.25545337858972256,0.25545337858972256,1.0,1.0,4151.134550845368,4151.134550845368,3206.3654491546313,3206.3654491546313,asphalt,1.1575
2.5999999999999956,36.44828567672742,10.12452379909095,0.0,0.0,0.0,0.0,10.12452379909095,0.0,13.489435379282758,3.282259542590964,3370.453893562031,1,0,0.2567876904562122,0.2567876904562122,1.0,1.0,4152.083124466548,4152.083124466548,3205.4168755334517,3205.4168755334517,asphalt,1.1575
2.6166666666666623,36.644750095024094,10.179097248617804,0.0,0.0,0.0,0.0,10.179097248617804,0.0,13.658746188448687,3.269701039347126,3389.9296578470858,1,0,0.25811627649989416,0.25811627649989416,1.0,1.0,4153.028315510877,4153.028315510877,3204.471684489122,3204.471684489122,asphalt,1.1575
2.633333333333329,36.8404626843318,10.233461856758833,0.0,0.0,0.0,0.0,10.233461856758833,0.0,13.828964378703436,3.2571873514461913,3409.3310385909053,1,0,0.259439162239472,0.259439162239472,1.0,1.0,4153.970134100353,4153.970134100353,3203.5298658996467,3203.5298658996467,asphalt,1.1575
2.6499999999999955,37.03542612853148,10.287618369036522,0.0,0.0,0.0,0.0,10.287618369036522,0.0,14.000086477126018,3.244718344522255,3428.658300175595,1,0,0.2607563730738133,0.2607563730738133,1.0,1.0,4154.9085903424475,4154.9085903424475,3202.591409657552,3202.591409657552,asphalt,1.1575
2.666666666666662,37.229643103449426,10.34156752873595,0.0,0.0,0.0,0.0,10.34156752873595,0.0,14.172109023197509,3.232293884404669,3447.9117061991474,1,0,0.2620679342825447,0.2620679342825447,1.0,1.0,4155.843694329952,4155.843694329952,3201.6563056700475,3201.6563056700475,asphalt,1.1575
2.6833333333333287,37.423116276869074,10.395310076908075,0.0,0.0,0.0,0.0,10.395310076908075,0.0,14.345028568763789,3.2199138371197478,3467.0915194765043,1,0,0.26337387102664916,0.26337387102664916,1.0,1.0,4156.775456140751,4156.775456140751,3200.7245438592486,3200.7245438592486,asphalt,1.1575
2.6999999999999953,37.61584830854295,10.448846752373042,0.0,0.0,0.0,0.0,10.448846752373042,0.0,14.518841677998351,3.207578068894179,3486.198002040625,1,0,0.26467420834903976,0.26467420834903976,1.0,1.0,4157.703885837917,4157.703885837917,3199.796114162082,3199.796114162082,asphalt,1.1575
2.716666666666662,37.80784185020464,10.50217829172351,0.0,0.0,0.0,0.0,10.50217829172351,0.0,14.693544927365146,3.1952864461537445,3505.231415143569,1,0,0.2659689711751584,0.2659689711751584,1.0,1.0,4158.628993469361,4158.628993469361,3198.8710065306386,3198.8710065306386,asphalt,1.1575
2.7333333333333285,37.99909954558089,10.555305429328024,0.0,0.0,0.0,0.0,10.555305429328024,0.0,14.869134905581499,3.183038835527583,3524.1920192575876,1,0,0.2672581843135486,0.2672581843135486,1.0,1.0,4159.550789067861,4159.550789067861,3197.949210932139,3197.949210932139,asphalt,1.1575
2.749999999999995,38.18962403040382,10.608228897334394,0.0,0.0,0.0,0.0,10.608228897334394,0.0,15.045608213581074,3.170835103848191,3543.080074076225,1,0,0.26854187245643607,0.26854187245643607,1.0,1.0,4160.469282650904,4160.469282650904,3197.0307173490964,3197.0307173490964,asphalt,1.1575
2.7666666666666617,38.37941793242313,10.660949425673092,0.0,0.0,0.0,0.0,10.660949425673092,0.0,15.222961464476896,3.1586751181522743,3561.8958385154356,1,0,0.26982006018030197,0.26982006018030197,1.0,1.0,4161.38448422062,4161.38448422062,3196.11551577938,3196.11551577938,asphalt,1.1575
2.7833333333333283,38.568483871418564,10.713467742060713,0.0,0.0,0.0,0.0,10.713467742060713,0.0,15.401191283524431,3.1465587456845867,3580.639570714703,1,0,0.2710927719464626,0.2710927719464626,1.0,1.0,4162.296403763561,4162.296403763561,3195.2035962364384,3195.2035962364384,asphalt,1.1575
2.799999999999995,38.75682445921226,10.765784572003406,0.0,0.0,0.0,0.0,10.765784572003406,0.0,15.580294308084728,3.1344858538970755,3599.311528038174,1,0,0.27236003210163146,0.27236003210163146,1.0,1.0,4163.2050512506985,4163.2050512506985,3194.294948749301,3194.294948749301,asphalt,1.1575
2.8166666666666615,38.94444229968138,10.817900638800381,0.0,0.0,0.0,0.0,10.817900638800381,0.0,15.760267187587607,3.1224563104514402,3617.9119670758,1,0,0.27362186487849105,0.27362186487849105,1.0,1.0,4164.110436637262,4164.110436637262,3193.389563362737,3193.389563362737,asphalt,1.1575
2.833333333333328,39.13133998877062,10.869816663547395,0.0,0.0,0.0,0.0,10.869816663547395,0.0,15.941106583494921,3.1104699832199856,3636.44114364449,1,0,0.27487829439625255,0.27487829439625255,1.0,1.0,4165.012569862679,4165.012569862679,3192.4874301373206,3192.4874301373206,asphalt,1.1575
2.8499999999999948,39.31752011450508,10.921533365140299,0.0,0.0,0.0,0.0,10.921533365140299,0.0,16.122809169263867,3.0985267402877525,3654.8993127892677,1,0,0.2761293446612242,0.2761293446612242,1.0,1.0,4165.911460850377,4165.911460850377,3191.588539149623,3191.588539149623,asphalt,1.1575
2.8666666666666614,39.502985257002884,10.973051460278578,0.0,0.0,0.0,0.0,10.973051460278578,0.0,16.30537163031035,3.0866264499537976,3673.286728784444,1,0,0.2773750395673598,0.2773750395673598,1.0,1.0,4166.80711950782,4166.80711950782,3190.6928804921795,3190.6928804921795,asphalt,1.1575
2.883333333333328,39.687737988488166,11.024371663468935,0.0,0.0,0.0,0.0,11.024371663468935,0.0,16.488790663972427,3.074768980731619,3691.603645134796,1,0,0.2786154028968226,0.2786154028968226,1.0,1.0,4167.699555726284,4167.699555726284,3189.8004442737156,3189.8004442737156,asphalt,1.1575
2.8999999999999946,39.871780873304,11.075494687028888,0.0,0.0,0.0,0.0,11.075494687028888,0.0,16.673062979473784,3.0629542013508626,3709.8503145767486,1,0,0.27985045832053806,0.27985045832053806,1.0,1.0,4168.588779380758,4168.588779380758,3188.9112206192412,3188.9112206192412,asphalt,1.1575
2.916666666666661,40.05511646792539,11.126421241090386,0.0,0.0,0.0,0.0,11.126421241090386,0.0,16.858185297887303,3.0511819807598783,3728.026989079576,1,0,0.28108022939873706,0.28108022939873706,1.0,1.0,4169.474800329946,4169.474800329946,3188.025199670053,3188.025199670053,asphalt,1.1575
2.933333333333328,40.23774732097243,11.177152033603454,0.0,0.0,0.0,0.0,11.177152033603454,0.0,17.044154352098662,3.0394521881248693,3746.1339198466026,1,0,0.2823047395815094,0.2823047395815094,1.0,1.0,4170.357628416075,4170.357628416075,3187.142371583924,3187.142371583924,asphalt,1.1575
2.9499999999999944,40.41967597322349,11.227687770339859,0.0,0.0,0.0,0.0,11.227687770339859,0.0,17.23096688677001,3.0277646928333013,3764.1713573164157,1,0,0.28352401220934614,0.28352401220934614,1.0,1.0,4171.23727346483,4171.23727346483,3186.2627265351703,3186.2627265351703,asphalt,1.1575
2.966666666666661,40.600904957628465,11.278029154896796,0.0,0.0,0.0,0.0,11.278029154896796,0.0,17.418619658303694,3.0161193644939033,3782.1395511640862,1,0,0.2847380705136791,0.2847380705136791,1.0,1.0,4172.113745285287,4172.113745285287,3185.3862547147123,3185.3862547147123,asphalt,1.1575
2.9833333333333276,40.78143679932209,11.328176888700579,0.0,0.0,0.0,0.0,11.328176888700579,0.0,17.60710943480608,3.004516072937946,3800.0387503023967,1,0,0.2859469376174223,0.2859469376174223,1.0,1.0,4172.987053669793,4172.987053669793,3184.512946330207,3184.512946330207,asphalt,1.1575
2.9999999999999942,40.9612740156374,11.378131671010388,0.0,0.0,0.0,0.0,11.378131671010388,0.0,17.796432996051383,2.992954688220948,3817.8692028830783,1,0,0.28715063653551043,0.28715063653551043,1.0,1.0,4173.857208393827,4173.857208393827,3183.642791606172,3183.642791606172,asphalt,1.1575
3.016666666666661,41.140419116119205,11.427894198922,0.0,0.0,0.0,0.0,11.427894198922,0.0,17.986587133445603,2.981435080623527,3835.6311562980545,1,0,0.2883491901754262,0.2883491901754262,1.0,1.0,4174.724219216011,4174.724219216011,3182.775780783988,3182.775780783988,asphalt,1.1575
3.0333333333333274,41.31887460253764,11.477465167371566,0.0,0.0,0.0,0.0,11.477465167371566,0.0,18.17756864999049,2.969957120653106,3853.324857180694,1,0,0.2895426213377407,0.2895426213377407,1.0,1.0,4175.588095877876,4175.588095877876,3181.911904122123,3181.911904122123,asphalt,1.1575
3.049999999999994,41.49664296890179,11.526845269139386,0.0,0.0,0.0,0.0,11.526845269139386,0.0,18.369374360247612,2.9585206790439145,3870.9505514070697,1,0,0.2907309527166284,0.2907309527166284,1.0,1.0,4176.448848103965,4176.448848103965,3181.0511518960343,3181.0511518960343,asphalt,1.1575
3.0666666666666607,41.67372670147339,11.57603519485372,0.0,0.0,0.0,0.0,11.57603519485372,0.0,18.56200109030245,2.9471256267595436,3888.508484097226,1,0,0.291914206900402,0.291914206900402,1.0,1.0,4177.3064856016035,4177.3064856016035,3180.193514398396,3180.193514398396,asphalt,1.1575
3.0833333333333273,41.85012827878063,11.625035632994619,0.0,0.0,0.0,0.0,11.625035632994619,0.0,18.755445677728577,2.935771834993801,3905.9988996164525,1,0,0.2930924063720389,0.2930924063720389,1.0,1.0,4178.161018060775,4178.161018060775,3179.3389819392246,3179.3389819392246,asphalt,1.1575
3.099999999999994,42.025850171631916,11.673847269897754,0.0,0.0,0.0,0.0,11.673847269897754,0.0,18.949704971551885,2.9244591751707105,3923.4220415765685,1,0,0.29426557350968313,0.29426557350968313,1.0,1.0,4179.01245515428,4179.01245515428,3178.4875448457196,3178.4875448457196,asphalt,1.1575
3.1166666666666605,42.200894843129845,11.72247078975829,0.0,0.0,0.0,0.0,11.72247078975829,0.0,19.144775832214897,2.9131875189466427,3940.7781528372075,1,0,0.29543373058718964,0.29543373058718964,1.0,1.0,4179.860806537287,4179.860806537287,3177.6391934627127,3177.6391934627127,asphalt,1.1575
3.133333333333327,42.37526474868512,11.770906874634756,0.0,0.0,0.0,0.0,11.770906874634756,0.0,19.340655131541126,2.901956738211169,3958.067475507117,1,0,0.29659689977461196,0.29659689977461196,1.0,1.0,4180.706081847621,4180.706081847621,3176.7939181523784,3176.7939181523784,asphalt,1.1575
3.1499999999999937,42.54896233603063,11.819156204452952,0.0,0.0,0.0,0.0,11.819156204452952,0.0,19.537339752699513,2.8907667050887653,3975.290250945459,1,0,0.29775510313873443,0.29775510313873443,1.0,1.0,4181.548290705412,4181.548290705412,3175.951709294588,3175.951709294588,asphalt,1.1575
3.1666666666666603,42.721990045235486,11.867219457009858,0.0,0.0,0.0,0.0,11.867219457009858,0.0,19.734826590168897,2.8796172919379615,3992.446719763124,1,0,0.2989083626435717,0.2989083626435717,1.0,1.0,4182.387442713156,4182.387442713156,3175.1125572868436,3175.1125572868436,asphalt,1.1575
3.183333333333327,42.89435030871924,11.915097307977566,0.0,0.0,0.0,0.0,11.915097307977566,0.0,19.933112549702606,2.86850837135475,4009.5371218240407,1,0,0.30005670015087826,0.30005670015087826,1.0,1.0,4183.223547455591,4183.223547455591,3174.276452544409,3174.276452544409,asphalt,1.1575
3.1999999999999935,43.06604555126604,11.962790430907233,0.0,0.0,0.0,0.0,11.962790430907233,0.0,20.13219454829308,2.857439816171734,4026.5616962465065,1,0,0.30120013742065593,0.30120013742065593,1.0,1.0,4184.056614499597,4184.056614499597,3173.443385500402,3173.443385500402,asphalt,1.1575
3.21666666666666,43.23707819003898,12.01029949723305,0.0,0.0,0.0,0.0,12.01029949723305,0.0,20.332069514136535,2.846411499460686,4043.520681404513,1,0,0.3023386961116488,0.3023386961116488,1.0,1.0,4184.886653394201,4184.886653394201,3172.6133466057986,3172.6133466057986,asphalt,1.1575
3.2333333333333267,43.407450634594376,12.057625176276215,0.0,0.0,0.0,0.0,12.057625176276215,0.0,20.532734386597753,2.8354232945316937,4060.4143149290835,1,0,0.30347239778185203,0.30347239778185203,1.0,1.0,4185.713673670377,4185.713673670377,3171.7863263296226,3171.7863263296226,asphalt,1.1575
3.2499999999999933,43.577165286896175,12.104768135248937,0.0,0.0,0.0,0.0,12.104768135248937,0.0,20.734186116174897,2.8244750749357195,4077.2428337096153,1,0,0.30460126388899583,0.30460126388899583,1.0,1.0,4186.53768484115,4186.53768484115,3170.96231515885,3170.96231515885,asphalt,1.1575
3.26666666666666,43.74622454133046,12.151729039258461,0.0,0.0,0.0,0.0,12.151729039258461,0.0,20.936421664464394,2.8135667144650256,4094.0064738952283,1,0,0.30572531579105594,0.30572531579105594,1.0,1.0,4187.358696401301,4187.358696401301,3170.141303598698,3170.141303598698,asphalt,1.1575
3.2833333333333266,43.91463078471988,12.198508551311079,0.0,0.0,0.0,0.0,12.198508551311079,0.0,21.13943800412591,2.8026980871540275,4110.7054708961205,1,0,0.3068445747467281,0.3068445747467281,1.0,1.0,4188.176717827534,4188.176717827534,3169.323282172465,3169.323282172465,asphalt,1.1575
3.299999999999993,44.08238639633831,12.245107332316197,0.0,0.0,0.0,0.0,12.245107332316197,0.0,21.343232118847364,2.791869067280146,4127.34005938493,1,0,0.307959061915931,0.307959061915931,1.0,1.0,4188.991758578213,4188.991758578213,3168.508241421786,3168.508241421786,asphalt,1.1575
3.3166666666666598,44.249493747925364,12.291526041090378,0.0,0.0,0.0,0.0,12.291526041090378,0.0,21.547801003310028,2.781079529365087,4143.9104732981,1,0,0.30906879836028583,0.30906879836028583,1.0,1.0,4189.803828093399,4189.803828093399,3167.6961719066003,3167.6961719066003,asphalt,1.1575
3.3333333333333264,44.41595520370116,12.337765334361432,0.0,0.0,0.0,0.0,12.337765334361432,0.0,21.753141663153677,2.7703293481752667,4160.416945837254,1,0,0.31017380504360254,0.31017380504360254,1.0,1.0,4190.612935794749,4190.612935794749,3166.88706420525,3166.88706420525,asphalt,1.1575
3.349999999999993,44.581773120380994,12.383825866772497,0.0,0.0,0.0,0.0,12.383825866772497,0.0,21.959251114941843,2.759618398722239,4176.859709470572,1,0,0.311274102832364,0.311274102832364,1.0,1.0,4191.419091085426,4191.419091085426,3166.080908914574,3166.080908914574,asphalt,1.1575
3.3666666666666596,44.746949847190145,12.42970829088615,0.0,0.0,0.0,0.0,12.42970829088615,0.0,22.16612638612709,2.7489465562652526,4193.238995934174,1,0,0.3123697124961977,0.3123697124961977,1.0,1.0,4192.222303350124,4192.222303350124,3165.2776966498755,3165.2776966498755,asphalt,1.1575
3.383333333333326,44.91148772587871,12.47541325718853,0.0,0.0,0.0,0.0,12.47541325718853,0.0,22.373764515016397,2.7383136963108257,4209.555036233519,1,0,0.3134606547083651,0.3134606547083651,1.0,1.0,4193.0225819548505,4193.0225819548505,3164.477418045149,3164.477418045149,asphalt,1.1575
3.399999999999993,45.075389090736444,12.520941414093457,0.0,0.0,0.0,0.0,12.520941414093457,0.0,22.582162550736577,2.727719694613171,4225.808060644784,1,0,0.31454695004621913,0.31454695004621913,1.0,1.0,4193.819936247081,4193.819936247081,3163.6800637529177,3163.6800637529177,asphalt,1.1575
3.4166666666666594,45.23865626860774,12.566293407946594,0.0,0.0,0.0,0.0,12.566293407946594,0.0,22.791317553199796,2.717164427175902,4241.998298716281,1,0,0.3156286189916906,0.3156286189916906,1.0,1.0,4194.614375555509,4194.614375555509,3162.885624444491,3162.885624444491,asphalt,1.1575
3.433333333333326,45.40129157890655,12.611469883029597,0.0,0.0,0.0,0.0,12.611469883029597,0.0,23.001226593069145,2.7066477702528857,4258.125979269853,1,0,0.3167056819317561,0.3167056819317561,1.0,1.0,4195.4059091900035,4195.4059091900035,3162.094090809996,3162.094090809996,asphalt,1.1575
3.4499999999999926,45.563297333631475,12.656471481564298,0.0,0.0,0.0,0.0,12.656471481564298,0.0,23.21188675172428,2.6961696003482416,4274.191330402289,1,0,0.31777815915889807,0.31777815915889807,1.0,1.0,4196.194546441654,4196.194546441654,3161.3054535583456,3161.3054535583456,asphalt,1.1575
3.4666666666666592,45.72467583738076,12.701298843716877,0.0,0.0,0.0,0.0,12.701298843716877,0.0,23.42329512122713,2.6857297942176217,4290.194579486741,1,0,0.3188460708715701,0.3188460708715701,1.0,1.0,4196.980296582696,4196.980296582696,3160.5197034173034,3160.5197034173034,asphalt,1.1575
3.483333333333326,45.88542938736748,12.745952607602078,0.0,0.0,0.0,0.0,12.745952607602078,0.0,23.635448804287698,2.675328228869489,4306.135953174141,1,0,0.3199094371746718,0.3199094371746718,1.0,1.0,4197.763168866292,4197.763168866292,3159.7368311337073,3159.7368311337073,asphalt,1.1575
3.4999999999999925,46.04556027343465,12.790433409287402,0.0,0.0,0.0,0.0,12.790433409287402,0.0,23.848344914229887,2.664964781563839,4322.015677394635,1,0,0.3209682780799881,0.3209682780799881,1.0,1.0,4198.543172526755,4198.543172526755,3158.9568274732446,3158.9568274732446,asphalt,1.1575
3.516666666666659,46.20507077807045,12.834741882797347,0.0,0.0,0.0,0.0,12.834741882797347,0.0,24.061980574957445,2.654639329815609,4337.833977359005,1,0,0.32202261350667144,0.32202261350667144,1.0,1.0,4199.320316779162,4199.320316779162,3158.179683220838,3158.179683220838,asphalt,1.1575
3.5333333333333257,46.363963176423475,12.878878660117632,0.0,0.0,0.0,0.0,12.878878660117632,0.0,24.276352920919958,2.644351751394254,4353.591077560114,1,0,0.3230724632816713,0.3230724632816713,1.0,1.0,4200.094610819643,4200.094610819643,3157.405389180356,3157.405389180356,asphalt,1.1575
3.5499999999999923,46.522239736318,12.922844371199444,0.0,0.0,0.0,0.0,12.922844371199444,0.0,24.49145909707889,2.6341019243228914,4369.28720177434,1,0,0.32411784714020747,0.32411784714020747,1.0,1.0,4200.866063825065,4200.866063825065,3156.6339361749347,3156.6339361749347,asphalt,1.1575
3.566666666666659,46.67990271826935,12.966639643963706,0.0,0.0,0.0,0.0,12.966639643963706,0.0,24.707296258873765,2.623889726881714,4384.922573063023,1,0,0.32515878472621496,0.32515878472621496,1.0,1.0,4201.634684953056,4201.634684953056,3155.8653150469436,3155.8653150469436,asphalt,1.1575
3.5833333333333255,46.836954375499225,13.01026510430534,0.0,0.0,0.0,0.0,13.01026510430534,0.0,24.923861572188326,2.613715037607136,4400.497413773918,1,0,0.32619529559278293,0.32619529559278293,1.0,1.0,4202.400483342076,4202.400483342076,3155.0995166579237,3155.0995166579237,asphalt,1.1575
3.599999999999992,46.993396953951155,13.053721376097542,0.0,0.0,0.0,0.0,13.053721376097542,0.0,25.141152213316836,2.6035777352917933,4416.011945542642,1,0,0.3272273992026167,0.3272273992026167,1.0,1.0,4203.163468111156,4203.163468111156,3154.3365318888436,3154.3365318888436,asphalt,1.1575
3.6166666666666587,47.1492326923059,13.097009081196083,0.0,0.0,0.0,0.0,13.097009081196083,0.0,25.359165368930427,2.593477698987101,4431.466389294139,1,0,0.3282551149284682,0.3282551149284682,1.0,1.0,4203.92364836003,4203.92364836003,3153.5763516399697,3153.5763516399697,asphalt,1.1575
3.6333333333333253,47.30446382199698,13.140128839443605,0.0,0.0,0.0,0.0,13.140128839443605,0.0,25.577898236043517,2.583414808001976,4446.86096524414,1,0,0.3292784620535839,0.3292784620535839,1.0,1.0,4204.681033169004,4204.681033169004,3152.8189668309956,3152.8189668309956,asphalt,1.1575
3.649999999999992,47.45909256722618,13.183081268673938,0.0,0.0,0.0,0.0,13.183081268673938,0.0,25.79734802198031,2.573388941904966,4462.195892900634,1,0,0.3302974597721449,0.3302974597721449,1.0,1.0,4205.4356315988925,4205.4356315988925,3152.064368401107,3152.064368401107,asphalt,1.1575
3.6666666666666585,47.61312114497909,13.225866984716413,0.0,0.0,0.0,0.0,13.225866984716413,0.0,26.01751194434134,2.563399980523826,4477.471391065331,1,0,0.3313121271896982,0.3313121271896982,1.0,1.0,4206.1874526910515,4206.1874526910515,3151.312547308948,3151.312547308948,asphalt,1.1575
3.683333333333325,47.76655176504074,13.268486601400205,0.0,0.0,0.0,0.0,13.268486601400205,0.0,26.238387230970137,2.553447803945943,4492.687677835143,1,0,0.33232248332360065,0.33232248332360065,1.0,1.0,4206.936505467217,4206.936505467217,3150.5634945327824,3150.5634945327824,asphalt,1.1575
3.6999999999999917,47.91938663001119,13.310940730558663,0.0,0.0,0.0,0.0,13.310940730558663,0.0,26.459971119919913,2.5435322925204673,4507.844970603662,1,0,0.3333285471034346,0.3333285471034346,1.0,1.0,4207.682798929667,4207.682798929667,3149.817201070333,3149.817201070333,asphalt,1.1575
3.7166666666666583,48.07162793532122,13.353229982033671,0.0,0.0,0.0,0.0,13.353229982033671,0.0,26.68226085942036,2.533653326857035,4522.943486062639,1,0,0.33433033737146184,0.33433033737146184,1.0,1.0,4208.426342060898,4208.426342060898,3149.0736579391023,3149.0736579391023,asphalt,1.1575
3.733333333333325,48.223277869248015,13.395354963680004,0.0,0.0,0.0,0.0,13.395354963680004,0.0,26.905253707844487,2.523810787827898,4537.983440203476,1,0,0.3353278728830366,0.3353278728830366,1.0,1.0,4209.167143823755,4209.167143823755,3148.332856176244,3148.332856176244,asphalt,1.1575
3.7499999999999916,48.37433861293092,13.4373162813697,0.0,0.0,0.0,0.0,13.4373162813697,0.0,27.12894693367556,2.5140045565662206,4552.965048318712,1,0,0.33632117230702646,0.33632117230702646,1.0,1.0,4209.905213161467,4209.905213161467,3147.594786838533,3147.594786838533,asphalt,1.1575
3.766666666666658,48.524812340387136,13.479114538996427,0.0,0.0,0.0,0.0,13.479114538996427,0.0,27.35333781547411,2.5042345144694877,4567.888525003524,1,0,0.33731025422625055,0.33731025422625055,1.0,1.0,4210.640558997415,4210.640558997415,3146.859441002585,3146.859441002585,asphalt,1.1575
3.7833333333333248,48.67470121852759,13.520750338479885,0.0,0.0,0.0,0.0,13.520750338479885,0.0,27.578423641844978,2.494500543197802,4582.754084157209,1,0,0.33829513713789566,0.33829513713789566,1.0,1.0,4211.373190235169,4211.373190235169,3146.1268097648303,3146.1268097648303,asphalt,1.1575
3.7999999999999914,48.824007407172694,13.562224279770193,0.0,0.0,0.0,0.0,13.562224279770193,0.0,27.804201711404488,2.4848025246751604,4597.561938984702,1,0,0.33927583945392975,0.33927583945392975,1.0,1.0,4212.103115758522,4212.103115758522,3145.3968842414774,3145.3968842414774,asphalt,1.1575
3.816666666666658,48.972733059068254,13.603536960852292,0.0,0.0,0.0,0.0,13.603536960852292,0.0,28.030669332747653,2.4751403410907358,4612.312301998068,1,0,0.3402523795015242,0.3402523795015242,1.0,1.0,4212.830344431388,4212.830344431388,3144.6696555686112,3144.6696555686112,asphalt,1.1575
3.8333333333333246,49.120880319901275,13.644688977750354,0.0,0.0,0.0,0.0,13.644688977750354,0.0,28.25782382441547,2.4655138748971694,4627.005385018017,1,0,0.3412247755234682,0.3412247755234682,1.0,1.0,4213.554885097775,4213.554885097775,3143.9451149022248,3143.9451149022248,asphalt,1.1575
3.849999999999991,49.26845132831595,13.685680924532207,0.0,0.0,0.0,0.0,13.685680924532207,0.0,28.485662514862288,2.4559230088135564,4641.641399175411,1,0,0.3421930456785845,0.3421930456785845,1.0,1.0,4214.276746581718,4214.276746581718,3143.223253418282,3143.223253418282,asphalt,1.1575
3.866666666666658,49.415448215929516,13.726513393313754,0.0,0.0,0.0,0.0,13.726513393313754,0.0,28.714182742423255,2.4463676258241662,4656.2205549127775,1,0,0.3431572080421345,0.3431572080421345,1.0,1.0,4214.995937687311,4214.995937687311,3142.504062312689,3142.504062312689,asphalt,1.1575
3.8833333333333244,49.56187310734829,13.767186974263414,0.0,0.0,0.0,0.0,13.767186974263414,0.0,28.943381855281817,2.436847609179722,4670.743061985829,1,0,0.34411728060623226,0.34411728060623226,1.0,1.0,4215.712467198614,4215.712467198614,3141.7875328013856,3141.7875328013856,asphalt,1.1575
3.899999999999991,49.7077281201836,13.807702255606555,0.0,0.0,0.0,0.0,13.807702255606555,0.0,29.173257211437317,2.427362842396974,4685.20912946498,1,0,0.3450732812802483,0.3450732812802483,1.0,1.0,4216.42634387965,4216.42634387965,3141.07365612035,3141.07365612035,asphalt,1.1575
3.9166666666666576,49.85301536506782,13.84805982362995,0.0,0.0,0.0,0.0,13.84805982362995,0.0,29.403806178672653,2.417913209260405,4699.6189657368695,1,0,0.3460252278912093,0.3460252278912093,1.0,1.0,4217.137576474436,4217.137576474436,3140.362423525563,3140.362423525563,asphalt,1.1575
3.9333333333333242,49.9977369456704,13.88826026268622,0.0,0.0,0.0,0.0,13.88826026268622,0.0,29.635026134522022,2.408498593821804,4713.972778505892,1,0,0.34697313818421044,0.34697313818421044,1.0,1.0,4217.846173706829,4217.846173706829,3139.653826293171,3139.653826293171,asphalt,1.1575
3.949999999999991,50.14189495871392,13.92830415519831,0.0,0.0,0.0,0.0,13.92830415519831,0.0,29.86691446623872,2.399118880400266,4728.27077479572,1,0,0.3479170298228143,0.3479170298228143,1.0,1.0,4218.552144280517,4218.552144280517,3138.9478557194834,3138.9478557194834,asphalt,1.1575
3.9666666666666575,50.2854914939902,13.968192081663943,0.0,0.0,0.0,0.0,13.968192081663943,0.0,30.099468570763026,2.3897739535834717,4742.513160950838,1,0,0.3488569203894406,0.3488569203894406,1.0,1.0,4219.255496879088,4219.255496879088,3138.244503120911,3138.244503120911,asphalt,1.1575
3.983333333333324,50.42852863437638,14.007924620660104,0.0,0.0,0.0,0.0,14.007924620660104,0.0,30.332685854690183,2.3804636982281124,4756.700142638073,1,0,0.34979282738576606,0.34979282738576606,1.0,1.0,4219.9562401659705,4219.9562401659705,3137.543759834029,3137.543759834029,asphalt,1.1575
3.9999999999999907,50.57100845585103,14.047502348847507,0.0,0.0,0.0,0.0,14.047502348847507,0.0,30.5665637342384,2.3711879994581864,4770.831924848137,1,0,0.3507247682331267,0.3507247682331267,1.0,1.0,4220.654382784294,4220.654382784294,3136.8456172157053,3136.8456172157053,asphalt,1.1575
4.016666666666658,50.712933027510346,14.086925840975097,0.0,0.0,0.0,0.0,14.086925840975097,0.0,30.801099635216985,2.3619467426688345,4784.90871189716,1,0,0.3516527602729,0.3516527602729,1.0,1.0,4221.349933356996,4221.349933356996,3136.1500666430034,3136.1500666430034,asphalt,1.1575
4.033333333333324,50.85430441158429,14.126195669884524,0.0,0.0,0.0,0.0,14.126195669884524,0.0,31.036290992994527,2.352739813523783,4798.930707428238,1,0,0.352576820766898,0.352576820766898,1.0,1.0,4222.042900486751,4222.042900486751,3135.457099513248,3135.457099513248,asphalt,1.1575
4.049999999999991,50.99512466345275,14.165312406514653,0.0,0.0,0.0,0.0,14.165312406514653,0.0,31.272135252467148,2.343567097957049,4812.898114412967,1,0,0.3534969668977539,0.3534969668977539,1.0,1.0,4222.733292755975,4222.733292755975,3134.766707244025,3134.766707244025,asphalt,1.1575
4.0666666666666575,51.13539583166181,14.204276619906059,0.0,0.0,0.0,0.0,14.204276619906059,0.0,31.50862986802683,2.334428482172086,4826.811135152999,1,0,0.3544132157693193,0.3544132157693193,1.0,1.0,4223.42111872666,4223.42111872666,3134.07888127334,3134.07888127334,asphalt,1.1575
4.083333333333324,51.275119957939914,14.243088877205532,0.0,0.0,0.0,0.0,14.243088877205532,0.0,31.745772303529836,2.3253238526434927,4840.669971281584,1,0,0.3553255844070303,0.3553255844070303,1.0,1.0,4224.106386940572,4224.106386940572,3133.3936130594275,3133.3936130594275,asphalt,1.1575
4.099999999999991,51.41429907721413,14.281749743670591,0.0,0.0,0.0,0.0,14.281749743670591,0.0,31.983560032265192,2.316253096117009,4854.474823765124,1,0,0.3562340897583014,0.3562340897583014,1.0,1.0,4224.789105919088,4224.789105919088,3132.7108940809117,3132.7108940809117,asphalt,1.1575
4.116666666666657,51.55293521762643,14.320259782674007,0.0,0.0,0.0,0.0,14.320259782674007,0.0,32.22199053692324,2.307216099609093,4868.225892904722,1,0,0.35713874869290396,0.35713874869290396,1.0,1.0,4225.469284163195,4225.469284163195,3132.0307158368046,3132.0307158368046,asphalt,1.1575
4.133333333333324,51.69103040054994,14.358619555708318,0.0,0.0,0.0,0.0,14.358619555708318,0.0,32.46106130956427,2.298212750407771,4881.9233783377385,1,0,0.35803957800334574,0.35803957800334574,1.0,1.0,4226.14693015346,4226.14693015346,3131.3530698465397,3131.3530698465397,asphalt,1.1575
4.149999999999991,51.82858664060526,14.39682962239035,0.0,0.0,0.0,0.0,14.39682962239035,0.0,32.70076985158726,2.289242936071787,4895.56747903935,1,0,0.3589365944052421,0.3589365944052421,1.0,1.0,4226.82205235006,4226.82205235006,3130.6779476499387,3130.6779476499387,asphalt,1.1575
4.166666666666657,51.96560594567671,14.434890540465751,0.0,0.0,0.0,0.0,14.434890540465751,0.0,32.941113673698624,2.280306544432733,4909.1583933241045,1,0,0.35982981453769497,0.35982981453769497,1.0,1.0,4227.494659192723,4227.494659192723,3130.005340807277,3130.005340807277,asphalt,1.1575
4.183333333333324,52.10209031692872,14.472802865813533,0.0,0.0,0.0,0.0,14.472802865813533,0.0,33.18209029588107,2.2714034635946234,4922.696318847484,1,0,0.3607192549636632,0.3607192549636632,1.0,1.0,4228.164759100717,4228.164759100717,3129.3352408992823,3129.3352408992823,asphalt,1.1575
4.19999999999999,52.23804174882213,14.51056715245059,0.0,0.0,0.0,0.0,14.51056715245059,0.0,33.42369724736257,2.262533581932189,4936.181452607466,1,0,0.361604932170332,0.361604932170332,1.0,1.0,4228.832360472864,4228.832360472864,3128.667639527136,3128.667639527136,asphalt,1.1575
4.216666666666657,52.37346222913056,14.548183952536267,0.0,0.0,0.0,0.0,14.548183952536267,0.0,33.66593206658537,2.2536967880947145,4949.613990946085,1,0,0.3624868625694883,0.3624868625694883,1.0,1.0,4229.497471687432,4229.497471687432,3128.0025283125674,3128.0025283125674,asphalt,1.1575
4.233333333333324,52.50835373895675,14.585653816376874,0.0,0.0,0.0,0.0,14.585653816376874,0.0,33.90879230117504,2.244892971003054,4962.994129551004,1,0,0.3633650624978779,0.3633650624978779,1.0,1.0,4230.160101102239,4230.160101102239,3127.33989889776,3127.33989889776,asphalt,1.1575
4.24999999999999,52.64271825274892,14.622977292430255,0.0,0.0,0.0,0.0,14.622977292430255,0.0,34.15227550790966,2.23612201985091,4976.322063457074,1,0,0.3642395482175743,0.3642395482175743,1.0,1.0,4230.820257054585,4230.820257054585,3126.6797429454136,3126.6797429454136,asphalt,1.1575
4.266666666666657,52.7765577383172,14.660154927310334,0.0,0.0,0.0,0.0,14.660154927310334,0.0,34.39637925268908,2.2273838241056865,4989.597987047909,1,0,0.3651103359163489,0.3651103359163489,1.0,1.0,4231.477947861157,4231.477947861157,3126.022052138842,3126.022052138842,asphalt,1.1575
4.2833333333333234,52.909874156850016,14.697187265791671,0.0,0.0,0.0,0.0,14.697187265791671,0.0,34.6411011105042,2.2186782735080612,5002.822094057452,1,0,0.3659774417080171,0.3659774417080171,1.0,1.0,4232.133181818189,4232.133181818189,3125.3668181818107,3125.3668181818107,asphalt,1.1575
4.29999999999999,53.04266946293045,14.734074850814013,0.0,0.0,0.0,0.0,14.734074850814013,0.0,34.88643866540639,2.2100052580719876,5015.994577571552,1,0,0.36684088163281303,0.36684088163281303,1.0,1.0,4232.785967201267,4232.785967201267,3124.7140327987318,3124.7140327987318,asphalt,1.1575
4.316666666666657,53.17494560455271,14.770818223486865,0.0,0.0,0.0,0.0,14.770818223486865,0.0,35.132389510476926,2.201364668085546,5029.1156300295315,1,0,0.3677006716577347,0.3677006716577347,1.0,1.0,4233.436312265466,4233.436312265466,3124.0636877345332,3124.0636877345332,asphalt,1.1575
4.333333333333323,53.30670452313856,14.807417923094045,0.0,0.0,0.0,0.0,14.807417923094045,0.0,35.37895124779657,2.1927563941100914,5042.185443225762,1,0,0.3685568276769101,0.3685568276769101,1.0,1.0,4234.084225245209,4234.084225245209,3123.4157747547897,3123.4157747547897,asphalt,1.1575
4.34999999999999,53.4379481535537,14.84387448709825,0.0,0.0,0.0,0.0,14.84387448709825,0.0,35.62612148841517,2.184180326981533,5055.204208311243,1,0,0.36940936551193804,0.36940936551193804,1.0,1.0,4234.729714354408,4234.729714354408,3122.7702856455917,3122.7702856455917,asphalt,1.1575
4.3666666666666565,53.56867842412426,14.880188451145626,0.0,0.0,0.0,0.0,14.880188451145626,0.0,35.87389785232135,2.1756363578090543,5068.172115795173,1,0,0.3702583009122541,0.3702583009122541,1.0,1.0,4235.372787786292,4235.372787786292,3122.127212213707,3122.127212213707,asphalt,1.1575
4.383333333333323,53.698897256653204,14.916360349070334,0.0,0.0,0.0,0.0,14.916360349070334,0.0,36.122277968412284,2.1671243779763927,5081.089355546535,1,0,0.37110364955547315,0.37110364955547315,1.0,1.0,4236.013453713482,4236.013453713482,3121.486546286518,3121.486546286518,asphalt,1.1575
4.39999999999999,53.82860656643687,14.95239071289913,0.0,0.0,0.0,0.0,14.95239071289913,0.0,36.371259474463564,2.158644279142692,5093.95611679567,1,0,0.37194542704773814,0.37194542704773814,1.0,1.0,4236.65172028798,4236.65172028798,3120.848279712019,3120.848279712019,asphalt,1.1575
4.416666666666656,53.95780826228132,14.988280072855922,0.0,0.0,0.0,0.0,14.988280072855922,0.0,36.6208400170991,2.1501959532395176,5106.772588135855,1,0,0.3727836489240649,0.3727836489240649,1.0,1.0,4237.287595641182,4237.287595641182,3120.2124043588183,3120.2124043588183,asphalt,1.1575
4.433333333333323,54.08650424651893,15.024028957366369,0.0,0.0,0.0,0.0,15.024028957366369,0.0,36.87101725176113,2.141779292475121,5119.538957524892,1,0,0.3736183306486925,0.3736183306486925,1.0,1.0,4237.921087883799,4237.921087883799,3119.5789121162006,3119.5789121162006,asphalt,1.1575
4.4499999999999895,54.21469641502479,15.05963789306244,0.0,0.0,0.0,0.0,15.05963789306244,0.0,37.121788842680296,2.133394189331028,5132.255412286685,1,0,0.3744494876154225,0.3744494876154225,1.0,1.0,4238.552205105902,4238.552205105902,3118.947794894097,3118.947794894097,asphalt,1.1575
4.466666666666656,54.34238665723317,15.095107404786992,0.0,0.0,0.0,0.0,15.095107404786992,0.0,37.3731524628458,2.125040536563745,5144.922139112821,1,0,0.3752771351479565,0.3752771351479565,1.0,1.0,4239.180955376948,4239.180955376948,3118.3190446230515,3118.3190446230515,asphalt,1.1575
4.483333333333323,54.46957685615411,15.130438015598365,0.0,0.0,0.0,0.0,15.130438015598365,0.0,37.625105793975635,2.116718227204757,5157.539324064158,1,0,0.37610128850024965,0.37610128850024965,1.0,1.0,4239.807346745619,4239.807346745619,3117.692653254381,3117.692653254381,asphalt,1.1575
4.499999999999989,54.5962688883898,15.165630246774944,0.0,0.0,0.0,0.0,15.165630246774944,0.0,37.87764652648687,2.1084271545605304,5170.107152572407,1,0,0.3769219628568256,0.3769219628568256,1.0,1.0,4240.431387240079,4240.431387240079,3117.06861275992,3117.06861275992,asphalt,1.1575
4.516666666666656,54.7224646241511,15.20068461781975,0.0,0.0,0.0,0.0,15.20068461781975,0.0,38.130772359466064,2.100167212211659,5182.625809441719,1,0,0.37773917333313617,0.37773917333313617,1.0,1.0,4241.05308486769,4241.05308486769,3116.446915132309,3116.446915132309,asphalt,1.1575
4.533333333333323,54.848165927274096,15.235601646465026,0.0,0.0,0.0,0.0,15.235601646465026,0.0,38.38448100063969,2.0919382940149944,5195.095478850268,1,0,0.37855293497587705,0.37855293497587705,1.0,1.0,4241.67244761523,4241.67244761523,3115.827552384769,3115.827552384769,asphalt,1.1575
4.549999999999989,54.97337465523651,15.27038184867681,0.0,0.0,0.0,0.0,15.27038184867681,0.0,38.638770166344706,2.083740294101517,5207.5163443518395,1,0,0.3793632627633304,0.3793632627633304,1.0,1.0,4242.289483448769,4242.289483448769,3115.210516551231,3115.210516551231,asphalt,1.1575
4.566666666666656,55.09809265917431,15.30502573865953,0.0,0.0,0.0,0.0,15.30502573865953,0.0,38.89363758149914,2.075573106877613,5219.8885888774175,1,0,0.3801701716056986,0.3801701716056986,1.0,1.0,4242.904200313634,4242.904200313634,3114.5957996863663,3114.5957996863663,asphalt,1.1575
4.583333333333322,55.22232178389809,15.33953382886058,0.0,0.0,0.0,0.0,15.33953382886058,0.0,39.14908097957279,2.0674366270237954,5232.212394736772,1,0,0.3809736763454162,0.3809736763454162,1.0,1.0,4243.5166061346035,4243.5166061346035,3113.983393865396,3113.983393865396,asphalt,1.1575
4.599999999999989,55.34606386790966,15.373906629974906,0.0,0.0,0.0,0.0,15.373906629974906,0.0,39.40509810255797,2.0593307494972635,5244.487943620044,1,0,0.3817737917575025,0.3817737917575025,1.0,1.0,4244.12670881562,4244.12670881562,3113.37329118438,3113.37329118438,asphalt,1.1575
4.616666666666656,55.469320743418535,15.408144650949593,0.0,0.0,0.0,0.0,15.408144650949593,0.0,39.661686700940386,2.0512553695293434,5256.715416599338,1,0,0.382570532549862,0.382570532549862,1.0,1.0,4244.734516240074,4244.734516240074,3112.7654837599252,3112.7654837599252,asphalt,1.1575
4.633333333333322,55.59209423635842,15.44224839898845,0.0,0.0,0.0,0.0,15.44224839898845,0.0,39.91884453367001,2.043210382625915,5268.894994130312,1,0,0.383363913363631,0.383363913363631,1.0,1.0,4245.340036270554,4245.340036270554,3112.1599637294457,3112.1599637294457,asphalt,1.1575
4.649999999999989,55.714386166403735,15.476218379556594,0.0,0.0,0.0,0.0,15.476218379556594,0.0,40.1765693681321,2.0351956845691177,5281.026856053759,1,0,0.38415394877347997,0.38415394877347997,1.0,1.0,4245.943276749063,4245.943276749063,3111.556723250936,3111.556723250936,asphalt,1.1575
4.666666666666655,55.83619834698609,15.510055096385024,0.0,0.0,0.0,0.0,15.510055096385024,0.0,40.434858980118264,2.0272111714152174,5293.111181597204,1,0,0.3849406532879489,0.3849406532879489,1.0,1.0,4246.544245496867,4246.544245496867,3110.9557545031325,3110.9557545031325,asphalt,1.1575
4.683333333333322,55.95753258531082,15.543759051475229,0.0,0.0,0.0,0.0,15.543759051475229,0.0,40.6937111537976,2.0192567394963135,5305.148149376491,1,0,0.38572404134976085,0.38572404134976085,1.0,1.0,4247.142950314551,4247.142950314551,3110.357049685448,3110.357049685448,asphalt,1.1575
4.699999999999989,56.078390682373495,15.57733074510375,0.0,0.0,0.0,0.0,15.57733074510375,0.0,40.953123681687934,2.0113322854190585,5317.137937397371,1,0,0.38650412733613937,0.38650412733613937,1.0,1.0,4247.739398982025,4247.739398982025,3109.7606010179747,3109.7606010179747,asphalt,1.1575
4.716666666666655,56.19877443297637,15.61077067582677,0.0,0.0,0.0,0.0,15.61077067582677,0.0,41.2130943646271,2.003437706064659,5329.0807230570945,1,0,0.38728092555912175,0.38728092555912175,1.0,1.0,4248.333599258552,4248.333599258552,3109.166400741448,3109.166400741448,asphalt,1.1575
4.733333333333322,56.31868562574492,15.6440793404847,0.0,0.0,0.0,0.0,15.6440793404847,0.0,41.473621011744335,1.9955728985905807,5340.976683146,1,0,0.38805445026588237,0.38805445026588237,1.0,1.0,4248.9255588826545,4248.9255588826545,3108.574441117345,3108.574441117345,asphalt,1.1575
4.7499999999999885,56.43812604314431,15.677257234206753,0.0,0.0,0.0,0.0,15.677257234206753,0.0,41.734701440431685,1.9877377604271373,5352.825993849104,1,0,0.3888247156390308,0.3888247156390308,1.0,1.0,4249.515285572274,4249.515285572274,3107.9847144277255,3107.9847144277255,asphalt,1.1575
4.766666666666655,56.55709746149592,15.710304850415534,0.0,0.0,0.0,0.0,15.710304850415534,0.0,41.996333476315606,1.9799321892813282,5364.628830747691,1,0,0.38959173579693807,0.38959173579693807,1.0,1.0,4250.10278702461,4250.10278702461,3107.3972129753893,3107.3972129753893,asphalt,1.1575
4.783333333333322,56.67560165099381,15.743222680831614,0.0,0.0,0.0,0.0,15.743222680831614,0.0,42.25851495322852,1.97215608313428,5376.385368820904,1,0,0.39035552479403757,0.39035552479403757,1.0,1.0,4250.688070916217,4250.688070916217,3106.811929083782,3106.811929083782,asphalt,1.1575
4.799999999999988,56.79343283166392,15.775953564351088,0.0,0.0,0.0,0.0,15.775953564351088,0.0,42.52124339818617,1.9548804713400614,5388.095782447335,1,0,0.3910858551357526,0.3910858551357526,0.9983750145140353,0.9983750145140353,4251.59504350843,4251.59504350843,3105.9049564915695,3105.9049564915695,asphalt,1.1575
4.816666666666655,56.90965704140655,15.808238067057374,0.0,0.0,0.0,0.0,15.808238067057374,0.0,42.784512871544045,1.9264154607473927,5399.759217944722,1,0,0.39169191199689873,0.39169191199689873,0.9951008204072538,0.9951008204072538,4253.740217164008,4253.740217164008,3103.759782835992,3103.759782835992,asphalt,1.1575
4.8333333333333215,57.0241829191002,15.840050810861166,0.0,0.0,0.0,0.0,15.840050810861166,0.0,43.048315500203074,1.8982068298090837,5411.369891156157,1,0,0.3922874038342906,0.3922874038342906,0.9918451679814149,0.9918451679814149,4255.866279866647,4255.866279866647,3101.6337201333527,3101.6337201333527,asphalt,1.1575
4.849999999999988,57.13702627278095,15.871396186883597,0.0,0.0,0.0,0.0,15.871396186883597,0.0,43.31264346698876,1.8702663780473472,5422.917792682963,1,0,0.3928725366913657,0.3928725366913657,0.9886101961212629,0.9886101961212629,4257.972422359584,4257.972422359584,3099.5275776404155,3099.5275776404155,asphalt,1.1575
4.866666666666655,57.2482037150443,15.902278809734527,0.0,0.0,0.0,0.0,15.902278809734527,0.0,43.577489030199075,1.842608143806217,5434.391185677847,1,0,0.3934475422102828,0.3934475422102828,0.9853983967942734,0.9853983967942734,4260.057612892669,4260.057612892669,3097.442387107331,3097.442387107331,asphalt,1.1575
4.883333333333321,57.35773271300842,15.932703531391226,0.0,0.0,0.0,0.0,15.932703531391226,0.0,43.8428445275165,1.8152462927830015,5445.778168396796,1,0,0.39401266155898185,0.39401266155898185,0.9822122910406347,0.9822122910406347,4262.1207779766755,4262.1207779766755,3095.3792220233236,3095.3792220233236,asphalt,1.1575
4.899999999999988,57.46563154731639,15.962675429810108,0.0,0.0,0.0,0.0,15.962675429810108,0.0,44.10870237986969,1.7881939112896816,5457.067572879696,1,0,0.3945681355380439,0.3945681355380439,0.9790542422663834,0.9790542422663834,4264.16090751202,4264.16090751202,3093.33909248798,3093.33909248798,asphalt,1.1575
4.9166666666666545,57.57191922190878,15.99219978386355,0.0,0.0,0.0,0.0,15.99219978386355,0.0,44.37505509495088,1.76146238493061,5468.249433282037,1,0,0.3951141987919751,0.3951141987919751,0.9759263587138126,0.9759263587138126,4266.177110736982,4266.177110736982,3091.3228892630173,3091.3228892630173,asphalt,1.1575
4.933333333333321,57.676615351198436,16.021282041999566,0.0,0.0,0.0,0.0,16.021282041999566,0.0,44.6418952702427,1.7350611468921784,5479.315181813867,1,0,0.3956510767028755,0.3956510767028755,0.9728304525010691,0.9728304525010691,4268.168640909737,4268.168640909737,3089.3313590902617,3089.3313590902617,asphalt,1.1575
4.949999999999988,57.779740041135405,16.04992778920428,0.0,0.0,0.0,0.0,16.04992778920428,0.0,44.909215595500314,1.7089976514850491,5490.257678053569,1,0,0.39617898399966234,0.39617898399966234,0.9697680333557932,0.9697680333557932,4270.134900739892,4270.134900739892,3087.3650992601074,3087.3650992601074,asphalt,1.1575
4.966666666666654,57.88131377391446,16.078142714976238,0.0,0.0,0.0,0.0,16.078142714976238,0.0,45.177008854691,1.683277477631293,5501.071141552043,1,0,0.39669812443153607,0.39669812443153607,0.966740322553255,0.966740322553255,4272.075436531278,4272.075436531278,3085.4245634687213,3085.4245634687213,asphalt,1.1575
4.983333333333321,57.981357301675374,16.105932583798715,0.0,0.0,0.0,0.0,16.105932583798715,0.0,45.44526792742458,1.6579045004681348,5511.75103317112,1,0,0.3972086910721286,0.3972086910721286,0.9637482776192786,0.9637482776192786,4273.989926227017,4273.989926227017,3083.510073772982,3083.510073772982,asphalt,1.1575
4.999999999999988,58.07989155172696,16.133303208813043,0.0,0.0,0.0,0.0,16.133303208813043,0.0,45.71398578992448,1.632881091876186,5522.293914027347,1,0,0.3977108669701822,0.3977108669701822,0.9607926217843046,0.9607926217843046,4275.878164668364,4275.878164668364,3081.6218353316353,3081.6218353316353,asphalt,1.1575
5.016666666666654,58.17693754407198,16.160260428908884,0.0,0.0,0.0,0.0,16.160260428908884,0.0,45.98315551559566,1.6082083259129831,5532.697299798299,1,0,0.39820482596428375,0.39820482596428375,0.9578738744774673,0.9578738744774673,4277.740048116571,4277.740048116571,3079.7599518834277,3079.7599518834277,asphalt,1.1575
5.033333333333321,58.27251632096538,16.18681008915705,0.0,0.0,0.0,0.0,16.18681008915705,0.0,46.25277027524569,1.5838861751598188,5542.959520787649,1,0,0.3986907335477905,0.3986907335477905,0.9549923806781265,0.9549923806781265,4279.57555924915,4279.57555924915,3077.9244407508495,3077.9244407508495,asphalt,1.1575
5.049999999999987,58.36664888765713,16.212958024349202,0.0,0.0,0.0,0.0,16.212958024349202,0.0,46.52282333701241,1.559913690547603,5553.079593348331,1,0,0.39916874771583544,0.39916874771583544,0.9521483379410989,0.9521483379410989,4281.384753294244,4281.384753294244,3076.1152467057564,3076.1152467057564,asphalt,1.1575
5.066666666666654,58.45935616318899,16.238710045330276,0.0,0.0,0.0,0.0,16.238710045330276,0.0,46.793308066046905,1.5362891613389706,5563.057105204818,1,0,0.39963901975637106,0.39963901975637106,0.9493418205507262,0.9493418205507262,4283.167745616399,4283.167745616399,3074.3322543836007,3074.3322543836007,asphalt,1.1575
5.083333333333321,58.55065894001779,16.26407192778272,0.0,0.0,0.0,0.0,16.26407192778272,0.0,47.06421792399452,1.513010254537619,5572.892115324721,1,0,0.4001016949665779,0.4001016949665779,0.9465728006555251,0.9465728006555251,4284.9247008491275,4284.9247008491275,3072.575299150872,3072.575299150872,asphalt,1.1575
5.099999999999987,58.64057785125437,16.289049403126214,0.0,0.0,0.0,0.0,16.289049403126214,0.0,47.33554646831151,1.4900741344803237,5582.585067873928,1,0,0.4005569132882664,0.4005569132882664,0.9438411664700446,0.9438411664700446,4286.655823538356,4286.655823538356,3070.8441764616437,3070.8441764616437,asphalt,1.1575
5.116666666666654,58.729133344385275,16.313648151218132,0.0,0.0,0.0,0.0,16.313648151218132,0.0,47.60728735144916,1.4674775641881865,5592.136719179577,1,0,0.40100480986292264,0.40100480986292264,0.9411467377612989,0.9411467377612989,4288.3613501920645,4288.3613501920645,3069.138649807935,3069.138649807935,asphalt,1.1575
5.13333333333332,58.81634566045483,16.337873794570786,0.0,0.0,0.0,0.0,16.337873794570786,0.0,47.879434319932315,1.4452169904168954,5601.548076339129,1,0,0.40144551551159335,0.40144551551159335,0.9384892788977103,0.9384892788977103,4290.041542592239,4290.041542592239,3067.45845740776,3067.45845740776,asphalt,1.1575
5.149999999999987,58.902234817806665,16.361731893835184,0.0,0.0,0.0,0.0,16.361731893835184,0.0,48.15198121335515,1.4232886144677082,5610.82034602881,1,0,0.4018791571465576,0.4018791571465576,0.9358685097591999,0.9358685097591999,4291.696682217117,4291.696682217117,3065.803317782883,3065.803317782883,asphalt,1.1575
5.166666666666654,58.98682059960497,16.385227944334712,0.0,0.0,0.0,0.0,16.385227944334712,0.0,48.42492196331274,1.4016884507339,5619.954892099468,1,0,0.4023058581227288,0.4023058581227288,0.9332841148005866,0.9332841148005866,4293.327065621637,4293.327065621637,3064.1729343783622,3064.1729343783622,asphalt,1.1575
5.18333333333332,59.07012254446968,16.4083673734638,0.0,0.0,0.0,0.0,16.4083673734638,0.0,48.69825059228421,1.3804123748337815,5628.953200648846,1,0,0.40272573853667326,0.40272573853667326,0.9307357505407269,0.9307357505407269,4294.933000634612,4294.933000634612,3062.566999365388,3062.566999365388,asphalt,1.1575
5.199999999999987,59.15215993966342,16.431155538795394,0.0,0.0,0.0,0.0,16.431155538795394,0.0,48.97196121247999,1.359456162965671,5637.816851392201,1,0,0.40313891548069775,0.40313891548069775,0.9282230517228758,0.9282230517228758,4296.514803244869,4296.514803244869,3060.985196755131,3060.985196755131,asphalt,1.1575
5.2166666666666535,59.23295181635909,16.453597726766414,0.0,0.0,0.0,0.0,16.453597726766414,0.0,49.24604802466379,1.3388155239488242,5646.547494296845,1,0,0.4035455032587599,0.4035455032587599,0.9257456363624221,0.9257456363624221,4298.072795064003,4298.072795064003,3059.427204935996,3059.427204935996,asphalt,1.1575
5.23333333333332,59.312516946596496,16.47569915183236,0.0,0.0,0.0,0.0,16.47569915183236,0.0,49.52050531695762,1.3184861251858138,5655.146830587496,1,0,0.4039456135702484,0.4039456135702484,0.923303109868831,0.923303109868831,4299.607301267872,4299.607301267872,3057.892698732128,3057.892698732128,asphalt,1.1575
5.249999999999987,59.39087384160384,16.497464956001068,0.0,0.0,0.0,0.0,16.497464956001068,0.0,49.7953274636368,1.2984636136010863,5663.616597361356,1,0,0.4043393556667987,0.4043393556667987,0.9208950684016344,0.9208950684016344,4301.118648934262,4301.118648934262,3056.3813510657383,3056.3813510657383,asphalt,1.1575
5.266666666666653,59.46804075121764,16.518900208671567,0.0,0.0,0.0,0.0,16.518900208671567,0.0,50.07050892392051,1.278743632469741,5671.958555170865,1,0,0.40472683648668434,0.40472683648668434,0.9185211015952305,0.9185211015952305,4302.607165705821,4302.607165705821,3054.8928342941786,3054.8928342941786,asphalt,1.1575
5.28333333333332,59.54403566418221,16.54000990671728,0.0,0.0,0.0,0.0,16.54000990671728,0.0,50.346044240762154,1.2593218348663981,5680.174478036923,1,0,0.4051081607704877,0.4051081607704877,0.9161807947658938,0.9161807947658938,4304.073178720351,4304.073178720351,3053.4268212796483,3053.4268212796483,asphalt,1.1575
5.2999999999999865,59.618876309150586,16.56079897476405,0.0,0.0,0.0,0.0,16.56079897476405,0.0,50.62192803964334,1.2401938943642676,5688.26614544605,1,0,0.40548343116140023,0.40548343116140023,0.9138737306947249,0.9138737306947249,4305.517013757935,4305.517013757935,3051.982986242064,3051.982986242064,asphalt,1.1575
5.316666666666653,59.692580156241036,16.58127226562251,0.0,0.0,0.0,0.0,16.58127226562251,0.0,50.898155027374045,1.2213555134951548,5696.235335962371,1,0,0.40585274829262274,0.40585274829262274,0.9115994910651318,0.9115994910651318,4306.938994566379,4306.938994566379,3050.5610054336207,3050.5610054336207,asphalt,1.1575
5.33333333333332,59.765164419031656,16.601434560842126,0.0,0.0,0.0,0.0,16.601434560842126,0.0,51.174719990901316,1.202802430399288,5704.083822150674,1,0,0.4062162108642911,0.4062162108642911,0.9093576576185038,0.9093576576185038,4308.339442329495,4308.339442329495,3049.1605576705047,3049.1605576705047,asphalt,1.1575
5.349999999999986,59.836646056896846,16.621290571360234,0.0,0.0,0.0,0.0,16.621290571360234,0.0,51.45161779612826,1.1845304239949428,5711.813366561577,1,0,0.406573915711565,0.406573915711565,0.9071478130814539,0.9071478130814539,4309.718675252853,4309.718675252853,3047.7813247471463,3047.7813247471463,asphalt,1.1575
5.366666666666653,59.907041777608725,16.640844938224646,0.0,0.0,0.0,0.0,16.640844938224646,0.0,51.72884338674459,1.1665353179714089,5719.425718575382,1,0,0.40692595786552377,0.40692595786552377,0.904969541907426,0.904969541907426,4311.077008243265,4311.077008243265,3046.4229917567345,3046.4229917567345,asphalt,1.1575
5.3833333333333195,59.97636804014106,16.660102233372516,0.0,0.0,0.0,0.0,16.660102233372516,0.0,52.006391783069894,1.148812983818459,5726.92261193888,1,0,0.40727243060809126,0.40727243060809126,0.9028224308679658,0.9028224308679658,4312.414752663924,4312.414752663924,3045.085247336075,3045.085247336075,asphalt,1.1575
5.399999999999986,60.04464105762533,16.67906696045148,0.0,0.0,0.0,0.0,16.67906696045148,0.0,52.28425808091027,1.1313593430892865,5734.305762860428,1,0,0.407613425521917,0.407613425521917,0.9007060695226445,0.9007060695226445,4313.7322161513575,4313.7322161513575,3043.7677838486416,3043.7677838486416,asphalt,1.1575
5.416666666666653,60.11187680041883,16.697743555671895,0.0,0.0,0.0,0.0,16.697743555671895,0.0,52.562437450429,1.1141703690461213,5741.576868554006,1,0,0.40794903253615195,0.40794903253615195,0.8986200505906143,0.8986200505906143,4315.029702480973,4315.029702480973,3042.470297519026,3042.470297519026,asphalt,1.1575
5.433333333333319,60.178090999252234,16.716136388681175,0.0,0.0,0.0,0.0,16.716136388681175,0.0,52.8409251350317,1.0972420878044886,5748.737606143856,1,0,0.4082793399687304,0.4082793399687304,0.8965639702429171,0.8965639702429171,4316.307511472233,4316.307511472233,3041.192488527766,3041.192488527766,asphalt,1.1575
5.449999999999986,60.243299148430864,16.73424976345302,0.0,0.0,0.0,0.0,16.73424976345302,0.0,53.119716450266175,1.0805705790920683,5755.789631858183,1,0,0.40860443456576856,0.40860443456576856,0.8945374283306926,0.8945374283306926,4317.565938924924,4317.565938924924,3039.934061075076,3039.934061075076,asphalt,1.1575
5.466666666666653,60.30751650906896,16.752087919185822,0.0,0.0,0.0,0.0,16.752087919185822,0.0,53.398806782737196,1.0641519766809893,5762.734580454212,1,0,0.4089244015384243,0.4089244015384243,0.8925400285619947,0.8925400285619947,4318.805276581324,4318.805276581324,3038.6947234186755,3038.6947234186755,asphalt,1.1575
5.483333333333319,60.37075811234032,16.769655031205644,0.0,0.0,0.0,0.0,16.769655031205644,0.0,53.67819158903634,1.0479824685728545,5769.574064828096,1,0,0.4092393245977363,0.4092393245977363,0.8905713786367625,0.8905713786367625,4320.025812107551,4320.025812107551,3037.474187892448,3037.474187892448,asphalt,1.1575
5.499999999999986,60.43303876273253,16.786955211870147,0.0,0.0,0.0,0.0,16.786955211870147,0.0,53.95786639468686,1.0320582969876568,5776.309675772225,1,0,0.40954928598760193,0.40954928598760193,0.8886310903484599,0.8886310903484599,4321.2278290914455,4321.2278290914455,3036.272170908554,3036.272170908554,asphalt,1.1575
5.516666666666652,60.49437304129419,16.803992511470607,0.0,0.0,0.0,0.0,16.803992511470607,0.0,54.237826793103594,1.0163757581906907,5782.942981849773,1,0,0.40985436651623636,0.40985436651623636,0.8867187796585866,0.8867187796585866,4322.411607052631,4322.411607052631,3035.0883929473684,3035.0883929473684,asphalt,1.1575
5.533333333333319,60.55477530886692,16.8207709191297,0.0,0.0,0.0,0.0,16.8207709191297,0.0,54.518068444567895,1.0009312021941241,5789.475529362306,1,0,0.4101546455862437,0.4101546455862437,0.8848340667495334,0.8848340667495334,4323.577421462847,4323.577421462847,3033.9225785371527,3033.9225785371527,asphalt,1.1575
5.549999999999986,60.61425970929599,16.83729436369333,0.0,0.0,0.0,0.0,16.83729436369333,0.0,54.79858707521746,0.9857210323656318,5795.908842390971,1,0,0.41045020122353365,0.41045020122353365,0.8829765760597933,0.8829765760597933,4324.725543773641,4324.725543773641,3032.7744562263583,3032.7744562263583,asphalt,1.1575
5.566666666666652,60.672840172614244,16.853566714615067,0.0,0.0,0.0,0.0,16.853566714615067,0.0,55.07937847605095,0.9707417049577316,5802.244422895696,1,0,0.4107411101051201,0.4107411101051201,0.8811459363052188,0.8811459363052188,4325.856241450739,4325.856241450739,3031.643758549261,3031.643758549261,asphalt,1.1575
5.583333333333319,60.7305304181957,16.86959178283214,0.0,0.0,0.0,0.0,16.86959178283214,0.0,55.3604385019472,0.9559897285816987,5808.483750859864,1,0,0.4110274475860474,0.4110274475860474,0.8793417804886747,0.8793417804886747,4326.969778012317,4326.969778012317,3030.530221987682,3030.530221987682,asphalt,1.1575
5.599999999999985,60.78734395787583,16.885373321632173,0.0,0.0,0.0,0.0,16.885373321632173,0.0,55.64176307069906,0.9414616636337314,5814.628284470461,1,0,0.4113092877254039,0.4113092877254039,0.8775637459006815,0.8775637459006815,4328.066413071453,4328.066413071453,3029.433586928546,3029.433586928546,asphalt,1.1575
5.616666666666652,60.84329409903597,16.900915027509992,0.0,0.0,0.0,0.0,16.900915027509992,0.0,55.92334816206146,0.9271541216912738,5820.6794603256685,1,0,0.41158670331155284,0.41158670331155284,0.8758114741126513,0.8758114741126513,4329.146402381259,4329.146402381259,3028.3535976187413,3028.3535976187413,asphalt,1.1575
5.633333333333319,60.89839394765069,16.91622054101408,0.0,0.0,0.0,0.0,16.91622054101408,0.0,56.205189816813714,0.9130637648786433,5826.6386936634835,1,0,0.4118597658866804,0.4118597658866804,0.8740846109640559,0.8740846109640559,4330.209997881684,4330.209997881684,3027.2900021183154,3027.2900021183154,asphalt,1.1575
5.649999999999985,60.952656411296445,16.931293447582345,0.0,0.0,0.0,0.0,16.931293447582345,0.0,56.487284135835786,0.899187305223279,5832.507378606244,1,0,0.4121285457706462,0.4121285457706462,0.8723828065448547,0.8723828065448547,4331.257447748058,4331.257447748058,3026.2425522519407,3026.2425522519407,asphalt,1.1575
5.666666666666652,61.00609420212105,16.946137278366958,0.0,0.0,0.0,0.0,16.946137278366958,0.0,56.7696272791984,0.8855215039957898,5838.286888416959,1,0,0.41239311208424306,0.41239311208424306,0.8707057151739434,0.8707057151739434,4332.288996440327,4332.288996440327,3025.2110035596734,3025.2110035596734,asphalt,1.1575
5.6833333333333185,61.05871983977309,16.96075551104808,0.0,0.0,0.0,0.0,16.96075551104808,0.0,57.05221546526677,0.8720631710372118,5843.9785757641885,1,0,0.4126535327718225,0.4126535327718225,0.8690529953746039,0.8690529953746039,4333.304884753444,4333.304884753444,3024.1951152465563,3024.1951152465563,asphalt,1.1575
5.699999999999985,61.1105456542912,16.975151570636445,0.0,0.0,0.0,0.0,16.975151570636445,0.0,57.33504496981775,0.8588091640930884,5849.583772992857,1,0,0.4129098746234146,0.4129098746234146,0.8674243098472734,0.8674243098472734,4334.3053498676445,4334.3053498676445,3023.194650132355,3023.194650132355,asphalt,1.1575
5.716666666666652,61.16158378895306,16.98932883026474,0.0,0.0,0.0,0.0,16.98932883026474,0.0,57.618112125170306,0.8457563881398755,5855.103792398952,1,0,0.41316220329631437,0.41316220329631437,0.8658193254402802,0.8658193254402802,4335.290625398967,4335.290625398967,3022.209374601033,3022.209374601033,asphalt,1.1575
5.733333333333318,61.211846203083965,17.003290611967767,0.0,0.0,0.0,0.0,17.003290611967767,0.0,57.901413319329,0.8329017947113471,5860.539926506441,1,0,0.41341058333616326,0.41341058333616326,0.8642377131189377,0.8642377131189377,4336.260941449772,4336.260941449772,3021.239058550227,3021.239058550227,asphalt,1.1575
5.749999999999985,61.26134467482522,17.01704018745145,0.0,0.0,0.0,0.0,17.01704018745145,0.0,58.184944995140384,0.8202423812318216,5865.893448345127,1,0,0.4136550781975358,0.4136550781975358,0.862679147933341,0.862679147933341,4337.21652465927,4337.21652465927,3020.2834753407287,3020.2834753407287,asphalt,1.1575
5.7666666666666515,61.31009080386269,17.030580778850748,0.0,0.0,0.0,0.0,17.030580778850748,0.0,58.46870364946208,0.8077751903502417,5871.165611728399,1,0,0.41389575026410774,0.41389575026410774,0.861143308984954,0.861143308984954,4338.157598253339,4338.157598253339,3019.3424017466605,3019.3424017466605,asphalt,1.1575
5.783333333333318,61.358096014115574,17.04391555947655,0.0,0.0,0.0,0.0,17.04391555947655,0.0,58.75268583234445,0.7954973092844853,5876.357651530071,1,0,0.4141326608683511,0.4141326608683511,0.859629879392418,0.859629879392418,4339.084382094274,4339.084382094274,3018.4156179057254,3018.4156179057254,asphalt,1.1575
5.799999999999985,61.40537155638576,17.0570476545516,0.0,0.0,0.0,0.0,17.0570476545516,0.0,59.03688814622447,0.7834058691622658,5881.47078395967,1,0,0.4143658703107915,0.4143658703107915,0.8581385462566822,0.8581385462566822,4339.9970927302265,4339.9970927302265,3017.502907269773,3017.502907269773,asphalt,1.1575
5.816666666666651,61.4519285109685,17.069980141935694,0.0,0.0,0.0,0.0,17.069980141935694,0.0,59.32130724513187,0.771498044382497,5886.506206835692,1,0,0.41459543787891046,0.41459543787891046,0.8566690006254033,0.8566690006254033,4340.895943443543,4340.895943443543,3016.6040565564563,3016.6040565564563,asphalt,1.1575
5.833333333333318,61.49777779022438,17.082716052840105,0.0,0.0,0.0,0.0,17.082716052840105,0.0,59.60593983390719,0.75977105196813,5891.46509985641,1,0,0.4148214218655899,0.4148214218655899,0.8552209374570654,0.8552209374570654,4341.781144299176,4341.781144299176,3015.7188557008235,3015.7188557008235,asphalt,1.1575
5.8499999999999845,61.5429301411133,17.09525837253147,0.0,0.0,0.0,0.0,17.09525837253147,0.0,59.89078266743169,0.7482221509420128,5896.348624867967,1,0,0.41504387958719,0.41504387958719,0.8537940555846892,0.8537940555846892,4342.652902192319,4342.652902192319,3014.8470978076807,3014.8470978076807,asphalt,1.1575
5.866666666666651,61.58739614769084,17.107610041025232,0.0,0.0,0.0,0.0,17.107610041025232,0.0,60.175832549868765,0.7368486416984865,5901.157926129513,1,0,0.4152628674012488,0.4152628674012488,0.8523880576792612,0.8523880576792612,4343.511420895469,4343.511420895469,3013.98857910453,3013.98857910453,asphalt,1.1575
5.883333333333318,61.6311862335675,17.11977395376875,0.0,0.0,0.0,0.0,17.11977395376875,0.0,60.46108633391696,0.7256478653886234,5905.894130575217,1,0,0.41547844072382006,0.41547844072382006,0.8510026502129496,0.8510026502129496,4344.356901104848,4344.356901104848,3013.1430988951515,3013.1430988951515,asphalt,1.1575
5.899999999999984,61.67431066433141,17.13175296231428,0.0,0.0,0.0,0.0,17.13175296231428,0.0,60.74654092007417,0.7146172033156972,5910.558348073041,1,0,0.41569065404647654,0.41569065404647654,0.8496375434220957,0.8496375434220957,4345.189540485984,4345.189540485984,3012.3104595140153,3012.3104595140153,asphalt,1.1575
5.916666666666651,61.7167795499347,17.14354987498186,0.0,0.0,0.0,0.0,17.14354987498186,0.0,61.032193255912944,0.7037540763315064,5915.151671680171,1,0,0.4158995609528953,0.4158995609528953,0.8482924512703103,0.8482924512703103,4346.009533719433,4346.009533719433,3011.490466280566,3011.490466280566,asphalt,1.1575
5.933333333333318,61.75860284704444,17.155167457512345,0.0,0.0,0.0,0.0,17.155167457512345,0.0,61.31804033536682,0.6930559442497497,5919.675177895064,1,0,0.4161052141351984,0.4161052141351984,0.8469670914112231,0.8469670914112231,4346.8170725448845,4346.8170725448845,3010.682927455115,3010.682927455115,asphalt,1.1575
5.949999999999984,61.79979036135834,17.16660843371065,0.0,0.0,0.0,0.0,17.16660843371065,0.0,61.60407919802732,0.6825203052585493,5924.129926906058,1,0,0.4163076654098996,0.4163076654098996,0.8456611851513884,0.8456611851513884,4347.61234580534,4347.61234580534,3009.8876541946597,3009.8876541946597,asphalt,1.1575
5.966666666666651,61.84035174988572,17.177875486079365,0.0,0.0,0.0,0.0,17.177875486079365,0.0,61.89030692845169,0.6721446953517329,5928.516962836538,1,0,0.4165069657335308,0.4165069657335308,0.8443744574131822,0.8443744574131822,4348.395539490647,4348.395539490647,3009.1044605093525,3009.1044605093525,asphalt,1.1575
5.983333333333317,61.88029652319448,17.188971256442912,0.0,0.0,0.0,0.0,17.188971256442912,0.0,62.17672065548101,0.6619266877584096,5932.837313986649,1,0,0.41670316521801964,0.41670316521801964,0.8431066366975278,0.8431066366975278,4349.166836779753,4349.166836779753,3008.3331632202467,3008.3331632202467,asphalt,1.1575
5.999999999999984,61.91963404762431,17.199898346562307,0.0,0.0,0.0,0.0,17.199898346562307,0.0,62.46331755156864,0.6518638923853359,5937.091993071554,1,0,0.4168963131456591,0.4168963131456591,0.8418574550469644,0.8418574550469644,4349.926418083403,4349.926418083403,3007.573581916596,3007.573581916596,asphalt,1.1575
6.016666666666651,61.958373547466636,17.21065931874073,0.0,0.0,0.0,0.0,17.21065931874073,0.0,62.75009483211881,0.6419539552669562,5941.281997456274,1,0,0.4170864579838854,0.4170864579838854,0.8406266480084585,0.8406266480084585,4350.674461085115,4350.674461085115,3006.825538914885,3006.825538914885,asphalt,1.1575
6.033333333333317,61.99652410711207,17.22125669642002,0.0,0.0,0.0,0.0,17.22125669642002,0.0,63.03704975483525,0.6321945580265265,5945.408309387115,1,0,0.4172736473996769,0.4172736473996769,0.8394139545965574,0.8394139545965574,4351.411140782462,4351.411140782462,3006.088859217537,3006.088859217537,asphalt,1.1575
6.049999999999984,62.034094673165484,17.23169296476819,0.0,0.0,0.0,0.0,17.23169296476819,0.0,63.32417961907961,0.6225834173372391,5949.471896219703,1,0,0.417457928273714,0.417457928273714,0.838219117256494,0.838219117256494,4352.136629527284,4352.136629527284,3005.3633704727154,3005.3633704727154,asphalt,1.1575
6.06666666666665,62.07109405652932,17.241970571258143,0.0,0.0,0.0,0.0,17.241970571258143,0.0,63.61148176523956,0.6131182843995475,5953.473710643688,1,0,0.41763934671426145,0.41763934671426145,0.837041881827408,0.837041881827408,4352.8510970653015,4352.8510970653015,3004.648902934698,3004.648902934698,asphalt,1.1575
6.083333333333317,62.10753093445566,17.252091926237682,0.0,0.0,0.0,0.0,17.252091926237682,0.0,63.89895357410657,0.603796944418491,5957.41469090412,1,0,0.4178179480707515,0.4178179480707515,0.8358819975057605,0.8358819975057605,4353.554710575423,4353.554710575423,3003.9452894245765,3003.9452894245765,asphalt,1.1575
6.099999999999984,62.143413852567505,17.262059403490973,0.0,0.0,0.0,0.0,17.262059403490973,0.0,64.18659246626298,0.5946172160989249,5961.295761019558,1,0,0.41799377694712664,0.41799377694712664,0.8347392168088094,0.8347392168088094,4354.247634708216,4354.247634708216,3003.2523652917844,3003.2523652917844,asphalt,1.1575
6.11666666666665,62.17875122684962,17.27187534079156,0.0,0.0,0.0,0.0,17.27187534079156,0.0,64.47439590147835,0.5855769511356357,5965.117830996933,1,0,0.41816687721492457,0.41816687721492457,0.8336132955382299,0.8336132955382299,4354.930031623794,4354.930031623794,3002.569968376206,3002.569968376206,asphalt,1.1575
6.133333333333317,62.21355134560943,17.281542040447064,0.0,0.0,0.0,0.0,17.281542040447064,0.0,64.76236137811497,0.5766740337213605,5968.881797043218,1,0,0.41833729202607256,0.41833729202607256,0.8325039927439879,0.8325039927439879,4355.602061029523,4355.602061029523,3001.8979389704764,3001.8979389704764,asphalt,1.1575
6.1499999999999835,62.247822371408546,17.291061769835707,0.0,0.0,0.0,0.0,17.291061769835707,0.0,65.05048643254247,0.5679063800573658,5972.588541773952,1,0,0.4185050638254788,0.4185050638254788,0.8314110706882489,0.8314110706882489,4356.263880216692,4356.263880216692,3001.2361197833075,3001.2361197833075,asphalt,1.1575
6.16666666666665,62.28157234296512,17.300436761934755,0.0,0.0,0.0,0.0,17.300436761934755,0.0,65.33876863856099,0.5592719378725519,5976.238934418632,1,0,0.41867023436335465,0.41867023436335465,0.8303342948095389,0.8303342948095389,4356.915644096931,4356.915644096931,3000.5843559030686,3000.5843559030686,asphalt,1.1575
6.183333333333317,62.31480917702762,17.309669215841005,0.0,0.0,0.0,0.0,17.309669215841005,0.0,65.62720560683344,0.5507686859451155,5979.833831023056,1,0,0.4188328447073141,0.4188328447073141,0.8292734336870397,0.8292734336870397,4357.5575052379245,4357.5575052379245,2999.942494762075,2999.942494762075,asphalt,1.1575
6.199999999999983,62.34754067022049,17.31876129728347,0.0,0.0,0.0,0.0,17.31876129728347,0.0,65.91579498432604,0.5423946336421182,5983.3740746486155,1,0,0.4189929352542276,0.4189929352542276,0.8282282590051113,0.8282282590051113,4358.189613898738,4358.189613898738,2999.3103861012614,2999.3103861012614,asphalt,1.1575
6.21666666666665,62.37977450086195,17.32771513912832,0.0,0.0,0.0,0.0,17.32771513912832,0.0,66.20453445375756,0.5341478204539385,5986.8604955686205,1,0,0.41915054574184807,0.41915054574184807,0.8271985455180169,0.8271985455180169,4358.812118064635,4358.812118064635,2998.6878819353647,2998.6878819353647,asphalt,1.1575
6.2333333333333165,62.41151823075443,17.33653284187623,0.0,0.0,0.0,0.0,17.33653284187623,0.0,66.49342173305675,0.5260263155423672,5990.293911461673,1,0,0.41930571526023935,0.41930571526023935,0.8261840710147729,0.8261840710147729,4359.425163481121,4359.425163481121,2998.074836518879,2998.074836518879,asphalt,1.1575
6.249999999999983,62.442779306948125,17.345216474152256,0.0,0.0,0.0,0.0,17.345216474152256,0.0,66.78245457482802,0.5180282172955231,5993.675127602139,1,0,0.4194584822629493,0.4194584822629493,0.825184616284317,0.825184616284317,4360.02889368786,4360.02889368786,2997.47110631214,2997.47110631214,asphalt,1.1575
6.26666666666665,62.47356506347794,17.353768073188316,0.0,0.0,0.0,0.0,17.353768073188316,0.0,67.07163076582523,0.5101516528853267,5997.004937047766,1,0,0.4196088845780113,0.4196088845780113,0.8241999650807792,0.8241999650807792,4360.623450051695,4360.623450051695,2996.8765499483043,2996.8765499483043,asphalt,1.1575
6.283333333333316,62.50388272307432,17.36218964529842,0.0,0.0,0.0,0.0,17.36218964529842,0.0,67.36094812643347,0.5023947778352067,6000.284120824475,1,0,0.4197569594186995,0.4197569594186995,0.8232299040890739,0.8232299040890739,4361.208971799542,4361.208971799542,2996.2910282004573,2996.2910282004573,asphalt,1.1575
6.299999999999983,62.53373939884824,17.370483166346734,0.0,0.0,0.0,0.0,17.370483166346734,0.0,67.65040451015852,0.49475577559292105,6003.513448108384,1,0,0.41990274339411676,0.41990274339411676,0.8222742228906182,0.8222742228906182,4361.785596050444,4361.785596050444,2995.7144039495556,2995.7144039495556,asphalt,1.1575
6.3166666666666496,62.56314209595094,17.378650582208593,0.0,0.0,0.0,0.0,17.378650582208593,0.0,67.93999780312434,0.48723285711020026,6006.69367640509,1,0,0.4200462725195478,0.4200462725195478,0.8213327139293789,0.8213327139293789,4362.353457847501,4362.353457847501,2995.1465421524986,2995.1465421524986,asphalt,1.1575
6.333333333333316,62.59209771320846,17.38669380922457,0.0,0.0,0.0,0.0,17.38669380922457,0.0,68.22972592357785,0.47982426042750603,6009.8255517262605,1,0,0.42018758222664593,0.42018758222664593,0.8204051724780703,0.8204051724780703,4362.912690189033,4362.912690189033,2994.587309810967,2994.587309810967,asphalt,1.1575
6.349999999999983,62.62061304473176,17.39461473464771,0.0,0.0,0.0,0.0,17.39461473464771,0.0,68.51958682140143,0.47252825026646406,6012.909808763561,1,0,0.420326707373411,0.420326707373411,0.8194913966046489,0.8194913966046489,4363.463424059481,4363.463424059481,2994.036575940518,2994.036575940518,asphalt,1.1575
6.366666666666649,62.64869478150241,17.402415217084002,0.0,0.0,0.0,0.0,17.402415217084002,0.0,68.8095784776327,0.4653431176282652,6015.9471710599755,1,0,0.4204636822539953,0.4204636822539953,0.8185911871389971,0.8185911871389971,4364.005788459673,4364.005788459673,2993.4942115403264,2993.4942115403264,asphalt,1.1575
6.383333333333316,62.6763495129345,17.41009708692625,0.0,0.0,0.0,0.0,17.41009708692625,0.0,69.09969890399158,0.45826717939547734,6018.938351178539,1,0,0.4205985406083292,0.4205985406083292,0.817704347639857,0.817704347639857,4364.539910436633,4364.539910436633,2992.960089563366,2992.960089563366,asphalt,1.1575
6.399999999999983,62.7035837284129,17.41766214678136,0.0,0.0,0.0,0.0,17.41766214678136,0.0,69.38994614241457,0.4512987779449418,6021.884050868535,1,0,0.4207313156315287,0.4207313156315287,0.8168306843621157,0.8168306843621157,4365.065915113337,4365.065915113337,2992.434084886663,2992.434084886663,asphalt,1.1575
6.416666666666649,62.730403818808384,17.425112171891218,0.0,0.0,0.0,0.0,17.425112171891218,0.0,69.68031826459601,0.44443628076066943,6024.784961229196,1,0,0.4208620399831806,0.4208620399831806,0.8159700062241997,0.8159700062241997,4365.583925717493,4365.583925717493,2991.9160742825065,2991.9160742825065,asphalt,1.1575
6.433333333333316,62.7568160779699,17.432448910547194,0.0,0.0,0.0,0.0,17.432448910547194,0.0,69.97081337153635,0.4376780800561164,6027.641762870927,1,0,0.4209907457964304,0.4209907457964304,0.8151221247757894,0.8151221247757894,4366.094063610145,4366.094063610145,2991.4059363898546,2991.4059363898546,asphalt,1.1575
6.449999999999982,62.78282670419429,17.439674084498414,0.0,0.0,0.0,0.0,17.439674084498414,0.0,70.2614295930972,0.43102259240157537,6030.455126074112,1,0,0.4211174646869007,0.4211174646869007,0.8142868541658049,0.8142868541658049,4366.596448313879,4366.596448313879,2990.903551686121,2990.903551686121,asphalt,1.1575
6.466666666666649,62.80844180167397,17.44678938935388,0.0,0.0,0.0,0.0,17.44678938935388,0.0,70.5521650875632,0.4244682583566828,6033.225710945517,1,0,0.42124222776145914,0.42124222776145914,0.8134640111106096,0.8134640111106096,4367.091197540457,4367.091197540457,2990.4088024595426,2990.4088024595426,asphalt,1.1575
6.483333333333316,62.833667381922645,17.453796494978512,0.0,0.0,0.0,0.0,17.453796494978512,0.0,70.84301804121041,0.41801354210889485,6035.9541675723485,1,0,0.42136506562680415,0.42136506562680415,0.8126534148625324,0.8126534148625324,4367.578427218262,4367.578427218262,2989.921572781738,2989.921572781738,asphalt,1.1575
6.499999999999982,62.85850936517947,17.460697045883187,0.0,0.0,0.0,0.0,17.460697045883187,0.0,71.13398666788142,0.4116569311145213,6038.641136173984,1,0,0.42148600839790357,0.42148600839790357,0.81185488717863,0.81185488717863,4368.05825151922,4368.05825151922,2989.441748480779,2989.441748480779,asphalt,1.1575
6.516666666666649,62.882973581792186,17.46749266160894,0.0,0.0,0.0,0.0,17.46749266160894,0.0,71.42506920856673,0.40539693575084357,6041.287247251411,1,0,0.4216050857062941,0.4216050857062941,0.8110682522896676,0.8110682522896676,4368.530782885162,4368.530782885162,2988.969217114838,2988.969217114838,asphalt,1.1575
6.5333333333333155,62.907065773579255,17.47418493710535,0.0,0.0,0.0,0.0,17.47418493710535,0.0,71.7162639309925,0.39923208896823326,6043.8931217344225,1,0,0.4217223267082192,0.4217223267082192,0.8102933368694064,0.8102933368694064,4368.996132053907,4368.996132053907,2988.5038679460927,2988.5038679460927,asphalt,1.1575
6.549999999999982,62.930791595171556,17.48077544310321,0.0,0.0,0.0,0.0,17.48077544310321,0.0,72.00756912921466,0.39316094595079676,6046.45937112659,1,0,0.4218377600925846,0.4218377600925846,0.8095299700042439,0.8095299700042439,4369.454408085302,4369.454408085302,2988.0455919146975,2988.0455919146975,asphalt,1.1575
6.566666666666649,62.954156615333645,17.487265726481567,0.0,0.0,0.0,0.0,17.487265726481567,0.0,72.29898312321905,0.3871820837795781,6048.986597648043,1,0,0.4219514140888316,0.4219514140888316,0.8087779831629611,0.8087779831629611,4369.905718386225,4369.905718386225,2987.594281613775,2987.594281613775,asphalt,1.1575
6.583333333333315,62.97716631826523,17.49365731062923,0.0,0.0,0.0,0.0,17.49365731062923,0.0,72.59050425852766,0.3812941011017301,6051.4753943761125,1,0,0.42206331647463186,0.42206331647463186,0.8080372101668355,0.8080372101668355,4370.3501687355865,4370.3501687355865,2987.1498312644126,2987.1498312644126,asphalt,1.1575
6.599999999999982,62.999826104882956,17.49995169580082,0.0,0.0,0.0,0.0,17.49995169580082,0.0,72.88213090581087,0.3754956178065072,6053.926345383831,1,0,0.42217349458343734,0.42217349458343734,0.8073074871600463,0.8073074871600463,4370.78786330902,4370.78786330902,2986.7121366909796,2986.7121366909796,asphalt,1.1575
6.6166666666666485,63.02214129408277,17.506150359467437,0.0,0.0,0.0,0.0,17.506150359467437,0.0,73.17386146050549,0.3697852747021102,6056.34002587636,1,0,0.42228197531190853,0.42228197531190853,0.8065886525803172,0.8065886525803172,4371.218904703049,4371.218904703049,2986.281095296951,2986.281095296951,asphalt,1.1575
6.633333333333315,63.04411712398328,17.51225475666202,0.0,0.0,0.0,0.0,17.51225475666202,0.0,73.4656943424387,0.3641617332019109,6058.717002325353,1,0,0.4223887851271975,0.4223887851271975,0.8058805471298549,0.8058805471298549,4371.643393959002,4371.643393959002,2985.856606040997,2985.856606040997,asphalt,1.1575
6.649999999999982,63.06575875315035,17.51826632031954,0.0,0.0,0.0,0.0,17.51826632031954,0.0,73.75762799545758,0.35862367501323433,6061.05783260129,1,0,0.422493950074129,0.422493950074129,0.8051830137464931,0.8051830137464931,4372.061430586293,4372.061430586293,2985.4385694137063,2985.4385694137063,asphalt,1.1575
6.666666666666648,63.08707126180311,17.524186461611976,0.0,0.0,0.0,0.0,17.524186461611976,0.0,74.04966088706436,0.3531698018278462,6063.36306610382,1,0,0.4225974957821993,0.4225974957821993,0.8044958975752592,0.8044958975752592,4372.473112585879,4372.473112585879,2985.0268874141207,2985.0268874141207,asphalt,1.1575
6.683333333333315,63.1080596530019,17.530016570278306,0.0,0.0,0.0,0.0,17.530016570278306,0.0,74.3417915080571,0.34779883502352504,6065.633243890127,1,0,0.4226994474725215,0.4226994474725215,0.8038190459400107,0.8038190459400107,4372.878536472643,4372.878536472643,2984.621463527357,2984.621463527357,asphalt,1.1575
6.6999999999999815,63.12872885381809,17.53575801494947,0.0,0.0,0.0,0.0,17.53575801494947,0.0,74.63401837217586,0.34250951536563434,6067.868898801368,1,0,0.4227998299645651,0.4227998299645651,0.8031523083155896,0.8031523083155896,4373.2777972982785,4373.2777972982785,2984.2222027017206,2984.2222027017206,asphalt,1.1575
6.716666666666648,63.14908371648632,17.54141214346842,0.0,0.0,0.0,0.0,17.54141214346842,0.0,74.92634001575428,0.33730060271210505,6070.070555587197,1,0,0.42289866768285395,0.42289866768285395,0.8024955363000186,0.8024955363000186,4373.670988673031,4373.670988673031,2983.829011326968,2983.829011326968,asphalt,1.1575
6.733333333333315,63.16912901953929,17.546980283205357,0.0,0.0,0.0,0.0,17.546980283205357,0.0,75.21875499737638,0.33217087572779747,6072.238731028411,1,0,0.422995984663469,0.422995984663469,0.801848583587198,0.801848583587198,4374.058202787875,4374.058202787875,2983.441797212124,2983.441797212124,asphalt,1.1575
6.749999999999981,63.18886946892548,17.55246374136819,0.0,0.0,0.0,0.0,17.55246374136819,0.0,75.5112618975386,0.3271191315988631,6074.373934057739,1,0,0.42309180456051687,0.42309180456051687,0.8012113059396484,0.8012113059396484,4374.439530435549,4374.439530435549,2983.0604695644497,2983.0604695644497,asphalt,1.1575
6.766666666666648,63.2083096991099,17.557863805308305,0.0,0.0,0.0,0.0,17.557863805308305,0.0,75.80385931831697,0.3221441857530749,6076.476665878815,1,0,0.42318615065242715,0.42318615065242715,0.8005835611616858,0.8005835611616858,4374.815061031841,4374.815061031841,2982.684938968159,2982.684938968159,asphalt,1.1575
6.783333333333315,63.22745427415814,17.563181742821705,0.0,0.0,0.0,0.0,17.563181742821705,0.0,76.09654588303921,0.31724487158271586,6078.547420083347,1,0,0.4232790458481268,0.4232790458481268,0.7999652090729094,0.7999652090729094,4375.184882636679,4375.184882636679,2982.3151173633214,2982.3151173633214,asphalt,1.1575
6.799999999999981,63.24630768880419,17.568418802445606,0.0,0.0,0.0,0.0,17.568418802445606,0.0,76.38932023596206,0.31242004017428826,6080.586682766518,1,0,0.4233705126931802,0.4233705126931802,0.7993561114817533,0.7993561114817533,4375.549081974139,4375.549081974139,2981.9509180258606,2981.9509180258606,asphalt,1.1575
6.816666666666648,63.264874369501975,17.57357621375055,0.0,0.0,0.0,0.0,17.57357621375055,0.0,76.6821810419532,0.307668560041634,6082.594932640647,1,0,0.4234605733757297,0.4234605733757297,0.7987561321595662,0.7987561321595662,4375.907744453092,4375.907744453092,2981.592255546908,2981.592255546908,asphalt,1.1575
6.833333333333314,63.283158675461124,17.57865518762809,0.0,0.0,0.0,0.0,17.57865518762809,0.0,76.97512698617827,0.30298931686246533,6084.57264114713,1,0,0.42354924973240743,0.42354924973240743,0.7981651368147606,0.7981651368147606,4376.260954186754,4376.260954186754,2981.239045813246,2981.239045813246,asphalt,1.1575
6.849999999999981,63.301164899666865,17.583656916574128,0.0,0.0,0.0,0.0,17.583656916574128,0.0,77.26815677379237,0.2983812132148955,6086.520272566683,1,0,0.42363656325408483,0.42363656325408483,0.7975829930673927,0.7975829930673927,4376.608794012564,4376.608794012564,2980.891205987435,2980.891205987435,asphalt,1.1575
6.866666666666648,63.31889726988473,17.58858257496798,0.0,0.0,0.0,0.0,17.58858257496798,0.0,77.56126912963653,0.29384316832761215,6088.438284127937,1,0,0.42372253509157765,0.42372253509157765,0.7970095704238617,0.7970095704238617,4376.951345511166,4376.951345511166,2980.548654488833,2980.548654488833,asphalt,1.1575
6.883333333333314,63.33635994964993,17.593433319347202,0.0,0.0,0.0,0.0,17.593433319347202,0.0,77.85446279793854,0.28937411782322897,6090.3271261143655,1,0,0.4238071860611884,0.4238071860611884,0.7964447402520554,0.7964447402520554,4377.288689025766,4377.288689025766,2980.2113109742336,2980.2113109742336,asphalt,1.1575
6.899999999999981,63.3535570392418,17.598210288678278,0.0,0.0,0.0,0.0,17.598210288678278,0.0,78.14773654201841,0.2849730134744277,6092.187241969623,1,0,0.4238905366502152,0.4238905366502152,0.7958883757565899,0.7958883757565899,4377.620903680536,4377.620903680536,2979.8790963194638,2979.8790963194638,asphalt,1.1575
6.916666666666647,63.370492576643485,17.60291460462319,0.0,0.0,0.0,0.0,17.60291460462319,0.0,78.44108914399835,0.28063882295583653,6094.019068401273,1,0,0.42397260702230866,0.42397260702230866,0.7953403519544753,0.7953403519544753,4377.948067399337,4377.948067399337,2979.551932600663,2979.551932600663,asphalt,1.1575
6.933333333333314,63.3871705384871,17.60754737180197,0.0,0.0,0.0,0.0,17.60754737180197,0.0,78.73451940451707,0.27637052960528763,6095.823035482953,1,0,0.42405341702278737,0.42405341702278737,0.794800545650907,0.794800545650907,4378.270256923605,4378.270256923605,2979.2297430763947,2979.2297430763947,asphalt,1.1575
6.949999999999981,63.403594840984645,17.61210967805129,0.0,0.0,0.0,0.0,17.61210967805129,0.0,79.02802614244847,0.2721671321876329,6097.599566754995,1,0,0.42413298618381784,0.42413298618381784,0.7942688354154461,0.7942688354154461,4378.587547830435,4378.587547830435,2978.912452169565,2978.912452169565,asphalt,1.1575
6.966666666666647,63.41976934084475,17.616602594679097,0.0,0.0,0.0,0.0,17.616602594679097,0.0,79.32160819462453,0.26802764465855944,6099.349079323527,1,0,0.42421133372952746,0.42421133372952746,0.7937451015583984,0.7937451015583984,4378.900014550144,4378.900014550144,2978.5999854498555,2978.5999854498555,asphalt,1.1575
6.983333333333314,63.43569783617565,17.621027176715458,0.0,0.0,0.0,0.0,17.621027176715458,0.0,79.61526441556246,0.26395109593778443,6101.071983958069,1,0,0.4242884785810218,0.4242884785810218,0.7932292261074835,0.7932292261074835,4379.20773038365,4379.20773038365,2978.292269616349,2978.292269616349,asphalt,1.1575
6.9999999999999805,63.45138406737438,17.62538446315955,0.0,0.0,0.0,0.0,17.62538446315955,0.0,79.90899367719608,0.25993652968139713,6102.768685187661,1,0,0.4243644393613279,0.4243644393613279,0.7927210927847302,0.7927210927847302,4379.510767519462,4379.510767519462,2977.989232480537,2977.989232480537,asphalt,1.1575
7.016666666666647,63.466831718002545,17.62967547722293,0.0,0.0,0.0,0.0,17.62967547722293,0.0,80.202794868611,0.255983004056759,6104.439581395531,1,0,0.4244392344002269,0.4244392344002269,0.7922205869837032,0.7922205869837032,4379.80919705067,4379.80919705067,2977.690802949329,2977.690802949329,asphalt,1.1575
7.033333333333314,63.48204441564894,17.63390122656915,0.0,0.0,0.0,0.0,17.63390122656915,0.0,80.49666689578413,0.2520895915267829,6106.085064912338,1,0,0.42451288173902935,0.42451288173902935,0.7917275957469224,0.7917275957469224,4380.103088991424,4380.103088991424,2977.396911008576,2977.396911008576,asphalt,1.1575
7.04999999999998,63.49702573277899,17.638062703549718,0.0,0.0,0.0,0.0,17.638062703549718,0.0,80.79060868132697,0.24825537863080172,6107.705522107988,1,0,0.4245853991352559,0.4245853991352559,0.7912420077435748,0.7912420077435748,4380.392512293279,4380.392512293279,2977.107487706721,2977.107487706721,asphalt,1.1575
7.066666666666647,63.511779187571285,17.642160885436468,0.0,0.0,0.0,0.0,17.642160885436468,0.0,81.08461916423283,0.2444794657705529,6109.301333482087,1,0,0.42465680406723916,0.42465680406723916,0.79076371324748,0.79076371324748,4380.6775348612955,4380.6775348612955,2976.8224651387036,2976.8224651387036,asphalt,1.1575
7.0833333333333135,63.52630824474169,17.64619673465047,0.0,0.0,0.0,0.0,17.64619673465047,0.0,81.37869729962789,0.24076096700468952,6110.872873753001,1,0,0.42472711373864835,0.42472711373864835,0.7902926041153053,0.7902926041153053,4380.958223569872,4380.958223569872,2976.5417764301274,2976.5417764301274,asphalt,1.1575
7.09999999999998,63.54061631635466,17.650171198987405,0.0,0.0,0.0,0.0,17.650171198987405,0.0,81.67284205852603,0.23709900983647003,6112.420511945582,1,0,0.4247963450829192,0.4247963450829192,0.789828573765089,0.789828573765089,4381.234644278516,4381.234644278516,2976.265355721484,2976.265355721484,asphalt,1.1575
7.116666666666647,63.55470676262254,17.654085211839593,0.0,0.0,0.0,0.0,17.654085211839593,0.0,81.9670524275874,0.2334927350150906,6113.944611477562,1,0,0.4248645147676667,0.4248645147676667,0.7893715171548491,0.7893715171548491,4381.506861846785,4381.506861846785,2975.9931381532147,2975.9931381532147,asphalt,1.1575
7.133333333333313,63.56858289269257,17.6579396924146,0.0,0.0,0.0,0.0,17.6579396924146,0.0,82.26132740888072,0.2299412963301961,6115.445530244639,1,0,0.4249316391989374,0.4249316391989374,0.7889213307616831,0.7889213307616831,4381.774940149868,4381.774940149868,2975.7250598501314,2975.7250598501314,asphalt,1.1575
7.14999999999998,63.58224796542208,17.661735545950577,0.0,0.0,0.0,0.0,17.661735545950577,0.0,82.55566601964891,0.2264438604183283,6116.923620704276,1,0,0.42499773452544337,0.42499773452544337,0.7884779125609646,0.7884779125609646,4382.038942093393,4382.038942093393,2975.4610579066066,2975.4610579066066,asphalt,1.1575
7.1666666666666465,63.59570519014193,17.665473663928314,0.0,0.0,0.0,0.0,17.665473663928314,0.0,82.85006729207872,0.22299960656852136,6118.379229958236,1,0,0.42506281664272455,0.42506281664272455,0.7880411620057878,0.7880411620057878,4382.298929627984,4382.298929627984,2975.2010703720157,2975.2010703720157,asphalt,1.1575
7.183333333333313,63.60895772740834,17.669154924280093,0.0,0.0,0.0,0.0,17.669154924280093,0.0,83.1445302730735,0.21960772652619198,6119.812699833858,1,0,0.42512690119723434,0.42512690119723434,0.7876109800066763,0.7876109800066763,4382.554963763685,4382.554963763685,2974.9450362363145,2974.9450362363145,asphalt,1.1575
7.19999999999998,63.621961885560154,17.672767190433376,0.0,0.0,0.0,0.0,17.672767190433376,0.0,83.43905392280209,0.21489744186766302,6121.224359359728,1,0,0.42518269261115027,0.42518269261115027,0.7869469554164279,0.7869469554164279,4382.880657823438,4382.880657823438,2974.619342176562,2974.619342176562,asphalt,1.1575
7.216666666666646,63.63467402123853,17.676298339232925,0.0,0.0,0.0,0.0,17.676298339232925,0.0,83.73363693013478,0.21006252517537405,6122.614335314693,1,0,0.42523270643687155,0.42523270643687155,0.7862664651681052,0.7862664651681052,4383.245833407719,4383.245833407719,2974.2541665922804,2974.2541665922804,asphalt,1.1575
7.233333333333313,63.64709927930153,17.67974979980598,0.0,0.0,0.0,0.0,17.67974979980598,0.0,84.02827795799728,0.2053134681173674,6123.982348455544,1,0,0.4252814119570094,0.4252814119570094,0.7855972445722379,0.7855972445722379,4383.604560576451,4383.604560576451,2973.895439423548,2973.895439423548,asphalt,1.1575
7.24999999999998,63.65924283573549,17.683123009926526,0.0,0.0,0.0,0.0,17.683123009926526,0.0,84.32297569321328,0.20065096284099582,6125.327888228464,1,0,0.4253288485695143,0.4253288485695143,0.7849394773310687,0.7849394773310687,4383.956794523259,4383.956794523259,2973.54320547674,2973.54320547674,asphalt,1.1575
7.266666666666646,63.67110991571507,17.686419421031964,0.0,0.0,0.0,0.0,17.686419421031964,0.0,84.61772884670894,0.19607586733940252,6126.650374752672,1,0,0.42537505777322104,0.42537505777322104,0.7842933741439247,0.7842933741439247,4384.302471776372,4384.302471776372,2973.197528223627,2973.197528223627,asphalt,1.1575
7.283333333333313,63.68270579402844,17.689640498341234,0.0,0.0,0.0,0.0,17.689640498341234,0.0,84.91253615374671,0.19158896795318014,6127.949254920595,1,0,0.42542008120729274,0.42542008120729274,0.7836591331673107,0.7836591331673107,4384.641530686125,4384.641530686125,2972.858469313874,2972.858469313874,asphalt,1.1575
7.299999999999979,63.69403578550543,17.69278771819595,0.0,0.0,0.0,0.0,17.69278771819595,0.0,85.20739637412984,0.18719084944166298,6129.224055404784,1,0,0.42546395948737104,0.42546395948737104,0.7830369183118844,0.7830369183118844,4384.973922898295,4384.973922898295,2972.5260771017042,2972.5260771017042,asphalt,1.1575
7.316666666666646,63.705105230380404,17.695862563994556,0.0,0.0,0.0,0.0,17.695862563994556,0.0,85.50230829234658,0.18288183393565305,6130.474408018952,1,0,0.4255067315638533,0.4255067315638533,0.7824268489732285,0.7824268489732285,4385.299619025206,4385.299619025206,2972.2003809747935,2972.2003809747935,asphalt,1.1575
7.333333333333313,63.715919477698236,17.698866521582843,0.0,0.0,0.0,0.0,17.698866521582843,0.0,85.79727071764006,0.17866196274610502,6131.700057818622,1,0,0.4255484344161197,0.4255484344161197,0.7818289968916105,0.7818289968916105,4385.618610675572,4385.618610675572,2971.8813893244273,2971.8813893244273,asphalt,1.1575
7.349999999999979,63.72648386865334,17.701801074625926,0.0,0.0,0.0,0.0,17.701801074625926,0.0,86.09228248400075,0.17453100376428665,6132.90086085153,1,0,0.4255891029572011,0.4255891029572011,0.7812433872775466,0.7812433872775466,4385.9309102851685,4385.9309102851685,2971.569089714831,2971.569089714831,asphalt,1.1575
7.366666666666646,63.736803720949275,17.704667700263688,0.0,0.0,0.0,0.0,17.704667700263688,0.0,86.3873424500842,0.170488473105479,6134.076776093965,1,0,0.4256287700654188,0.4256287700654188,0.7806700023238584,0.7806700023238584,4386.2365496953835,4386.2365496953835,2971.2634503046165,2971.2634503046165,asphalt,1.1575
7.383333333333312,63.74688431474531,17.70746786520703,0.0,0.0,0.0,0.0,17.70746786520703,0.0,86.6824494990612,0.16653366372651135,6135.22785449746,1,0,0.4256674666879274,0.4256674666879274,0.7801087858938395,0.7801087858938395,4386.53557809369,4386.53557809369,2970.96442190631,2970.96442190631,asphalt,1.1575
7.399999999999979,63.75673088042616,17.7102030223406,0.0,0.0,0.0,0.0,17.7102030223406,0.0,86.97760253840772,0.16266567643413055,6136.3542269844675,1,0,0.42570522198062266,0.42570522198062266,0.7795596486251449,0.7795596486251449,4386.828059703168,4386.828059703168,2970.671940296831,2970.671940296831,asphalt,1.1575
7.416666666666646,63.76634858822872,17.71287460784131,0.0,0.0,0.0,0.0,17.71287460784131,0.0,87.27280049964384,0.15888345053696185,6137.456092507331,1,0,0.42574206346202187,0.42574206346202187,0.7790224729892625,0.7790224729892625,4387.114071456897,4387.114071456897,2970.3859285431017,2970.3859285431017,asphalt,1.1575
7.433333333333312,63.775742539640554,17.715484038789043,0.0,0.0,0.0,0.0,17.715484038789043,0.0,87.56804233802984,0.1551857925679201,6138.533706807722,1,0,0.42577801716736585,0.42577801716736585,0.7784971180444973,0.7784971180444973,4387.393700794487,4387.393700794487,2970.106299205512,2970.106299205512,asphalt,1.1575
7.449999999999979,63.78491776042232,17.71803271122842,0.0,0.0,0.0,0.0,17.71803271122842,0.0,87.86332703222712,0.15157140228581056,6139.587372204715,1,0,0.4258131077950685,0.4258131077950685,0.7779834237482053,0.7779834237482053,4387.66704365243,4387.66704365243,2969.832956347569,2969.832956347569,asphalt,1.1575
7.4666666666666455,63.7938791950773,17.720521998632584,0.0,0.0,0.0,0.0,17.720521998632584,0.0,88.15865358393108,0.14803889565257577,6140.617428544107,1,0,0.4258473588414038,0.4258473588414038,0.7774812147749313,0.7774812147749313,4387.934202678608,4387.934202678608,2969.565797321392,2969.565797321392,asphalt,1.1575
7.483333333333312,63.80263170258502,17.72295325071806,0.0,0.0,0.0,0.0,17.72295325071806,0.0,88.45402101748232,0.14458682476316653,6141.624245321888,1,0,0.4258807927215978,0.4258807927215978,0.7769903038368927,0.7769903038368927,4388.195285677157,4388.195285677157,2969.3047143228423,2969.3047143228423,asphalt,1.1575
7.499999999999979,63.81118005322171,17.725327792561586,0.0,0.0,0.0,0.0,17.725327792561586,0.0,88.74942837946094,0.14121369490197822,6142.60821492529,1,0,0.4259134308770921,0.4259134308770921,0.7765104945315761,0.7765104945315761,4388.450404273648,4388.450404273648,2969.0495957263515,2969.0495957263515,asphalt,1.1575
7.516666666666645,63.81952892630407,17.727646923973353,0.0,0.0,0.0,0.0,17.727646923973353,0.0,89.04487473826913,0.13791797895777336,6143.569746897812,1,0,0.4259452938695726,0.4259452938695726,0.7760415837564771,0.7760415837564771,4388.699672782859,4388.699672782859,2968.8003272171404,2968.8003272171404,asphalt,1.1575
7.533333333333312,63.82768290870878,17.729911919085772,0.0,0.0,0.0,0.0,17.729911919085772,0.0,89.34035918370554,0.13469812950575033,6144.509263118588,1,0,0.42597640146267063,0.42597640146267063,0.7755833637379491,0.7755833637379491,4388.943207259288,4388.943207259288,2968.556792740712,2968.556792740712,asphalt,1.1575
7.5499999999999785,63.83564649403843,17.732124026121785,0.0,0.0,0.0,0.0,17.732124026121785,0.0,89.63588082653466,0.13155258882790122,6145.427193783022,1,0,0.42600677269278064,0.42600677269278064,0.7751356237215264,0.7751356237215264,4389.181124706281,4389.181124706281,2968.3188752937185,2968.3188752937185,asphalt,1.1575
7.566666666666645,63.84342408232109,17.734284467311415,0.0,0.0,0.0,0.0,17.734284467311415,0.0,89.93143879805395,0.1284797971675289,6146.323974075895,1,0,0.4260364259300811,0.4260364259300811,0.7746981513702934,0.7746981513702934,4389.413542424491,4389.413542424491,2968.086457575508,2968.086457575508,asphalt,1.1575
7.583333333333312,63.85101998014764,17.7363944389299,0.0,0.0,0.0,0.0,17.7363944389299,0.0,90.2270322496609,0.12547819947542393,6147.200041436475,1,0,0.4260653789312433,0.4260653789312433,0.7742707339131373,0.7742707339131373,4389.64057747747,4389.64057747747,2967.8594225225293,2967.8594225225293,asphalt,1.1575
7.599999999999978,63.85843840116429,17.738455111434526,0.0,0.0,0.0,0.0,17.738455111434526,0.0,90.52266035242175,0.12254625087024351,6148.055833325384,1,0,0.4260936488847578,0.4260936488847578,0.773853159081604,0.773853159081604,4389.8623462588885,4389.8623462588885,2967.637653741111,2967.637653741111,asphalt,1.1575
7.616666666666645,63.86568346685219,17.740467629681163,0.0,0.0,0.0,0.0,17.740467629681163,0.0,90.81832229664334,0.11968242103307603,6148.891785413838,1,0,0.42612125245016885,0.42612125245016885,0.7734452158682366,0.7734452158682366,4390.078964143166,4390.078964143166,2967.4210358568334,2967.4210358568334,asphalt,1.1575
7.6333333333333115,63.87275920753567,17.742433113204353,0.0,0.0,0.0,0.0,17.742433113204353,0.0,91.1140172914493,0.11688519769478489,6149.708330126333,1,0,0.42614820579199725,0.42614820579199725,0.7730466951358549,0.7730466951358549,4390.290545207276,4390.290545207276,2967.209454792723,2967.209454792723,asphalt,1.1575
7.649999999999978,63.87966956357134,17.744352656547594,0.0,0.0,0.0,0.0,17.744352656547594,0.0,91.40974456436139,0.11415308937813506,6150.505895477708,1,0,0.4261745246091865,0.4261745246091865,0.7726573901026399,0.7726573901026399,4390.497202011662,4390.497202011662,2967.002797988338,2967.002797988338,asphalt,1.1575
7.666666666666645,63.886418386677974,17.74622732963277,0.0,0.0,0.0,0.0,17.74622732963277,0.0,91.70550336088674,0.11148462752515798,6151.28490415434,1,0,0.42620022416086906,0.42620022416086906,0.7722770967239391,0.7722770967239391,4390.699045429171,4390.699045429171,2966.8009545708287,2966.8009545708287,asphalt,1.1575
7.683333333333311,63.8930094413743,17.74805817815953,0.0,0.0,0.0,0.0,17.74805817815953,0.0,92.0012929441117,0.10887836811036777,6152.045772797044,1,0,0.4262253192888621,0.4262253192888621,0.7719056139891889,0.7719056139891889,4390.896184515419,4390.896184515419,2966.60381548458,2966.60381548458,asphalt,1.1575
7.699999999999978,63.89944640649757,17.749846224027102,0.0,0.0,0.0,0.0,17.749846224027102,0.0,92.29711259430246,0.10633289283532577,6152.788911450076,1,0,0.4262498244376309,0.4262498244376309,0.7715427441483406,0.7715427441483406,4391.088726411011,4391.088726411011,2966.411273588989,2966.411273588989,asphalt,1.1575
7.716666666666645,63.905732876780505,17.75159246577236,0.0,0.0,0.0,0.0,17.75159246577236,0.0,92.59296160851292,0.1038468099795864,6153.514723146474,1,0,0.4262737536719258,0.4262737536719258,0.7711882928809403,0.7711882928809403,4391.276776271908,4391.276776271908,2966.223223728092,2966.223223728092,asphalt,1.1575
7.733333333333311,63.9118723644686,17.753297879019055,0.0,0.0,0.0,0.0,17.753297879019055,0.0,92.8888393002,0.10141875497282626,6154.2236036049835,1,0,0.4262971206925852,0.4262971206925852,0.7708420694179392,0.7708420694179392,4391.460437221538,4391.460437221538,2966.0395627784615,2966.0395627784615,asphalt,1.1575
7.749999999999978,63.91786830096306,17.75496341693418,0.0,0.0,0.0,0.0,17.75496341693418,0.0,93.18474499884648,0.09904739073846258,6154.915941017998,1,0,0.42631993885076486,0.42631993885076486,0.7705038866250127,0.7705038866250127,4391.639810320916,4391.639810320916,2965.8601896790838,2965.8601896790838,asphalt,1.1575
7.766666666666644,63.92372403847706,17.756590010688072,0.0,0.0,0.0,0.0,17.756590010688072,0.0,93.48067804959153,0.09673140785224632,6155.592115913529,1,0,0.42634222116081427,0.42634222116081427,0.7701735610546492,0.7701735610546492,4391.814994553638,4391.814994553638,2965.6850054463616,2965.6850054463616,asphalt,1.1575
7.783333333333311,63.92944285169593,17.758178569915536,0.0,0.0,0.0,0.0,17.758178569915536,0.0,93.77663781286893,0.09446952455249402,6156.252501077158,1,0,0.42636398031206624,0.42636398031206624,0.7698509129727593,0.7698509129727593,4391.986086822295,4391.986086822295,2965.513913177704,2965.513913177704,asphalt,1.1575
7.799999999999978,63.935027939433404,17.759729983175944,0.0,0.0,0.0,0.0,17.759729983175944,0.0,94.07262366405284,0.09226048663350639,6156.897461522428,1,0,0.4263852286796257,0.4263852286796257,0.7695357663649377,0.7695357663649377,4392.153181954883,4392.153181954883,2965.3468180451164,2965.3468180451164,asphalt,1.1575
7.816666666666644,63.94048242627753,17.761245118410425,0.0,0.0,0.0,0.0,17.761245118410425,0.0,94.36863499311141,0.09010306723837402,6157.527354500156,1,0,0.4264059783343978,0.4264059783343978,0.7692279489261148,0.7692279489261148,4392.3163727182655,4392.3163727182655,2965.1836272817345,2965.1836272817345,asphalt,1.1575
7.833333333333311,63.94580936422163,17.762724823394898,0.0,0.0,0.0,0.0,17.762724823394898,0.0,94.66467120426786,0.08799606658101311,6158.142529538877,1,0,0.42642624105239163,0.42642624105239163,0.7689272920371327,0.7689272920371327,4392.475749837986,4392.475749837986,2965.0242501620132,2965.0242501620132,asphalt,1.1575
7.849999999999977,63.9510117342761,17.764169926187805,0.0,0.0,0.0,0.0,17.764169926187805,0.0,94.960731715669,0.08593831160936816,6158.743328510022,1,0,0.4264460283234515,0.4264460283234515,0.7686336307307909,0.7686336307307909,4392.631402022572,4392.631402022572,2964.8685979774277,2964.8685979774277,asphalt,1.1575
7.866666666666644,63.95609244805809,17.76558123557169,0.0,0.0,0.0,0.0,17.76558123557169,0.0,95.25681595906129,0.08392865561916096,6159.330085712607,1,0,0.42646535135943253,0.42646535135943253,0.7683468036497568,0.7683468036497568,4392.78341599193,4392.78341599193,2964.716584008069,2964.716584008069,asphalt,1.1575
7.883333333333311,63.96105434935703,17.766959541488063,0.0,0.0,0.0,0.0,17.766959541488063,0.0,95.55292337947402,0.0819659778377968,6159.903127973155,1,0,0.426484221102005,0.426484221102005,0.768066652997835,0.768066652997835,4392.9318765078115,4392.9318765078115,2964.568123492188,2964.568123492188,asphalt,1.1575
7.899999999999977,63.965900215673656,17.768305615464904,0.0,0.0,0.0,0.0,17.768305615464904,0.0,95.84905343490989,0.08004918297586983,6160.4627747573695,1,0,0.4265026482299685,0.4265026482299685,0.7677930244865445,0.7677930244865445,4393.076866407398,4393.076866407398,2964.4231335926024,2964.4231335926024,asphalt,1.1575
7.916666666666644,63.97063275973195,17.769620211036653,0.0,0.0,0.0,0.0,17.769620211036653,0.0,96.14520559604239,0.07817720076587875,6161.009338290714,1,0,0.4265206431663398,0.4265206431663398,0.7675257672776166,0.7675257672776166,4393.218466637225,4393.218466637225,2964.2815333627746,2964.2815333627746,asphalt,1.1575
7.9333333333333105,63.97525463096239,17.77090406415622,0.0,0.0,0.0,0.0,17.77090406415622,0.0,96.44137934592018,0.07634898548133151,6161.5431236856075,1,0,0.4265382160850067,0.4265382160850067,0.7672647339230646,0.7672647339230646,4393.356756289538,4393.356756289538,2964.1432437104622,2964.1432437104622,asphalt,1.1575
7.949999999999977,63.97976841695639,17.772157893598997,0.0,0.0,0.0,0.0,17.772157893598997,0.0,96.73757417967848,0.07456351545584994,6162.064429073331,1,0,0.42655537691721224,0.42655537691721224,0.7670097803029985,0.7670097803029985,4393.491812638254,4393.491812638254,2964.008187361746,2964.008187361746,asphalt,1.1575
7.966666666666644,63.984176644891384,17.773382401358717,0.0,0.0,0.0,0.0,17.773382401358717,0.0,97.03378960425667,0.07281979258863203,6162.57354573916,1,0,0.4265721353577358,0.4265721353577358,0.7667607655622541,0.7667607655622541,4393.623711175962,4393.623711175962,2963.8762888240376,2963.8762888240376,asphalt,1.1575
7.98333333333331,63.98848178292635,17.774578273035097,0.0,0.0,0.0,0.0,17.774578273035097,0.0,97.33002513812278,0.07111684185332479,6163.0707582594805,1,0,0.42658850087087163,0.42658850087087163,0.7665175520461558,0.7665175520461558,4393.7525256508525,4393.7525256508525,2963.747474349147,2963.747474349147,asphalt,1.1575
7.999999999999977,63.992686241567895,17.775746178213303,0.0,0.0,0.0,0.0,17.775746178213303,0.0,97.62628031100421,0.06945371080604446,6163.5563446398955,1,0,0.42660448269619533,0.42660448269619533,0.766280005235914,0.766280005235914,4393.878328103711,4393.878328103711,2963.6216718962887,2963.6216718962887,asphalt,1.1575
8.016666666666644,63.99679237500679,17.77688677083522,0.0,0.0,0.0,0.0,17.77688677083522,0.0,97.92255466362472,0.06782946909851262,6164.030576453553,1,0,0.42662008985412325,0.42662008985412325,0.7660479936840162,0.7660479936840162,4394.001188904914,4394.001188904914,2963.4988110950853,2963.4988110950853,asphalt,1.1575
8.033333333333312,64.00080248242551,17.778000689562642,0.0,0.0,0.0,0.0,17.778000689562642,0.0,98.21884774744738,0.06624320799119232,6164.49371897903,1,0,0.42663533115134317,0.42663533115134317,0.7658213889497215,0.7658213889497215,4394.121176790654,4394.121176790654,2963.3788232093452,2963.3788232093452,asphalt,1.1575
8.04999999999998,64.00471880927681,17.779088558132447,0.0,0.0,0.0,0.0,17.779088558132447,0.0,98.51515912442379,0.0646940398749507,6164.946031337297,1,0,0.4266502151860374,0.4266502151860374,0.7656000655351121,0.7656000655351121,4394.23835889923,4394.23835889923,2963.26164110077,2963.26164110077,asphalt,1.1575
8.066666666666647,64.00854354853377,17.780150985703823,0.0,0.0,0.0,0.0,17.780150985703823,0.0,98.81148836674879,0.06318109779954284,6165.387766627349,1,0,0.4266647503529499,0.4266647503529499,0.7653839008217626,0.7653839008217626,4394.352800806885,4394.352800806885,2963.1471991931144,2963.1471991931144,asphalt,1.1575
8.083333333333314,64.01227884191185,17.781188567197734,0.0,0.0,0.0,0.0,17.781188567197734,0.0,99.1078350566212,0.061703535007211485,6165.819172060188,1,0,0.42667894484836283,0.42667894484836283,0.7651727750080105,0.7651727750080105,4394.464566562562,4394.464566562562,2963.0354334374374,2963.0354334374374,asphalt,1.1575
8.099999999999982,64.01592678106313,17.782201883628648,0.0,0.0,0.0,0.0,17.782201883628648,0.0,99.4041987860098,0.060260524473108035,6166.240489090939,1,0,0.4266928066748691,0.4266928066748691,0.7649665710472572,0.7649665710472572,4394.573718722779,4394.573718722779,2962.9262812772204,2962.9262812772204,asphalt,1.1575
8.11666666666665,64.01948940874364,17.78319150242879,0.0,0.0,0.0,0.0,17.78319150242879,0.0,99.70057915642514,0.058851258459355904,6166.651953548876,1,0,0.42670634364605453,0.42670634364605453,0.7647651745870965,0.7647651745870965,4394.680318385484,4394.680318385484,2962.8196816145164,2962.8196816145164,asphalt,1.1575
8.133333333333317,64.02296871995371,17.78415797776492,0.0,0.0,0.0,0.0,17.78415797776492,0.0,99.99697577869632,0.05747494807167186,6167.053795765256,1,0,0.4267195633910327,0.4267195633910327,0.7645684739094974,0.7645684739094974,4394.784425223519,4394.784425223519,2962.71557477648,2962.71557477648,asphalt,1.1575
8.149999999999984,64.02636666305243,17.785101850847894,0.0,0.0,0.0,0.0,17.785101850847894,0.0,100.29338827275326,0.05613082282451387,6167.446240698842,1,0,0.4267324733588956,0.4267324733588956,0.7643763598719242,0.7643763598719242,4394.886097517074,4394.886097517074,2962.613902482926,2962.613902482926,asphalt,1.1575
8.166666666666652,64.02968514084625,17.78602365023507,0.0,0.0,0.0,0.0,17.78602365023507,0.0,100.5898162674138,0.054818130221576666,6167.829508059042,1,0,0.4267450808229955,0.4267450808229955,0.7641887258496843,0.7641887258496843,4394.9853921860495,4394.9853921860495,2962.5146078139496,2962.5146078139496,asphalt,1.1575
8.18333333333332,64.03292601165276,17.786923892125767,0.0,0.0,0.0,0.0,17.786923892125767,0.0,100.88625940017599,0.05353613533799262,6168.203812426628,1,0,0.4267573928851746,0.4267573928851746,0.7640054676792013,0.7640054676792013,4395.082364821167,4395.082364821167,2962.417635178832,2962.417635178832,asphalt,1.1575
8.199999999999987,64.03609109033951,17.787803080649862,0.0,0.0,0.0,0.0,17.787803080649862,0.0,101.18271731701512,0.05228412041105912,6168.569363371995,1,0,0.4267694164798442,0.4267694164798442,0.7638264836025208,0.7638264836025208,4395.177069714865,4395.177069714865,2962.322930285134,2962.322930285134,asphalt,1.1575
8.216666666666654,64.03918214933897,17.788661708149714,0.0,0.0,0.0,0.0,17.788661708149714,0.0,101.47918967218546,0.051061384448019,6168.926365570971,1,0,0.42678115837796393,0.42678115837796393,0.7636516742129031,0.7636516742129031,4395.269559891499,4395.269559891499,2962.2304401085007,2962.2304401085007,asphalt,1.1575
8.233333333333322,64.04220091964007,17.78950025545557,0.0,0.0,0.0,0.0,17.78950025545557,0.0,101.77567612802676,0.04986724283384092,6169.275018918155,1,0,0.426792625190973,0.426792625190973,0.7634809424014092,0.7634809424014092,4395.359887136386,4395.359887136386,2962.140112863614,2962.140112863614,asphalt,1.1575
8.24999999999999,64.0451490917564,17.790319192154556,0.0,0.0,0.0,0.0,17.790319192154556,0.0,102.0721763547751,0.04870102695008427,6169.615518637813,1,0,0.4268038233745531,0.4268038233745531,0.7633141933047678,0.7633141933047678,4395.448102024913,4395.448102024913,2962.051897975086,2962.051897975086,asphalt,1.1575
8.266666666666657,64.04802831667212,17.791118976853365,0.0,0.0,0.0,0.0,17.791118976853365,0.0,102.3686900303783,0.047562083802290545,6169.94805539234,1,0,0.42681475923233003,0.42681475923233003,0.7631513342542626,0.7631513342542626,4395.534253950688,4395.534253950688,2961.9657460493113,2961.9657460493113,asphalt,1.1575
8.283333333333324,64.05084020676587,17.79190005743496,0.0,0.0,0.0,0.0,17.79190005743496,0.0,102.66521684031565,0.046449775661017156,6170.272815388329,1,0,0.42682543891952407,0.42682543891952407,0.7629922747256072,0.7629922747256072,4395.618391152654,4395.618391152654,2961.881608847346,2961.881608847346,asphalt,1.1575
8.299999999999992,64.05358633671294,17.79266287130915,0.0,0.0,0.0,0.0,17.79266287130915,0.0,102.96175647742166,0.04536347969946064,6170.589980480263,1,0,0.4268358684464187,0.4268358684464187,0.7628369262901319,0.7628369262901319,4395.700560742533,4395.700560742533,2961.7994392574665,2961.7994392574665,asphalt,1.1575
8.31666666666666,64.05626824436672,17.79340784565742,0.0,0.0,0.0,0.0,17.79340784565742,0.0,103.25830864171418,0.04430258765154349,6170.899728271878,1,0,0.4268460536818407,0.4268460536818407,0.762685202566785,0.762685202566785,4395.7808087306685,4395.7808087306685,2961.7191912693315,2961.7191912693315,asphalt,1.1575
8.333333333333327,64.05888743161934,17.794135397672036,0.0,0.0,0.0,0.0,17.794135397672036,0.0,103.55487304022638,0.04326650546914834,6171.202232215228,1,0,0.42685600035648785,0.42685600035648785,0.7625370191753572,0.7625370191753572,4395.859180051987,4395.859180051987,2961.6408199480124,2961.6408199480124,asphalt,1.1575
8.349999999999994,64.06144536524236,17.794845934789546,0.0,0.0,0.0,0.0,17.794845934789546,0.0,103.85144938684273,0.04225465299128928,6171.497661707485,1,0,0.42686571406622725,0.42686571406622725,0.7623922936905988,0.7623922936905988,4395.935718590816,4395.935718590816,2961.5642814091843,2961.5642814091843,asphalt,1.1575
8.366666666666662,64.0639434777079,17.79553985491886,0.0,0.0,0.0,0.0,17.79553985491886,0.0,104.14803740213873,0.041266463621809635,6171.786182185544,1,0,0.42687520027526127,0.42687520027526127,0.7622509455974864,0.7622509455974864,4396.01046720569,4396.01046720569,2961.48953279431,2961.48953279431,asphalt,1.1575
8.38333333333333,64.0663831679904,17.796217546664,0.0,0.0,0.0,0.0,17.796217546664,0.0,104.44463681322452,0.040301384009637786,6172.067955218436,1,0,0.42688446431927224,0.42688446431927224,0.7621128962473398,0.7621128962473398,4396.083467753017,4396.083467753017,2961.4165322469826,2961.4165322469826,asphalt,1.1575
8.399999999999997,64.06876580234984,17.796879389541623,0.0,0.0,0.0,0.0,17.796879389541623,0.0,104.74124735359204,0.039358873740127365,6172.343138597622,1,0,0.42689351140843906,0.42689351140843906,0.7619780688150526,0.7619780688150526,4396.154761110733,4396.154761110733,2961.345238889267,2961.345238889267,asphalt,1.1575
8.416666666666664,64.07109271509664,17.79752575419351,0.0,0.0,0.0,0.0,17.79752575419351,0.0,105.03786876296576,0.03843840503662932,6172.6118864252085,1,0,0.4269023466304213,0.4269023466304213,0.7618463882571684,0.7618463882571684,4396.224387200997,4396.224387200997,2961.275612799003,2961.275612799003,asphalt,1.1575
8.433333333333332,64.07336520933859,17.798157002594053,0.0,0.0,0.0,0.0,17.798157002594053,0.0,105.33450078715695,0.03753946245950601,6172.874349200113,1,0,0.42691097495325153,0.42691097495325153,0.7617177812709516,0.7617177812709516,4396.292385012573,4396.292385012573,2961.2076149874265,2961.2076149874265,asphalt,1.1575
8.45,64.07558455771049,17.798773488252913,0.0,0.0,0.0,0.0,17.798773488252913,0.0,105.63114317792137,0.03666154262305099,6173.130673902235,1,0,0.42691940122817706,0.42691940122817706,0.761592176254326,0.761592176254326,4396.358792622496,4396.358792622496,2961.141207377503,2961.141207377503,asphalt,1.1575
8.466666666666667,64.0777520030866,17.799375556412944,0.0,0.0,0.0,0.0,17.799375556412944,0.0,105.92779569282028,0.03580415390985081,6173.381004074675,1,0,0.4269276301923908,0.4269276301923908,0.7614695032668305,0.7614695032668305,4396.4236472176835,4396.4236472176835,2961.076352782316,2961.076352782316,asphalt,1.1575
8.483333333333334,64.07986875927651,17.799963544243475,0.0,0.0,0.0,0.0,17.799963544243475,0.0,106.22445809508457,0.034966816198789274,6173.625479904046,1,0,0.4269356664717523,0.4269356664717523,0.7613496939912998,0.7613496939912998,4396.486985115447,4396.486985115447,2961.013014884552,2961.013014884552,asphalt,1.1575
8.500000000000002,64.08193601170474,17.800537781029096,0.0,0.0,0.0,0.0,17.800537781029096,0.0,106.5211301534823,0.03414906059305167,6173.864238298909,1,0,0.4269435145834127,0.4269435145834127,0.7612326816965047,0.7612326816965047,4396.548841783888,4396.548841783888,2960.951158216112,2960.951158216112,asphalt,1.1575
8.51666666666667,64.08395491807448,17.801098588354023,0.0,0.0,0.0,0.0,17.801098588354023,0.0,106.81781164218913,0.03335042916347675,6174.0974129663955,1,0,0.4269511789383655,0.4269511789383655,0.7611184012006506,0.7611184012006506,4396.6092518618925,4396.6092518618925,2960.8907481381066,2960.8907481381066,asphalt,1.1575
8.533333333333337,64.08592660901577,17.80164628028216,0.0,0.0,0.0,0.0,17.80164628028216,0.0,107.11450234066184,0.0325704746859401,6174.325134487025,1,0,0.4269586638439864,0.4269586638439864,0.7610067888355885,0.7610067888355885,4396.668249178186,4396.668249178186,2960.831750821814,2960.831750821814,asphalt,1.1575
8.550000000000004,64.08785218871853,17.802181163532925,0.0,0.0,0.0,0.0,17.802181163532925,0.0,107.411202033515,0.03180876039323266,6174.547530387805,1,0,0.42696597350643134,0.42696597350643134,0.7608977824120364,0.7608977824120364,4396.725866770747,4396.725866770747,2960.7741332292517,2960.7741332292517,asphalt,1.1575
8.566666666666672,64.08973273555083,17.802703537653006,0.0,0.0,0.0,0.0,17.802703537653006,0.0,107.70791051040013,0.031064859732907735,6174.764725213603,1,0,0.42697311203306987,0.42697311203306987,0.7607913211853501,0.7607913211853501,4396.782136904837,4396.782136904837,2960.717863095163,2960.717863095163,asphalt,1.1575
8.58333333333334,64.0915693026627,17.803213695184084,0.0,0.0,0.0,0.0,17.803213695184084,0.0,108.00462756588801,0.03033835612598068,6174.976840596865,1,0,0.4269800834348026,0.4269800834348026,0.7606873458222333,0.7606873458222333,4396.837091091195,4396.837091091195,2960.6629089088037,2960.6629089088037,asphalt,1.1575
8.600000000000007,64.09336291857582,17.803711921826615,0.0,0.0,0.0,0.0,17.803711921826615,0.0,108.30135299935372,0.029628842735007765,6175.183995325703,1,0,0.4269868916283053,0.4269868916283053,0.7605857983682388,0.7605857983682388,4396.890760104005,4396.890760104005,2960.6092398959945,2960.6092398959945,asphalt,1.1575
8.616666666666674,64.09511458775941,17.804198496599835,0.0,0.0,0.0,0.0,17.804198496599835,0.0,108.59808661486414,0.028935922235575617,6175.386305410397,1,0,0.4269935404383111,0.4269935404383111,0.7604866222157751,0.7604866222157751,4396.943173997489,4396.943173997489,2960.556826002511,2960.556826002511,asphalt,1.1575
8.633333333333342,64.09682529119264,17.804673691997955,0.0,0.0,0.0,0.0,17.804673691997955,0.0,108.89482822106834,0.028259206593759245,6175.583884148339,1,0,0.4270000335997191,0.4270000335997191,0.7603897620731573,0.7603897620731573,4396.994362123353,4396.994362123353,2960.505637876646,2960.505637876646,asphalt,1.1575
8.65000000000001,64.09849598691396,17.805137774142764,0.0,0.0,0.0,0.0,17.805137774142764,0.0,109.19157763109034,0.02759831684954861,6175.776842187467,1,0,0.4270063747597437,0.4270063747597437,0.7602951639341173,0.7602951639341173,4397.044353146884,4397.044353146884,2960.4556468531164,2960.4556468531164,asphalt,1.1575
8.666666666666677,64.1001276105575,17.805591002932637,0.0,0.0,0.0,0.0,17.805591002932637,0.0,109.48833466242456,0.026952882905391107,6175.965287588206,1,0,0.42701256747998406,0.42701256747998406,0.7602027750480965,0.7602027750480965,4397.093175062965,4397.093175062965,2960.4068249370343,2960.4068249370343,asphalt,1.1575
8.683333333333344,64.10172107587702,17.80603363218806,0.0,0.0,0.0,0.0,17.80603363218806,0.0,109.78509913683354,0.026322543317292002,6176.149325883975,1,0,0.42701861523842466,0.42701861523842466,0.760112543891255,0.760112543891255,4397.14085521193,4397.14085521193,2960.3591447880694,2960.3591447880694,asphalt,1.1575
8.700000000000012,64.10327727525755,17.806465909793765,0.0,0.0,0.0,0.0,17.806465909793765,0.0,110.08187088024812,0.02570694509358873,6176.329060140267,1,0,0.42702452143141656,0.42702452143141656,0.7600244201380815,0.7600244201380815,4397.187420294744,4397.187420294744,2960.3125797052558,2960.3125797052558,asphalt,1.1575
8.71666666666668,64.10479708021506,17.806888077837517,0.0,0.0,0.0,0.0,17.806888077837517,0.0,110.37864972267003,0.02510574349628314,6176.504591012365,1,0,0.42703028937558885,0.42703028937558885,0.7599383546337017,0.7599383546337017,4397.232896388078,4397.232896388078,2960.2671036119214,2960.2671036119214,asphalt,1.1575
8.733333333333347,64.10628134188448,17.80730037274569,0.0,0.0,0.0,0.0,17.80730037274569,0.0,110.67543549807662,0.024518601850900268,6176.676016801691,1,0,0.42703592230974813,0.42703592230974813,0.7598542993667385,0.7598542993667385,4397.277308958671,4397.277308958671,2960.2226910413287,2960.2226910413287,asphalt,1.1575
8.750000000000014,64.10773089149629,17.807703025415634,0.0,0.0,0.0,0.0,17.807703025415634,0.0,110.97222804432795,0.02394519135293649,6176.843433510848,1,0,0.42704142339667744,0.42704142339667744,0.7597722074429378,0.7597722074429378,4397.320682877943,4397.320682877943,2960.1793171220565,2960.1793171220565,asphalt,1.1575
8.766666666666682,64.10914654084199,17.808096261344996,0.0,0.0,0.0,0.0,17.808096261344996,0.0,111.2690272030759,0.023385190889655405,6177.0069348973775,1,0,0.4270467957249698,0.4270467957249698,0.7596920330591926,0.7596920330591926,4397.363042435467,4397.363042435467,2960.136957564533,2960.136957564533,asphalt,1.1575
8.78333333333335,64.1105290827287,17.80848030075797,0.0,0.0,0.0,0.0,17.80848030075797,0.0,111.56583281967556,0.022838286855915158,6177.166612526253,1,0,0.42705204231073857,0.42705204231073857,0.7596137314783762,0.7596137314783762,4397.404411352939,4397.404411352939,2960.095588647061,2960.095588647061,asphalt,1.1575
8.800000000000017,64.111879291423,17.80885535872861,0.0,0.0,0.0,0.0,17.80885535872861,0.0,111.8626447430987,0.022304172980227577,6177.322555821152,1,0,0.4270571660993304,0.4270571660993304,0.7595372590046344,0.7595372590046344,4397.44481279739,4397.44481279739,2960.055187202609,2960.055187202609,asphalt,1.1575
8.816666666666684,64.11319792308461,17.80922164530128,0.0,0.0,0.0,0.0,17.80922164530128,0.0,112.159462825849,0.021782550152522617,6177.474852114525,1,0,0.42706216996700425,0.42706216996700425,0.7594625729592301,0.7594625729592301,4397.484269394011,4397.484269394011,2960.0157306059887,2960.0157306059887,asphalt,1.1575
8.833333333333352,64.11448571618976,17.809579365608265,0.0,0.0,0.0,0.0,17.809579365608265,0.0,112.45628692387965,0.02127312625958666,6177.6235866965,1,0,0.4270670567225424,0.4270670567225424,0.7593896316570132,0.7593896316570132,4397.522803238969,4397.522803238969,2959.9771967610304,2959.9771967610304,asphalt,1.1575
8.85000000000002,64.11574339194466,17.80992871998463,0.0,0.0,0.0,0.0,17.80992871998463,0.0,112.75311689651254,0.020775616016237564,6177.768842862638,1,0,0.4270718291088505,0.4270718291088505,0.759318394383364,0.759318394383364,4397.5604359116605,4397.5604359116605,2959.939564088339,2959.939564088339,asphalt,1.1575
8.866666666666687,64.11697165468954,17.810269904080425,0.0,0.0,0.0,0.0,17.810269904080425,0.0,113.0499526063595,0.020289740811847423,6177.910701960575,1,0,0.4270764898045028,0.4270764898045028,0.7592488213717044,0.7592488213717044,4397.597188486825,4397.597188486825,2959.9028115131746,2959.9028115131746,asphalt,1.1575
8.883333333333354,64.11817119229278,17.810603108970216,0.0,0.0,0.0,0.0,17.810603108970216,0.0,113.34679391924547,0.019815228547486186,6178.049243435575,1,0,0.42708104142524406,0.42708104142524406,0.7591808737815486,0.7591808737815486,4397.633081546473,4397.633081546473,2959.8669184535265,2959.8669184535265,asphalt,1.1575
8.900000000000022,64.11934267653638,17.810928521260106,0.0,0.0,0.0,0.0,17.810928521260106,0.0,113.64364070413326,0.019351813490118275,6178.184544875006,1,0,0.42708548652548295,0.42708548652548295,0.7591145136769865,0.7591145136769865,4397.668135191232,4397.668135191232,2959.831864808767,2959.831864808767,asphalt,1.1575
8.91666666666669,64.12048676349197,17.81124632319221,0.0,0.0,0.0,0.0,17.81124632319221,0.0,113.94049283305017,0.018899236119978013,6178.3166820518,1,0,0.42708982759972575,0.42708982759972575,0.7590497040057232,0.7590497040057232,4397.702369051699,4397.702369051699,2959.7976309483,2959.7976309483,asphalt,1.1575
8.933333333333357,64.12160409388822,17.811556692746727,0.0,0.0,0.0,0.0,17.811556692746727,0.0,114.23735018101632,0.018457242985618905,6178.445728966872,1,0,0.4270940670839879,0.4270940670839879,0.7589864085785709,0.7589864085785709,4397.735802299399,4397.735802299399,2959.7641977006,2959.7641977006,asphalt,1.1575
8.950000000000024,64.1226952934697,17.811859803741584,0.0,0.0,0.0,0.0,17.811859803741584,0.0,114.53421262597475,0.01802558656322617,6178.571757890561,1,0,0.4270982073571582,0.4270982073571582,0.7589245920494553,0.7589245920494553,4397.768453657625,4397.768453657625,2959.731546342374,2959.731546342374,asphalt,1.1575
8.966666666666692,64.12376097334725,17.81215582592979,0.0,0.0,0.0,0.0,17.81215582592979,0.0,114.8310800487229,0.017604025117634592,6178.6948394031015,1,0,0.42710225074236974,0.42710225074236974,0.7588642198957659,0.7588642198957659,4397.800341411631,4397.800341411631,2959.699658588369,2959.699658588369,asphalt,1.1575
8.98333333333336,64.12480173034011,17.812444925094475,0.0,0.0,0.0,0.0,17.812444925094475,0.0,115.12795233284604,0.017192322565051654,6178.815042434142,1,0,0.42710619950828455,0.42710619950828455,0.7588052583993197,0.7588052583993197,4397.831483419144,4397.831483419144,2959.6685165808553,2959.6685165808553,asphalt,1.1575
9.000000000000027,64.12581814731034,17.81272726314176,0.0,0.0,0.0,0.0,17.81272726314176,0.0,115.42482936465197,0.016790248345159853,6178.932434301348,1,0,0.4271100558703659,0.4271100558703659,0.7587476746276969,0.7587476746276969,4397.861897120437,4397.861897120437,2959.6381028795627,2959.6381028795627,asphalt,1.1575
9.016666666666694,64.12681079348897,17.81300299819138,0.0,0.0,0.0,0.0,17.81300299819138,0.0,115.72171103310734,0.016397577287250442,6179.047080748091,1,0,0.4271138219921615,0.4271138219921615,0.758691436415915,0.758691436415915,4397.891599547746,4397.891599547746,2959.608400452253,2959.608400452253,asphalt,1.1575
9.033333333333362,64.12778022479492,17.813272284665256,0.0,0.0,0.0,0.0,17.813272284665256,0.0,116.01859722977552,0.01601408948744165,6179.15904598027,1,0,0.4271174999864971,0.4271174999864971,0.75863651234867,0.75863651234867,4397.920607335088,4397.920607335088,2959.5793926649117,2959.5793926649117,asphalt,1.1575
9.05000000000003,64.12872698414628,17.81353527337397,0.0,0.0,0.0,0.0,17.81353527337397,0.0,116.31548784875582,0.015639570183338947,6179.268392702264,1,0,0.42712109191668246,0.42712109191668246,0.7585828717428882,0.7585828717428882,4397.948936727421,4397.948936727421,2959.5510632725786,2959.5510632725786,asphalt,1.1575
9.066666666666697,64.12965160176434,17.813792111601206,0.0,0.0,0.0,0.0,17.813792111601206,0.0,116.61238278662424,0.0152738096355165,6179.375182152041,1,0,0.42712459979766043,0.42712459979766043,0.75853048463075,0.75853048463075,4397.976603589884,4397.976603589884,2959.523396410116,2959.523396410116,asphalt,1.1575
9.083333333333364,64.13055459547046,17.814042943186237,0.0,0.0,0.0,0.0,17.814042943186237,0.0,116.90928194237549,0.014916603009851315,6179.479474135456,1,0,0.4271280255971527,0.4271280255971527,0.7584793217430434,0.7584793217430434,4398.003623416575,4398.003623416575,2959.496376583425,2959.496376583425,asphalt,1.1575
9.100000000000032,64.13143647097607,17.814287908604463,0.0,0.0,0.0,0.0,17.814287908604463,0.0,117.20618521736652,0.01456775026156265,6179.581327059736,1,0,0.4271313712367654,0.4271313712367654,0.7584293544929454,0.7584293544929454,4398.030011339276,4398.030011339276,2959.469988660724,2959.469988660724,asphalt,1.1575
9.1166666666667,64.13229772216593,17.814527145046092,0.0,0.0,0.0,0.0,17.814527145046092,0.0,117.50309251526114,0.014227056024367357,6179.68079796619,1,0,0.42713463859307793,0.42713463859307793,0.7583805549601386,0.7583805549601386,4398.055782135848,4398.055782135848,2959.4442178641516,2959.4442178641516,asphalt,1.1575
9.133333333333367,64.13313883137464,17.814760786492954,0.0,0.0,0.0,0.0,17.814760786492954,0.0,117.8000037419762,0.013894329500487856,6179.777942562148,1,0,0.427137829498689,0.427137829498689,0.75833289587535,0.75833289587535,4398.080950238634,4398.080950238634,2959.4190497613654,2959.4190497613654,asphalt,1.1575
9.150000000000034,64.13396026965674,17.81498896379354,0.0,0.0,0.0,0.0,17.81498896379354,0.0,118.0969188056288,0.013569384354923386,6179.872815252163,1,0,0.4271409457432616,0.4271409457432616,0.7582863506051833,0.7582863506051833,4398.105529742405,4398.105529742405,2959.3944702575945,2959.3944702575945,asphalt,1.1575
9.166666666666702,64.13476249705056,17.815211804736265,0.0,0.0,0.0,0.0,17.815211804736265,0.0,118.39383761648493,0.013252038608868588,6179.965469168468,1,0,0.42714398907451906,0.42714398907451906,0.758240893137363,0.758240893137363,4398.129534412378,4398.129534412378,2959.3704655876213,2959.3704655876213,asphalt,1.1575
9.183333333333369,64.13554596283578,17.81542943412105,0.0,0.0,0.0,0.0,17.81542943412105,0.0,118.69076008690915,0.01294211454080596,6180.055956200739,1,0,0.42714696119924367,0.42714696119924367,0.7581964980662539,0.7581964980662539,4398.15297769178,4398.15297769178,2959.34702230822,2959.34702230822,asphalt,1.1575
9.200000000000037,64.13631110578507,17.815641973829184,0.0,0.0,0.0,0.0,17.815641973829184,0.0,118.98768613131547,0.01263943858333505,6180.144327025145,1,0,0.4271498637842208,0.4271498637842208,0.7581531405787943,0.7581531405787943,4398.175872709541,4398.175872709541,2959.3241272904584,2959.3241272904584,asphalt,1.1575
9.216666666666704,64.13705835440976,17.8158495428916,0.0,0.0,0.0,0.0,17.8158495428916,0.0,119.28461566611954,0.012343841230233465,6180.230631132728,1,0,0.4271526984571952,0.4271526984571952,0.7581107964406703,0.7581107964406703,4398.198232287479,4398.198232287479,2959.3017677125204,2959.3017677125204,asphalt,1.1575
9.233333333333372,64.13778812719985,17.816052257555516,0.0,0.0,0.0,0.0,17.816052257555516,0.0,119.58154860969177,0.012055156937549327,6180.314916857124,1,0,0.4271554668077675,0.4271554668077675,0.7580694419828946,0.7580694419828946,4398.220068947669,4398.220068947669,2959.279931052331,2959.279931052331,asphalt,1.1575
9.250000000000039,64.13850083285838,17.81625023134955,0.0,0.0,0.0,0.0,17.81625023134955,0.0,119.87848488231157,0.011773224034072882,6180.397231401622,1,0,0.42715817038830445,0.42715817038830445,0.7580290540886224,0.7580290540886224,4398.241394919303,4398.241394919303,2959.258605080696,2959.258605080696,asphalt,1.1575
9.266666666666707,64.13919687053021,17.816443575147282,0.0,0.0,0.0,0.0,17.816443575147282,0.0,120.17542440612281,0.011497884627544863,6180.477620865597,1,0,0.42716081071481105,0.42716081071481105,0.7579896101803022,0.7579896101803022,4398.262222145558,4398.262222145558,2959.237777854442,2959.237777854442,asphalt,1.1575
9.283333333333374,64.1398766300257,17.81663239722936,0.0,0.0,0.0,0.0,17.81663239722936,0.0,120.47236710509016,0.011228984521096663,6180.556130270333,1,0,0.42716338926778596,0.42716338926778596,0.7579510882071184,0.7579510882071184,4398.282562290251,4398.282562290251,2959.2174377097485,2959.2174377097485,asphalt,1.1575
9.300000000000042,64.14054049203885,17.816816803344125,0.0,0.0,0.0,0.0,17.816816803344125,0.0,120.76931290495648,0.010966373121163997,6180.632803584229,1,0,0.4271659074930352,0.4271659074930352,0.7579134666327856,0.7579134666327856,4398.302426744584,4398.302426744584,2959.1975732554147,2959.1975732554147,asphalt,1.1575
9.316666666666709,64.14118882836061,17.816996896766835,0.0,0.0,0.0,0.0,17.816996896766835,0.0,121.06626173320129,0.010709903356485029,6180.707683747425,1,0,0.4271683668025069,0.4271683668025069,0.7578767244235107,0.7578767244235107,4398.321826633293,4398.321826633293,2959.1781733667062,2959.1781733667062,asphalt,1.1575
9.333333333333377,64.14182200208701,17.817172778357502,0.0,0.0,0.0,0.0,17.817172778357502,0.0,121.3632135190001,0.0104594315970985,6180.780812695844,1,0,0.42717076857508074,0.42717076857508074,0.7578408410363136,0.7578408410363136,4398.3407728209295,4398.3407728209295,2959.1592271790696,2959.1592271790696,asphalt,1.1575
9.350000000000044,64.14244036782256,17.817344546617377,0.0,0.0,0.0,0.0,17.817344546617377,0.0,121.66016819318482,0.010214817569931256,6180.852231384682,1,0,0.42717311415734943,0.42717311415734943,0.757805796407578,0.757805796407578,4398.359275917893,4398.359275917893,2959.140724082107,2959.140724082107,asphalt,1.1575
9.366666666666712,64.1430442718788,17.81751229774411,0.0,0.0,0.0,0.0,17.81751229774411,0.0,121.95712568820494,0.009975924282059623,6180.921979811339,1,0,0.42717540486434896,0.42717540486434896,0.757771570941966,0.757771570941966,4398.377346286643,4398.377346286643,2959.1226537133566,2959.1226537133566,asphalt,1.1575
9.383333333333379,64.14363405246817,17.817676125685605,0.0,0.0,0.0,0.0,17.817676125685605,0.0,122.25408593808979,0.009742617945676102,6180.990097037816,1,0,0.4271776419803322,0.4271776419803322,0.7577381455014212,0.7577381455014212,4398.3949940471575,4398.3949940471575,2959.105005952842,2959.105005952842,asphalt,1.1575
9.400000000000047,64.14421003989361,17.817836122192666,0.0,0.0,0.0,0.0,17.817836122192666,0.0,122.5510488784115,0.009514767902203403,6181.056621212596,1,0,0.42717982675946875,0.42717982675946875,0.7577055013945748,0.7577055013945748,4398.4122290828245,4398.4122290828245,2959.0877709171746,2959.0877709171746,asphalt,1.1575
9.416666666666714,64.14477255673329,17.817992376870357,0.0,0.0,0.0,0.0,17.817992376870357,0.0,122.84801444624898,0.009292246546408478,6181.121589592003,1,0,0.42718196042657136,0.42718196042657136,0.7576736203662899,0.7576736203662899,4398.429061045768,4398.429061045768,2959.0709389542317,2959.0709389542317,asphalt,1.1575
9.433333333333382,64.14532191802148,17.818144977228187,0.0,0.0,0.0,0.0,17.818144977228187,0.0,123.14498258015266,0.009074929259043074,6181.185038561069,1,0,0.427184044177755,0.427184044177755,0.7576424845875757,0.7576424845875757,4398.44549936255,4398.44549936255,2959.054500637449,2959.054500637449,asphalt,1.1575
9.450000000000049,64.14585843142477,17.8182940087291,0.0,0.0,0.0,0.0,17.8182940087291,0.0,123.44195322011007,0.00886269433436837,6181.247003653905,1,0,0.4271860791811297,0.4271860791811297,0.7576120766456036,0.7576120766456036,4398.461553239241,4398.461553239241,2959.0384467607582,2959.0384467607582,asphalt,1.1575
9.466666666666717,64.14638239741456,17.818439554837376,0.0,0.0,0.0,0.0,17.818439554837376,0.0,123.73892630751224,0.00865542291364818,6181.307519573607,1,0,0.42718806657746033,0.42718806657746033,0.7575823795340074,0.7575823795340074,4398.477231666545,4398.477231666545,2959.0227683334547,2959.0227683334547,asphalt,1.1575
9.483333333333384,64.14689410943521,17.818581697065337,0.0,0.0,0.0,0.0,17.818581697065337,0.0,124.03590178512093,0.008452998916936849,6181.366620211686,1,0,0.4271900074807986,0.4271900074807986,0.7575533766434317,0.7575533766434317,4398.49254342493,4398.49254342493,2959.00745657507,2959.00745657507,asphalt,1.1575
9.500000000000052,64.14739385406845,17.818720515019013,0.0,0.0,0.0,0.0,17.818720515019013,0.0,124.33287959703645,0.008255308979983056,6181.424338667043,1,0,0.4271919029791133,0.4271919029791133,0.7575250517522759,0.7575250517522759,4398.507497089501,4398.507497089501,2958.9925029104984,2958.9925029104984,asphalt,1.1575
9.516666666666719,64.14788191119374,17.818856086442704,0.0,0.0,0.0,0.0,17.818856086442704,0.0,124.62985968866651,0.008062242387723018,6181.480707264518,1,0,0.42719375413488214,0.42719375413488214,0.7574973890177011,0.7574973890177011,4398.522101035003,4398.522101035003,2958.9778989649967,2958.9778989649967,asphalt,1.1575
9.533333333333387,64.14835855414518,17.818988487262548,0.0,0.0,0.0,0.0,17.818988487262548,0.0,124.92684200669545,0.00787369101715285,6181.535757572981,1,0,0.4271955619857278,0.4271955619857278,0.7574703729667059,0.7574703729667059,4398.536363440113,4398.536363440113,2958.963636559887,2958.963636559887,asphalt,1.1575
9.550000000000054,64.14882404986446,17.819117791629015,0.0,0.0,0.0,0.0,17.819117791629015,0.0,125.22382649905458,0.007689549271674423,6181.589520423015,1,0,0.42719732754497247,0.42719732754497247,0.7574439884875804,0.7574439884875804,4398.550292292314,4398.550292292314,2958.949707707686,2958.949707707686,asphalt,1.1575
9.566666666666721,64.14927865905041,17.819244071958448,0.0,0.0,0.0,0.0,17.819244071958448,0.0,125.52081311489293,0.007509714024820369,6181.642025924179,1,0,0.42719905180221107,0.42719905180221107,0.7574182208214713,0.7574182208214713,4398.563895392322,4398.563895392322,2958.936104607678,2958.936104607678,asphalt,1.1575
9.583333333333389,64.14972263630497,17.819367398973604,0.0,0.0,0.0,0.0,17.819367398973604,0.0,125.81780180454875,0.007334084562273802,6181.693303481878,1,0,0.42720073572387524,0.42720073572387524,0.7573930555541345,0.7573930555541345,4398.5771803583775,4398.5771803583775,2958.9228196416225,2958.9228196416225,asphalt,1.1575
9.600000000000056,64.15015623027583,17.819487841743285,0.0,0.0,0.0,0.0,17.819487841743285,0.0,126.11479251952171,0.0071625625238880275,6181.74338181382,1,0,0.4272023802537736,0.4272023802537736,0.7573684786079143,0.7573684786079143,4398.590154630543,4398.590154630543,2958.909845369456,2958.909845369456,asphalt,1.1575
9.616666666666724,64.15057968379556,17.819605467720987,0.0,0.0,0.0,0.0,17.819605467720987,0.0,126.4117852124458,0.006995051851674816,6181.792288966105,1,0,0.4272039863136081,0.4272039863136081,0.7573444762339232,0.7573444762339232,4398.602825475002,4398.602825475002,2958.897174524998,2958.897174524998,asphalt,1.1575
9.633333333333391,64.15099323401773,17.819720342782702,0.0,0.0,0.0,0.0,17.819720342782702,0.0,126.70877983706272,0.006831458731824114,6181.840052328929,1,0,0.4272055548035211,0.4272055548035211,0.7573210350043053,0.7573210350043053,4398.615199987834,4398.615199987834,2958.8848000121657,2958.8848000121657,asphalt,1.1575
9.650000000000059,64.15139711254966,17.819832531263792,0.0,0.0,0.0,0.0,17.819832531263792,0.0,127.005776348196,0.00667169154610292,6181.886698651924,1,0,0.4272070866025685,0.4272070866025685,0.7572981418048316,0.7572981418048316,4398.627285099318,4398.627285099318,2958.8727149006813,2958.8727149006813,asphalt,1.1575
9.666666666666726,64.1517915455821,17.819942095995028,0.0,0.0,0.0,0.0,17.819942095995028,0.0,127.30277470172572,0.006515660818990909,6181.932254059139,1,0,0.42720858256922967,0.42720858256922967,0.7572757838275451,0.7572757838275451,4398.639087577649,4398.639087577649,2958.860912422351,2958.860912422351,asphalt,1.1575
9.683333333333394,64.15217675401604,17.820049098337787,0.0,0.0,0.0,0.0,17.820049098337787,0.0,127.59977485456379,0.006363279167374003,6181.976744063669,1,0,0.42721004354190967,0.42721004354190967,0.7572539485635658,0.7572539485635658,4398.650614032525,4398.650614032525,2958.849385967475,2958.849385967475,asphalt,1.1575
9.700000000000061,64.15255295358618,17.820153598218383,0.0,0.0,0.0,0.0,17.820153598218383,0.0,127.89677676462982,0.006214461249385295,6182.02019358194,1,0,0.42721147033935064,0.42721147033935064,0.7572326237962671,0.7572326237962671,4398.661870919446,4398.661870919446,2958.8381290805532,2958.8381290805532,asphalt,1.1575
9.716666666666729,64.152920354982,17.820255654161667,0.0,0.0,0.0,0.0,17.820255654161667,0.0,128.19378039082753,0.006069123722625136,6182.062626947669,1,0,0.4272128637611706,0.4272128637611706,0.7572117975942578,0.7572117975942578,4398.672864542537,4398.672864542537,2958.827135457462,2958.827135457462,asphalt,1.1575
9.733333333333396,64.15327916396559,17.820355323323774,0.0,0.0,0.0,0.0,17.820355323323774,0.0,128.49078569302176,0.005927185191296758,6182.104067925487,1,0,0.4272142245882367,0.4272142245882367,0.7571914583049205,0.7571914583049205,4398.6836010588395,4398.6836010588395,2958.81639894116,2958.81639894116,asphalt,1.1575
9.750000000000064,64.15362958148692,17.820452661524147,0.0,0.0,0.0,0.0,17.820452661524147,0.0,128.78779263201605,0.005788566164426356,6182.144539724249,1,0,0.42721555358316526,0.42721555358316526,0.7571715945477526,0.7571715945477526,4398.694086481134,4398.694086481134,2958.8059135188655,2958.8059135188655,asphalt,1.1575
9.766666666666731,64.15397180379644,17.82054772327679,0.0,0.0,0.0,0.0,17.82054772327679,0.0,129.08480116953052,0.005653189008967274,6182.184065010031,1,0,0.42721685149070926,0.42721685149070926,0.75715219520812,0.75715219520812,4398.704326681724,4398.704326681724,2958.795673318276,2958.795673318276,asphalt,1.1575
9.783333333333399,64.1543060225549,17.820640561820806,0.0,0.0,0.0,0.0,17.820640561820806,0.0,129.38181126818066,0.005520977908872737,6182.222665918827,1,0,0.4272181190381908,0.4272181190381908,0.7571332494310181,0.7571332494310181,4398.714327395576,4398.714327395576,2958.7856726044233,2958.7856726044233,asphalt,1.1575
9.800000000000066,64.15463242494073,17.8207312291502,0.0,0.0,0.0,0.0,17.8207312291502,0.0,129.67882289145612,0.005391858819052686,6182.260364068939,1,0,0.4272193569359163,0.4272193569359163,0.7571147466149978,0.7571147466149978,4398.724094223465,4398.724094223465,2958.7759057765347,2958.7759057765347,asphalt,1.1575
9.816666666666734,64.15495119375485,17.820819776043013,0.0,0.0,0.0,0.0,17.820819776043013,0.0,129.97583600370052,0.005265759428709771,6182.297180573092,1,0,0.42722056587755536,0.42722056587755536,0.7570966764062972,0.7570966764062972,4398.733632635302,4398.733632635302,2958.7663673646985,2958.7663673646985,asphalt,1.1575
9.833333333333401,64.15526250752306,17.82090625208974,0.0,0.0,0.0,0.0,17.82090625208974,0.0,130.27285057009135,0.005142609115296182,6182.333136050251,1,0,0.427221746540549,0.427221746540549,0.7570790286930171,0.7570790286930171,4398.742947973024,4398.742947973024,2958.7570520269765,2958.7570520269765,asphalt,1.1575
9.850000000000069,64.15556654059603,17.82099070572112,0.0,0.0,0.0,0.0,17.82099070572112,0.0,130.56986655662047,0.005022338910407598,6182.36825063717,1,0,0.42722289958649845,0.42722289958649845,0.7570617935994516,0.7570617935994516,4398.752045453478,4398.752045453478,2958.7479545465217,2958.7479545465217,asphalt,1.1575
9.866666666666736,64.1558634632469,17.82107318423525,0.0,0.0,0.0,0.0,17.82107318423525,0.0,130.86688393007512,0.004904881457150623,6182.40254399967,1,0,0.42722402566149087,0.42722402566149087,0.7570449614806948,0.7570449614806948,4398.760930171821,4398.760930171821,2958.7390698281783,2958.7390698281783,asphalt,1.1575
9.883333333333404,64.15615344176669,17.82115373382408,0.0,0.0,0.0,0.0,17.82115373382408,0.0,131.16390265801925,0.004790170974331431,6182.436035343656,1,0,0.42722512539652796,0.42722512539652796,0.7570285229170842,0.7570285229170842,4398.769607103696,4398.769607103696,2958.730392896303,2958.730392896303,asphalt,1.1575
9.900000000000071,64.15643663855737,17.821232399599268,0.0,0.0,0.0,0.0,17.821232399599268,0.0,131.46092270877543,0.0046781432189391126,6182.468743425864,1,0,0.42722619940780704,0.42722619940780704,0.7570124687091316,0.7570124687091316,4398.778081108762,4398.778081108762,2958.7219188912372,2958.7219188912372,asphalt,1.1575
9.916666666666739,64.1567132122229,17.82130922561747,0.0,0.0,0.0,0.0,17.82130922561747,0.0,131.75794405140707,0.004568735451186967,6182.5006865643745,1,0,0.4272272482971392,0.4272272482971392,0.7569967898721982,0.7569967898721982,4398.786356932678,4398.786356932678,2958.7136430673213,2958.7136430673213,asphalt,1.1575
9.933333333333406,64.15698331765789,17.82138425490497,0.0,0.0,0.0,0.0,17.82138425490497,0.0,132.054966655701,0.0044618863961432,6182.531882648865,1,0,0.42722827265222707,0.42722827265222707,0.7569814776316336,0.7569814776316336,4398.794439210377,4398.794439210377,2958.7055607896223,2958.7055607896223,asphalt,1.1575
9.950000000000074,64.1572471061346,17.821457529481833,0.0,0.0,0.0,0.0,17.821457529481833,0.0,132.35199049215078,0.004357536215593427,6182.562349150631,1,0,0.4272292730470409,0.4272292730470409,0.7569665234177546,0.7569665234177546,4398.802332468179,4398.802332468179,2958.697667531821,2958.697667531821,asphalt,1.1575
9.966666666666741,64.15750472538741,17.821529090385393,0.0,0.0,0.0,0.0,17.821529090385393,0.0,132.6490155319399,0.004255626467966067,6182.592103132372,1,0,0.42723025004209475,0.42723025004209475,0.7569519188611791,0.7569519188611791,4398.810041126804,4398.810041126804,2958.6899588731953,2958.6899588731953,asphalt,1.1575
9.983333333333409,64.1577563196957,17.82159897769325,0.0,0.0,0.0,0.0,17.82159897769325,0.0,132.9460417469259,0.004156100079342195,6182.621161257745,1,0,0.42723120418481386,0.42723120418481386,0.7569376557880123,0.7569376557880123,4398.817569503301,4398.817569503301,2958.6824304966995,2958.6824304966995,asphalt,1.1575
10.000000000000076,64.15800202996456,17.82166723054571,0.0,0.0,0.0,0.0,17.82166723054571,0.0,133.24306910962446,0.004058901309349494,6182.649539800698,1,0,0.4272321360097912,0.4272321360097912,0.756923726215416,0.756923726215416,4398.824921813986,4398.824921813986,2958.6750781860133,2958.6750781860133,asphalt,1.1575
10.016666666666744,64.15824199380383,17.821733887167728,0.0,0.0,0.0,0.0,17.821733887167728,0.0,133.54009759319396,0.003963975723877411,6182.677254654583,1,0,0.4272330460391163,0.4272330460391163,0.7569101223470719,0.7569101223470719,4398.832102176509,4398.832102176509,2958.667897823491,2958.667897823491,asphalt,1.1575
10.033333333333411,64.15847634560502,17.821798984890282,0.0,0.0,0.0,0.0,17.821798984890282,0.0,133.83712717142058,0.0038712701601184563,6182.704321341055,1,0,0.4272339347826688,0.4272339347826688,0.7568968365688253,0.7568968365688253,4398.839114612147,4398.839114612147,2958.660885387853,2958.660885387853,asphalt,1.1575
10.050000000000079,64.15870521661668,17.8218625601713,0.0,0.0,0.0,0.0,17.8218625601713,0.0,134.13415781870359,0.0037807326975780597,6182.73075501877,1,0,0.4272348027383982,0.4272348027383982,0.7568838614444467,0.7568838614444467,4398.845963048122,4398.845963048122,2958.6540369518775,2958.6540369518775,asphalt,1.1575
10.066666666666746,64.15892873501788,17.821924648616076,0.0,0.0,0.0,0.0,17.821924648616076,0.0,134.4311895100409,0.0036923126324950317,6182.75657049187,1,0,0.4272356503925811,0.4272356503925811,0.7568711897115364,0.7568711897115364,4398.852651320036,4398.852651320036,2958.6473486799637,2958.6473486799637,asphalt,1.1575
10.083333333333414,64.15914702598994,17.821985284997204,0.0,0.0,0.0,0.0,17.821985284997204,0.0,134.7282222210152,0.0036059604445881632,6182.781782218275,1,0,0.4272364782201465,0.4272364782201465,0.75685881427733,0.75685881427733,4398.859183173469,4398.859183173469,2958.6408168265298,2958.6408168265298,asphalt,1.1575
10.100000000000081,64.1593602117866,17.822044503274057,0.0,0.0,0.0,0.0,17.822044503274057,0.0,135.0252559277802,0.00352162777318199,6182.80640431778,1,0,0.4272372866848899,0.4272372866848899,0.7568467282148686,0.7568467282148686,4398.865562266615,4398.865562266615,2958.6344377333844,2958.6344377333844,asphalt,1.1575
10.116666666666749,64.1595684118025,17.822102336611803,0.0,0.0,0.0,0.0,17.822102336611803,0.0,135.3222906070474,0.003439267387363998,6182.8304505799615,1,0,0.4272380762397596,0.4272380762397596,0.7568349247590659,0.7568349247590659,4398.87179217207,4398.87179217207,2958.62820782793,2958.62820782793,asphalt,1.1575
10.133333333333416,64.15977174263995,17.822158817399984,0.0,0.0,0.0,0.0,17.822158817399984,0.0,135.61932623607285,0.0033588331629630375,6182.853934471904,1,0,0.42723884732710427,0.42723884732710427,0.7568233973029372,0.7568233973029372,4398.877876378888,4398.877876378888,2958.6221236211118,2958.6221236211118,asphalt,1.1575
10.150000000000084,64.15997031817432,17.822213977270643,0.0,0.0,0.0,0.0,17.822213977270643,0.0,135.9163627926445,0.0032802800510012275,6182.876869145736,1,0,0.42723960037892494,0.42723960037892494,0.7568121393939031,0.7568121393939031,4398.883818294504,4398.883818294504,2958.6161817054954,2958.6161817054954,asphalt,1.1575
10.166666666666751,64.16016424961782,17.82226784711606,0.0,0.0,0.0,0.0,17.82226784711606,0.0,136.2134002550698,0.003203564060640929,6182.899267446004,1,0,0.42724033581712145,0.42724033581712145,0.7568011447301677,0.7568011447301677,4398.889621246594,4398.889621246594,2958.6103787534057,2958.6103787534057,asphalt,1.1575
10.183333333333419,64.16035364558171,17.82232045710603,0.0,0.0,0.0,0.0,17.82232045710603,0.0,136.51043860216356,0.0031286422250786927,6182.921141916855,1,0,0.42724105405370544,0.42724105405370544,0.7567904071572645,0.7567904071572645,4398.895288485188,4398.895288485188,2958.6047115148117,2958.6047115148117,asphalt,1.1575
10.200000000000086,64.16053861213717,17.82237183670477,0.0,0.0,0.0,0.0,17.82237183670477,0.0,136.807477813236,0.003055472585344887,6182.942504809072,1,0,0.42724175549106375,0.42724175549106375,0.7567799206645239,0.7567799206645239,4398.900823184146,4398.900823184146,2958.599176815853,2958.599176815853,asphalt,1.1575
10.216666666666754,64.16071925287474,17.82242201468743,0.0,0.0,0.0,0.0,17.82242201468743,0.0,137.10451786808122,0.0029840141630188555,6182.9633680869265,1,0,0.42724244052216453,0.42724244052216453,0.7567696793817719,0.7567696793817719,4398.906228443149,4398.906228443149,2958.59377155685,2958.59377155685,asphalt,1.1575
10.233333333333421,64.16089566896227,17.822471019156186,0.0,0.0,0.0,0.0,17.822471019156186,0.0,137.4015587469659,0.002914226938059983,6182.983743434887,1,0,0.4272431095307715,0.4272431095307715,0.7567596775760603,0.7567596775760603,4398.911507289489,4398.911507289489,2958.5884927105103,2958.5884927105103,asphalt,1.1575
10.250000000000089,64.16106795920162,17.822518877556004,0.0,0.0,0.0,0.0,17.822518877556004,0.0,137.69860043061817,0.002846071826638763,6183.003642264159,1,0,0.42724376289169336,0.42724376289169336,0.7567499096483735,0.7567499096483735,4398.916662679417,4398.916662679417,2958.583337320583,2958.583337320583,asphalt,1.1575
10.266666666666756,64.16123622008395,17.822565616689985,0.0,0.0,0.0,0.0,17.822565616689985,0.0,137.99564290021692,0.0027795106589678653,6183.023075719071,1,0,0.42724440097094246,0.42724440097094246,0.7567403701306347,0.7567403701306347,4398.921697500325,4398.921697500325,2958.578302499675,2958.578302499675,asphalt,1.1575
10.283333333333424,64.16140054584382,17.822611262734394,0.0,0.0,0.0,0.0,17.822611262734394,0.0,138.29268613738122,0.0027145061562805495,6183.042054683325,1,0,0.4272450241259856,0.4272450241259856,0.7567310536825271,0.7567310536825271,4398.9266145718975,4398.9266145718975,2958.5733854281016,2958.5733854281016,asphalt,1.1575
10.300000000000091,64.16156102851193,17.82265584125331,0.0,0.0,0.0,0.0,17.82265584125331,0.0,138.58973012415998,0.0026510219137776403,6183.060589786084,1,0,0.4272456327059232,0.4272456327059232,0.7567219550885669,0.7567219550885669,4398.931416647911,4398.931416647911,2958.568583352089,2958.568583352089,asphalt,1.1575
10.316666666666759,64.16171775796663,17.822699377212952,0.0,0.0,0.0,0.0,17.822699377212952,0.0,138.88677484302193,0.0025890223767532916,6183.078691407929,1,0,0.42724622705168525,0.42724622705168525,0.7567130692551861,0.7567130692551861,4398.936106417765,4398.936106417765,2958.563893582235,2958.563893582235,asphalt,1.1575
10.333333333333426,64.16187082198435,17.82274189499565,0.0,0.0,0.0,0.0,17.82274189499565,0.0,139.1838202768458,0.0025284728235419607,6183.096369686673,1,0,0.4272468074962192,0.4272468074962192,0.7567043912078883,0.7567043912078883,4398.940686508029,4398.940686508029,2958.559313491971,2958.559313491971,asphalt,1.1575
10.350000000000094,64.16202030628867,17.82278341841352,0.0,0.0,0.0,0.0,17.82278341841352,0.0,139.48086640891083,0.0024693393424968235,6183.1136345230325,1,0,0.42724737436470195,0.42724737436470195,0.7566959160884102,0.7566959160884102,4398.9451594836555,4398.9451594836555,2958.5548405163436,2958.5548405163436,asphalt,1.1575
10.366666666666761,64.16216629459832,17.822823970721757,0.0,0.0,0.0,0.0,17.822823970721757,0.0,139.77791322288715,0.0024115888157894005,6183.1304955861815,1,0,0.42724792797467986,0.42724792797467986,0.756687639152106,0.756687639152106,4398.949527849843,4398.949527849843,2958.550472150156,2958.550472150156,asphalt,1.1575
10.383333333333429,64.16230886867417,17.822863574631715,0.0,0.0,0.0,0.0,17.822863574631715,0.0,140.0749607028269,0.0023551889015038796,6183.14696231916,1,0,0.4272484686362847,0.4272484686362847,0.7566795557652032,0.7566795557652032,4398.953794053058,4398.953794053058,2958.546205946941,2958.546205946941,asphalt,1.1575
10.400000000000096,64.16244810836491,17.822902252323587,0.0,0.0,0.0,0.0,17.822902252323587,0.0,140.37200883315515,0.002300108012320834,6183.163043944165,1,0,0.42724899665239596,0.42724899665239596,0.7566716614022332,0.7566716614022332,4398.957960482513,4398.957960482513,2958.542039517487,2958.542039517487,asphalt,1.1575
10.416666666666764,64.16258409165184,17.822940025458845,0.0,0.0,0.0,0.0,17.822940025458845,0.0,140.66905759866128,0.002246315300169499,6183.178749467713,1,0,0.42724951231879904,0.42724951231879904,0.7566639516435418,0.7566639516435418,4398.962029471637,4398.962029471637,2958.5379705283626,2958.5379705283626,asphalt,1.1575
10.433333333333431,64.16271689469251,17.822976915192363,0.0,0.0,0.0,0.0,17.822976915192363,0.0,140.96610698449035,0.002193780639174747,6183.194087685687,1,0,0.4272500159243581,0.4272500159243581,0.7566564221727886,0.7566564221727886,4398.9660032993,4398.9660032993,2958.5339967007,2958.5339967007,asphalt,1.1575
10.450000000000099,64.16284659186336,17.823012942184263,0.0,0.0,0.0,0.0,17.823012942184263,0.0,141.2631569761348,0.0021424746060461075,6183.209067188262,1,0,0.42725050775118456,0.42725050775118456,0.7566490687745214,0.7566490687745214,4398.969884191025,4398.969884191025,2958.530115808974,2958.530115808974,asphalt,1.1575
10.466666666666766,64.16297325580138,17.823048126611493,0.0,0.0,0.0,0.0,17.823048126611493,0.0,141.5602075594265,0.0020923684681406485,6183.223696364716,1,0,0.4272509880747914,0.4272509880747914,0.7566418873318272,0.7566418873318272,4398.973674320276,4398.973674320276,2958.5263256797243,2958.5263256797243,asphalt,1.1575
10.483333333333434,64.16309695744484,17.82308248817912,0.0,0.0,0.0,0.0,17.82308248817912,0.0,141.85725872052845,0.002043434162999347,6183.237983408124,1,0,0.4272514571642415,0.4272514571642415,0.7566348738240468,0.7566348738240468,4398.977375809733,4398.977375809733,2958.5226241902674,2958.5226241902674,asphalt,1.1575
10.500000000000101,64.16321776607298,17.823116046131382,0.0,0.0,0.0,0.0,17.823116046131382,0.0,142.15431044592748,0.0019956442855573187,6183.251936319952,1,0,0.4272519152823078,0.4272519152823078,0.7566280243245005,0.7566280243245005,4398.980990732389,4398.980990732389,2958.519009267611,2958.519009267611,asphalt,1.1575
10.516666666666769,64.16333574934477,17.823148819262435,0.0,0.0,0.0,0.0,17.823148819262435,0.0,142.4513627224263,0.001948972070238142,6183.265562914537,1,0,0.4272523626856091,0.4272523626856091,0.7566213349983207,0.7566213349983207,4398.9845211128295,4398.9845211128295,2958.51547888717,2958.51547888717,asphalt,1.1575
10.533333333333436,64.16345097333686,17.823180825926908,0.0,0.0,0.0,0.0,17.823180825926908,0.0,142.74841553713634,0.0019033913781640877,6183.278870823462,1,0,0.42725279962477647,0.42725279962477647,0.7566148021002504,0.7566148021002504,4398.98796892813,4398.98796892813,2958.51203107187,2958.51203107187,asphalt,1.1575
10.550000000000104,64.1635635025806,17.823212084050166,0.0,0.0,0.0,0.0,17.823212084050166,0.0,143.0454688774704,0.0018588766835136994,6183.291867499831,1,0,0.42725322634455176,0.42725322634455176,0.7566084219726549,0.7566084219726549,4398.991336109394,4398.991336109394,2958.5086638906055,2958.5086638906055,asphalt,1.1575
10.566666666666771,64.16367340009809,17.823242611138358,0.0,0.0,0.0,0.0,17.823242611138358,0.0,143.3425227311357,0.0018154030547634648,6183.304560222442,1,0,0.4272536430839746,0.4272536430839746,0.756602191043349,0.756602191043349,4398.9946245423325,4398.9946245423325,2958.5053754576666,2958.5053754576666,asphalt,1.1575
10.583333333333439,64.16378072743758,17.823272424288216,0.0,0.0,0.0,0.0,17.823272424288216,0.0,143.63957708612696,0.0017729461444560002,6183.316956099863,1,0,0.42725405007649353,0.42725405007649353,0.756596105823656,0.756596105823656,4398.9978360685445,4398.9978360685445,2958.5021639314555,2958.5021639314555,asphalt,1.1575
10.600000000000106,64.16388554470788,17.82330154019663,0.0,0.0,0.0,0.0,17.82330154019663,0.0,143.93663193071964,0.0017314821747049791,6183.3290620744165,1,0,0.427254447550073,0.427254447550073,0.75659016290652,0.75659016290652,4399.000972486798,4399.000972486798,2958.4990275132022,2958.4990275132022,asphalt,1.1575
10.616666666666774,64.16398791061201,17.82332997517,0.0,0.0,0.0,0.0,17.82332997517,0.0,144.23368725346342,0.0016909879235527114,6183.340884926065,1,0,0.42725483572736866,0.42725483572736866,0.7565843589644726,0.7565843589644726,4399.004035553545,4399.004035553545,2958.4959644464543,2958.4959644464543,asphalt,1.1575
10.633333333333441,64.16408788248015,17.82335774513337,0.0,0.0,0.0,0.0,17.82335774513337,0.0,144.5307430431757,0.0016514407130330255,6183.3524312762065,1,0,0.42725521482581713,0.42725521482581713,0.7565786907478679,0.7565786907478679,4399.00702698427,4399.00702698427,2958.492973015729,2958.492973015729,asphalt,1.1575
10.650000000000109,64.16418551630164,17.823384865639344,0.0,0.0,0.0,0.0,17.823384865639344,0.0,144.82779928893552,0.0016128183938235452,6183.363707591387,1,0,0.42725558505776423,0.42725558505776423,0.7565731550830422,0.7565731550830422,4399.009948454383,4399.009948454383,2958.490051545616,2958.490051545616,asphalt,1.1575
10.666666666666776,64.16428086675647,17.823411351876796,0.0,0.0,0.0,0.0,17.823411351876796,0.0,145.12485598007729,0.0015750993350138742,6183.374720186916,1,0,0.42725594663060035,0.42725594663060035,0.7565677488705004,0.7565677488705004,4399.012801599992,4399.012801599992,2958.4871984000083,2958.4871984000083,asphalt,1.1575
10.683333333333444,64.16437398724578,17.823437218679384,0.0,0.0,0.0,0.0,17.823437218679384,0.0,145.4219131061848,0.001538262413873781,6183.385475230411,1,0,0.42725629974685947,0.42725629974685947,0.7565624690832252,0.7565624690832252,4399.015588018989,4399.015588018989,2958.484411981011,2958.484411981011,asphalt,1.1575
10.700000000000111,64.16446492992185,17.823462480533845,0.0,0.0,0.0,0.0,17.823462480533845,0.0,145.7189706570855,0.0015022869979475217,6183.395978745247,1,0,0.42725664460433876,0.42725664460433876,0.7565573127649652,0.7565573127649652,4399.01830927189,4399.01830927189,2958.4816907281092,2958.4816907281092,asphalt,1.1575
10.716666666666779,64.16455374571723,17.823487151588118,0.0,0.0,0.0,0.0,17.823487151588118,0.0,146.01602862284474,0.0014671529407905837,6183.406236613927,1,0,0.4272569813961949,0.4272569813961949,0.756552277028623,0.756552277028623,4399.0209668828575,4399.0209668828575,2958.4790331171425,2958.4790331171425,asphalt,1.1575
10.733333333333446,64.16464048437335,17.82351124565926,0.0,0.0,0.0,0.0,17.82351124565926,0.0,146.3130869937602,0.0014328405640640085,6183.416254581384,1,0,0.42725731031109127,0.42725731031109127,0.7565473590545346,0.7565473590545346,4399.023562340146,4399.023562340146,2958.4764376598537,2958.4764376598537,asphalt,1.1575
10.750000000000114,64.16472519446833,17.823534776241203,0.0,0.0,0.0,0.0,17.823534776241203,0.0,146.61014576035646,0.0013993306524184845,6183.426038258192,1,0,0.42725763153326085,0.42725763153326085,0.7565425560890069,0.7565425560890069,4399.0260970973895,4399.0260970973895,2958.4739029026096,2958.4739029026096,asphalt,1.1575
10.766666666666781,64.1648079234442,17.823557756512276,0.0,0.0,0.0,0.0,17.823557756512276,0.0,146.90720491337973,0.0013666044381466236,6183.435593123713,1,0,0.42725794524262484,0.42725794524262484,0.7565378654427305,0.7565378654427305,4399.0285725742415,4399.0285725742415,2958.471427425758,2958.471427425758,asphalt,1.1575
10.783333333333449,64.16488871763345,17.823580199342622,0.0,0.0,0.0,0.0,17.823580199342622,0.0,147.20426444379265,0.0013346435926564482,6183.444924529163,1,0,0.4272582516149163,0.4272582516149163,0.7565332844892234,0.7565332844892234,4399.030990156949,4399.030990156949,2958.46900984305,2958.46900984305,asphalt,1.1575
10.800000000000116,64.16496762228499,17.823602117301387,0.0,0.0,0.0,0.0,17.823602117301387,0.0,147.50132434276912,0.0013034302170922274,6183.454037700605,1,0,0.42725855082172837,0.42725855082172837,0.756528810663488,0.756528810663488,4399.033351199639,4399.033351199639,2958.466648800361,2958.466648800361,asphalt,1.1575
10.816666666666784,64.16504468158949,17.82362352266375,0.0,0.0,0.0,0.0,17.82362352266375,0.0,147.79838460168958,0.0012729468286920564,6183.462937741885,1,0,0.42725884303065936,0.42725884303065936,0.7565244414604473,0.7565244414604473,4399.03565702457,4399.03565702457,2958.464342975429,2958.464342975429,asphalt,1.1575
10.833333333333451,64.16511993870418,17.82364442741783,0.0,0.0,0.0,0.0,17.82364442741783,0.0,148.09544521213596,0.0012431763573772514,6183.471629637484,1,0,0.42725912840539193,0.42725912840539193,0.7565201744335835,0.7565201744335835,4399.037908923036,4399.037908923036,2958.462091076963,2958.462091076963,asphalt,1.1575
10.850000000000119,64.16519343577691,17.823664843271363,0.0,0.0,0.0,0.0,17.823664843271363,0.0,148.39250616588714,0.0012141021286993237,6183.48011825531,1,0,0.42725940710576094,0.42725940710576094,0.7565160071936305,0.7565160071936305,4399.040108156324,4399.040108156324,2958.4598918436755,2958.4598918436755,asphalt,1.1575
10.866666666666786,64.16526521396982,17.823684781658283,0.0,0.0,0.0,0.0,17.823684781658283,0.0,148.68956745491423,0.0011857078595767234,6183.488408349426,1,0,0.4272596792878809,0.4272596792878809,0.7565119374071392,0.7565119374071392,4399.042255956033,4399.042255956033,2958.457744043966,2958.457744043966,asphalt,1.1575
10.883333333333454,64.16533531348243,17.82370425374512,0.0,0.0,0.0,0.0,17.82370425374512,0.0,148.98662907137611,0.0011579776489156757,6183.496504562712,1,0,0.42725994510420073,0.42725994510420073,0.7565079627952539,0.7565079627952539,4399.044353525105,4399.044353525105,2958.4556464748944,2958.4556464748944,asphalt,1.1575
10.900000000000121,64.16540377357413,17.823723270437256,0.0,0.0,0.0,0.0,17.823723270437256,0.0,149.28369100761503,0.0011308959656730622,6183.504411429465,1,0,0.4272602047036175,0.4272602047036175,0.7565040811323666,0.7565040811323666,4399.046402038205,4399.046402038205,2958.453597961794,2958.453597961794,asphalt,1.1575
10.916666666666789,64.16547063258606,17.82374184238502,0.0,0.0,0.0,0.0,17.82374184238502,0.0,149.58075325615238,0.0011044476420352112,6183.512133377938,1,0,0.4272604582315294,0.4272604582315294,0.7565002902449476,0.7565002902449476,4399.048402642687,4399.048402642687,2958.451597357313,2958.451597357313,asphalt,1.1575
10.933333333333456,64.16553592796282,17.82375997998967,0.0,0.0,0.0,0.0,17.82375997998967,0.0,149.87781580968442,0.0010786178674493385,6183.519674732821,1,0,0.4272607058299501,0.4272607058299501,0.7564965880102469,0.7564965880102469,4399.050356458909,4399.050356458909,2958.4496435410906,2958.4496435410906,asphalt,1.1575
10.950000000000124,64.16559969627313,17.823777693409202,0.0,0.0,0.0,0.0,17.823777693409202,0.0,150.1748786610782,0.0010533921741284757,6183.52703971766,1,0,0.4272609476375542,0.4272609476375542,0.7564929723551933,0.7564929723551933,4399.052264581201,4399.052264581201,2958.4477354187993,2958.4477354187993,asphalt,1.1575
10.966666666666791,64.16566197323057,17.823794992564046,0.0,0.0,0.0,0.0,17.823794992564046,0.0,150.4719418033676,0.0010287564353461676,6183.534232457229,1,0,0.4272611837897839,0.4272611837897839,0.7564894412551569,0.7564894412551569,4399.05412807818,4399.05412807818,2958.4458719218196,2958.4458719218196,asphalt,1.1575
10.983333333333459,64.16572279371348,17.823811887142632,0.0,0.0,0.0,0.0,17.823811887142632,0.0,150.76900522974944,0.001004696853499354,6183.5412569798345,1,0,0.4272614144189155,0.4272614144189155,0.7564859927328432,0.7564859927328432,4399.05594799346,4399.05594799346,2958.4440520065396,2958.4440520065396,asphalt,1.1575
11.000000000000126,64.16578219178446,17.823828386606795,0.0,0.0,0.0,0.0,17.823828386606795,0.0,151.06606893357963,0.0009811999532871596,6183.548117219572,1,0,0.4272616396541263,0.4272616396541263,0.7564826248572032,0.7564826248572032,4399.05772534629,4399.05772534629,2958.4422746537093,2958.4422746537093,asphalt,1.1575
11.016666666666794,64.16584020070957,17.8238445001971,0.0,0.0,0.0,0.0,17.8238445001971,0.0,151.36313290836947,0.000958252577447638,6183.55481701853,1,0,0.42726185962156754,0.42726185962156754,0.7564793357423534,0.7564793357423534,4399.059461132132,4399.059461132132,2958.4405388678674,2958.4405388678674,asphalt,1.1575
11.033333333333461,64.16589685297677,17.823860236937993,0.0,0.0,0.0,0.0,17.823860236937993,0.0,151.66019714778204,0.0009358418722626993,6183.561360128943,1,0,0.42726207444445174,0.42726207444445174,0.7564761235464752,0.7564761235464752,4399.061156323047,4399.061156323047,2958.438843676953,2958.438843676953,asphalt,1.1575
11.050000000000129,64.16595218031432,17.823875605642865,0.0,0.0,0.0,0.0,17.823875605642865,0.0,151.95726164562856,0.000913955286705459,6183.567750215294,1,0,0.4272622842430998,0.4272622842430998,0.7564729864708419,0.7564729864708419,4399.06281186846,4399.06281186846,2958.43718813154,2958.43718813154,asphalt,1.1575
11.066666666666796,64.16600621370837,17.82389061491899,0.0,0.0,0.0,0.0,17.82389061491899,0.0,152.25432639586506,0.0008925805639137252,6183.573990856359,1,0,0.42726248913502185,0.42726248913502185,0.7564699227587751,0.7564699227587751,4399.06442869555,4399.06442869555,2958.4355713044492,2958.4355713044492,asphalt,1.1575
11.083333333333464,64.16605898342046,17.823905273172347,0.0,0.0,0.0,0.0,17.823905273172347,0.0,152.55139139258884,0.0008717057326634858,6183.5800855472235,1,0,0.4272626892349728,0.4272626892349728,0.7564669306946902,0.7564669306946902,4399.066007709891,4399.066007709891,2958.4339922901086,2958.4339922901086,asphalt,1.1575
11.100000000000131,64.16611051900433,17.823919588612313,0.0,0.0,0.0,0.0,17.823919588612313,0.0,152.84845663003532,0.0008513191022530009,6183.586037701229,1,0,0.4272628846550394,0.4272628846550394,0.7564640086030769,0.7564640086030769,4399.067549795702,4399.067549795702,2958.4324502042973,2958.4324502042973,asphalt,1.1575
11.116666666666799,64.16616084932265,17.82393356925629,0.0,0.0,0.0,0.0,17.82393356925629,0.0,153.14552210257466,0.0008314092548289409,6183.59185065189,1,0,0.4272630755046719,0.4272630755046719,0.7564611548476413,0.7564611548476413,4399.069055816688,4399.069055816688,2958.4309441833116,2958.4309441833116,asphalt,1.1575
11.133333333333466,64.166210002563,17.823947222934166,0.0,0.0,0.0,0.0,17.823947222934166,0.0,153.44258780470878,0.0008119650402704792,6183.597527654762,1,0,0.42726326189076574,0.42726326189076574,0.756458367830337,0.756458367830337,4399.070526616292,4399.070526616292,2958.429473383707,2958.429473383707,asphalt,1.1575
11.150000000000134,64.16625800625376,17.823960557292708,0.0,0.0,0.0,0.0,17.823960557292708,0.0,153.7396537310681,0.0007929755685154305,6183.603071889262,1,0,0.4272634439177121,0.4272634439177121,0.7564556459904963,0.7564556459904963,4399.071963018276,4399.071963018276,2958.4280369817243,2958.4280369817243,asphalt,1.1575
11.166666666666801,64.16630488727947,17.82397357979985,0.0,0.0,0.0,0.0,17.82397357979985,0.0,154.03671987640868,0.0007744302035916917,6183.608486460448,1,0,0.4272636216874704,0.4272636216874704,0.7564529878039175,0.7564529878039175,4399.073365827034,4399.073365827034,2958.4266341729663,2958.4266341729663,asphalt,1.1575
11.183333333333469,64.16635067189596,17.823986297748878,0.0,0.0,0.0,0.0,17.823986297748878,0.0,154.3337862356092,0.0007563185602066369,6183.613774400763,1,0,0.4272637952996059,0.4272637952996059,0.7564503917820653,0.7564503917820653,4399.074735828242,4399.074735828242,2958.425264171757,2958.425264171757,asphalt,1.1575
11.200000000000136,64.16639538574503,17.82399871826251,0.0,0.0,0.0,0.0,17.82399871826251,0.0,154.63085280366812,0.0007386304952206046,6183.618938671727,1,0,0.4272639648513645,0.4272639648513645,0.7564478564711872,0.7564478564711872,4399.076073789111,4399.076073789111,2958.423926210888,2958.423926210888,asphalt,1.1575
11.216666666666804,64.16643905386877,17.82401084829688,0.0,0.0,0.0,0.0,17.82401084829688,0.0,154.92791957570077,0.0007213561016783387,6183.623982165601,1,0,0.42726413043769923,0.42726413043769923,0.7564453804515715,0.7564453804515715,4399.077380459091,4399.077380459091,2958.4226195409087,2958.4226195409087,asphalt,1.1575
11.233333333333471,64.16648170072355,17.824022694645432,0.0,0.0,0.0,0.0,17.824022694645432,0.0,155.22498654693686,0.000704485704545732,6183.628907707003,1,0,0.427264292151359,0.427264292151359,0.7564429623366606,0.7564429623366606,4399.078656569934,4399.078656569934,2958.4213434300655,2958.4213434300655,asphalt,1.1575
11.250000000000139,64.1665233501939,17.82403426394275,0.0,0.0,0.0,0.0,17.82403426394275,0.0,155.52205371271762,0.0006880098564465698,6183.633718054495,1,0,0.4272644500829238,0.4272644500829238,0.7564406007723186,0.7564406007723186,4399.079902836276,4399.079902836276,2958.4200971637233,2958.4200971637233,asphalt,1.1575
11.266666666666806,64.16656402560568,17.824045562668243,0.0,0.0,0.0,0.0,17.824045562668243,0.0,155.81912106849322,0.0006719193299886683,6183.638415902122,1,0,0.4272646043208447,0.4272646043208447,0.7564382944361013,0.7564382944361013,4399.081119956146,4399.081119956146,2958.4188800438533,2958.4188800438533,asphalt,1.1575
11.283333333333474,64.16660374973922,17.824056597149784,0.0,0.0,0.0,0.0,17.824056597149784,0.0,156.1161886098202,0.0006562051135006186,6183.643003880921,1,0,0.4272647549515123,0.4272647549515123,0.7564360420364664,0.7564360420364664,4399.082308611159,4399.082308611159,2958.4176913888405,2958.4176913888405,asphalt,1.1575
11.300000000000141,64.16664254484215,17.824067373567264,0.0,0.0,0.0,0.0,17.824067373567264,0.0,156.4132563323591,0.0006408584067685297,6183.647484560402,1,0,0.4272649020592929,0.4272649020592929,0.7564338423120825,0.7564338423120825,4399.083469467029,4399.083469467029,2958.4165305329702,2958.4165305329702,asphalt,1.1575
11.316666666666809,64.16668043264174,17.824077897956037,0.0,0.0,0.0,0.0,17.824077897956037,0.0,156.7103242318719,0.0006258706133621672,6183.651860449978,1,0,0.4272650457265809,0.4272650457265809,0.7564316940311095,0.7564316940311095,4399.084603173891,4399.084603173891,2958.4153968261085,2958.4153968261085,asphalt,1.1575
11.333333333333476,64.16671743435712,17.824088176210314,0.0,0.0,0.0,0.0,17.824088176210314,0.0,157.0073923042197,0.0006112333406349535,6183.6561340003755,1,0,0.42726518603383573,0.42726518603383573,0.7564295959905339,0.7564295959905339,4399.085710366749,4399.085710366749,2958.4142896332514,2958.4142896332514,asphalt,1.1575
11.350000000000144,64.16675357071122,17.82409821408645,0.0,0.0,0.0,0.0,17.82409821408645,0.0,157.30446054536043,0.0005969383903448033,6183.660307605004,1,0,0.4272653230596506,0.4272653230596506,0.7564275470154324,0.7564275470154324,4399.0867916656,4399.0867916656,2958.4132083343998,2958.4132083343998,asphalt,1.1575
11.366666666666811,64.16678886194228,17.82410801720619,0.0,0.0,0.0,0.0,17.82410801720619,0.0,157.6015289513464,0.0005829777569488215,6183.664383601304,1,0,0.42726545688077266,0.42726545688077266,0.7564255459583747,0.7564255459583747,4399.08784767602,4399.08784767602,2958.4121523239796,2958.4121523239796,asphalt,1.1575
11.383333333333479,64.16682332781522,17.82411759105978,0.0,0.0,0.0,0.0,17.82411759105978,0.0,157.8985975183225,0.0005693436216347436,6183.668364272042,1,0,0.42726558757214234,0.42726558757214234,0.7564235916987968,0.7564235916987968,4399.088878989542,4399.088878989542,2958.411121010458,2958.411121010458,asphalt,1.1575
11.400000000000146,64.16685698763276,17.824126941009098,0.0,0.0,0.0,0.0,17.824126941009098,0.0,158.19566624252357,0.0005560283489103313,6183.672251846603,1,0,0.42726571520697415,0.42726571520697415,0.7564216831422638,0.7564216831422638,4399.089886183591,4399.089886183591,2958.4101138164083,2958.4101138164083,asphalt,1.1575
11.416666666666814,64.16688986024612,17.82413607229059,0.0,0.0,0.0,0.0,17.82413607229059,0.0,158.4927351202726,0.0005430244806348128,6183.676048502233,1,0,0.42726583985673455,0.42726583985673455,0.7564198192200298,0.7564198192200298,4399.090869822452,4399.090869822452,2958.4091301775475,2958.4091301775475,asphalt,1.1575
11.433333333333481,64.16692196406571,17.82414499001825,0.0,0.0,0.0,0.0,17.82414499001825,0.0,158.78980414797857,0.0005303247343135808,6183.679756365256,1,0,0.42726596159125724,0.42726596159125724,0.7564179988882377,0.7564179988882377,4399.091830456815,4399.091830456815,2958.408169543184,2958.408169543184,asphalt,1.1575
11.450000000000149,64.16695331707133,17.824153699186482,0.0,0.0,0.0,0.0,17.824153699186482,0.0,159.08687332213438,0.0005179219979822847,6183.68337751227,1,0,0.427266080478712,0.427266080478712,0.7564162211275208,0.7564162211275208,4399.092768624805,4399.092768624805,2958.407231375195,2958.407231375195,asphalt,1.1575
11.466666666666816,64.16698393682235,17.824162204672874,0.0,0.0,0.0,0.0,17.824162204672874,0.0,159.38394263931505,0.0005058093250909224,6183.686913971307,1,0,0.42726619658569176,0.42726619658569176,0.7564144849423052,0.7564144849423052,4399.093684851785,4399.093684851785,2958.406315148214,2958.406315148214,asphalt,1.1575
11.483333333333483,64.1670138404674,17.824170511240943,0.0,0.0,0.0,0.0,17.824170511240943,0.0,159.68101209617566,0.0004939799319458871,6183.690367722968,1,0,0.42726630997722076,0.42726630997722076,0.756412789360325,0.756412789360325,4399.09457965094,4399.09457965094,2958.4054203490596,2958.4054203490596,asphalt,1.1575
11.500000000000151,64.1670430447541,17.824178623542803,0.0,0.0,0.0,0.0,17.824178623542803,0.0,159.97808168944948,0.0004824271934467106,6183.693740701536,1,0,0.4272664207168085,0.4272664207168085,0.7564111334320374,0.7564111334320374,4399.095453523399,4399.095453523399,2958.4045464766014,2958.4045464766014,asphalt,1.1575
11.516666666666818,64.16707156603839,17.824186546121773,0.0,0.0,0.0,0.0,17.824186546121773,0.0,160.27515141594617,0.00047114463967545817,6183.697034796054,1,0,0.4272665288664859,0.4272665288664859,0.7564095162300836,0.7564095162300836,4399.096306958491,4399.096306958491,2958.4036930415077,2958.4036930415077,asphalt,1.1575
11.533333333333486,64.16709942029364,17.8241942834149,0.0,0.0,0.0,0.0,17.8241942834149,0.0,160.57222127255008,0.00046012595078082086,6183.700251851389,1,0,0.42726663448681135,0.42726663448681135,0.7564079368488492,0.7564079368488492,4399.097140434332,4399.097140434332,2958.4028595656673,2958.4028595656673,asphalt,1.1575
11.550000000000153,64.16712662311976,17.82420183975549,0.0,0.0,0.0,0.0,17.82420183975549,0.0,160.86929125621836,0.0004493649578307668,6183.70339366926,1,0,0.4272667376369558,0.4272667376369558,0.756406394403821,0.756406394403821,4399.097954417554,4399.097954417554,2958.402045582445,2958.402045582445,asphalt,1.1575
11.566666666666821,64.16715318975172,17.824209219375476,0.0,0.0,0.0,0.0,17.824209219375476,0.0,161.16636136397938,0.0004388556317280745,6183.706462009248,1,0,0.4272668383746798,0.4272668383746798,0.7564048880312407,0.7564048880312407,4399.09874936415,4399.09874936415,2958.4012506358495,2958.4012506358495,asphalt,1.1575
11.583333333333488,64.16717913506822,17.82421642640784,0.0,0.0,0.0,0.0,17.82421642640784,0.0,161.46343159293096,0.00042859208832624063,6183.709458589784,1,0,0.42726693675641003,0.42726693675641003,0.7564034168875033,0.7564034168875033,4399.099525719275,4399.099525719275,2958.4004742807247,2958.4004742807247,asphalt,1.1575
11.600000000000156,64.16720447360005,17.824223464888902,0.0,0.0,0.0,0.0,17.824223464888902,0.0,161.7605019402388,0.00041856857905031575,6183.712385089112,1,0,0.427267032837251,0.427267032837251,0.7564019801487382,0.7564019801487382,4399.100283917699,4399.100283917699,2958.3997160823005,2958.3997160823005,asphalt,1.1575
11.616666666666823,64.16722921953804,17.824230338760568,0.0,0.0,0.0,0.0,17.824230338760568,0.0,162.05757240313494,0.0004087794900442532,6183.715243146224,1,0,0.42726712667100153,0.42726712667100153,0.7564005770103839,0.7564005770103839,4399.101024384189,4399.101024384189,2958.39897561581,2958.39897561581,asphalt,1.1575
11.633333333333491,64.1672533867413,17.82423705187258,0.0,0.0,0.0,0.0,17.82423705187258,0.0,162.35464297891605,0.0003992193387603038,6183.718034361781,1,0,0.4272672183102346,0.4272672183102346,0.7563992066866099,0.7563992066866099,4399.101747533255,4399.101747533255,2958.398252466745,2958.398252466745,asphalt,1.1575
11.650000000000158,64.16727698874465,17.824243607984624,0.0,0.0,0.0,0.0,17.824243607984624,0.0,162.65171366494212,0.0003898827714010622,6183.720760299013,1,0,0.427267307806261,0.427267307806261,0.7563978684100484,0.7563978684100484,4399.102453770043,4399.102453770043,2958.397546229957,2958.397546229957,asphalt,1.1575
11.666666666666826,64.1673000387665,17.82425001076847,0.0,0.0,0.0,0.0,17.82425001076847,0.0,162.94878445863483,0.0003807645586562103,6183.723422484585,1,0,0.42726739520921125,0.42726739520921125,0.7563965614312227,0.7563965614312227,4399.10314349002,4399.10314349002,2958.3968565099794,2958.3968565099794,asphalt,1.1575
11.683333333333493,64.16732254971605,17.824256263810014,0.0,0.0,0.0,0.0,17.824256263810014,0.0,163.24585535747616,0.00037185959484986597,6183.726022409461,1,0,0.4272674805680359,0.4272674805680359,0.7563952850182055,0.7563952850182055,4399.103817079484,4399.103817079484,2958.3961829205155,2958.3961829205155,asphalt,1.1575
11.700000000000161,64.16734453420065,17.82426237061129,0.0,0.0,0.0,0.0,17.82426237061129,0.0,163.54292635900703,0.00036316289111937294,6183.728561529735,1,0,0.42726756393054705,0.42726756393054705,0.7563940384561659,0.7563940384561659,4399.104474915628,4399.104474915628,2958.3955250843715,2958.3955250843715,asphalt,1.1575
11.716666666666828,64.16736600453274,17.824268334592425,0.0,0.0,0.0,0.0,17.824268334592425,0.0,163.83999746082577,0.0003546695779732545,6183.731041267448,1,0,0.42726764534342293,0.42726764534342293,0.7563928210470326,0.7563928210470326,4399.10511736699,4399.10511736699,2958.394882633009,2958.394882633009,asphalt,1.1575
11.733333333333496,64.16738697273682,17.824274159093562,0.0,0.0,0.0,0.0,17.824274159093562,0.0,164.137068660587,0.00034637489847000325,6183.733463011384,1,0,0.42726772485227205,0.42726772485227205,0.7563916321089997,0.7563916321089997,4399.105744793261,4399.105744793261,2958.394255206739,2958.394255206739,asphalt,1.1575
11.750000000000163,64.16740745055623,17.82427984737673,0.0,0.0,0.0,0.0,17.82427984737673,0.0,164.43413995600014,0.0003382742073654299,6183.735828117846,1,0,0.42726780250162244,0.42726780250162244,0.7563904709762422,0.7563904709762422,4399.106357545857,4399.106357545857,2958.393642454143,2958.393642454143,asphalt,1.1575
11.766666666666831,64.16742744945961,17.82428540262767,0.0,0.0,0.0,0.0,17.82428540262767,0.0,164.73121134482813,0.0003303629677020581,6183.738137911418,1,0,0.4272678783349597,0.4272678783349597,0.7563893369985094,0.7563893369985094,4399.106955967992,4399.106955967992,2958.393044032008,2958.393044032008,asphalt,1.1575
11.783333333333498,64.16744698064737,17.8242908279576,0.0,0.0,0.0,0.0,17.8242908279576,0.0,165.02828282488628,0.0003226367482511705,6183.740393685705,1,0,0.427267952394751,0.427267952394751,0.756388229540759,0.756388229540759,4399.107540394862,4399.107540394862,2958.3924596051374,2958.3924596051374,asphalt,1.1575
11.800000000000166,64.16746605505801,17.824296126405002,0.0,0.0,0.0,0.0,17.824296126405002,0.0,165.325354394041,0.00031509122180750637,6183.74259670406,1,0,0.4272680247224939,0.4272680247224939,0.7563871479827394,0.7563871479827394,4399.108111153587,4399.108111153587,2958.3918888464123,2958.3918888464123,asphalt,1.1575
11.816666666666833,64.16748468337423,17.824301300937286,0.0,0.0,0.0,0.0,17.824301300937286,0.0,165.6224260502086,0.00030772216433661015,6183.744748200288,1,0,0.4272680953586755,0.4272680953586755,0.7563860917188066,0.7563860917188066,4399.108668564041,4399.108668564041,2958.3913314359584,2958.3913314359584,asphalt,1.1575
11.833333333333501,64.16750287602883,17.824306354452453,0.0,0.0,0.0,0.0,17.824306354452453,0.0,165.91949779135405,0.0003005254464483187,6183.746849379341,1,0,0.4272681643428696,0.4272681643428696,0.7563850601573929,0.7563850601573929,4399.109212938275,4399.109212938275,2958.3907870617245,2958.3907870617245,asphalt,1.1575
11.850000000000168,64.16752064321068,17.824311289780745,0.0,0.0,0.0,0.0,17.824311289780745,0.0,166.21656961549002,0.00029349703851266895,6183.74890141799,1,0,0.42726823171371286,0.42726823171371286,0.7563840527207942,0.7563840527207942,4399.10974458116,4399.10974458116,2958.3902554188394,2958.3902554188394,asphalt,1.1575
11.866666666666836,64.16753799487033,17.8243161096862,0.0,0.0,0.0,0.0,17.8243161096862,0.0,166.51364152067555,0.000286633004691339,6183.750905465484,1,0,0.42726829750893097,0.42726829750893097,0.7563830688448371,0.7563830688448371,4399.110263790514,4399.110263790514,2958.3897362094854,2958.3897362094854,asphalt,1.1575
11.883333333333503,64.16755494072564,17.82432081686823,0.0,0.0,0.0,0.0,17.82432081686823,0.0,166.81071350501517,0.0002799295012323455,6183.752862644193,1,0,0.4272683617653757,0.4272683617653757,0.7563821079785199,0.7563821079785199,4399.110770857102,4399.110770857102,2958.3892291428974,2958.3892291428974,asphalt,1.1575
11.90000000000017,64.16757149026715,17.824325413963095,0.0,0.0,0.0,0.0,17.824325413963095,0.0,167.10778556665772,0.0002733827722067872,6183.754774050241,1,0,0.42726842451903635,0.42726842451903635,0.7563811695837247,0.7563811695837247,4399.111266064893,4399.111266064893,2958.3887339351063,2958.3887339351063,asphalt,1.1575
11.916666666666838,64.16758765276349,17.82432990354541,0.0,0.0,0.0,0.0,17.82432990354541,0.0,167.40485770379527,0.00026698915206679885,6183.756640754117,1,0,0.4272684858050635,0.4272684858050635,0.7563802531349144,0.7563802531349144,4399.111749691188,4399.111749691188,2958.3882503088116,2958.3882503088116,asphalt,1.1575
11.933333333333506,64.1676034372665,17.82433428812958,0.0,0.0,0.0,0.0,17.82433428812958,0.0,167.7019299146622,0.00026074505967699224,6183.758463801273,1,0,0.4272685456577721,0.4272685456577721,0.7563793581188749,0.7563793581188749,4399.11222200694,4399.11222200694,2958.387777993059,2958.387777993059,asphalt,1.1575
11.950000000000173,64.16761885261633,17.8243385701712,0.0,0.0,0.0,0.0,17.8243385701712,0.0,167.99900219753422,0.00025464699831445614,6183.760244212712,1,0,0.42726860411069384,0.42726860411069384,0.7563784840343423,0.7563784840343423,4399.112683276564,4399.112683276564,2958.387316723436,2958.387316723436,asphalt,1.1575
11.96666666666684,64.16763390744642,17.824342752068446,0.0,0.0,0.0,0.0,17.824342752068446,0.0,168.29607455072735,0.0002486915531108025,6183.761982985555,1,0,0.42726866119656187,0.42726866119656187,0.7563776303918168,0.7563776303918168,4399.113133758445,4399.113133758445,2958.386866241555,2958.386866241555,asphalt,1.1575
11.983333333333508,64.16764861018822,17.824346836163393,0.0,0.0,0.0,0.0,17.824346836163393,0.0,168.593146972597,0.00024287538764156125,6183.763681093608,1,0,0.42726871694734136,0.42726871694734136,0.7563767967132489,0.7563767967132489,4399.1135737049435,4399.1135737049435,2958.386426295056,2958.386426295056,asphalt,1.1575
12.000000000000176,64.16766296907606,17.82435082474335,0.0,0.0,0.0,0.0,17.82435082474335,0.0,168.890219461537,0.00023719524563148298,6183.765339487902,1,0,0.4272687713942684,0.4272687713942684,0.7563759825317202,0.7563759825317202,4399.114003362329,4399.114003362329,2958.3859966376713,2958.3859966376713,asphalt,1.1575
12.016666666666843,64.1676769921517,17.824354720042138,0.0,0.0,0.0,0.0,17.824354720042138,0.0,169.18729201597876,0.00023164794498597985,6183.766959097225,1,0,0.4272688245678315,0.4272688245678315,0.7563751873912781,0.7563751873912781,4399.114422971291,4399.114422971291,2958.3855770287087,2958.3855770287087,asphalt,1.1575
12.03333333333351,64.16769068726875,17.82435852424132,0.0,0.0,0.0,0.0,17.82435852424132,0.0,169.4843646343904,0.0002262303803490795,6183.7685408286425,1,0,0.42726887649780654,0.42726887649780654,0.7563744108466298,0.7563744108466298,4399.114832766879,4399.114832766879,2958.3851672331207,2958.3851672331207,asphalt,1.1575
12.050000000000178,64.16770406209723,17.82436223947145,0.0,0.0,0.0,0.0,17.82436223947145,0.0,169.78143731527587,0.00022093951542956347,6183.770085568008,1,0,0.4272689272132877,0.4272689272132877,0.756373652462859,0.756373652462859,4399.115232978499,4399.115232978499,2958.384767021501,2958.384767021501,asphalt,1.1575
12.066666666666846,64.16771712412772,17.824365867813256,0.0,0.0,0.0,0.0,17.824365867813256,0.0,170.0785100571741,0.00021577238896952622,6183.7715941804545,1,0,0.4272689767426654,0.4272689767426654,0.756372911815282,0.756372911815282,4399.115623830428,4399.115623830428,2958.384376169571,2958.384376169571,asphalt,1.1575
12.083333333333513,64.1677298806757,17.824369411298804,0.0,0.0,0.0,0.0,17.824369411298804,0.0,170.37558285865813,0.00021072610621786225,6183.773067510887,1,0,0.4272690251136991,0.4272690251136991,0.7563721884890584,0.7563721884890584,4399.116005541366,4399.116005541366,2958.3839944586334,2958.3839944586334,asphalt,1.1575
12.10000000000018,64.16774233888547,17.82437287191263,0.0,0.0,0.0,0.0,17.82437287191263,0.0,170.67265571833448,0.00020579784148822,6183.774506384446,1,0,0.42726907235346223,0.42726907235346223,0.7563714820791471,0.7563714820791471,4399.116378325267,4399.116378325267,2958.383621674733,2958.383621674733,asphalt,1.1575
12.116666666666848,64.16775450573427,17.824376251592852,0.0,0.0,0.0,0.0,17.824376251592852,0.0,170.9697286348422,0.0002009848338957454,6183.775911606979,1,0,0.42726911848841376,0.42726911848841376,0.7563707921899283,0.7563707921899283,4399.116742390891,4399.116742390891,2958.3832576091086,2958.3832576091086,asphalt,1.1575
12.133333333333516,64.16776638803623,17.824379552232283,0.0,0.0,0.0,0.0,17.824379552232283,0.0,171.2668016068521,0.00019628438906238443,6183.777283965483,1,0,0.42726916354440575,0.42726916354440575,0.7563701184350065,0.7563701184350065,4399.117097941999,4399.117097941999,2958.3829020580006,2958.3829020580006,asphalt,1.1575
12.150000000000183,64.16777799244599,17.824382775679442,0.0,0.0,0.0,0.0,17.824382775679442,0.0,171.5638746330662,0.0001916938731483242,6183.77862422855,1,0,0.42726920754665826,0.42726920754665826,0.7563694604370906,0.7563694604370906,4399.117445177863,4399.117445177863,2958.382554822136,2958.382554822136,asphalt,1.1575
12.16666666666685,64.1677893254627,17.82438592373964,0.0,0.0,0.0,0.0,17.82438592373964,0.0,171.86094771221684,0.000187210716262598,6183.7799331468,1,0,0.42726925051982234,0.42726925051982234,0.7563688178276601,0.7563688178276601,4399.117784292883,4399.117784292883,2958.3822157071168,2958.3822157071168,asphalt,1.1575
12.183333333333518,64.16780039343342,17.82438899817595,0.0,0.0,0.0,0.0,17.82438899817595,0.0,172.15802084306597,0.00018283240734717765,6183.781211453296,1,0,0.4272692924879603,0.4272692924879603,0.7563681902468443,0.7563681902468443,4399.118115477032,4399.118115477032,2958.3818845229675,2958.3818845229675,asphalt,1.1575
12.200000000000186,64.16781120255679,17.82439200071022,0.0,0.0,0.0,0.0,17.82439200071022,0.0,172.45509402440447,0.0001785564941769735,6183.782459863957,1,0,0.4272693334745827,0.4272693334745827,0.75636757734316,0.75636757734316,4399.118438915734,4399.118438915734,2958.381561084265,2958.381561084265,asphalt,1.1575
12.216666666666853,64.16782175888649,17.824394933024024,0.0,0.0,0.0,0.0,17.824394933024024,0.0,172.7521672550516,0.00017438058165453185,6183.7836790779575,1,0,0.42726937350264005,0.42726937350264005,0.7563669787733706,0.7563669787733706,4399.118754790182,4399.118754790182,2958.381245209818,2958.381245209818,asphalt,1.1575
12.23333333333352,64.16783206833462,17.824397796759616,0.0,0.0,0.0,0.0,17.824397796759616,0.0,173.04924053385417,0.00017030233181003496,6183.784869778122,1,0,0.4272694125945577,0.4272694125945577,0.7563663942022352,0.7563663942022352,4399.119063277204,4399.119063277204,2958.380936722795,2958.380936722795,asphalt,1.1575
12.250000000000188,64.16784213667503,17.824400593520842,0.0,0.0,0.0,0.0,17.824400593520842,0.0,173.34631385968595,0.0001663194603906959,6183.786032631305,1,0,0.42726945077222106,0.42726945077222106,0.7563658233023952,0.7563658233023952,4399.11936454966,4399.11936454966,2958.3806354503404,2958.3806354503404,asphalt,1.1575
12.266666666666856,64.1678519695465,17.82440332487403,0.0,0.0,0.0,0.0,17.82440332487403,0.0,173.64338723144706,0.00016242973600810728,6183.787168288766,1,0,0.4272694880570162,0.4272694880570162,0.7563652657541136,0.7563652657541136,4399.119658776235,4399.119658776235,2958.3803412237644,2958.3803412237644,asphalt,1.1575
12.283333333333523,64.16786157245599,17.824405992348886,0.0,0.0,0.0,0.0,17.824405992348886,0.0,173.94046064806335,0.00015863098184354385,6183.788277386533,1,0,0.4272695244698251,0.4272695244698251,0.756364721245141,0.756364721245141,4399.119946121709,4399.119946121709,2958.3800538782907,2958.3800538782907,asphalt,1.1575
12.30000000000019,64.16787095078162,17.824408597439337,0.0,0.0,0.0,0.0,17.824408597439337,0.0,174.2375341084858,0.00015492106882675216,6183.789360545759,1,0,0.4272695600310472,0.4272695600310472,0.756364189470515,0.756364189470515,4399.120226746948,4399.120226746948,2958.3797732530516,2958.3797732530516,asphalt,1.1575
12.316666666666858,64.16788010977572,17.824411141604365,0.0,0.0,0.0,0.0,17.824411141604365,0.0,174.5346076116899,0.00015129791904655576,6183.790418373072,1,0,0.4272695947605821,0.4272695947605821,0.7563636701324664,0.7563636701324664,4399.120500809293,4399.120500809293,2958.379499190707,2958.379499190707,asphalt,1.1575
12.333333333333526,64.16788905456784,17.824413626268843,0.0,0.0,0.0,0.0,17.824413626268843,0.0,174.83168115667513,0.00014775950489820389,6183.791451460907,1,0,0.4272696286778988,0.4272696286778988,0.7563631629400975,0.7563631629400975,4399.120768462043,4399.120768462043,2958.3792315379565,2958.3792315379565,asphalt,1.1575
12.350000000000193,64.16789779016753,17.82441605282431,0.0,0.0,0.0,0.0,17.82441605282431,0.0,175.12875474246434,0.00014430384396746376,6183.792460387851,1,0,0.42726966180198017,0.42726966180198017,0.7563626676093929,0.7563626676093929,4399.1210298552305,4399.1210298552305,2958.378970144769,2958.378970144769,asphalt,1.1575
12.36666666666686,64.16790632146717,17.82441842262977,0.0,0.0,0.0,0.0,17.82441842262977,0.0,175.42582836810323,0.00014092900073592318,6183.793445718957,1,0,0.4272696941513795,0.4272696941513795,0.7563621838629426,0.7563621838629426,4399.121285135232,4399.121285135232,2958.378714864768,2958.378714864768,asphalt,1.1575
12.383333333333528,64.16791465324475,17.82442073701243,0.0,0.0,0.0,0.0,17.82442073701243,0.0,175.72290203265987,0.00013763308487568793,6183.79440800606,1,0,0.427269725744226,0.427269725744226,0.7563617114297998,0.7563617114297998,4399.1215344448965,4399.1215344448965,2958.378465555103,2958.378465555103,asphalt,1.1575
12.400000000000196,64.16792279016653,17.824422997268478,0.0,0.0,0.0,0.0,17.824422997268478,0.0,176.01997573522405,0.00013441425124938178,6183.795347788092,1,0,0.42726975659819966,0.42726975659819966,0.7563612500454192,0.7563612500454192,4399.121777923997,4399.121777923997,2958.378222076002,2958.378222076002,asphalt,1.1575
12.416666666666863,64.16793073678957,17.82442520466377,0.0,0.0,0.0,0.0,17.82442520466377,0.0,176.31704947490692,0.00013127069649954137,6183.796265591381,1,0,0.42726978673058524,0.42726978673058524,0.7563607994513939,0.7563607994513939,4399.122015708844,4399.122015708844,2958.3779842911554,2958.3779842911554,asphalt,1.1575
12.43333333333353,64.16793849756444,17.824427360434566,0.0,0.0,0.0,0.0,17.824427360434566,0.0,176.61412325084038,0.0001282006599012675,6183.797161929944,1,0,0.42726981615826565,0.42726981615826565,0.7563603593953548,0.7563603593953548,4399.1222479325415,4399.1222479325415,2958.3777520674575,2958.3777520674575,asphalt,1.1575
12.450000000000198,64.16794607683755,17.824429465788207,0.0,0.0,0.0,0.0,17.824429465788207,0.0,176.91119706217663,0.0001252024225095738,6183.798037305781,1,0,0.42726984489771225,0.42726984489771225,0.7563599296308774,0.7563599296308774,4399.122474725245,4399.122474725245,2958.377525274754,2958.377525274754,asphalt,1.1575
12.466666666666866,64.1679534788537,17.824431521903804,0.0,0.0,0.0,0.0,17.824431521903804,0.0,177.20827090808763,0.00012227430545408424,6183.798892209146,1,0,0.42726987296502117,0.42726987296502117,0.7563595099172745,0.7563595099172745,4399.122696213968,4399.122696213968,2958.3773037860315,2958.3773037860315,asphalt,1.1575
12.483333333333533,64.16796070775841,17.824433529932893,0.0,0.0,0.0,0.0,17.824433529932893,0.0,177.50534478776487,0.00011941466823373048,6183.799727118831,1,0,0.42726990037592266,0.42726990037592266,0.7563591000194617,0.7563591000194617,4399.122912522646,4399.122912522646,2958.3770874773536,2958.3770874773536,asphalt,1.1575
12.5000000000002,64.16796776760027,17.824435491000074,0.0,0.0,0.0,0.0,17.824435491000074,0.0,177.80241870041866,0.00011662190956940321,6183.8005425024285,1,0,0.4272699271457525,0.4272699271457525,0.7563586997079202,0.7563586997079202,4399.123123772586,4399.123123772586,2958.3768762274135,2958.3768762274135,asphalt,1.1575
12.516666666666868,64.16797466233314,17.82443740620365,0.0,0.0,0.0,0.0,17.82443740620365,0.0,178.0994926452777,0.00011389446569864958,6183.801338816596,1,0,0.4272699532895176,0.4272699532895176,0.7563583087584215,0.7563583087584215,4399.123330081954,4399.123330081954,2958.3766699180455,2958.3766699180455,asphalt,1.1575
12.533333333333536,64.16798139581844,17.824439276616236,0.0,0.0,0.0,0.0,17.824439276616236,0.0,178.39656662158887,0.00011123080781771932,6183.802116507313,1,0,0.42726997882185447,0.42726997882185447,0.7563579269520312,0.7563579269520312,4399.12353156635,4399.12353156635,2958.3764684336493,2958.3764684336493,asphalt,1.1575
12.550000000000203,64.1679879718273,17.824441103285363,0.0,0.0,0.0,0.0,17.824441103285363,0.0,178.6936406286166,0.00010862944634482119,6183.802876010127,1,0,0.4272700037570626,0.4272700037570626,0.7563575540749213,0.7563575540749213,4399.123728338619,4399.123728338619,2958.376271661381,2958.376271661381,asphalt,1.1575
12.56666666666687,64.16799439404262,17.82444288723406,0.0,0.0,0.0,0.0,17.82444288723406,0.0,178.99071466564246,0.00010608892239361012,6183.8036177504,1,0,0.4272700281091059,0.4272700281091059,0.7563571899182681,0.7563571899182681,4399.123920508975,4399.123920508975,2958.376079491025,2958.376079491025,asphalt,1.1575
12.583333333333538,64.16800066606113,17.824444629461425,0.0,0.0,0.0,0.0,17.824444629461425,0.0,179.28778873196492,0.00010360781374174621,6183.804342143544,1,0,0.42727005189162054,0.42727005189162054,0.7563568342781345,0.7563568342781345,4399.1241081850685,4399.1241081850685,2958.375891814931,2958.375891814931,asphalt,1.1575
12.600000000000206,64.16800679139554,17.824446330943207,0.0,0.0,0.0,0.0,17.824446330943207,0.0,179.5848628268988,0.00010118473056763833,6183.805049595258,1,0,0.4272700751179345,0.4272700751179345,0.7563564869553249,0.7563564869553249,4399.124291471922,4399.124291471922,2958.3757085280777,2958.3757085280777,asphalt,1.1575
12.616666666666873,64.16801277347638,17.824447992632326,0.0,0.0,0.0,0.0,17.824447992632326,0.0,179.88193694977502,9.881831715574663e-05,6183.8057405017535,1,0,0.42727009780105,0.42727009780105,0.7563561477553381,0.7563561477553381,4399.1244704722485,4399.1244704722485,2958.375529527751,2958.375529527751,asphalt,1.1575
12.63333333333354,64.16801861565388,17.82444961545941,0.0,0.0,0.0,0.0,17.82444961545941,0.0,180.17901109994003,9.65072467806749e-05,6183.806415249974,1,0,0.42727011995367425,0.42727011995367425,0.7563558164881989,0.7563558164881989,4399.1246452862615,4399.1246452862615,2958.3753547137385,2958.3753547137385,asphalt,1.1575
12.650000000000208,64.1680243212,17.824451200333332,0.0,0.0,0.0,0.0,17.824451200333332,0.0,180.4760852767556,9.42502251177757e-05,6183.807074217812,1,0,0.427270141588208,0.427270141588208,0.7563554929683987,0.7563554929683987,4399.1248160119285,4399.1248160119285,2958.3751839880706,2958.3751839880706,asphalt,1.1575
12.666666666666876,64.16802989331012,17.8244527481417,0.0,0.0,0.0,0.0,17.8244527481417,0.0,180.77315947959852,9.204598853784773e-05,6183.807717774327,1,0,0.4272701627167754,0.4272701627167754,0.756355177014731,0.756355177014731,4399.124982744785,4399.124982744785,2958.3750172552154,2958.3750172552154,asphalt,1.1575
12.683333333333543,64.16803533510495,17.824454259751374,0.0,0.0,0.0,0.0,17.824454259751374,0.0,181.07023370786004,8.989330325448464e-05,6183.808346279945,1,0,0.4272701833512066,0.4272701833512066,0.7563548684502566,0.7563548684502566,4399.125145578244,4399.125145578244,2958.3748544217556,2958.3748544217556,asphalt,1.1575
12.70000000000021,64.16804064963216,17.824455736008932,0.0,0.0,0.0,0.0,17.824455736008932,0.0,181.36730796094577,8.779096276612108e-05,6183.80896008666,1,0,0.42727020350305384,0.42727020350305384,0.7563545671021775,0.7563545671021775,4399.1253046035445,4399.1253046035445,2958.3746953964546,2958.3746953964546,asphalt,1.1575
12.716666666666878,64.16804583986817,17.82445717774116,0.0,0.0,0.0,0.0,17.82445717774116,0.0,181.66438223827507,8.573778956133538e-05,6183.809559538237,1,0,0.4272702231836101,0.4272702231836101,0.7563542728017055,0.7563542728017055,4399.12545990968,4399.12545990968,2958.37454009032,2958.37454009032,asphalt,1.1575
12.733333333333546,64.1680509087198,17.8244585857555,0.0,0.0,0.0,0.0,17.8244585857555,0.0,181.96145653928096,8.373263426619815e-05,6183.810144970401,1,0,0.42727024240389505,0.42727024240389505,0.7563539853840273,0.7563539853840273,4399.125611583654,4399.125611583654,2958.374388416346,2958.374388416346,asphalt,1.1575
12.750000000000213,64.16805585902588,17.82445996084052,0.0,0.0,0.0,0.0,17.82445996084052,0.0,182.25853086340976,8.17743739389698e-05,6183.810716711025,1,0,0.4272702611746726,0.4272702611746726,0.7563537046881768,0.7563537046881768,4399.12575971042,4399.12575971042,2958.3742402895796,2958.3742402895796,asphalt,1.1575
12.76666666666688,64.16806069355881,17.824461303766338,0.0,0.0,0.0,0.0,17.824461303766338,0.0,182.55560521012063,7.986191121744923e-05,6183.811275080314,1,0,0.42727027950645474,0.42727027950645474,0.7563534305569531,0.7563534305569531,4399.125904372945,4399.125904372945,2958.3740956270544,2958.3740956270544,asphalt,1.1575
12.783333333333548,64.1680654150262,17.824462615285057,0.0,0.0,0.0,0.0,17.824462615285057,0.0,182.85267957888547,7.79941751716251e-05,6183.811820390982,1,0,0.4272702974095058,0.4272702974095058,0.756353162836838,0.756353162836838,4399.1260456522705,4399.1260456522705,2958.3739543477286,2958.3739543477286,asphalt,1.1575
12.800000000000216,64.16807002607233,17.824463896131203,0.0,0.0,0.0,0.0,17.824463896131203,0.0,183.1497539691885,7.617012045102456e-05,6183.812352948434,1,0,0.4272703148938594,0.4272703148938594,0.7563529013778767,0.7563529013778767,4399.1261836274525,4399.1261836274525,2958.3738163725475,2958.3738163725475,asphalt,1.1575
12.816666666666883,64.16807452927961,17.824465147022114,0.0,0.0,0.0,0.0,17.824465147022114,0.0,183.44682838052603,7.438872472675939e-05,6183.812873050931,1,0,0.4272703319693029,0.4272703319693029,0.756352646033653,0.756352646033653,4399.126318375813,4399.126318375813,2958.3736816241867,2958.3736816241867,asphalt,1.1575
12.83333333333355,64.1680789271701,17.82446636865836,0.0,0.0,0.0,0.0,17.82446636865836,0.0,183.7439028124061,7.264899124947988e-05,6183.813380989755,1,0,0.42727034864539964,0.42727034864539964,0.7563523966611627,0.7563523966611627,4399.126449972817,4399.126449972817,2958.3735500271823,2958.3735500271823,asphalt,1.1575
12.850000000000218,64.16808322220682,17.824467561724116,0.0,0.0,0.0,0.0,17.824467561724116,0.0,184.0409772643483,7.094994373346708e-05,6183.8138770493815,1,0,0.42727036493149234,0.42727036493149234,0.7563521531207364,0.7563521531207364,4399.126578492134,4399.126578492134,2958.3734215078657,2958.3734215078657,asphalt,1.1575
12.866666666666886,64.16808741679525,17.824468726887567,0.0,0.0,0.0,0.0,17.824468726887567,0.0,184.3380517358834,6.929063317784312e-05,6183.814361507629,1,0,0.42727038083669977,0.42727038083669977,0.7563519152759869,0.7563519152759869,4399.1267040057655,4399.1267040057655,2958.373295994234,2958.373295994234,asphalt,1.1575
12.883333333333553,64.16809151328455,17.824469864801262,0.0,0.0,0.0,0.0,17.824469864801262,0.0,184.63512622655318,6.767012848740706e-05,6183.81483463582,1,0,0.427270396369932,0.427270396369932,0.7563516829937034,0.7563516829937034,4399.126826583983,4399.126826583983,2958.3731734160165,2958.3731734160165,asphalt,1.1575
12.90000000000022,64.16809551396899,17.824470976102496,0.0,0.0,0.0,0.0,17.824470976102496,0.0,184.93220073591016,6.608752244119387e-05,6183.815296698931,1,0,0.42727041153988693,0.42727041153988693,0.7563514561438021,0.7563514561438021,4399.126946295454,4399.126946295454,2958.373053704546,2958.373053704546,asphalt,1.1575
12.916666666666888,64.16809942108915,17.824472061413655,0.0,0.0,0.0,0.0,17.824472061413655,0.0,185.2292752635173,6.454192913452061e-05,6183.815747955741,1,0,0.4272704263550584,0.4272704263550584,0.7563512345992417,0.7563512345992417,4399.127063207244,4399.127063207244,2958.372936792756,2958.372936792756,asphalt,1.1575
12.933333333333556,64.16810323683326,17.82447312134257,0.0,0.0,0.0,0.0,17.82447312134257,0.0,185.52634980894783,6.303248312633514e-05,6183.81618865898,1,0,0.42727044082374516,0.42727044082374516,0.7563510182359425,0.7563510182359425,4399.127177384815,4399.127177384815,2958.3728226151848,2958.3728226151848,asphalt,1.1575
12.950000000000223,64.16810696333829,17.824474156482857,0.0,0.0,0.0,0.0,17.824474156482857,0.0,185.8234243717848,6.155833858656479e-05,6183.816619055461,1,0,0.42727045495404664,0.42727045495404664,0.7563508069327424,0.7563508069327424,4399.127288892154,4399.127288892154,2958.372711107845,2958.372711107845,asphalt,1.1575
12.96666666666689,64.1681106026913,17.82447516741425,0.0,0.0,0.0,0.0,17.82447516741425,0.0,186.1204989516212,6.011866929611642e-05,6183.817039386234,1,0,0.42727046875388897,0.42727046875388897,0.7563506005712672,0.7563506005712672,4399.1273977915835,4399.1273977915835,2958.3726022084165,2958.3726022084165,asphalt,1.1575
12.983333333333558,64.16811415693053,17.824476154702925,0.0,0.0,0.0,0.0,17.824476154702925,0.0,186.41757354805944,5.8712670352178975e-05,6183.817449886702,1,0,0.42727048223099,0.42727048223099,0.7563503990359748,0.7563503990359748,4399.127504144203,4399.127504144203,2958.372495855796,2958.372495855796,asphalt,1.1575
13.000000000000226,64.16811762804653,17.824477118901815,0.0,0.0,0.0,0.0,17.824477118901815,0.0,186.71464816071128,5.733955305231575e-05,6183.81785078677,1,0,0.42727049539289746,0.42727049539289746,0.7563502022139947,0.7563502022139947,4399.1276080095795,4399.1276080095795,2958.3723919904205,2958.3723919904205,asphalt,1.1575
13.016666666666893,64.16812101798331,17.82447806055092,0.0,0.0,0.0,0.0,17.82447806055092,0.0,187.0117227891975,5.5998549157720845e-05,6183.81824231096,1,0,0.4272705082469907,0.4272705082469907,0.7563500099950777,0.7563500099950777,4399.127709445799,4399.127709445799,2958.372290554201,2958.372290554201,asphalt,1.1575
13.03333333333356,64.16812432863942,17.824478980177616,0.0,0.0,0.0,0.0,17.824478980177616,0.0,187.30879743314782,5.468890748261401e-05,6183.818624678548,1,0,0.42727052080046296,0.42727052080046296,0.7563498222715875,0.7563498222715875,4399.127808509734,4399.127808509734,2958.3721914902662,2958.3721914902662,asphalt,1.1575
13.050000000000228,64.16812756186899,17.82447987829694,0.0,0.0,0.0,0.0,17.82447987829694,0.0,187.60587209220054,5.340989389424067e-05,6183.81899810368,1,0,0.4272705330603467,0.4272705330603467,0.756349638938384,0.756349638938384,4399.127905256843,4399.127905256843,2958.372094743156,2958.372094743156,asphalt,1.1575
13.066666666666896,64.1681307194828,17.82448075541189,0.0,0.0,0.0,0.0,17.82448075541189,0.0,187.90294676600246,5.216079387082573e-05,6183.819362795494,1,0,0.4272705450335025,0.4272705450335025,0.7563494598928076,0.7563494598928076,4399.127999741369,4399.127999741369,2958.3720002586297,2958.3720002586297,asphalt,1.1575
13.083333333333563,64.1681338032493,17.824481612013695,0.0,0.0,0.0,0.0,17.824481612013695,0.0,188.20002145420864,5.094090568036336e-05,6183.819718958237,1,0,0.4272705567266442,0.4272705567266442,0.7563492850345609,0.7563492850345609,4399.128092016145,4399.128092016145,2958.3719079838547,2958.3719079838547,asphalt,1.1575
13.10000000000023,64.16813681489555,17.824482448582096,0.0,0.0,0.0,0.0,17.824482448582096,0.0,188.4970961564822,4.974954720182723e-05,6183.820066791378,1,0,0.4272705681463149,0.4272705681463149,0.7563491142657317,0.7563491142657317,4399.12818213291,4399.12818213291,2958.3718178670897,2958.3718178670897,asphalt,1.1575
13.116666666666898,64.16813975610822,17.824483265585616,0.0,0.0,0.0,0.0,17.824483265585616,0.0,188.7941708724942,4.85860516619141e-05,6183.820406489723,1,0,0.42727057929891704,0.42727057929891704,0.7563489474906624,0.7563489474906624,4399.12827014206,4399.12827014206,2958.3717298579395,2958.3717298579395,asphalt,1.1575
13.133333333333566,64.16814262853457,17.824484063481822,0.0,0.0,0.0,0.0,17.824484063481822,0.0,189.0912456019233,4.744976592974126e-05,6183.820738243519,1,0,0.4272705901906892,0.4272705901906892,0.7563487846159707,0.7563487846159707,4399.128356092964,4399.128356092964,2958.3716439070354,2958.3716439070354,asphalt,1.1575
13.150000000000233,64.16814543378328,17.824484842717577,0.0,0.0,0.0,0.0,17.824484842717577,0.0,189.3883203444557,4.634005563275423e-05,6183.821062238569,1,0,0.4272706008277364,0.4272706008277364,0.7563486255504255,0.7563486255504255,4399.128440033709,4399.128440033709,2958.3715599662905,2958.3715599662905,asphalt,1.1575
13.1666666666669,64.16814817342546,17.824485603729293,0.0,0.0,0.0,0.0,17.824485603729293,0.0,189.68539509978498,4.525629748286519e-05,6183.821378656324,1,0,0.42727061121601084,0.42727061121601084,0.7563484702049565,0.7563484702049565,4399.128522011356,4399.128522011356,2958.371477988643,2958.371477988643,asphalt,1.1575
13.183333333333568,64.16815084899544,17.82448634694318,0.0,0.0,0.0,0.0,17.82448634694318,0.0,189.98246986761183,4.4197885245012e-05,6183.821687673997,1,0,0.4272706213613311,0.4272706213613311,0.7563483184925589,0.7563483184925589,4399.128602071813,4399.128602071813,2958.3713979281874,2958.3713979281874,asphalt,1.1575
13.200000000000236,64.1681534619917,17.82448707277547,0.0,0.0,0.0,0.0,17.82448707277547,0.0,190.279544647644,4.3164226326553035e-05,6183.821989464653,1,0,0.4272706312693876,0.4272706312693876,0.7563481703282474,0.7563481703282474,4399.12868025983,4399.12868025983,2958.3713197401694,2958.3713197401694,asphalt,1.1575
13.216666666666903,64.16815601387762,17.824487781632673,0.0,0.0,0.0,0.0,17.824487781632673,0.0,190.57661943959602,4.215474177726719e-05,6183.82228419731,1,0,0.4272706409457228,0.4272706409457228,0.756348025629058,0.756348025629058,4399.128756619265,4399.128756619265,2958.371243380735,2958.371243380735,asphalt,1.1575
13.23333333333357,64.16815850608243,17.824488473911785,0.0,0.0,0.0,0.0,17.824488473911785,0.0,190.87369424318914,4.11688662893539e-05,6183.822572037036,1,0,0.4272706503957498,0.4272706503957498,0.7563478843139692,0.7563478843139692,4399.128831192946,4399.128831192946,2958.371168807054,2958.371168807054,asphalt,1.1575
13.250000000000238,64.16816094000187,17.82448915000052,0.0,0.0,0.0,0.0,17.82448915000052,0.0,191.17076905815108,4.020604734478184e-05,6183.822853145035,1,0,0.42727065962477623,0.42727065962477623,0.7563477463037966,0.7563477463037966,4399.128904022485,4399.128904022485,2958.3710959775153,2958.3710959775153,asphalt,1.1575
13.266666666666906,64.16816331699908,17.824489810277523,0.0,0.0,0.0,0.0,17.824489810277523,0.0,191.46784388421597,3.9265745215288916e-05,6183.823127678743,1,0,0.42727066863795926,0.42727066863795926,0.756347611521279,0.756347611521279,4399.128975148787,4399.128975148787,2958.3710248512134,2958.3710248512134,asphalt,1.1575
13.283333333333573,64.16816563840531,17.824490455112585,0.0,0.0,0.0,0.0,17.824490455112585,0.0,191.76491872112416,3.8347434667684865e-05,6183.823395791913,1,0,0.42727067744034875,0.42727067744034875,0.756347479890927,0.756347479890927,4399.129044611667,4399.129044611667,2958.3709553883323,2958.3709553883323,asphalt,1.1575
13.30000000000024,64.16816790552065,17.824491084866846,0.0,0.0,0.0,0.0,17.824491084866846,0.0,192.06199356862206,3.7450600700594805e-05,6183.823657634702,1,0,0.4272706860368791,0.4272706860368791,0.7563473513390085,0.7563473513390085,4399.129112449982,4399.129112449982,2958.3708875500174,2958.3708875500174,asphalt,1.1575
13.316666666666908,64.16817011961481,17.824491699893002,0.0,0.0,0.0,0.0,17.824491699893002,0.0,192.359068426462,3.65747411024131e-05,6183.823913353755,1,0,0.42727069443236226,0.42727069443236226,0.7563472257935347,0.7563472257935347,4399.129178701751,4399.129178701751,2958.3708212982488,2958.3708212982488,asphalt,1.1575
13.333333333333576,64.1681722819278,17.8244923005355,0.0,0.0,0.0,0.0,17.8244923005355,0.0,192.65614329440206,3.5719365598652075e-05,6183.824163092292,1,0,0.4272707026314918,0.4272707026314918,0.7563471031842149,0.7563471031842149,4399.129243404162,4399.129243404162,2958.3707565958384,2958.3707565958384,asphalt,1.1575
13.350000000000243,64.16817439367064,17.82449288713073,0.0,0.0,0.0,0.0,17.82449288713073,0.0,192.95321817220608,3.488399414663945e-05,6183.824406990177,1,0,0.4272707106388739,0.4272707106388739,0.7563469834423464,0.7563469834423464,4399.12930659331,4399.12930659331,2958.3706934066895,2958.3706934066895,asphalt,1.1575
13.36666666666691,64.168176456026,17.824493460007222,0.0,0.0,0.0,0.0,17.824493460007222,0.0,193.25029305964338,3.406816034612348e-05,6183.824645184005,1,0,0.42727071845898607,0.42727071845898607,0.7563468665008848,0.7563468665008848,4399.129368304653,4399.129368304653,2958.370631695346,2958.370631695346,asphalt,1.1575
13.383333333333578,64.16817847014893,17.82449401948581,0.0,0.0,0.0,0.0,17.82449401948581,0.0,193.54736795648864,3.3271405470713944e-05,6183.8248778071775,1,0,0.42727072609620853,0.42727072609620853,0.7563467522943371,0.7563467522943371,4399.12942857275,4399.12942857275,2958.37057142725,2958.37057142725,asphalt,1.1575
13.400000000000245,64.16818043716742,17.82449456587984,0.0,0.0,0.0,0.0,17.82449456587984,0.0,193.84444286252184,3.2493285289092455e-05,6183.825104989977,1,0,0.4272707335548151,0.4272707335548151,0.7563466407587496,0.7563466407587496,4399.129487431388,4399.129487431388,2958.3705125686115,2958.3705125686115,asphalt,1.1575
13.416666666666913,64.16818235818313,17.824495099495312,0.0,0.0,0.0,0.0,17.824495099495312,0.0,194.14151777752812,3.173336239115088e-05,6183.825326859637,1,0,0.4272707408389901,0.4272707408389901,0.7563465318316391,0.7563465318316391,4399.1295449134595,4399.1295449134595,2958.3704550865396,2958.3704550865396,asphalt,1.1575
13.43333333333358,64.16818423427192,17.824495620631087,0.0,0.0,0.0,0.0,17.824495620631087,0.0,194.43859270129764,3.099121215655032e-05,6183.825543540417,1,0,0.42727074795281356,0.42727074795281356,0.7563464254519993,0.7563464254519993,4399.129601051151,4399.129601051151,2958.370398948848,2958.370398948848,asphalt,1.1575
13.450000000000248,64.1681860664845,17.824496129579025,0.0,0.0,0.0,0.0,17.824496129579025,0.0,194.73566763362538,3.026641849146472e-05,6183.82575515367,1,0,0.42727075490025945,0.42727075490025945,0.7563463215602777,0.7563463215602777,4399.129655876008,4399.129655876008,2958.3703441239923,2958.3703441239923,asphalt,1.1575
13.466666666666915,64.16818785584698,17.82449662662416,0.0,0.0,0.0,0.0,17.82449662662416,0.0,195.03274257431124,2.9558575533883413e-05,6183.825961817908,1,0,0.42727076168522443,0.42727076168522443,0.7563462200982769,0.7563462200982769,4399.129709418676,4399.129709418676,2958.3702905813243,2958.3702905813243,asphalt,1.1575
13.483333333333583,64.16818960336154,17.82449711204487,0.0,0.0,0.0,0.0,17.82449711204487,0.0,195.32981752315973,2.886728765361113e-05,6183.826163648877,1,0,0.4272707683115127,0.4272707683115127,0.756346121009161,0.756346121009161,4399.129761709098,4399.129761709098,2958.3702382909023,2958.3702382909023,asphalt,1.1575
13.50000000000025,64.16819131000685,17.82449758611301,0.0,0.0,0.0,0.0,17.82449758611301,0.0,195.62689247997997,2.819216604166286e-05,6183.826360759612,1,0,0.42727077478282766,0.42727077478282766,0.7563460242374548,0.7563460242374548,4399.129812776639,4399.129812776639,2958.370187223361,2958.370187223361,asphalt,1.1575
13.516666666666918,64.16819297673875,17.824498049094096,0.0,0.0,0.0,0.0,17.824498049094096,0.0,195.92396744458551,2.7532834678822837e-05,6183.826553260504,1,0,0.42727078110280026,0.42727078110280026,0.7563459297289444,0.7563459297289444,4399.12986264983,4399.12986264983,2958.3701373501694,2958.3701373501694,asphalt,1.1575
13.533333333333585,64.16819460449067,17.824498501247408,0.0,0.0,0.0,0.0,17.824498501247408,0.0,196.2210424167943,2.6888921809131716e-05,6183.826741259365,1,0,0.4272707872749616,0.4272707872749616,0.7563458374307226,0.7563458374307226,4399.129911356691,4399.129911356691,2958.3700886433085,2958.3700886433085,asphalt,1.1575
13.550000000000253,64.16819619417424,17.824498942826178,0.0,0.0,0.0,0.0,17.824498942826178,0.0,196.51811739642847,2.6260069319050672e-05,6183.826924861484,1,0,0.4272707933027774,0.4272707933027774,0.7563457472910735,0.7563457472910735,4399.129958924406,4399.129958924406,2958.3700410755932,2958.3700410755932,asphalt,1.1575
13.56666666666692,64.16819774667978,17.824499374077718,0.0,0.0,0.0,0.0,17.824499374077718,0.0,196.81519238331438,2.5645923358297296e-05,6183.82710416969,1,0,0.4272707991896205,0.4272707991896205,0.7563456592595217,0.7563456592595217,4399.130005379648,4399.130005379648,2958.3699946203515,2958.3699946203515,asphalt,1.1575
13.583333333333588,64.16819926287678,17.82449979524355,0.0,0.0,0.0,0.0,17.82449979524355,0.0,197.11226737728248,2.5046140308404574e-05,6183.827279284401,1,0,0.42727080493879294,0.42727080493879294,0.7563455732867537,0.7563455732867537,4399.130050748383,4399.130050748383,2958.3699492516166,2958.3699492516166,asphalt,1.1575
13.600000000000255,64.16820074361438,17.82450020655955,0.0,0.0,0.0,0.0,17.82450020655955,0.0,197.40934237816708,2.446038422476704e-05,6183.827450303693,1,0,0.4272708105535038,0.4272708105535038,0.7563454893246475,0.7563454893246475,4399.13009505613,4399.13009505613,2958.36990494387,2958.36990494387,asphalt,1.1575
13.616666666666923,64.16820218972185,17.82450060825607,0.0,0.0,0.0,0.0,17.82450060825607,0.0,197.70641738580647,2.3888327689292055e-05,6183.827617323345,1,0,0.4272708160368978,0.4272708160368978,0.7563454073261796,0.7563454073261796,4399.1301383277005,4399.1301383277005,2958.369861672299,2958.369861672299,asphalt,1.1575
13.63333333333359,64.16820360200914,17.824501000558094,0.0,0.0,0.0,0.0,17.824501000558094,0.0,198.00349240004266,2.3329650105097244e-05,6183.827780436898,1,0,0.42727082139205835,0.42727082139205835,0.7563453272453948,0.7563453272453948,4399.1301805872035,4399.1301805872035,2958.369819412796,2958.369819412796,asphalt,1.1575
13.650000000000258,64.16820498126715,17.82450138368532,0.0,0.0,0.0,0.0,17.82450138368532,0.0,198.3005674207213,2.2784037696510495e-05,6183.827939735704,1,0,0.42727082662197297,0.42727082662197297,0.7563452490374728,0.7563452490374728,4399.130221858425,4399.130221858425,2958.3697781415744,2958.3697781415744,asphalt,1.1575
13.666666666666925,64.16820632826837,17.824501757852325,0.0,0.0,0.0,0.0,17.824501757852325,0.0,198.5976424476918,2.225118606702381e-05,6183.828095308979,1,0,0.42727083172957997,0.42727083172957997,0.7563451726585897,0.7563451726585897,4399.130262164383,4399.130262164383,2958.3697378356164,2958.3697378356164,asphalt,1.1575
13.683333333333593,64.16820764376719,17.824502123268662,0.0,0.0,0.0,0.0,17.824502123268662,0.0,198.89471748080703,2.1730795936036884e-05,6183.8282472438505,1,0,0.4272708367177342,0.4272708367177342,0.7563450980659847,0.7563450980659847,4399.130301527711,4399.130301527711,2958.369698472289,2958.369698472289,asphalt,1.1575
13.70000000000026,64.16820892850035,17.824502480138985,0.0,0.0,0.0,0.0,17.824502480138985,0.0,199.19179251992327,2.1222576549462246e-05,6183.828395625411,1,0,0.42727084158922846,0.42727084158922846,0.7563450252178844,0.7563450252178844,4399.130339970463,4399.130339970463,2958.3696600295366,2958.3696600295366,asphalt,1.1575
13.716666666666928,64.16821018318736,17.824502828663153,0.0,0.0,0.0,0.0,17.824502828663153,0.0,199.48886756490012,2.072624226912012e-05,6183.828540536762,1,0,0.4272708463467897,0.4272708463467897,0.7563449540734938,0.7563449540734938,4399.130377514183,4399.130377514183,2958.3696224858163,2958.3696224858163,asphalt,1.1575
13.733333333333595,64.16821140853094,17.82450316903637,0.0,0.0,0.0,0.0,17.82450316903637,0.0,199.78594261560056,2.0241516835994844e-05,6183.828682059063,1,0,0.427270850993088,0.427270850993088,0.7563448845929522,0.7563448845929522,4399.130414179838,4399.130414179838,2958.369585820162,2958.369585820162,asphalt,1.1575
13.750000000000263,64.1682126052173,17.82450350144925,0.0,0.0,0.0,0.0,17.82450350144925,0.0,200.08301767189067,1.97681265490246e-05,6183.828820271571,1,0,0.4272708555307277,0.4272708555307277,0.7563448167373437,0.7563448167373437,4399.130449987943,4399.130449987943,2958.369550012056,2958.369550012056,asphalt,1.1575
13.76666666666693,64.16821377391669,17.82450382608797,0.0,0.0,0.0,0.0,17.82450382608797,0.0,200.3800927336398,1.9305808791614254e-05,6183.828955251694,1,0,0.42727085996223596,0.42727085996223596,0.7563447504687013,0.7563447504687013,4399.130484958696,4399.130484958696,2958.369515041303,2958.369515041303,asphalt,1.1575
13.783333333333598,64.16821491528363,17.82450414313434,0.0,0.0,0.0,0.0,17.82450414313434,0.0,200.67716780072024,1.8854302652471233e-05,6183.829087075029,1,0,0.42727086429011013,0.42727086429011013,0.7563446857498702,0.7563446857498702,4399.130519111523,4399.130519111523,2958.369480888476,2958.369480888476,asphalt,1.1575
13.800000000000265,64.16821602995736,17.824504452765932,0.0,0.0,0.0,0.0,17.824504452765932,0.0,200.97424287300734,1.8413355746815796e-05,6183.829215815402,1,0,0.42727086851677015,0.42727086851677015,0.7563446225446163,0.7563446225446163,4399.130552465596,4399.130552465596,2958.369447534403,2958.369447534403,asphalt,1.1575
13.816666666666933,64.16821711856213,17.824504755156145,0.0,0.0,0.0,0.0,17.824504755156145,0.0,201.2713179503793,1.7982720805775898e-05,6183.829341544916,1,0,0.42727087264457275,0.42727087264457275,0.7563445608175678,0.7563445608175678,4399.1305850397,4399.1305850397,2958.3694149602998,2958.3694149602998,asphalt,1.1575
13.8333333333336,64.16821818170762,17.824505050474336,0.0,0.0,0.0,0.0,17.824505050474336,0.0,201.56839303271724,1.756215823434104e-05,6183.829464333985,1,0,0.42727087667584507,0.42727087667584507,0.7563445005341136,0.7563445005341136,4399.130616851916,4399.130616851916,2958.369383148084,2958.369383148084,asphalt,1.1575
13.850000000000268,64.16821921998925,17.824505338885903,0.0,0.0,0.0,0.0,17.824505338885903,0.0,201.865468119905,1.7151430995454575e-05,6183.829584251378,1,0,0.4272708806128323,0.4272708806128323,0.7563444416605266,0.7563444416605266,4399.130647920195,4399.130647920195,2958.3693520798042,2958.3693520798042,asphalt,1.1575
13.866666666666935,64.16822023398855,17.824505620552372,0.0,0.0,0.0,0.0,17.824505620552372,0.0,202.1625432118291,1.6750308873270114e-05,6183.829701364254,1,0,0.4272708844577539,0.4272708844577539,0.756344384163795,0.756344384163795,4399.130678261787,4399.130678261787,2958.3693217382133,2958.3693217382133,asphalt,1.1575
13.883333333333603,64.16822122427335,17.824505895631486,0.0,0.0,0.0,0.0,17.824505895631486,0.0,202.45961830837888,1.6358568473151536e-05,6183.829815738205,1,0,0.4272708882127446,0.4272708882127446,0.756344328011766,0.756344328011766,4399.130707893872,4399.130707893872,2958.369292106128,2958.369292106128,asphalt,1.1575
13.90000000000027,64.1682221913983,17.824506164277306,0.0,0.0,0.0,0.0,17.824506164277306,0.0,202.7566934094461,1.5975989811067848e-05,6183.829927437285,1,0,0.42727089187991907,0.42727089187991907,0.7563442731729624,0.7563442731729624,4399.130736832929,4399.130736832929,2958.36926316707,2958.36926316707,asphalt,1.1575
13.916666666666938,64.16822313590505,17.82450642664029,0.0,0.0,0.0,0.0,17.82450642664029,0.0,203.05376851492505,1.5602358018895757e-05,6183.83003652405,1,0,0.42727089546133595,0.42727089546133595,0.7563442196166581,0.7563442196166581,4399.130765095117,4399.130765095117,2958.3692349048833,2958.3692349048833,asphalt,1.1575
13.933333333333605,64.16822405832255,17.824506682867373,0.0,0.0,0.0,0.0,17.824506682867373,0.0,203.35084362471267,1.5237464197070949e-05,6183.830143059596,1,0,0.42727089895898784,0.42727089895898784,0.7563441673128943,0.7563441673128943,4399.130792696397,4399.130792696397,2958.3692073036023,2958.3692073036023,asphalt,1.1575
13.950000000000273,64.1682249591674,17.824506933102057,0.0,0.0,0.0,0.0,17.824506933102057,0.0,203.6479187387081,1.4881104561936809e-05,6183.830247103589,1,0,0.42727090237484033,0.42727090237484033,0.756344116232359,0.756344116232359,4399.13081965216,4399.13081965216,2958.369180347839,2958.369180347839,asphalt,1.1575
13.96666666666694,64.16822583894415,17.824507177484485,0.0,0.0,0.0,0.0,17.824507177484485,0.0,203.94499385681297,1.4533079593093134e-05,6183.830348714297,1,0,0.427270905710803,0.427270905710803,0.7563440663464555,0.7563440663464555,4399.130845977537,4399.130845977537,2958.3691540224627,2958.3691540224627,asphalt,1.1575
13.983333333333608,64.16822669814547,17.82450741615152,0.0,0.0,0.0,0.0,17.82450741615152,0.0,204.2420689789312,1.4193193180744856e-05,6183.830447948629,1,0,0.4272709089687503,0.4272709089687503,0.7563440176272278,0.7563440176272278,4399.130871687209,4399.130871687209,2958.36912831279,2958.36912831279,asphalt,1.1575
14.000000000000275,64.1682275372526,17.824507649236836,0.0,0.0,0.0,0.0,17.824507649236836,0.0,204.53914410496884,1.3861256036307168e-05,6183.83054486216,1,0,0.4272709121505041,0.4272709121505041,0.7563439700473981,0.7563439700473981,4399.130896795604,4399.130896795604,2958.369103204396,2958.369103204396,asphalt,1.1575
14.016666666666943,64.1682283567355,17.82450787687097,0.0,0.0,0.0,0.0,17.82450787687097,0.0,204.83621923483432,1.3537082281800394e-05,6183.8306395091695,1,0,0.42727091525784844,0.42727091525784844,0.7563439235803132,0.7563439235803132,4399.130921316761,4399.130921316761,2958.3690786832385,2958.3690786832385,asphalt,1.1575
14.03333333333361,64.16822915705309,17.824508099181415,0.0,0.0,0.0,0.0,17.824508099181415,0.0,205.13329436843807,1.3220489449849993e-05,6183.830731942661,1,0,0.42727091829251873,0.42727091829251873,0.7563438781999638,0.7563438781999638,4399.130945264466,4399.130945264466,2958.369054735533,2958.369054735533,asphalt,1.1575
14.050000000000278,64.1682299386536,17.824508316292665,0.0,0.0,0.0,0.0,17.824508316292665,0.0,205.4303695056927,1.29113010416404e-05,6183.830822214406,1,0,0.42727092125621524,0.42727092125621524,0.7563438338809305,0.7563438338809305,4399.130968652121,4399.130968652121,2958.369031347879,2958.369031347879,asphalt,1.1575
14.066666666666945,64.16823070197476,17.824508528326323,0.0,0.0,0.0,0.0,17.824508528326323,0.0,205.7274446465128,1.2609343968961184e-05,6183.83091037496,1,0,0.4272709241506,0.4272709241506,0.7563437905983875,0.7563437905983875,4399.130991492802,4399.130991492802,2958.369008507197,2958.369008507197,asphalt,1.1575
14.083333333333613,64.16823144744407,17.824508735401132,0.0,0.0,0.0,0.0,17.824508735401132,0.0,206.024519790815,1.2314447701555764e-05,6183.830996473695,1,0,0.4272709269772972,0.4272709269772972,0.756343748328087,0.756343748328087,4399.131013799271,4399.131013799271,2958.368986200728,2958.368986200728,asphalt,1.1575
14.10000000000028,64.16823217547905,17.82450893763307,0.0,0.0,0.0,0.0,17.82450893763307,0.0,206.32159493851782,1.2026449383029103e-05,6183.831080558836,1,0,0.4272709297378825,0.4272709297378825,0.7563437070463731,0.7563437070463731,4399.131035584094,4399.131035584094,2958.3689644159053,2958.3689644159053,asphalt,1.1575
14.116666666666948,64.16823288648743,17.824509135135397,0.0,0.0,0.0,0.0,17.824509135135397,0.0,206.61867008954175,1.1745186156986165e-05,6183.83116267747,1,0,0.4272709324339101,0.4272709324339101,0.7563436667301051,0.7563436667301051,4399.131056859388,4399.131056859388,2958.3689431406115,2958.3689431406115,asphalt,1.1575
14.133333333333615,64.1682335808674,17.82450932801872,0.0,0.0,0.0,0.0,17.82450932801872,0.0,206.91574524380917,1.147050028293961e-05,6183.831242875591,1,0,0.4272709350668767,0.4272709350668767,0.7563436273567401,0.7563436273567401,4399.131077637208,4399.131077637208,2958.3689223627916,2958.3689223627916,asphalt,1.1575
14.150000000000283,64.16823425900786,17.82450951639107,0.0,0.0,0.0,0.0,17.82450951639107,0.0,207.21282040124416,1.12022391363098e-05,6183.831321198113,1,0,0.4272709376382722,0.4272709376382722,0.7563435889041845,0.7563435889041845,4399.13109792903,4399.13109792903,2958.36890207097,2958.36890207097,asphalt,1.1575
14.16666666666695,64.16823492128862,17.824509700357947,0.0,0.0,0.0,0.0,17.824509700357947,0.0,207.50989556177268,1.0940251797819656e-05,6183.8313976889,1,0,0.4272709401495322,0.4272709401495322,0.7563435513509167,0.7563435513509167,4399.131117746267,4399.131117746267,2958.3688822537333,2958.3688822537333,asphalt,1.1575
14.183333333333618,64.16823556808056,17.824509880022376,0.0,0.0,0.0,0.0,17.824509880022376,0.0,207.80697072532234,1.0684390758797235e-05,6183.831472390792,1,0,0.42727094260205756,0.42727094260205756,0.7563435146759188,0.7563435146759188,4399.131137100074,4399.131137100074,2958.3688628999257,2958.3688628999257,asphalt,1.1575
14.200000000000285,64.16823619974592,17.82451005548498,0.0,0.0,0.0,0.0,17.82451005548498,0.0,208.10404589182252,1.0434514479129575e-05,6183.831545345627,1,0,0.4272709449972282,0.4272709449972282,0.7563434788586331,0.7563434788586331,4399.131156001224,4399.131156001224,2958.368843998776,2958.368843998776,asphalt,1.1575
14.216666666666953,64.16823681663851,17.82451022684403,0.0,0.0,0.0,0.0,17.82451022684403,0.0,208.4011210612042,1.0190482271354995e-05,6183.831616594262,1,0,0.4272709473363801,0.4272709473363801,0.7563434438790158,0.7563434438790158,4399.131174460359,4399.131174460359,2958.3688255396405,2958.3688255396405,asphalt,1.1575
14.23333333333362,64.16823741910376,17.82451039419549,0.0,0.0,0.0,0.0,17.82451039419549,0.0,208.6981962334,9.952156005965662e-06,6183.831686176601,1,0,0.42727094962082474,0.42727094962082474,0.7563434097174719,0.7563434097174719,4399.131192487803,4399.131192487803,2958.368807512197,2958.368807512197,asphalt,1.1575
14.250000000000288,64.16823800747913,17.82451055763309,0.0,0.0,0.0,0.0,17.82451055763309,0.0,208.99527140834414,9.719404374664009e-06,6183.831754131612,1,0,0.42727095185184455,0.42727095185184455,0.756343376354862,0.756343376354862,4399.13121009362,4399.13121009362,2958.368789906379,2958.368789906379,asphalt,1.1575
14.266666666666955,64.16823858209413,17.82451071724837,0.0,0.0,0.0,0.0,17.82451071724837,0.0,209.2923465859723,9.492096069152467e-06,6183.831820497355,1,0,0.427270954030694,0.427270954030694,0.7563433437724882,0.7563433437724882,4399.131227287623,4399.131227287623,2958.368772712377,2958.368772712377,asphalt,1.1575
14.283333333333623,64.16823914327057,17.824510873130713,0.0,0.0,0.0,0.0,17.824510873130713,0.0,209.5894217662217,9.270104044389882e-06,6183.831885310999,1,0,0.4272709561585755,0.4272709561585755,0.7563433119521481,0.7563433119521481,4399.131244079619,4399.131244079619,2958.368755920381,2958.368755920381,asphalt,1.1575
14.30000000000029,64.16823969132274,17.82451102536743,0.0,0.0,0.0,0.0,17.82451102536743,0.0,209.886496949031,9.053303813288949e-06,6183.83194860884,1,0,0.4272709582366979,0.4272709582366979,0.756343280875977,0.756343280875977,4399.131260478841,4399.131260478841,2958.368739521158,2958.368739521158,asphalt,1.1575
14.316666666666958,64.16824022655759,17.824511174043774,0.0,0.0,0.0,0.0,17.824511174043774,0.0,210.18357213434044,8.841573446716211e-06,6183.832010426331,1,0,0.42727096026622025,0.42727096026622025,0.756343250526584,0.756343250526584,4399.131276494523,4399.131276494523,2958.3687235054767,2958.3687235054767,asphalt,1.1575
14.333333333333625,64.16824074927486,17.824511319243015,0.0,0.0,0.0,0.0,17.824511319243015,0.0,210.4806473220915,8.634794426143344e-06,6183.832070798094,1,0,0.42727096224827854,0.42727096224827854,0.7563432208869715,0.7563432208869715,4399.13129213564,4399.13129213564,2958.3687078643597,2958.3687078643597,asphalt,1.1575
14.350000000000293,64.16824125976731,17.824511461046477,0.0,0.0,0.0,0.0,17.824511461046477,0.0,210.77772251222706,8.432852496298437e-06,6183.832129757937,1,0,0.4272709641839803,0.4272709641839803,0.7563431919405477,0.7563431919405477,4399.131307410977,4399.131307410977,2958.3686925890233,2958.3686925890233,asphalt,1.1575
14.36666666666696,64.16824175832083,17.824511599533565,0.0,0.0,0.0,0.0,17.824511599533565,0.0,211.07479770469132,8.235632549258298e-06,6183.832187338883,1,0,0.4272709660744061,0.4272709660744061,0.7563431636711098,0.7563431636711098,4399.131322329124,4399.131322329124,2958.368677670876,2958.368677670876,asphalt,1.1575
14.383333333333628,64.16824224521467,17.82451173478185,0.0,0.0,0.0,0.0,17.82451173478185,0.0,211.37187289942992,8.043025445658714e-06,6183.832243573179,1,0,0.42727096792062935,0.42727096792062935,0.7563431360627881,0.7563431360627881,4399.131336898288,4399.131336898288,2958.3686631017113,2958.3686631017113,asphalt,1.1575
14.400000000000295,64.16824272072147,17.824511866867073,0.0,0.0,0.0,0.0,17.824511866867073,0.0,211.66894809638958,7.854922898786754e-06,6183.83229849232,1,0,0.42727096972366685,0.42727096972366685,0.756343109100165,0.756343109100165,4399.131351126805,4399.131351126805,2958.3686488731937,2958.3686488731937,asphalt,1.1575
14.416666666666963,64.16824318510756,17.824511995863208,0.0,0.0,0.0,0.0,17.824511995863208,0.0,211.9660232955184,7.671219179883337e-06,6183.832352127063,1,0,0.42727097148454235,0.42727097148454235,0.7563430827681021,0.7563430827681021,4399.131365022498,4399.131365022498,2958.3686349775016,2958.3686349775016,asphalt,1.1575
14.43333333333363,64.16824363863302,17.824512121842503,0.0,0.0,0.0,0.0,17.824512121842503,0.0,212.26309849676562,7.491811970794515e-06,6183.832404507448,1,0,0.4272709732042323,0.4272709732042323,0.7563430570518792,0.7563430570518792,4399.131378593252,4399.131378593252,2958.3686214067484,2958.3686214067484,asphalt,1.1575
14.450000000000298,64.16824408155183,17.82451224487551,0.0,0.0,0.0,0.0,17.82451224487551,0.0,212.56017370008172,7.316599806017621e-06,6183.832455662809,1,0,0.4272709748837093,0.4272709748837093,0.7563430319370681,0.7563430319370681,4399.131391846568,4399.131391846568,2958.3686081534324,2958.3686081534324,asphalt,1.1575
14.466666666666965,64.1682445141121,17.82451236503114,0.0,0.0,0.0,0.0,17.82451236503114,0.0,212.8572489054183,7.145486335957685e-06,6183.8325056217955,1,0,0.42727097652390633,0.42727097652390633,0.7563430074096236,0.7563430074096236,4399.131404789948,4399.131404789948,2958.3685952100523,2958.3685952100523,asphalt,1.1575
14.483333333333633,64.16824493655606,17.824512482376683,0.0,0.0,0.0,0.0,17.824512482376683,0.0,213.15432411272812,6.9783743583684554e-06,6183.832554412387,1,0,0.4272709781257425,0.4272709781257425,0.7563429834558094,0.7563429834558094,4399.131417430636,4399.131417430636,2958.368582569363,2958.368582569363,asphalt,1.1575
14.5000000000003,64.16824534912028,17.824512596977858,0.0,0.0,0.0,0.0,17.824512596977858,0.0,213.45139932196503,6.815170934260095e-06,6183.832602061911,1,0,0.42727097969011707,0.42727097969011707,0.756342960062201,0.756342960062201,4399.131429775688,4399.131429775688,2958.3685702243115,2958.3685702243115,asphalt,1.1575
14.516666666666968,64.16824575203584,17.824512708898844,0.0,0.0,0.0,0.0,17.824512708898844,0.0,213.74847453308394,6.65578397729405e-06,6183.832648597052,1,0,0.4272709812179054,0.4272709812179054,0.756342937215701,0.756342937215701,4399.131441832025,4399.131441832025,2958.368558167974,2958.368558167974,asphalt,1.1575
14.533333333333635,64.16824614552837,17.824512818202326,0.0,0.0,0.0,0.0,17.824512818202326,0.0,214.04554974604085,6.500124811736896e-06,6183.832694043873,1,0,0.42727098270995884,0.42727098270995884,0.7563429149035247,0.7563429149035247,4399.1314536064465,4399.1314536064465,2958.368546393553,2958.368546393553,asphalt,1.1575
14.550000000000303,64.16824652981828,17.82451292494952,0.0,0.0,0.0,0.0,17.82451292494952,0.0,214.3426249607928,6.348105614506494e-06,6183.8327384278255,1,0,0.42727098416712467,0.42727098416712467,0.7563428931131462,0.7563428931131462,4399.131465105425,4399.131465105425,2958.368534894574,2958.368534894574,asphalt,1.1575
14.56666666666697,64.16824690512077,17.82451302920021,0.0,0.0,0.0,0.0,17.82451302920021,0.0,214.63970017729775,6.199641973125836e-06,6183.832781773768,1,0,0.4272709855902091,0.4272709855902091,0.756342871832387,0.756342871832387,4399.131476335502,4399.131476335502,2958.368523664497,2958.368523664497,asphalt,1.1575
14.583333333333638,64.16824727164602,17.824513131012782,0.0,0.0,0.0,0.0,17.824513131012782,0.0,214.93677539551476,6.0546503277691954e-06,6183.832824105976,1,0,0.42727098698000965,0.42727098698000965,0.7563428510493273,0.7563428510493273,4399.131487302961,4399.131487302961,2958.368512697038,2958.368512697038,asphalt,1.1575
14.600000000000305,64.16824762959935,17.824513230444264,0.0,0.0,0.0,0.0,17.824513230444264,0.0,215.23385061540378,5.91305052921598e-06,6183.832865448158,1,0,0.4272709883373099,0.4272709883373099,0.7563428307523142,0.7563428307523142,4399.131498013893,4399.131498013893,2958.3685019861064,2958.3685019861064,asphalt,1.1575
14.616666666666973,64.16824797918119,17.824513327550328,0.0,0.0,0.0,0.0,17.824513327550328,0.0,215.53092583692572,5.774761575594312e-06,6183.8329058234685,1,0,0.427270989662861,0.427270989662861,0.7563428109300045,0.7563428109300045,4399.131508474388,4399.131508474388,2958.3684915256113,2958.3684915256113,asphalt,1.1575
14.63333333333364,64.16824832058732,17.82451342238537,0.0,0.0,0.0,0.0,17.82451342238537,0.0,215.82800106004237,5.639706728288729e-06,6183.832945254518,1,0,0.42727099095742016,0.42727099095742016,0.7563427915712572,0.7563427915712572,4399.131518690153,4399.131518690153,2958.368481309846,2958.368481309846,asphalt,1.1575
14.650000000000308,64.16824865400898,17.824513515002494,0.0,0.0,0.0,0.0,17.824513515002494,0.0,216.1250762847164,5.507810101335053e-06,6183.83298376339,1,0,0.4272709922216949,0.4272709922216949,0.7563427726652762,0.7563427726652762,4399.131528667087,4399.131528667087,2958.3684713329126,2958.3684713329126,asphalt,1.1575
14.666666666666975,64.16824897963289,17.824513605453582,0.0,0.0,0.0,0.0,17.824513605453582,0.0,216.42215151091142,5.378999219374236e-06,6183.833021371653,1,0,0.427270993456407,0.427270993456407,0.7563427542014377,0.7563427542014377,4399.131538410639,4399.131538410639,2958.3684615893603,2958.3684615893603,asphalt,1.1575
14.683333333333643,64.16824929764141,17.82451369378928,0.0,0.0,0.0,0.0,17.82451369378928,0.0,216.71922673859183,5.253199901744665e-06,6183.833058100369,1,0,0.42727099466224233,0.42727099466224233,0.7563427361694154,0.7563427361694154,4399.131547926324,4399.131547926324,2958.368452073676,2958.368452073676,asphalt,1.1575
14.70000000000031,64.16824960821266,17.82451378005907,0.0,0.0,0.0,0.0,17.82451378005907,0.0,217.01630196772294,5.1303430836924235e-06,6183.833093970109,1,0,0.4272709958398769,0.4272709958398769,0.756342718559108,0.756342718559108,4399.131557219462,4399.131557219462,2958.3684427805374,2958.3684427805374,asphalt,1.1575
14.716666666666978,64.16824991152052,17.824513864311253,0.0,0.0,0.0,0.0,17.824513864311253,0.0,217.3133771982708,5.010358847812313e-06,6183.833129000961,1,0,0.4272709969899649,0.4272709969899649,0.7563427013606674,0.7563427013606674,4399.131566295312,4399.131566295312,2958.3684337046875,2958.3684337046875,asphalt,1.1575
14.733333333333645,64.16825020773491,17.82451394659303,0.0,0.0,0.0,0.0,17.82451394659303,0.0,217.61045243020232,4.893181539955549e-06,6183.833163212543,1,0,0.4272709981131648,0.4272709981131648,0.7563426845644237,0.7563426845644237,4399.131575158811,4399.131575158811,2958.368424841189,2958.368424841189,asphalt,1.1575
14.750000000000313,64.16825049702172,17.824514026950474,0.0,0.0,0.0,0.0,17.824514026950474,0.0,217.90752766348507,4.7787446533220646e-06,6183.833196624017,1,0,0.42727099921008976,0.42727099921008976,0.7563426681610128,0.7563426681610128,4399.131583815087,4399.131583815087,2958.368416184913,2958.368416184913,asphalt,1.1575
14.76666666666698,64.16825077954296,17.824514105428598,0.0,0.0,0.0,0.0,17.824514105428598,0.0,218.20460289808747,4.666983386414358e-06,6183.8332292540945,1,0,0.42727100028136417,0.42727100028136417,0.7563426521412205,0.7563426521412205,4399.1315922688855,4399.1315922688855,2958.3684077311145,2958.3684077311145,asphalt,1.1575
14.783333333333648,64.16825105545684,17.824514182071344,0.0,0.0,0.0,0.0,17.824514182071344,0.0,218.50167813397866,4.557836348340061e-06,6183.833261121051,1,0,0.4272710013275805,0.4272710013275805,0.7563426364960946,0.7563426364960946,4399.131600525015,4399.131600525015,2958.3683994749854,2958.3683994749854,asphalt,1.1575
14.800000000000315,64.16825132491793,17.824514256921645,0.0,0.0,0.0,0.0,17.824514256921645,0.0,218.7987533711285,4.451242148206802e-06,6183.833292242733,1,0,0.4272710023493319,0.4272710023493319,0.7563426212168538,0.7563426212168538,4399.131608588027,4399.131608588027,2958.368391411973,2958.368391411973,asphalt,1.1575
14.816666666666983,64.1682515880771,17.824514330021415,0.0,0.0,0.0,0.0,17.824514330021415,0.0,219.09582860950755,4.3471402477734955e-06,6183.833322636569,1,0,0.42727100334718693,0.42727100334718693,0.7563426062949516,0.7563426062949516,4399.131616462475,4399.131616462475,2958.3683835375246,2958.3683835375246,asphalt,1.1575
14.83333333333365,64.16825184508174,17.824514401411594,0.0,0.0,0.0,0.0,17.824514401411594,0.0,219.3929038490871,4.245473519404186e-06,6183.833352319583,1,0,0.4272710043217032,0.4272710043217032,0.7563425917220337,0.7563425917220337,4399.131624152782,4399.131624152782,2958.3683758472175,2958.3683758472175,asphalt,1.1575
14.850000000000318,64.16825209607582,17.824514471132172,0.0,0.0,0.0,0.0,17.824514471132172,0.0,219.68997908983906,4.146184835462918e-06,6183.833381308398,1,0,0.42727100527343376,0.42727100527343376,0.75634257748992,0.75634257748992,4399.13163166318,4399.13163166318,2958.368368336819,2958.368368336819,asphalt,1.1575
14.866666666666985,64.16825234119987,17.824514539222186,0.0,0.0,0.0,0.0,17.824514539222186,0.0,219.98705433173598,4.049217068313737e-06,6183.833409619249,1,0,0.427271006202903,0.427271006202903,0.7563425635906619,0.7563425635906619,4399.131638997966,4399.131638997966,2958.368361002034,2958.368361002034,asphalt,1.1575
14.883333333333653,64.16825258059119,17.824514605719774,0.0,0.0,0.0,0.0,17.824514605719774,0.0,220.2841295747511,3.954518206228386e-06,6183.833437267993,1,0,0.42727100711063176,0.42727100711063176,0.756342550016474,0.756342550016474,4399.1316461612405,4399.1316461612405,2958.368353838759,2958.368353838759,asphalt,1.1575
14.90000000000032,64.16825281438385,17.82451467066218,0.0,0.0,0.0,0.0,17.82451467066218,0.0,220.58120481885823,3.862033679524757e-06,6183.833464270114,1,0,0.427271007997132,0.427271007997132,0.7563425367597444,0.7563425367597444,4399.131653156981,4399.131653156981,2958.368346843018,2958.368346843018,asphalt,1.1575
14.916666666666988,64.16825304270878,17.824514734085774,0.0,0.0,0.0,0.0,17.824514734085774,0.0,220.87828006403186,3.771712329125876e-06,6183.833490640734,1,0,0.42727100886290725,0.42727100886290725,0.7563425238130309,0.7563425238130309,4399.131659989034,4399.131659989034,2958.3683400109653,2958.3683400109653,asphalt,1.1575
14.933333333333655,64.16825326569388,17.824514796026076,0.0,0.0,0.0,0.0,17.824514796026076,0.0,221.17535531024708,3.6835029959547683e-06,6183.833516394624,1,0,0.42727100970842774,0.42727100970842774,0.7563425111691207,0.7563425111691207,4399.131666661375,4399.131666661375,2958.368333338625,2958.368333338625,asphalt,1.1575
14.950000000000323,64.168253483464,17.824514856517776,0.0,0.0,0.0,0.0,17.824514856517776,0.0,221.47243055747953,3.597356226237025e-06,6183.833541546205,1,0,0.42727101053417516,0.42727101053417516,0.7563424988209118,0.7563424988209118,4399.131673177658,4399.131673177658,2958.368326822342,2958.368326822342,asphalt,1.1575
14.96666666666699,64.16825369614112,17.824514915594754,0.0,0.0,0.0,0.0,17.824514915594754,0.0,221.76950580570536,3.513225124152086e-06,6183.833566109564,1,0,0.42727101134061135,0.42727101134061135,0.7563424867614897,0.7563424867614897,4399.131679541537,4399.131679541537,2958.3683204584627,2958.3683204584627,asphalt,1.1575
14.983333333333658,64.16825390384435,17.824514973290096,0.0,0.0,0.0,0.0,17.824514973290096,0.0,222.06658105490138,3.4310610885768256e-06,6183.833590098458,1,0,0.42727101212818563,0.42727101212818563,0.7563424749841067,0.7563424749841067,4399.1316857566035,4399.1316857566035,2958.3683142433965,2958.3683142433965,asphalt,1.1575
15.000000000000325,64.16825410668999,17.824515029636107,0.0,0.0,0.0,0.0,17.824515029636107,0.0,222.36365630504488,3.350818076341966e-06,6183.8336135263235,1,0,0.4272710128973405,0.4272710128973405,0.7563424634821625,0.7563424634821625,4399.131691826319,4399.131691826319,2958.3683081736804,2958.3683081736804,asphalt,1.1575
