t,speed_kmh,speed_ms,yaw_rate,sideslip,heading,vx,vy,pos_x,pos_y,accel_long,rpm,gear,shift_cut,grip_FL,grip_FR,grip_RL,grip_RR,load_FL,load_FR,load_RL,load_RR,surface_type,surface_mu
0.016666666666666666,0.3514158967272287,0.09761552686867464,0.0,0.0,0.0,0.0,0.09761552686867464,0.0,0.0010058986539321288,5.973529305246162,1000.0,1,0,0.0,0.0,1.0,1.0,3950.470740799788,3950.470740799788,3407.0292592002115,3407.0292592002115,asphalt,1.1575
0.03333333333333333,0.7098932571582386,0.19719257143284405,0.0,0.0,0.0,0.0,0.19719257143284405,0.0,0.003670080902189847,5.974663801978259,1000.0,1,0,0.0,0.0,1.0,1.0,3949.862074865708,3949.862074865708,3407.6379251342914,3407.6379251342914,asphalt,1.1575
0.05,1.0683722660101627,0.29677007389171184,0.0,0.0,0.0,0.0,0.29677007389171184,0.0,0.007993889957006367,5.974640342410824,1000.0,1,0,0.0,0.0,1.0,1.0,3949.863423281472,3949.863423281472,3407.6365767185275,3407.6365767185275,asphalt,1.1575
0.06666666666666667,1.4268494309905928,0.3963470641640535,0.0,0.0,0.0,0.0,0.3963470641640535,0.0,0.013977318956426964,5.9746054947116445,1000.0,1,0,0.0,0.0,1.0,1.0,3949.8658381797845,3949.8658381797845,3407.634161820215,3407.634161820215,asphalt,1.1575
0.08333333333333333,1.785324095335943,0.49592335981553975,0.0,0.0,0.0,0.0,0.49592335981553975,0.0,0.02162035746188292,5.974559719863679,1000.0,1,0,0.0,0.0,1.0,1.0,3949.869074843651,3949.869074843651,3407.6309251563484,3407.6309251563484,asphalt,1.1575
0.09999999999999999,2.1437956034397514,0.5954987787332643,0.0,0.0,0.0,0.0,0.5954987787332643,0.0,0.030922991999342567,5.974503018376973,1000.0,1,0,0.0,0.0,1.0,1.0,3949.8731331518093,3949.8731331518093,3407.6268668481907,3407.6268668481907,asphalt,1.1575
0.11666666666666665,2.5022632997185053,0.6950731388106959,0.0,0.0,0.0,0.0,0.6950731388106959,0.0,0.0418852060596245,5.974435390656483,1000.0,1,0,0.0,0.0,1.0,1.0,3949.878013075282,3949.878013075282,3407.6219869247175,3407.6219869247175,asphalt,1.1575
0.13333333333333333,2.860726528615979,0.7946462579488831,0.0,0.0,0.0,0.0,0.7946462579488831,0.0,0.054506980098515685,5.974356837186914,1000.0,1,0,0.0,0.0,1.0,1.0,3949.8837145791204,3949.8837145791204,3407.616285420879,3407.616285420879,asphalt,1.1575
0.15,3.219184634608031,0.8942179540577864,0.0,0.0,0.0,0.0,0.8942179540577864,0.0,0.06878829153691167,5.974267358532961,1000.0,1,0,0.0,0.0,1.0,1.0,3949.8902376223623,3949.8902376223623,3407.6097623776377,3407.6097623776377,asphalt,1.1575
0.16666666666666666,3.5776369622073965,0.9937880450576101,0.0,0.0,0.0,0.0,0.9937880450576101,0.0,0.084729114760979,5.974166955339255,1000.0,1,0,0.0,0.0,1.0,1.0,3949.8975821580398,3949.8975821580398,3407.60241784196,3407.60241784196,asphalt,1.1575
0.18333333333333332,3.9360828559684835,1.0933563488801343,0.0,0.0,0.0,0.0,1.0933563488801343,0.0,0.10232942112233975,5.974055628330284,1000.0,1,0,0.0,0.0,1.0,1.0,3949.905748133176,3949.905748133176,3407.5942518668235,3407.5942518668235,asphalt,1.1575
0.19999999999999998,4.294521660492164,1.1929226834700455,0.0,0.0,0.0,0.0,1.1929226834700455,0.0,0.12158917893827843,5.973933378310363,1000.0,1,0,0.0,0.0,1.0,1.0,3949.9147354887887,3949.9147354887887,3407.585264511211,3407.585264511211,asphalt,1.1575
0.21666666666666665,4.652952720430567,1.2924868667862686,0.0,0.0,0.0,0.0,1.2924868667862686,0.0,0.14250835349197088,5.973800206163773,1000.0,1,0,0.0,0.0,1.0,1.0,3949.924544159888,3949.924544159888,3407.5754558401118,3407.5754558401118,asphalt,1.1575
0.2333333333333333,5.0113753804918755,1.3920487168032987,0.0,0.0,0.0,0.0,1.3920487168032987,0.0,0.16508690703273549,5.973656112854702,1000.0,1,0,0.0,0.0,1.0,1.0,3949.9351740754737,3949.9351740754737,3407.564825924526,3407.564825924526,asphalt,1.1575
0.24999999999999997,5.36978898544511,1.4916080515125305,0.0,0.0,0.0,0.0,1.4916080515125305,0.0,0.18932479877630654,5.973501099427008,1000.0,1,0,0.0,0.0,1.0,1.0,3949.9466251585463,3949.9466251585463,3407.553374841453,3407.553374841453,asphalt,1.1575
0.26666666666666666,5.728192880124925,1.5911646889235902,0.0,0.0,0.0,0.0,1.5911646889235902,0.0,0.21522198490512967,5.973335167004539,1000.0,1,0,0.0,0.0,1.0,1.0,3949.9588973261048,3949.9588973261048,3407.541102673895,3407.541102673895,asphalt,1.1575
0.2833333333333333,6.086586409436394,1.6907184470656649,0.0,0.0,0.0,0.0,1.6907184470656649,0.0,0.24277841856867977,5.973158316790919,1000.0,1,0,0.0,0.0,1.0,1.0,3949.97199048914,3949.97199048914,3407.5280095108596,3407.5280095108596,asphalt,1.1575
0.3,6.444968918359801,1.7902691439888336,0.0,0.0,0.0,0.0,1.7902691439888336,0.0,0.27199404988380066,5.972970550069547,1000.0,1,0,0.0,0.0,1.0,1.0,3949.9859045526437,3949.9859045526437,3407.5140954473554,3407.5140954473554,asphalt,1.1575
0.31666666666666665,6.803339751955426,1.889816597765396,0.0,0.0,0.0,0.0,1.889816597765396,0.0,0.3028688259350672,5.972771868203548,1000.0,1,0,0.0,0.0,1.0,1.0,3950.0006394156144,3950.0006394156144,3407.499360584385,3407.499360584385,asphalt,1.1575
0.3333333333333333,7.161698255368327,1.9893606264912018,0.0,0.0,0.0,0.0,1.9893606264912018,0.0,0.33540269077516954,5.972562272635873,1000.0,1,0,0.0,0.0,1.0,1.0,3950.0161949710505,3950.0161949710505,3407.483805028949,3407.483805028949,asphalt,1.1575
0.35,7.520043773833132,2.088901048286981,0.0,0.0,0.0,0.0,2.088901048286981,0.0,0.3695955854253195,5.972341764889251,1000.0,1,0,0.0,0.0,1.0,1.0,3950.0325711059436,3950.0325711059436,3407.467428894056,3407.467428894056,asphalt,1.1575
0.36666666666666664,7.878375652678815,2.188437681299671,0.0,0.0,0.0,0.0,2.188437681299671,0.0,0.40544744787567877,5.97211034656592,1000.0,1,0,0.0,0.0,1.0,1.0,3950.049767701311,3950.049767701311,3407.4502322986887,3407.4502322986887,asphalt,1.1575
0.3833333333333333,8.236693237333485,2.287970343703746,0.0,0.0,0.0,0.0,2.287970343703746,0.0,0.4429582130858099,5.971868019348108,1000.0,1,0,0.0,0.0,1.0,1.0,3950.0677846321587,3950.0677846321587,3407.4322153678413,3407.4322153678413,asphalt,1.1575
0.39999999999999997,8.594995873329157,2.3874988537025437,0.0,0.0,0.0,0.0,2.3874988537025437,0.0,0.4821278129851491,5.971614784997392,1000.0,1,0,0.0,0.0,1.0,1.0,3950.0866217675143,3950.0866217675143,3407.4133782324852,3407.4133782324852,asphalt,1.1575
0.41666666666666663,8.953282906306537,2.4870230295295936,0.0,0.0,0.0,0.0,2.4870230295295936,0.0,0.5229561764735009,5.97135064535518,1000.0,1,0,0.0,0.0,1.0,1.0,3950.10627897041,3950.10627897041,3407.3937210295894,3407.3937210295894,asphalt,1.1575
0.4333333333333333,9.311553682019797,2.5865426894499435,0.0,0.0,0.0,0.0,2.5865426894499435,0.0,0.565443229421555,5.971075602342388,1000.0,1,0,0.0,0.0,1.0,1.0,3950.1267560979004,3950.1267560979004,3407.3732439020987,3407.3732439020987,asphalt,1.1575
0.44999999999999996,9.669807546341346,2.686057651761485,0.0,0.0,0.0,0.0,2.686057651761485,0.0,0.6095888946714259,5.97078965795955,1000.0,1,0,0.0,0.0,1.0,1.0,3950.148053001052,3950.148053001052,3407.3519469989474,3407.3519469989474,asphalt,1.1575
0.4666666666666666,10.028043845266616,2.785567734796282,0.0,0.0,0.0,0.0,2.785567734796282,0.0,0.6553930920372136,5.9704928142867075,1000.0,1,0,0.0,0.0,1.0,1.0,3950.170169524937,3950.170169524937,3407.3298304750624,3407.3298304750624,asphalt,1.1575
0.4833333333333333,10.386261924918813,2.8850727569218924,0.0,0.0,0.0,0.0,2.8850727569218924,0.0,0.7028557383055876,5.970185073483414,1000.0,1,0,0.0,0.0,1.0,1.0,3950.193105508673,3950.193105508673,3407.3068944913266,3407.3068944913266,asphalt,1.1575
0.49999999999999994,10.74446113155371,2.984572536542697,0.0,0.0,0.0,0.0,2.984572536542697,0.0,0.7519767472363915,5.969866437788838,1000.0,1,0,0.0,0.0,1.0,1.0,3950.216860785374,3950.216860785374,3407.2831392146254,3407.2831392146254,asphalt,1.1575
0.5166666666666666,11.102640811564392,3.08406689210122,0.0,0.0,0.0,0.0,3.08406689210122,0.0,0.802756029563271,5.969536909521338,1000.0,1,0,0.0,0.0,1.0,1.0,3950.2414351822003,3950.2414351822003,3407.258564817799,3407.258564817799,asphalt,1.1575
0.5333333333333333,11.460800311486034,3.1835556420794537,0.0,0.0,0.0,0.0,3.1835556420794537,0.0,0.8551934929943231,5.969196491078783,1000.0,1,0,0.0,0.0,1.0,1.0,3950.2668285203326,3950.2668285203326,3407.233171479667,3407.233171479667,asphalt,1.1575
0.55,11.818938978000661,3.2830386050001836,0.0,0.0,0.0,0.0,3.2830386050001836,0.0,0.9092890422127681,5.9688451849385515,1001.3462454596057,1,0,0.0,0.0,1.0,1.0,3950.2930406149817,3950.2930406149817,3407.2069593850183,3407.2069593850183,asphalt,1.1575
0.5666666666666668,12.177056157941905,3.382515599428307,0.0,0.0,0.0,0.0,3.382515599428307,0.0,0.9650425788776429,5.968482993657105,1009.5860928424454,1,0,0.0,0.0,1.0,1.0,3950.320071275402,3950.320071275402,3407.1799287245976,3407.1799287245976,asphalt,1.1575
0.5833333333333335,12.535151198299776,3.48198644397216,0.0,0.0,0.0,0.0,3.48198644397216,0.0,1.022454001624517,5.968109919870308,1023.8044032039135,1,0,0.0,0.0,1.0,1.0,3950.347920304863,3950.347920304863,3407.1520796951368,3407.1520796951368,asphalt,1.1575
0.6000000000000002,12.893223446225397,3.5814509572848325,0.0,0.0,0.0,0.0,3.5814509572848325,0.0,1.0815232060662294,5.967725966293429,1042.6405475677648,1,0,0.0,0.0,1.0,1.0,3950.376587500694,3950.376587500694,3407.1234124993057,3407.1234124993057,asphalt,1.1575
0.6166666666666669,13.251272249035779,3.680908958065494,0.0,0.0,0.0,0.0,3.680908958065494,0.0,1.1422500847936494,5.967331135720713,1065.0434428419005,1,0,0.0,0.0,1.0,1.0,3950.4060726542625,3950.4060726542625,3407.093927345737,3407.093927345737,asphalt,1.1575
0.6333333333333336,13.609296954218559,3.7803602650607107,0.0,0.0,0.0,0.0,3.7803602650607107,0.0,1.2046345273764578,5.9669254310257,1090.2011268561464,1,0,0.0,0.0,1.0,1.0,3950.436375550981,3950.436375550981,3407.0636244490183,3407.0636244490183,asphalt,1.1575
0.6500000000000004,13.967296909436747,3.879804697065763,0.0,0.0,0.0,0.0,3.879804697065763,0.0,1.2686764203639505,5.966508855161017,1117.486355659295,1,0,0.0,0.0,1.0,1.0,3950.467495970315,3950.467495970315,3407.0325040296843,3407.0325040296843,asphalt,1.1575
0.6666666666666671,14.325271462533479,3.9792420729259663,0.0,0.0,0.0,0.0,3.9792420729259663,0.0,1.3343756472858637,5.966081411158264,1146.4145779237024,1,0,0.0,0.0,1.0,1.0,3950.4994336857753,3950.4994336857753,3407.0005663142238,3407.0005663142238,asphalt,1.1575
0.6833333333333338,14.683219961536754,4.078672211537987,0.0,0.0,0.0,0.0,4.078672211537987,0.0,1.401732088653223,5.965643102128126,1176.611470585829,1,0,0.0,0.0,1.0,1.0,3950.5321884649343,3950.5321884649343,3406.9678115350653,3406.9678115350653,asphalt,1.1575
0.7000000000000005,15.041141754664181,4.178094931851161,0.0,0.0,0.0,0.0,4.178094931851161,0.0,1.4707456219592112,5.965193931260586,1207.7878604713458,1,0,0.0,0.0,1.0,1.0,3950.565760069433,3950.565760069433,3406.934239930566,3406.934239930566,asphalt,1.1575
0.7166666666666672,15.399036190327704,4.277510052868807,0.0,0.0,0.0,0.0,4.277510052868807,0.0,1.541416121680061,5.964733901823962,1239.7203515327265,1,0,0.0,0.0,1.0,1.0,3950.600148254967,3950.600148254967,3406.8998517450327,3406.8998517450327,asphalt,1.1575
0.733333333333334,15.756902617138348,4.376917393649541,0.0,0.0,0.0,0.0,4.376917393649541,0.0,1.6137434592759679,5.964263017165763,1272.2363596210218,1,0,0.0,0.0,1.0,1.0,3950.635352771275,3950.635352771275,3406.8646472287246,3406.8646472287246,asphalt,1.1575
0.7500000000000007,16.11474038391094,4.476316773308595,0.0,0.0,0.0,0.0,4.476316773308595,0.0,1.6877275031920258,5.963781280712581,1305.2025520346342,1,0,0.0,0.0,1.0,1.0,3950.671373362231,3950.671373362231,3406.8286266377686,3406.8286266377686,asphalt,1.1575
0.7666666666666674,16.472548839668846,4.575708011019124,0.0,0.0,0.0,0.0,4.575708011019124,0.0,1.7633681188591843,5.96328869596924,1338.515917222484,1,0,0.0,0.0,1.0,1.0,3950.7082097657135,3950.7082097657135,3406.791790234286,3406.791790234286,asphalt,1.1575
0.7833333333333341,16.830327333648693,4.675090926013525,0.0,0.0,0.0,0.0,4.675090926013525,0.0,1.840665168695227,5.962785266519859,1372.0968662519367,1,0,0.0,0.0,1.0,1.0,3950.7458617137345,3950.7458617137345,3406.7541382862646,3406.7541382862646,asphalt,1.1575
0.8000000000000008,17.188075215305076,4.7744653375847435,0.0,0.0,0.0,0.0,4.7744653375847435,0.0,1.919618512105774,5.962270996026575,1405.8839037908792,1,0,0.0,0.0,1.0,1.0,3950.784328932359,3950.784328932359,3406.71567106764,3406.71567106764,asphalt,1.1575
0.8166666666666675,17.545791834315303,4.873831065087584,0.0,0.0,0.0,0.0,4.873831065087584,0.0,2.0002280054853037,5.961745888230823,1439.829511519847,1,0,0.0,0.0,1.0,1.0,3950.823611141754,3950.823611141754,3406.6763888582454,3406.6763888582454,asphalt,1.1575
0.8333333333333343,17.90347654058408,4.973187927940022,0.0,0.0,0.0,0.0,4.973187927940022,0.0,2.0824935022181963,5.961209946952053,1473.8969681305002,1,0,0.0,0.0,1.0,1.0,3950.8637080561707,3950.8637080561707,3406.636291943829,3406.636291943829,asphalt,1.1575
0.850000000000001,18.26112868424825,5.0725357456245135,0.0,0.0,0.0,0.0,5.0725357456245135,0.0,2.1664148526798033,5.9606631760885875,1508.057892824264,1,0,0.0,0.0,1.0,1.0,3950.9046193839467,3950.9046193839467,3406.595380616053,3406.595380616053,asphalt,1.1575
0.8666666666666677,18.61874761568147,5.171874337689298,0.0,0.0,0.0,0.0,5.171874337689298,0.0,2.2519919042375327,5.960105579616766,1542.2903477045843,1,0,0.0,0.0,1.0,1.0,3950.9463448275524,3950.9463448275524,3406.553655172447,3406.553655172447,asphalt,1.1575
0.8833333333333344,18.976332685498946,5.2712035237497075,0.0,0.0,0.0,0.0,5.2712035237497075,0.0,2.339224501251962,5.959537161591584,1576.5773719062936,1,0,0.0,0.0,1.0,1.0,3950.9888840835433,3950.9888840835433,3406.511115916456,3406.511115916456,asphalt,1.1575
0.9000000000000011,19.333883244562106,5.370523123489474,0.0,0.0,0.0,0.0,5.370523123489474,0.0,2.4281124850779663,5.958957926146482,1610.9058492353495,1,0,0.0,0.0,1.0,1.0,3951.032236842593,3951.032236842593,3406.4677631574064,3406.4677631574064,asphalt,1.1575
0.9166666666666679,19.691398643983316,5.469832956662032,0.0,0.0,0.0,0.0,5.469832956662032,0.0,2.518655694065875,5.958367877492918,1645.2656334401263,1,0,0.0,0.0,1.0,1.0,3951.0764027894766,3951.0764027894766,3406.423597210523,3406.423597210523,asphalt,1.1575
0.9333333333333346,20.048878235130555,5.569132843091821,0.0,0.0,0.0,0.0,5.569132843091821,0.0,2.6108539635626453,5.957767019920368,1679.6488724989488,1,0,0.0,0.0,1.0,1.0,3951.1213816030854,3951.1213816030854,3406.378618396914,3406.378618396914,asphalt,1.1575
0.9500000000000013,20.406321369632114,5.668422602675587,0.0,0.0,0.0,0.0,5.668422602675587,0.0,2.7047071259130617,5.9571553577965375,1714.0494866443998,1,0,0.0,0.0,1.0,1.0,3951.167172956477,3951.167172956477,3406.3328270435227,3406.3328270435227,asphalt,1.1575
0.966666666666668,20.763727399381285,5.76770205538369,0.0,0.0,0.0,0.0,5.76770205538369,0.0,2.8002150104609513,5.95653289556779,1748.4627651466983,1,0,0.0,0.0,1.0,1.0,3951.213776516794,3951.213776516794,3406.2862234832055,3406.2862234832055,asphalt,1.1575
0.9833333333333347,21.121095676541024,5.866971021261396,0.0,0.0,0.0,0.0,5.866971021261396,0.0,2.8973774435504263,5.955899637757227,1782.885054836414,1,0,0.0,0.0,1.0,1.0,3951.2611919453293,3951.2611919453293,3406.2388080546707,3406.2388080546707,asphalt,1.1575
1.0000000000000013,21.478425553548654,5.966229320430181,0.0,0.0,0.0,0.0,5.966229320430181,0.0,2.996194248527145,5.955255588967248,1817.3135194942142,1,0,0.0,0.0,1.0,1.0,3951.3094188975074,3951.3094188975074,3406.190581102492,3406.190581102492,asphalt,1.1575
1.016666666666668,21.835716383120495,6.065476773089026,0.0,0.0,0.0,0.0,6.065476773089026,0.0,3.096665245739597,5.954600753876775,1851.7459539841234,1,0,0.0,0.0,1.0,1.0,3951.358457022936,3951.358457022936,3406.1415429770636,3406.1415429770636,asphalt,1.1575
1.0333333333333345,22.192967518256577,6.164713199515716,0.0,0.0,0.0,0.0,6.164713199515716,0.0,3.1987902525404057,5.9539351372436045,1886.1806406751523,1,0,0.0,0.0,1.0,1.0,3951.4083059653235,3951.4083059653235,3406.091694034676,3406.091694034676,asphalt,1.1575
1.0500000000000012,22.550178312245276,6.263938420068132,0.0,0.0,0.0,0.0,6.263938420068132,0.0,3.3025690832876586,5.953258743902481,1920.6162385299108,1,0,0.0,0.0,1.0,1.0,3951.4589653625753,3951.4589653625753,3406.0410346374238,3406.0410346374238,asphalt,1.1575
1.0666666666666678,22.907348118667972,6.363152255185548,0.0,0.0,0.0,0.0,6.363152255185548,0.0,3.408001549346253,5.952571578766168,1955.051697427853,1,0,0.0,0.0,1.0,1.0,3951.5104348467316,3951.5104348467316,3405.989565153268,3405.989565153268,asphalt,1.1575
1.0833333333333344,23.26447629140372,6.462354525389922,0.0,0.0,0.0,0.0,6.462354525389922,0.0,3.5150874590892687,5.951873646824595,1989.486191981796,1,0,0.0,0.0,1.0,1.0,3951.562714044013,3951.562714044013,3405.937285955986,3405.937285955986,asphalt,1.1575
1.100000000000001,23.62156218463388,6.561545051287189,0.0,0.0,0.0,0.0,6.561545051287189,0.0,3.623826617899355,5.9511649531454935,2023.9190704126177,1,0,0.0,0.0,1.0,1.0,3951.6158025748055,3951.6158025748055,3405.8841974251936,3405.8841974251936,asphalt,1.1575
1.1166666666666676,23.97860515284679,6.660723653568552,0.0,0.0,0.0,0.0,6.660723653568552,0.0,3.734218828170149,5.950445502873976,2058.3498150561,1,0,0.0,0.0,1.0,1.0,3951.669700053677,3951.669700053677,3405.8302999463226,3405.8302999463226,asphalt,1.1575
1.1333333333333342,24.33560455084236,6.759890153011766,0.0,0.0,0.0,0.0,6.759890153011766,0.0,3.8462638893077075,5.949715301232317,2092.7780118553815,1,0,0.0,0.0,1.0,1.0,3951.724406089409,3951.724406089409,3405.7755939105905,3405.7755939105905,asphalt,1.1575
1.1500000000000008,24.692559733736754,6.859044370482431,0.0,0.0,0.0,0.0,6.859044370482431,0.0,3.959961597731962,5.948974353519958,2127.2033267946094,1,0,0.0,0.0,1.0,1.0,3951.779920284932,3951.779920284932,3405.7200797150676,3405.7200797150676,asphalt,1.1575
1.1666666666666674,25.049470056966996,6.958186126935276,0.0,0.0,0.0,0.0,6.958186126935276,0.0,4.0753117468781985,5.948222665113505,2161.62548769453,1,0,0.0,0.0,1.0,1.0,3951.8362422373903,3951.8362422373903,3405.6637577626093,3405.6637577626093,asphalt,1.1575
1.183333333333334,25.4063348762956,7.057315243415444,0.0,0.0,0.0,0.0,7.057315243415444,0.0,4.192314127198555,5.947460241466942,2196.0442701500606,1,0,0.0,0.0,1.0,1.0,3951.893371538126,3951.893371538126,3405.6066284618737,3405.6066284618737,asphalt,1.1575
1.2000000000000006,25.763153547815193,7.156431541059776,0.0,0.0,0.0,0.0,7.156431541059776,0.0,4.310968526163543,5.946687088110778,2230.4594866674743,1,0,0.0,0.0,1.0,1.0,3951.9513077727256,3951.9513077727256,3405.548692227274,3405.548692227274,asphalt,1.1575
1.2166666666666672,26.119925427953135,7.255534841098092,0.0,0.0,0.0,0.0,7.255534841098092,0.0,4.4312747282635865,5.945903210652688,2264.8709782731985,1,0,0.0,0.0,1.0,1.0,3952.0100505209434,3952.0100505209434,3405.489949479056,3405.489949479056,asphalt,1.1575
1.2333333333333338,26.4766498734761,7.354624964854472,0.0,0.0,0.0,0.0,7.354624964854472,0.0,4.553232515010587,5.945108614776871,2299.2786080318965,1,0,0.0,0.0,1.0,1.0,3952.0695993567933,3952.0695993567933,3405.430400643206,3405.430400643206,asphalt,1.1575
1.2500000000000004,26.833326241494724,7.4537017337485345,0.0,0.0,0.0,0.0,7.4537017337485345,0.0,4.676841664939508,5.944303306244905,2333.682256039428,1,0,0.0,0.0,1.0,1.0,3952.129953848503,3952.129953848503,3405.3700461514964,3405.3700461514964,asphalt,1.1575
1.266666666666667,27.189953889468185,7.552764969296718,0.0,0.0,0.0,0.0,7.552764969296718,0.0,4.802101953609981,5.943487290894254,2368.081815555118,1,0,0.0,0.0,1.0,1.0,3952.191113558531,3952.191113558531,3405.3088864414685,3405.3088864414685,asphalt,1.1575
1.2833333333333337,27.546532175208785,7.651814493113552,0.0,0.0,0.0,0.0,7.651814493113552,0.0,4.92901315360793,5.94266057463912,2402.477190014122,1,0,0.0,0.0,1.0,1.0,3952.25307804358,3952.25307804358,3405.2469219564196,3405.2469219564196,asphalt,1.1575
1.3000000000000003,27.90306045688656,7.750850126912933,0.0,0.0,0.0,0.0,7.750850126912933,0.0,5.057575034547224,5.9418231634704455,2436.8682907196453,1,0,0.0,0.0,1.0,1.0,3952.315846854615,3952.315846854615,3405.1841531453847,3405.1841531453847,asphalt,1.1575
1.3166666666666669,28.259538093033854,7.849871692509404,0.0,0.0,0.0,0.0,7.849871692509404,0.0,5.187787363071339,5.940975063455269,2471.255035060331,1,0,0.0,0.0,1.0,1.0,3952.379419536846,3952.379419536846,3405.1205804631536,3405.1205804631536,asphalt,1.1575
1.3333333333333335,28.615964442549895,7.9488790118194155,0.0,0.0,0.0,0.0,7.9488790118194155,0.0,5.319649902855058,5.9401162807369445,2505.6373451333357,1,0,0.0,0.0,1.0,1.0,3952.4437956297456,3952.4437956297456,3405.056204370254,3405.056204370254,asphalt,1.1575
1.35,28.972338864705375,8.047871906862603,0.0,0.0,0.0,0.0,8.047871906862603,0.0,5.453162414606177,5.939246821535136,2540.015146680784,1,0,0.0,0.0,1.0,1.0,3952.50897466708,3952.50897466708,3404.9910253329194,3404.9910253329194,asphalt,1.1575
1.3666666666666667,29.328660719147003,8.146850199763056,0.0,0.0,0.0,0.0,8.146850199763056,0.0,5.588324656067235,5.938366692145394,2574.3883682683063,1,0,0.0,0.0,1.0,1.0,3952.5749561768603,3952.5749561768603,3404.9250438231393,3404.9250438231393,asphalt,1.1575
1.3833333333333333,29.68492936590207,8.245813712750575,0.0,0.0,0.0,0.0,8.245813712750575,0.0,5.725136382017276,5.937475898938942,2608.756940650577,1,0,0.0,0.0,1.0,1.0,3952.641739681423,3952.641739681423,3404.8582603185764,3404.8582603185764,asphalt,1.1575
1.4,30.041144165383024,8.34476226816195,0.0,0.0,0.0,0.0,8.34476226816195,0.0,5.863597344273618,5.93657444836353,2643.1207962813055,1,0,0.0,0.0,1.0,1.0,3952.709324697336,3952.709324697336,3404.7906753026637,3404.7906753026637,asphalt,1.1575
1.4166666666666665,30.397304478392,8.443695688442222,0.0,0.0,0.0,0.0,8.443695688442222,0.0,6.003707291693657,5.935662346942792,2677.479868934821,1,0,0.0,0.0,1.0,1.0,3952.7777107354914,3952.7777107354914,3404.722289264508,3404.722289264508,asphalt,1.1575
1.4333333333333331,30.753409666125346,8.542613796145929,0.0,0.0,0.0,0.0,8.542613796145929,0.0,6.145465970176671,5.93473960127497,2711.834093413847,1,0,0.0,0.0,1.0,1.0,3952.8468973011713,3952.8468973011713,3404.653102698828,3404.653102698828,asphalt,1.1575
1.4499999999999997,31.1094590901782,8.641516413938389,0.0,0.0,0.0,0.0,8.641516413938389,0.0,6.288873122665669,5.9338062180346185,2746.183405323872,1,0,0.0,0.0,1.0,1.0,3952.9168838938235,3952.9168838938235,3404.583116106176,3404.583116106176,asphalt,1.1575
1.4666666666666663,31.465452112549,8.740403364596943,0.0,0.0,0.0,0.0,8.740403364596943,0.0,6.43392848914925,5.932862203972604,2780.527740898952,1,0,0.0,0.0,1.0,1.0,3952.98767000735,3952.98767000735,3404.5123299926495,3404.5123299926495,asphalt,1.1575
1.483333333333333,31.821388095644004,8.839274471012223,0.0,0.0,0.0,0.0,8.839274471012223,0.0,6.580631806663475,5.9319075659131215,2814.8670368672438,1,0,0.0,0.0,1.0,1.0,3953.0592551298823,3953.0592551298823,3404.440744870117,3404.440744870117,asphalt,1.1575
1.4999999999999996,32.177266402281816,8.938129556189393,0.0,0.0,0.0,0.0,8.938129556189393,0.0,6.728982809293778,5.93094231075753,2849.2012303472384,1,0,0.0,0.0,1.0,1.0,3953.131638743974,3953.131638743974,3404.3683612560258,3404.3683612560258,asphalt,1.1575
1.5166666666666662,32.5330863956979,9.036968443249416,0.0,0.0,0.0,0.0,9.036968443249416,0.0,6.878981228176882,5.929966445481369,2883.5302587676993,1,0,0.0,0.0,1.0,1.0,3953.2048203264712,3953.2048203264712,3404.2951796735283,3404.2951796735283,asphalt,1.1575
1.5333333333333328,32.88884743954906,9.135790955430295,0.0,0.0,0.0,0.0,9.135790955430295,0.0,7.030626791502745,5.92897997713564,2917.8540598059167,1,0,0.0,0.0,1.0,1.0,3953.2787993486118,3953.2787993486118,3404.221200651388,3404.221200651388,asphalt,1.1575
1.5499999999999994,33.244548897918015,9.234596916088337,0.0,0.0,0.0,0.0,9.234596916088337,0.0,7.18391922451652,5.927982912845948,2952.1725713401074,1,0,0.0,0.0,1.0,1.0,3953.3535752759253,3953.3535752759253,3404.146424724074,3404.146424724074,asphalt,1.1575
1.566666666666666,33.60019013531778,9.333386148699384,0.0,0.0,0.0,0.0,9.333386148699384,0.0,7.338858249520545,5.926975259812934,2986.4857314127494,1,0,0.0,0.0,1.0,1.0,3953.429147568397,3953.429147568397,3404.0708524316024,3404.0708524316024,asphalt,1.1575
1.5833333333333326,33.95577051669625,9.432158476860069,0.0,0.0,0.0,0.0,9.432158476860069,0.0,7.495443585876339,5.925957025312272,3020.7934782023513,1,0,0.0,0.0,1.0,1.0,3953.5055156803696,3953.5055156803696,3403.99448431963,3403.99448431963,asphalt,1.1575
1.5999999999999992,34.31128940744061,9.530913724289059,0.0,0.0,0.0,0.0,9.530913724289059,0.0,7.6536749500066446,5.924928216693388,3055.0957500017466,1,0,0.0,0.0,1.0,1.0,3953.58267906051,3953.58267906051,3403.9173209394894,3403.9173209394894,asphalt,1.1575
1.6166666666666658,34.666746173381874,9.629651714828299,0.0,0.0,0.0,0.0,9.629651714828299,0.0,7.813552055397457,5.923888841381171,3089.392485201428,1,0,0.0,0.0,1.0,1.0,3953.660637151974,3953.660637151974,3403.8393628480258,3403.8393628480258,asphalt,1.1575
1.6333333333333324,35.02214018079928,9.728372272444245,0.0,0.0,0.0,0.0,9.728372272444245,0.0,7.975074612600101,5.9228389068742615,3123.683622276765,1,0,0.0,0.0,1.0,1.0,3953.73938939224,3953.73938939224,3403.7606106077596,3403.7606106077596,asphalt,1.1575
1.649999999999999,35.37747079642481,9.827075221229114,0.0,0.0,0.0,0.0,9.827075221229114,0.0,8.138242329233318,5.921778420746335,3157.9690997782354,1,0,0.0,0.0,1.0,1.0,3953.818935213242,3953.818935213242,3403.6810647867574,3403.6810647867574,asphalt,1.1575
1.6666666666666656,35.7327373874476,9.92576038540211,0.0,0.0,0.0,0.0,9.92576038540211,0.0,8.303054909985372,5.920707390643969,3192.2488563239717,1,0,0.0,0.0,1.0,1.0,3953.899274041337,3953.899274041337,3403.6007259586627,3403.6007259586627,asphalt,1.1575
1.6833333333333322,36.08793932151841,10.02442758931067,0.0,0.0,0.0,0.0,10.02442758931067,0.0,8.469512056616185,5.919625824289199,3226.5228305941077,1,0,0.0,0.0,1.0,1.0,3953.9804052973013,3953.9804052973013,3403.519594702698,3403.519594702698,asphalt,1.1575
1.6999999999999988,36.44307596675407,10.123076657431687,0.0,0.0,0.0,0.0,10.123076657431687,0.0,8.637613467959481,5.918533729476962,3260.7909613265006,1,0,0.0,0.0,1.0,1.0,3954.062328396336,3954.062328396336,3403.4376716036636,3403.4376716036636,asphalt,1.1575
1.7166666666666655,36.79814669174188,10.221707414372743,0.0,0.0,0.0,0.0,10.221707414372743,0.0,8.80735883992496,5.917431114076379,3295.053187313534,1,0,0.0,0.0,1.0,1.0,3954.145042748093,3954.145042748093,3403.3549572519064,3403.3549572519064,asphalt,1.1575
1.733333333333332,37.15315086554403,10.32031968487334,0.0,0.0,0.0,0.0,10.32031968487334,0.0,8.978747865500486,5.916317986030322,3329.309447399739,1,0,0.0,0.0,1.0,1.0,3954.2285477567457,3954.2285477567457,3403.271452243254,3403.271452243254,asphalt,1.1575
1.7499999999999987,37.50808785770207,10.418913293806131,0.0,0.0,0.0,0.0,10.418913293806131,0.0,9.151780234754302,5.915194353354991,3363.5596804800557,1,0,0.0,0.0,1.0,1.0,3954.312842820823,3954.312842820823,3403.1871571791767,3403.1871571791767,asphalt,1.1575
1.7666666666666653,37.86295703824129,10.517488066178135,0.0,0.0,0.0,0.0,10.517488066178135,0.0,9.326455634837254,5.914060224140343,3397.80382549859,1,0,0.0,0.0,1.0,1.0,3954.397927333436,3954.397927333436,3403.1020726665633,3403.1020726665633,asphalt,1.1575
1.7833333333333319,38.21775777767508,10.616043827131968,0.0,0.0,0.0,0.0,10.616043827131968,0.0,9.502773749985058,5.91291560654966,3432.041821447745,1,0,0.0,0.0,1.0,1.0,3954.4838006820555,3954.4838006820555,3403.016199317944,3403.016199317944,asphalt,1.1575
1.7999999999999985,38.572489447009424,10.714580401947062,0.0,0.0,0.0,0.0,10.714580401947062,0.0,9.680734261520561,5.911760508819128,3466.273607367655,1,0,0.0,0.0,1.0,1.0,3954.5704622487965,3954.5704622487965,3402.929537751203,3402.929537751203,asphalt,1.1575
1.816666666666665,38.92715141774716,10.813097616040878,0.0,0.0,0.0,0.0,10.813097616040878,0.0,9.860336847856031,5.91059493925826,3500.4991223458364,1,0,0.0,0.0,1.0,1.0,3954.657911410165,3954.657911410165,3402.8420885898345,3402.8420885898345,asphalt,1.1575
1.8333333333333317,39.28174306189248,10.911595294970132,0.0,0.0,0.0,0.0,10.911595294970132,0.0,10.041581184495483,5.909418906249044,3534.7183055170212,1,0,0.0,0.0,1.0,1.0,3954.746147537185,3954.746147537185,3402.7538524628144,3402.7538524628144,asphalt,1.1575
1.8499999999999983,39.63626375195521,11.010073264432004,0.0,0.0,0.0,0.0,11.010073264432004,0.0,10.224466944037003,5.9082324182472234,3568.9310960631224,1,0,0.0,0.0,1.0,1.0,3954.8351699954624,3954.8351699954624,3402.664830004537,3402.664830004537,asphalt,1.1575
1.866666666666665,39.99071286095525,11.108531350265347,0.0,0.0,0.0,0.0,11.108531350265347,0.0,10.408993796175103,5.907035483780163,3603.137433213302,1,0,0.0,0.0,1.0,1.0,3954.9249781451213,3954.9249781451213,3402.5750218548783,3402.5750218548783,asphalt,1.1575
1.8833333333333315,40.345089762426845,11.206969378451902,0.0,0.0,0.0,0.0,11.206969378451902,0.0,10.595161407703099,5.905828111448557,3637.337256244123,1,0,0.0,0.0,1.0,1.0,3955.015571340772,3955.015571340772,3402.4844286592274,3402.4844286592274,asphalt,1.1575
1.8999999999999981,40.699393830423034,11.30538717511751,0.0,0.0,0.0,0.0,11.30538717511751,0.0,10.782969442515498,5.904610309925147,3671.5305044797615,1,0,0.0,0.0,1.0,1.0,3955.106948931639,3955.106948931639,3402.3930510683604,3402.3930510683604,asphalt,1.1575
1.9166666666666647,41.053624439519915,11.403784566533309,0.0,0.0,0.0,0.0,11.403784566533309,0.0,10.972417561610419,5.903382087955151,3705.717117292265,1,0,0.0,0.0,1.0,1.0,3955.199110261465,3955.199110261465,3402.3008897385344,3402.3008897385344,asphalt,1.1575
1.9333333333333313,41.407780964820994,11.502161379116941,0.0,0.0,0.0,0.0,11.502161379116941,0.0,11.163505423092024,5.902143454355837,3739.8970341018494,1,0,0.0,0.0,1.0,1.0,3955.292054668575,3955.292054668575,3402.2079453314245,3402.2079453314245,asphalt,1.1575
1.949999999999998,41.76186278196154,11.60051743943376,0.0,0.0,0.0,0.0,11.60051743943376,0.0,11.35623268217297,5.9008944180169465,3774.0701943772237,1,0,0.0,0.0,1.0,1.0,3955.3857814858757,3955.3857814858757,3402.1142185141243,3402.1142185141243,asphalt,1.1575
1.9666666666666646,42.11586926711286,11.698852574198018,0.0,0.0,0.0,0.0,11.698852574198018,0.0,11.550598991176898,5.899634987898992,3808.236537635934,1,0,0.0,0.0,1.0,1.0,3955.4802900408877,3955.4802900408877,3402.019709959112,3402.019709959112,asphalt,1.1575
1.9833333333333312,42.469799796986656,11.79716661027407,0.0,0.0,0.0,0.0,11.79716661027407,0.0,11.746603999540897,5.898365173035813,3842.396003444728,1,0,0.0,0.0,1.0,1.0,3955.5755796557155,3955.5755796557155,3401.924420344284,3401.924420344284,asphalt,1.1575
1.9999999999999978,42.82365374883926,11.895459374677573,0.0,0.0,0.0,0.0,11.895459374677573,0.0,11.944247353818048,5.897084982531595,3876.548531419931,1,0,0.0,0.0,1.0,1.0,3955.6716496470444,3955.6716496470444,3401.8283503529547,3401.8283503529547,asphalt,1.1575
2.0166666666666644,43.177430500476,11.993730694576666,0.0,0.0,0.0,0.0,11.993730694576666,0.0,12.143528697679946,5.895794425562144,3910.694061227825,1,0,0.0,0.0,1.0,1.0,3955.768499326239,3955.768499326239,3401.7315006737604,3401.7315006737604,asphalt,1.1575
2.033333333333331,43.53112943025541,12.09198039729317,0.0,0.0,0.0,0.0,12.09198039729317,0.0,12.344447671919252,5.894493511375742,3944.8325325850456,1,0,0.0,0.0,1.0,1.0,3955.8661279992766,3955.8661279992766,3401.6338720007225,3401.6338720007225,asphalt,1.1575
2.0499999999999976,43.88474991709359,12.190208310303776,0.0,0.0,0.0,0.0,12.190208310303776,0.0,12.547003914452269,5.893182249290589,3978.963885258977,1,0,0.0,0.0,1.0,1.0,3955.964534966719,3955.964534966719,3401.5354650332806,3401.5354650332806,asphalt,1.1575
2.066666666666664,44.238291340468415,12.288414261241225,0.0,0.0,0.0,0.0,12.288414261241225,0.0,12.751197060321534,5.891860648696934,4013.0880590681522,1,0,0.0,0.0,1.0,1.0,3956.0637195238683,3956.0637195238683,3401.4362804761313,3401.4362804761313,asphalt,1.1575
2.083333333333331,44.59175308042377,12.386598077895492,0.0,0.0,0.0,0.0,12.386598077895492,0.0,12.957026741698435,5.890528719054515,4047.2049938826585,1,0,0.0,0.0,1.0,1.0,3956.1636809606425,3956.1636809606425,3401.336319039357,3401.336319039357,asphalt,1.1575
2.0999999999999974,44.945134517573884,12.484759588214967,0.0,0.0,0.0,0.0,12.484759588214967,0.0,13.16449258788584,5.889186469895975,4081.314629624542,1,0,0.0,0.0,1.0,1.0,3956.264418561637,3956.264418561637,3401.2355814383627,3401.2355814383627,asphalt,1.1575
2.116666666666664,45.298435033107495,12.582898620307637,0.0,0.0,0.0,0.0,12.582898620307637,0.0,13.373594225320756,5.887833910822593,4115.416906268214,1,0,0.0,0.0,1.0,1.0,3956.365931606158,3956.365931606158,3401.1340683938415,3401.1340683938415,asphalt,1.1575
2.1333333333333306,45.65165400879213,12.681015002442258,0.0,0.0,0.0,0.0,12.681015002442258,0.0,13.58433127757699,5.886471051507272,4149.511763840863,1,0,0.0,0.0,1.0,1.0,3956.468219368158,3956.468219368158,3401.0317806318417,3401.0317806318417,asphalt,1.1575
2.1499999999999972,46.004790826978294,12.779108563049526,0.0,0.0,0.0,0.0,12.779108563049526,0.0,13.796703365367847,5.885097901692831,4183.599142422858,1,0,0.0,0.0,1.0,1.0,3956.571281116364,3956.571281116364,3400.928718883635,3400.928718883635,asphalt,1.1575
2.166666666666664,46.35784487060372,12.877179130723256,0.0,0.0,0.0,0.0,12.877179130723256,0.0,14.010710106548848,5.88371447119286,4217.678982148161,1,0,0.0,0.0,1.0,1.0,3956.67511611415,3956.67511611415,3400.8248838858494,3400.8248838858494,asphalt,1.1575
2.1833333333333305,46.71081552319755,12.975226534221543,0.0,0.0,0.0,0.0,12.975226534221543,0.0,14.226351116120444,5.882320769890015,4251.751223204735,1,0,0.0,0.0,1.0,1.0,3956.7797236196952,3956.7797236196952,3400.7202763803043,3400.7202763803043,asphalt,1.1575
2.199999999999997,47.063702168884554,13.073250602467931,0.0,0.0,0.0,0.0,13.073250602467931,0.0,14.443626006230788,5.880916807737719,4285.815805834954,1,0,0.0,0.0,1.0,1.0,3956.8851028858267,3956.8851028858267,3400.614897114173,3400.614897114173,asphalt,1.1575
2.2166666666666637,47.41650419238928,13.171251164552578,0.0,0.0,0.0,0.0,13.171251164552578,0.0,14.662534386178484,5.879502594759316,4319.872670336004,1,0,0.0,0.0,1.0,1.0,3956.991253160241,3956.991253160241,3400.5087468397587,3400.5087468397587,asphalt,1.1575
2.2333333333333303,47.76922097904029,13.269228049733414,0.0,0.0,0.0,0.0,13.269228049733414,0.0,14.883075862415385,5.878078141046359,4353.921757060304,1,0,0.0,0.0,1.0,1.0,3957.0981736852495,3957.0981736852495,3400.40182631475,3400.40182631475,asphalt,1.1575
2.249999999999997,48.12185191477428,13.3671810874373,0.0,0.0,0.0,0.0,13.3671810874373,0.0,15.105250038549407,5.876643456761599,4387.9630064159,1,0,0.0,0.0,1.0,1.0,3957.205863698099,3957.205863698099,3400.2941363019004,3400.2941363019004,asphalt,1.1575
2.2666666666666635,48.47439638614027,13.465110107261186,0.0,0.0,0.0,0.0,13.465110107261186,0.0,15.329056515347345,5.875198552135572,4421.996358866879,1,0,0.0,0.0,1.0,1.0,3957.3143224307137,3957.3143224307137,3400.185677569286,3400.185677569286,asphalt,1.1575
2.28333333333333,48.82685378030374,13.563014938973263,0.0,0.0,0.0,0.0,13.563014938973263,0.0,15.554494890737725,5.873743437469585,4456.02175493377,1,0,0.0,0.0,1.0,1.0,3957.4235491098566,3957.4235491098566,3400.076450890143,3400.076450890143,asphalt,1.1575
2.2999999999999967,49.17922348505081,13.660895412514114,0.0,0.0,0.0,0.0,13.660895412514114,0.0,15.781564759813678,5.872278123131878,4490.03913519396,1,0,0.0,0.0,1.0,1.0,3957.533542957066,3957.533542957066,3399.9664570429336,3399.9664570429336,asphalt,1.1575
2.3166666666666633,49.53150488879232,13.758751357997866,0.0,0.0,0.0,0.0,13.758751357997866,0.0,16.010265714835807,5.870802619561886,4524.048440282083,1,0,0.0,0.0,1.0,1.0,3957.6443031887184,3957.6443031887184,3399.855696811281,3399.855696811281,asphalt,1.1575
2.33333333333333,49.883697380567966,13.856582605713324,0.0,0.0,0.0,0.0,13.856582605713324,0.0,16.24059734523511,5.869316937265552,4558.0496108904335,1,0,0.0,0.0,1.0,1.0,3957.7558290160605,3957.7558290160605,3399.744170983939,3399.744170983939,asphalt,1.1575
2.3499999999999965,50.23580035005047,13.95438898612513,0.0,0.0,0.0,0.0,13.95438898612513,0.0,16.47255923761589,5.867821086818736,4592.042587769368,1,0,0.0,0.0,1.0,1.0,3957.8681196451466,3957.8681196451466,3399.631880354853,3399.631880354853,asphalt,1.1575
2.366666666666663,50.5878131875496,14.052170329874889,0.0,0.0,0.0,0.0,14.052170329874889,0.0,16.706150975758707,5.866315078865085,4626.027311727704,1,0,0.0,0.0,1.0,1.0,3957.9811742768693,3957.9811742768693,3399.5188257231302,3399.5188257231302,asphalt,1.1575
2.3833333333333298,50.93973528401635,14.149926467782318,0.0,0.0,0.0,0.0,14.149926467782318,0.0,16.941372140623333,5.864798924116883,4660.0037236331245,1,0,0.0,0.0,1.0,1.0,3958.0949921070237,3958.0949921070237,3399.405007892976,3399.405007892976,asphalt,1.1575
2.3999999999999964,51.29156603104695,14.247657230846373,0.0,0.0,0.0,0.0,14.247657230846373,0.0,17.178222310351735,5.863272633353773,4693.971764412578,1,0,0.0,0.0,1.0,1.0,3958.2095723263083,3958.2095723263083,3399.2904276736913,3399.2904276736913,asphalt,1.1575
2.416666666666663,51.643304820887,14.34536245024639,0.0,0.0,0.0,0.0,14.34536245024639,0.0,17.416701060271073,5.861736217424038,4727.931375052674,1,0,0.0,0.0,1.0,1.0,3958.3249141201954,3958.3249141201954,3399.175085879804,3399.175085879804,asphalt,1.1575
2.4333333333333296,51.99495104643554,14.443041957343205,0.0,0.0,0.0,0.0,14.443041957343205,0.0,17.656807962896714,5.86018968724332,4761.882496600088,1,0,0.0,0.0,1.0,1.0,3958.441016669221,3958.441016669221,3399.0589833307786,3399.0589833307786,asphalt,1.1575
2.449999999999996,52.34650410124902,14.540695583680282,0.0,0.0,0.0,0.0,14.540695583680282,0.0,17.898542587935278,5.858633053794193,4795.825070161954,1,0,0.0,0.0,1.0,1.0,3958.5578791487596,3958.5578791487596,3398.9421208512404,3398.9421208512404,asphalt,1.1575
2.466666666666663,52.697963379545456,14.638323160984848,0.0,0.0,0.0,0.0,14.638323160984848,0.0,18.141904502287694,5.857066328127871,4829.75903690626,1,0,0.0,0.0,1.0,1.0,3958.675500729056,3958.675500729056,3398.8244992709438,3398.8244992709438,asphalt,1.1575
2.4833333333333294,53.04932827620841,14.735924521169004,0.0,0.0,0.0,0.0,14.735924521169004,0.0,18.386893270052255,5.855489521362074,4863.68433806225,1,0,0.0,0.0,1.0,1.0,3958.793880575419,3958.793880575419,3398.7061194245807,3398.7061194245807,asphalt,1.1575
2.499999999999996,53.40059818679104,14.833499496330845,0.0,0.0,0.0,0.0,14.833499496330845,0.0,18.63350845252774,5.853902644681881,4897.600914920816,1,0,0.0,0.0,1.0,1.0,3958.913017848059,3958.913017848059,3398.5869821519404,3398.5869821519404,asphalt,1.1575
2.5166666666666626,53.75177250752009,14.93104791875558,0.0,0.0,0.0,0.0,14.93104791875558,0.0,18.8817496082165,5.852305709338452,4931.508708834889,1,0,0.0,0.0,1.0,1.0,3959.03291170209,3959.03291170209,3398.467088297909,3398.467088297909,asphalt,1.1575
2.533333333333329,54.10285063529992,15.028569620916645,0.0,0.0,0.0,0.0,15.028569620916645,0.0,19.1316162928276,5.85069872665116,4965.407661219836,1,0,0.0,0.0,1.0,1.0,3959.15356128769,3959.15356128769,3398.3464387123095,3398.3464387123095,asphalt,1.1575
2.549999999999996,54.45383196771651,15.126064435476808,0.0,0.0,0.0,0.0,15.126064435476808,0.0,19.383108059279973,5.849081708004178,4999.297713553851,1,0,0.0,0.0,1.0,1.0,3959.2749657500017,3959.2749657500017,3398.225034249998,3398.225034249998,asphalt,1.1575
2.5666666666666624,54.804715903041405,15.223532195289279,0.0,0.0,0.0,0.0,15.223532195289279,0.0,19.636224457705573,5.847454664849465,5033.178807378346,1,0,0.0,0.0,1.0,1.0,3959.3971242291677,3959.3971242291677,3398.102875770832,3398.102875770832,asphalt,1.1575
2.583333333333329,55.15550184023576,15.320972733398822,0.0,0.0,0.0,0.0,15.320972733398822,0.0,19.890965035452577,5.845817608705062,5067.050884298341,1,0,0.0,0.0,1.0,1.0,3959.520035860331,3959.520035860331,3397.9799641396685,3397.9799641396685,asphalt,1.1575
2.5999999999999956,55.50618917895424,15.418385883042843,0.0,0.0,0.0,0.0,15.418385883042843,0.0,20.147329337088568,5.844170551153809,5100.913885982854,1,0,0.0,0.0,1.0,1.0,3959.6436997737273,3959.6436997737273,3397.856300226272,3397.856300226272,asphalt,1.1575
2.6166666666666623,55.856777319549,15.515771477652502,0.0,0.0,0.0,0.0,15.515771477652502,0.0,20.40531690440378,5.8425135038459075,5134.767754165288,1,0,0.0,0.0,1.0,1.0,3959.7681150945614,3959.7681150945614,3397.731884905438,3397.731884905438,asphalt,1.1575
2.633333333333329,56.207265663073684,15.613129350853802,0.0,0.0,0.0,0.0,15.613129350853802,0.0,20.66492727641432,5.840846478496786,5168.612430643821,1,0,0.0,0.0,1.0,1.0,3959.8932809430994,3959.8932809430994,3397.6067190569,3397.6067190569,asphalt,1.1575
2.6499999999999955,56.557653611287265,15.710459336468684,0.0,0.0,0.0,0.0,15.710459336468684,0.0,20.926159989365445,5.839169486887101,5202.447857281791,1,0,0.0,0.0,1.0,1.0,3960.019196434768,3960.019196434768,3397.4808035652313,3397.4808035652313,asphalt,1.1575
2.666666666666662,56.907940566658034,15.80776126851612,0.0,0.0,0.0,0.0,15.80776126851612,0.0,21.189014576734813,5.837482540862737,5236.273976008079,1,0,0.0,0.0,1.0,1.0,3960.145860679928,3960.145860679928,3397.354139320071,3397.354139320071,asphalt,1.1575
2.6833333333333287,57.2581259323675,15.905034981213193,0.0,0.0,0.0,0.0,15.905034981213193,0.0,21.453490569235804,5.835785652335659,5270.0907288175,1,0,0.0,0.0,1.0,1.0,3960.273272784196,3960.273272784196,3397.2267272158037,3397.2267272158037,asphalt,1.1575
2.6999999999999953,57.608209112314285,16.00228030897619,0.0,0.0,0.0,0.0,16.00228030897619,0.0,21.71958749482082,5.8340788332817795,5303.898057771178,1,0,0.0,0.0,1.0,1.0,3960.4014318481873,3960.4014318481873,3397.0985681518123,3397.0985681518123,asphalt,1.1575
2.716666666666662,57.95818951111804,16.099497086421678,0.0,0.0,0.0,0.0,16.099497086421678,0.0,21.98730487868463,5.832362095742667,5337.695904996936,1,0,0.0,0.0,1.0,1.0,3960.530336967644,3960.530336967644,3396.9696630323556,3396.9696630323556,asphalt,1.1575
2.7333333333333285,58.308066534123306,16.196685148367585,0.0,0.0,0.0,0.0,16.196685148367585,0.0,22.256642243267688,5.830635451823412,5371.484212689675,1,0,0.0,0.0,1.0,1.0,3960.659987233469,3960.659987233469,3396.840012766531,3396.840012766531,asphalt,1.1575
2.749999999999995,58.657839587403394,16.293844329834275,0.0,0.0,0.0,0.0,16.293844329834275,0.0,22.52759910825954,5.828898913695184,5405.26292311175,1,0,0.0,0.0,1.0,1.0,3960.790381731819,3960.790381731819,3396.7096182681807,3396.7096182681807,asphalt,1.1575
2.7666666666666617,59.00750807776424,16.390974466045623,0.0,0.0,0.0,0.0,16.390974466045623,0.0,22.80017499060218,5.827152493592678,5439.031978593358,1,0,0.0,0.0,1.0,1.0,3960.9215195437855,3960.9215195437855,3396.5784804562136,3396.5784804562136,asphalt,1.1575
2.7833333333333283,59.357071412748276,16.488075392430076,0.0,0.0,0.0,0.0,16.488075392430076,0.0,23.074369404493467,5.825396203813682,5472.791321532909,1,0,0.0,0.0,1.0,1.0,3961.053399745782,3961.053399745782,3396.4466002542176,3396.4466002542176,asphalt,1.1575
2.799999999999995,59.70652900063824,16.585146944621734,0.0,0.0,0.0,0.0,16.585146944621734,0.0,23.35018186139054,5.82363005672164,5506.54089439741,1,0,0.0,0.0,1.0,1.0,3961.1860214094736,3961.1860214094736,3396.313978590526,3396.313978590526,asphalt,1.1575
2.8166666666666615,60.05588025046104,16.6821889584614,0.0,0.0,0.0,0.0,16.6821889584614,0.0,23.627611870013254,5.821854064743093,5540.280639722836,1,0,0.0,0.0,1.0,1.0,3961.3193836015275,3961.3193836015275,3396.180616398472,3396.180616398472,asphalt,1.1575
2.833333333333328,60.40512457199154,16.77920126999765,0.0,0.0,0.0,0.0,16.77920126999765,0.0,23.90665893634764,5.820068240367675,5574.0105001145075,1,0,0.0,0.0,1.0,1.0,3961.4534853839937,3961.4534853839937,3396.046514616006,3396.046514616006,asphalt,1.1575
2.8499999999999948,60.75426137575636,16.876183715487876,0.0,0.0,0.0,0.0,16.876183715487876,0.0,24.18732256364939,5.81827259614812,5607.730418247465,1,0,0.0,0.0,1.0,1.0,3961.588325814176,3961.588325814176,3395.9116741858234,3395.9116741858234,asphalt,1.1575
2.8666666666666614,61.10329007303771,16.973136131399365,0.0,0.0,0.0,0.0,16.973136131399365,0.0,24.469602252447327,5.81646714470196,5641.440336866846,1,0,0.0,0.0,1.0,1.0,3961.7239039444444,3961.7239039444444,3395.776096055555,3395.776096055555,asphalt,1.1575
2.883333333333328,61.452210075877154,17.07005835441032,0.0,0.0,0.0,0.0,17.07005835441032,0.0,24.75349750054693,5.814651898707268,5675.14019878825,1,0,0.0,0.0,1.0,1.0,3961.860218822614,3961.860218822614,3395.6397811773854,3395.6397811773854,asphalt,1.1575
2.8999999999999946,61.801020797079396,17.166950221410943,0.0,0.0,0.0,0.0,17.166950221410943,0.0,25.03900780303385,5.812826870908623,5708.829946898116,1,0,0.0,0.0,1.0,1.0,3961.9972694916282,3961.9972694916282,3395.5027305083713,3395.5027305083713,asphalt,1.1575
2.916666666666661,62.149721650216016,17.263811569504448,0.0,0.0,0.0,0.0,17.263811569504448,0.0,25.326132652277465,5.810992074109436,5742.509524154091,1,0,0.0,0.0,1.0,1.0,3962.1350549898134,3962.1350549898134,3395.364945010186,3395.364945010186,asphalt,1.1575
2.933333333333328,62.49831204962923,17.36064223600812,0.0,0.0,0.0,0.0,17.36064223600812,0.0,25.61487153793443,5.809147521177067,5776.178873585397,1,0,0.0,0.0,1.0,1.0,3962.273574350753,3962.273574350753,3395.2264256492467,3395.2264256492467,asphalt,1.1575
2.9499999999999944,62.84679141043565,17.457442058454347,0.0,0.0,0.0,0.0,17.457442058454347,0.0,25.905223946952265,5.807293225041974,5809.837938293202,1,0,0.0,0.0,1.0,1.0,3962.4128266033476,3962.4128266033476,3395.087173396652,3395.087173396652,asphalt,1.1575
2.966666666666661,63.19515914852995,17.554210874591654,0.0,0.0,0.0,0.0,17.554210874591654,0.0,26.19718936357294,5.8054291986942985,5843.4866614509865,1,0,0.0,0.0,1.0,1.0,3962.552810771948,3962.552810771948,3394.9471892280517,3394.9471892280517,asphalt,1.1575
2.9833333333333276,63.543414680588704,17.65094852238575,0.0,0.0,0.0,0.0,17.65094852238575,0.0,26.4907672693365,5.803555455189837,5877.1249863049115,1,0,0.0,0.0,1.0,1.0,3962.693525875966,3962.693525875966,3394.8064741240332,3394.8064741240332,asphalt,1.1575
2.9999999999999942,63.89155742407397,17.747654840020548,0.0,0.0,0.0,0.0,17.747654840020548,0.0,26.785957143084698,5.801672007643219,5910.752856174177,1,0,0.0,0.0,1.0,1.0,3962.8349709304553,3962.8349709304553,3394.6650290695443,3394.6650290695443,asphalt,1.1575
3.016666666666661,64.23958679723705,17.84432966589918,0.0,0.0,0.0,0.0,17.84432966589918,0.0,27.08275846096462,5.799778869230465,5944.370214451393,1,0,0.0,0.0,1.0,1.0,3962.9771449457235,3962.9771449457235,3394.522855054276,3394.522855054276,asphalt,1.1575
3.0333333333333274,64.58750221912213,17.940972838645035,0.0,0.0,0.0,0.0,17.940972838645035,0.0,27.381170696432363,5.797876053189839,5977.977004602939,1,0,0.0,0.0,1.0,1.0,3963.1200469274627,3963.1200469274627,3394.379953072537,3394.379953072537,asphalt,1.1575
3.049999999999994,64.93530310956997,18.03758419710277,0.0,0.0,0.0,0.0,18.03758419710277,0.0,27.68119332025673,5.795963572820995,6011.5731701693285,1,0,0.0,0.0,1.0,1.0,3963.263675876749,3963.263675876749,3394.2363241232506,3394.2363241232506,asphalt,1.1575
3.0666666666666607,65.28298888922163,18.13416358033934,0.0,0.0,0.0,0.0,18.13416358033934,0.0,27.98282580052291,5.794041441484126,6045.158654765565,1,0,0.0,0.0,1.0,1.0,3963.408030790105,3963.408030790105,3394.0919692098946,3394.0919692098946,asphalt,1.1575
3.0833333333333273,65.63055897952196,18.23071082764499,0.0,0.0,0.0,0.0,18.23071082764499,0.0,28.286067602636198,5.792109672599963,6078.733402081506,1,0,0.0,0.0,1.0,1.0,3963.5531106595026,3963.5531106595026,3393.946889340497,3393.946889340497,asphalt,1.1575
3.099999999999994,65.97801280272343,18.327225778534284,0.0,0.0,0.0,0.0,18.327225778534284,0.0,28.590918189325727,5.790168279648924,6112.297355882218,1,0,0.0,0.0,1.0,1.0,3963.6989144723602,3963.6989144723602,3393.8010855276393,3393.8010855276393,asphalt,1.1575
3.1166666666666605,66.32150671269444,18.422640753526235,0.0,0.0,0.0,0.0,18.422640753526235,0.0,28.89736861226034,5.67731262080116,6145.849798361006,1,0,0.0,0.0,0.9843796369661518,0.9843796369661518,3969.836527388861,3969.836527388861,3387.663472611138,3387.663472611138,asphalt,1.1575
3.133333333333327,66.65739032080316,18.515941755778655,0.0,0.0,0.0,0.0,18.515941755778655,0.0,29.20538726100895,5.550534552506008,6179.373898474694,1,0,0.0,0.0,0.9674841274802407,0.9674841274802407,3979.3732131669653,3979.3732131669653,3378.126786833034,3378.126786833034,asphalt,1.1575
3.1499999999999937,66.9856780683432,18.607132796762002,0.0,0.0,0.0,0.0,18.607132796762002,0.0,29.514938940212947,5.424073683004167,6212.82073696565,1,0,0.0,0.0,0.950532853617263,0.950532853617263,3988.890154957234,3988.890154957234,3368.6098450427653,3368.6098450427653,asphalt,1.1575
3.1666666666666603,67.30639826623731,18.696221740621475,0.0,0.0,0.0,0.0,18.696221740621475,0.0,29.825988560157167,5.298182754146126,6246.122721523954,1,0,0.0,0.0,0.933560505831611,0.933560505831611,3998.369263628258,3998.369263628258,3359.1307363717415,3359.1307363717415,asphalt,1.1575
3.183333333333327,67.61959543434052,18.783220953983477,0.0,0.0,0.0,0.0,18.783220953983477,0.0,30.138501208690517,5.17313789724426,6279.205969072747,1,0,0.0,0.0,0.9166055811013085,0.9166055811013085,4007.7899737925754,4007.7899737925754,3349.7100262074237,3349.7100262074237,asphalt,1.1575
3.1999999999999935,67.92594892412677,18.86831914559077,0.0,0.0,0.0,0.0,18.86831914559077,0.0,30.452443116540937,5.0804560530247045,6311.997784261638,1,0,0.0,0.0,0.9044715607734821,0.9044715607734821,4016.3814058790117,4016.3814058790117,3341.118594120988,3341.118594120988,asphalt,1.1575
3.21666666666666,68.22934495986242,18.952595822184005,0.0,0.0,0.0,0.0,18.952595822184005,0.0,30.767793810321596,5.042341525707172,6344.434173764474,1,0,0.0,0.0,0.8994264082473755,0.8994264082473755,4019.255493500298,4019.255493500298,3338.2445064997014,3338.2445064997014,asphalt,1.1575
3.2333333333333267,68.53047080823636,19.036241891176765,0.0,0.0,0.0,0.0,19.036241891176765,0.0,31.084542536751446,5.004675018663534,6376.477677181709,1,0,0.0,0.0,0.8944342753347151,0.8944342753347151,4022.096437618893,4022.096437618893,3335.4035623811064,3335.4035623811064,asphalt,1.1575
3.2499999999999933,68.82935392251301,19.119264978475837,0.0,0.0,0.0,0.0,19.119264978475837,0.0,31.402678864939904,4.967468853444075,6408.117388395085,1,0,0.0,0.0,0.8894970346508906,0.8894970346508906,4024.9028392352225,4024.9028392352225,3332.597160764777,3332.597160764777,asphalt,1.1575
3.26666666666666,69.12602176529302,19.201672712581395,0.0,0.0,0.0,0.0,19.201672712581395,0.0,31.722192491489245,4.93071712741596,6439.358545396673,1,0,0.0,0.0,0.8846140806437238,0.8846140806437238,4027.67486717219,4027.67486717219,3329.8251328278097,3329.8251328278097,asphalt,1.1575
3.2833333333333266,69.42050103510819,19.283472509752276,0.0,0.0,0.0,0.0,19.283472509752276,0.0,32.043073238134056,4.894403812321855,6470.215358173929,1,0,0.0,0.0,0.8797834203710709,0.8797834203710709,4030.4135800954427,4030.4135800954427,3327.086419904557,3327.086419904557,asphalt,1.1575
3.299999999999993,69.71281726499365,19.364671462498233,0.0,0.0,0.0,0.0,19.364671462498233,0.0,32.36531104693614,4.85850795541694,6500.706402229636,1,0,0.0,0.0,0.8750023768293185,0.8750023768293185,4033.1204886458327,4033.1204886458327,3324.3795113541664,3324.3795113541664,asphalt,1.1575
3.3166666666666598,70.0029946562593,19.44527629340536,0.0,0.0,0.0,0.0,19.44527629340536,0.0,32.688895974341655,4.823006928158975,6530.851741022576,1,0,0.0,0.0,0.8702680303449549,0.8702680303449549,4035.797279771481,4035.797279771481,3321.7027202285185,3321.7027202285185,asphalt,1.1575
3.3333333333333264,70.29105605589338,19.52529334885927,0.0,0.0,0.0,0.0,19.52529334885927,0.0,33.01381818491103,4.787878374133641,6560.671200303607,1,0,0.0,0.0,0.8655774848380355,0.8655774848380355,4038.4456494574397,4038.4456494574397,3319.05435054256,3319.05435054256,asphalt,1.1575
3.349999999999993,70.57702301710025,19.60472861586118,0.0,0.0,0.0,0.0,19.60472861586118,0.0,33.34006794520231,4.75310130296009,6590.183398763374,1,0,0.0,0.0,0.8609280186562254,0.8609280186562254,4041.0672069113407,4041.0672069113407,3316.432793088659,3316.432793088659,asphalt,1.1575
3.3666666666666596,70.86091590368771,19.683587751024366,0.0,0.0,0.0,0.0,19.683587751024366,0.0,33.66763561807288,4.718656634249214,6619.405265738112,1,0,0.0,0.0,0.8563171607478091,0.8563171607478091,4043.6634250127054,4043.6634250127054,3313.836574987294,3313.836574987294,asphalt,1.1575
3.383333333333326,71.1427540133823,19.761876114828418,0.0,0.0,0.0,0.0,19.761876114828418,0.0,33.99651165752626,4.6845273967710455,6648.351864319391,1,0,0.0,0.0,0.8517427197745244,0.8517427197745244,4046.2356199879114,4046.2356199879114,3311.264380012088,3311.264380012088,asphalt,1.1575
3.399999999999993,71.4225557047805,19.839598806883473,0.0,0.0,0.0,0.0,19.839598806883473,0.0,34.32668660414454,4.65069871968268,6677.036398662508,1,0,0.0,0.0,0.8472027846503494,0.8472027846503494,4048.784948910765,4048.784948910765,3308.7150510892347,3308.7150510892347,asphalt,1.1575
3.4166666666666594,71.7003385190165,19.916760699726805,0.0,0.0,0.0,0.0,19.916760699726805,0.0,34.65815108109554,4.6171577058754565,6705.470325760489,1,0,0.0,0.0,0.8426957087169559,0.8426957087169559,4051.3124174981513,4051.3124174981513,3306.1875825018483,3306.1875825018483,asphalt,1.1575
3.433333333333326,71.9761192913743,19.993366469826196,0.0,0.0,0.0,0.0,19.993366469826196,0.0,34.990895790675395,4.583893245542754,6733.66352020436,1,0,0.0,0.0,0.8382200854775546,0.8382200854775546,4053.8188933157126,4053.8188933157126,3303.6811066842865,3303.6811066842865,asphalt,1.1575
3.4499999999999926,72.24991425071224,20.069420625197843,0.0,0.0,0.0,0.0,20.069420625197843,0.0,35.32491151133303,4.550895806568462,6761.62445953361,1,0,0.0,0.0,0.8337747209022214,0.8337747209022214,4056.305121295029,4056.305121295029,3301.1948787049705,3301.1948787049705,asphalt,1.1575
3.4666666666666592,72.52173910619413,20.144927529498368,0.0,0.0,0.0,0.0,20.144927529498368,0.0,35.66018909511811,4.518157223894832,6789.360410531754,1,0,0.0,0.0,0.8293586053678165,0.8293586053678165,4058.7717396655,4058.7717396655,3298.7282603344997,3298.7282603344997,asphalt,1.1575
3.483333333333326,72.79160912177775,20.219891422716042,0.0,0.0,0.0,0.0,20.219891422716042,0.0,35.996719465494884,4.485670500566528,6816.877605225626,1,0,0.0,0.0,0.8249708870038105,0.8249708870038105,4061.2192951951874,4061.2192951951874,3296.280704804812,3296.280704804812,asphalt,1.1575
3.4999999999999925,73.05953917942908,20.2943164387303,0.0,0.0,0.0,0.0,20.2943164387303,0.0,36.3344936154678,4.4534296269941365,6844.181400786192,1,0,0.0,0.0,0.8206108473756899,0.8206108473756899,4063.648257151971,4063.648257151971,3293.8517428480286,3293.8517428480286,asphalt,1.1575
3.516666666666659,73.32554383226964,20.3682066200749,0.0,0.0,0.0,0.0,20.3682066200749,0.0,36.673502605970235,4.421429421100811,6871.2764209634415,1,0,0.0,0.0,0.8162778799037446,0.8162778799037446,4066.0590297236768,4066.0590297236768,3291.440970276323,3291.440970276323,asphalt,1.1575
3.5333333333333257,73.58963734892987,20.441565930258296,0.0,0.0,0.0,0.0,20.441565930258296,0.0,37.013737564473345,4.389665389664117,6898.166678781515,1,0,0.0,0.0,0.8119714710874238,0.8119714710874238,4068.4519628389685,4068.4519628389685,3289.048037161031,3289.048037161031,asphalt,1.1575
3.5499999999999923,73.73893228599938,20.48303674611094,0.0,0.0,0.0,0.0,20.48303674611094,0.0,37.35499330442346,0.6160558513380465,6791.812883445379,2,1,0.0,0.0,0.22218521069758942,0.22218521069758942,4355.419978503598,4355.419978503598,3002.080021496401,3002.080021496401,asphalt,1.1575
3.566666666666659,73.78046460427906,20.49457350118863,0.0,0.0,0.0,0.0,20.49457350118863,0.0,37.69649495406776,0.7339518829923009,6362.781929338711,2,1,0.0,0.0,0.24231521635971848,0.24231521635971848,4345.940679841258,4345.940679841258,3011.5593201587412,3011.5593201587412,asphalt,1.1575
3.5833333333333255,73.83368859989436,20.5093579444151,0.0,0.0,0.0,0.0,20.5093579444151,0.0,38.038218921704015,0.9928752117346562,6034.342409924027,2,1,0.0,0.0,0.2864643934297678,0.2864643934297678,4329.538030446775,4329.538030446775,3027.9619695532247,3027.9619695532247,asphalt,1.1575
3.599999999999992,73.9021175050917,20.528365973636582,0.0,0.0,0.0,0.0,20.528365973636582,0.0,38.380234766316185,1.2213795195816601,5783.017082793276,2,1,0.0,0.0,0.32463541479931335,0.32463541479931335,4311.162057330352,4311.162057330352,3046.3379426696474,3046.3379426696474,asphalt,1.1575
3.6166666666666587,73.98216610100226,20.55060169472285,0.0,0.0,0.0,0.0,20.55060169472285,0.0,38.72260216487251,1.3959121038502076,5590.888791879519,2,1,0.0,0.0,0.35350730205876024,0.35350730205876024,4297.121297813546,4297.121297813546,3060.3787021864528,3060.3787021864528,asphalt,1.1575
3.6333333333333253,74.07107983489453,20.57529995413737,0.0,0.0,0.0,0.0,20.57529995413737,0.0,39.0653666803293,1.5289550143583597,5444.267139714966,2,1,0.0,0.0,0.37536382730237583,0.37536382730237583,4286.412000342259,4286.412000342259,3071.0879996577405,3071.0879996577405,asphalt,1.1575
3.649999999999992,74.1652713960176,20.601464276671557,0.0,0.0,0.0,0.0,20.601464276671557,0.0,39.408560331282935,1.5773131208823088,5332.674538937865,2,1,0.0,0.0,0.3831084278851295,0.3831084278851295,4280.754690294787,4280.754690294787,3076.745309705213,3076.745309705213,asphalt,1.1575
3.6666666666666585,74.2603080857685,20.627863357157917,0.0,0.0,0.0,0.0,20.627863357157917,0.0,39.752192845887585,1.5875484343942503,5248.075233390531,2,1,0.0,0.0,0.38486035533432855,0.38486035533432855,4279.926631171256,4279.926631171256,3077.573368828743,3077.573368828743,asphalt,1.1575
3.683333333333325,74.35585637772212,20.654404549367253,0.0,0.0,0.0,0.0,20.654404549367253,0.0,40.096266881045445,1.5951359135183907,5184.286553277171,2,1,0.0,0.0,0.3861818039266101,0.3861818039266101,4279.3110501319,4279.3110501319,3078.1889498681003,3078.1889498681003,asphalt,1.1575
3.6999999999999917,74.45178086351656,20.681050239865712,0.0,0.0,0.0,0.0,20.681050239865712,0.0,40.44078440076866,1.600681476825514,5136.545804966913,2,1,0.0,0.0,0.3871715863217525,0.3871715863217525,4278.859314847122,4278.859314847122,3078.640685152878,3078.640685152878,asphalt,1.1575
3.7166666666666583,74.5479771064307,20.70777141845297,0.0,0.0,0.0,0.0,20.70777141845297,0.0,40.7857468347115,1.60465202644815,5101.1830167585385,2,1,0.0,0.0,0.38790572153235087,0.38790572153235087,4278.533953489973,4278.533953489973,3078.9660465100264,3078.9660465100264,asphalt,1.1575
3.733333333333325,74.64436453966172,20.73454570546159,0.0,0.0,0.0,0.0,20.73454570546159,0.0,41.13115520033763,1.6074074450281728,5075.369428427075,2,1,0.0,0.0,0.38844273172899196,0.38844273172899196,4278.3060852348,4278.3060852348,3079.1939147651997,3079.1939147651997,asphalt,1.1575
3.7499999999999916,74.7408809980896,20.761355832802664,0.0,0.0,0.0,0.0,20.761355832802664,0.0,41.47701019709054,1.6092252009622143,5056.924083334367,2,1,0.0,0.0,0.3888276948049193,0.3888276948049193,4278.1534445345715,4278.1534445345715,3079.3465554654285,3079.3465554654285,asphalt,1.1575
3.766666666666658,74.83747850646118,20.788188474016994,0.0,0.0,0.0,0.0,20.788188474016994,0.0,41.823312279002586,1.6103192766820484,5044.165044430341,2,1,0.0,0.0,0.3890953497373798,0.3890953497373798,4278.058861381546,4278.058861381546,3079.441138618454,3079.441138618454,asphalt,1.1575
3.7833333333333248,74.93412003432226,20.815033342867295,0.0,0.0,0.0,0.0,20.815033342867295,0.0,42.17006171069364,1.610854735018279,5035.794897025029,2,1,0.0,0.0,0.3892724791296821,0.3892724791296821,4278.0090918877095,4278.0090918877095,3079.4909081122905,3079.4909081122905,asphalt,1.1575
3.7999999999999914,75.03077699507193,20.84188249863109,0.0,0.0,0.0,0.0,20.84188249863109,0.0,42.517258610569726,1.6109589326833884,5030.812606679172,2,1,0.0,0.0,0.38937973908231793,0.38937973908231793,4277.993918116752,4277.993918116752,3079.506081883248,3079.506081883248,asphalt,1.1575
3.816666666666658,75.12742731797249,20.86872981054791,0.0,0.0,0.0,0.0,20.86872981054791,0.0,42.86490298415515,1.6107301554959008,5028.445643420385,2,1,0.0,0.0,0.38943306581412057,0.38943306581412057,4278.005454944477,4278.005454944477,3079.4945450555233,3079.4945450555233,asphalt,1.1575
3.8333333333333246,75.22405396146233,20.895570544850646,0.0,0.0,0.0,0.0,20.895570544850646,0.0,43.212994749817206,1.6102442702319308,5028.097696073731,2,1,0.0,0.0,0.38944475772156506,0.38944475772156506,4278.037616162882,4278.037616162882,3079.4623838371176,3079.4623838371176,asphalt,1.1575
3.849999999999991,75.32064376647314,20.922401046242538,0.0,0.0,0.0,0.0,20.922401046242538,0.0,43.56153375862397,1.609559850182336,5029.30838381272,2,1,0.0,0.0,0.3894243082830114,0.3894243082830114,4278.0857031186115,4278.0857031186115,3079.414296881388,3079.414296881388,asphalt,1.1575
3.866666666666658,75.41718657178225,20.949218492161737,0.0,0.0,0.0,0.0,20.949218492161737,0.0,43.91051980967618,1.6087221257708961,5031.722203244645,2,1,0.0,0.0,0.38937904752136304,0.38937904752136304,4278.146087671534,4278.146087671534,3079.3539123284654,3079.3539123284654,asphalt,1.1575
3.8833333333333244,75.51367453136625,20.97602070315729,0.0,0.0,0.0,0.0,20.97602070315729,0.0,44.25995266194697,1.607766030379878,5035.064587413074,2,1,0.0,0.0,0.3893146362572813,0.3893146362572813,4278.215967779487,4278.215967779487,3079.284032220512,3079.284032220512,asphalt,1.1575
3.899999999999991,75.6101015875172,21.002805996532558,0.0,0.0,0.0,0.0,21.002805996532558,0.0,44.6098320434266,1.606718549223558,5039.123443128732,2,1,0.0,0.0,0.38923544709152047,0.38923544709152047,4278.29317902311,4278.29317902311,3079.20682097689,3079.20682097689,asphalt,1.1575
3.9166666666666576,75.70646306409769,21.029573073360467,0.0,0.0,0.0,0.0,21.029573073360467,0.0,44.96015765818674,1.6056005311835975,5043.734909537937,2,1,0.0,0.0,0.38914485818151756,0.38914485818151756,4278.376049231116,4278.376049231116,3079.123950768884,3079.123950768884,asphalt,1.1575
3.9333333333333242,75.80275535247918,21.056320931244215,0.0,0.0,0.0,0.0,21.056320931244215,0.0,45.31092919183855,1.6044280867274097,5048.772370228127,2,1,0.0,0.0,0.38904547984676213,0.38904547984676213,4278.4632863241695,4278.4632863241695,3079.0367136758296,3079.0367136758296,asphalt,1.1575
3.949999999999991,75.9521126952197,21.09780908200547,0.0,0.0,0.0,0.0,21.09780908200547,0.0,45.662207816938185,5.145682081310952,5054.137973694517,2,0,0.0,0.0,1.0,1.0,4278.553891765589,4278.553891765589,3078.946108234411,3078.946108234411,asphalt,1.1575
3.9666666666666575,76.29438817443095,21.192885604008598,0.0,0.0,0.0,0.0,21.192885604008598,0.0,46.01482616091496,5.72761199366937,5059.9216023320105,2,0,0.0,0.0,1.0,1.0,3968.5047004880716,3968.5047004880716,3388.995299511928,3388.995299511928,asphalt,1.1575
3.983333333333324,76.63797477423746,21.288326326177074,0.0,0.0,0.0,0.0,21.288326326177074,0.0,46.36903514272123,5.7256154326208275,5066.834589629509,2,0,0.0,0.0,1.0,1.0,3968.547613497026,3968.547613497026,3388.9523865029737,3388.9523865029737,asphalt,1.1575
3.9999999999999907,76.98142772784779,21.383729924402164,0.0,0.0,0.0,0.0,21.383729924402164,0.0,46.72483441761993,5.723374975002571,5075.371264118596,2,0,0.0,0.0,1.0,1.0,3968.7158713492663,3968.7158713492663,3388.7841286507332,3388.7841286507332,asphalt,1.1575
4.016666666666658,77.32474590541817,21.47909608483838,0.0,0.0,0.0,0.0,21.47909608483838,0.0,47.08222336271095,5.721125274215524,5085.712072360071,2,0,0.0,0.0,1.0,1.0,3968.8848675537783,3968.8848675537783,3388.615132446221,3388.615132446221,asphalt,1.1575
4.033333333333324,77.66792875836437,21.57442465510121,0.0,0.0,0.0,0.0,21.57442465510121,0.0,47.44120135244309,5.718866439993349,5097.848539385534,2,0,0.0,0.0,1.0,1.0,3969.054550861765,3969.054550861765,3388.4454491382344,3388.4454491382344,asphalt,1.1575
4.049999999999991,78.01097573926207,21.66971548312835,0.0,0.0,0.0,0.0,21.66971548312835,0.0,47.801767758729156,5.71659848783554,5111.665864502622,2,0,0.0,0.0,1.0,1.0,3969.2249200914443,3969.2249200914443,3388.275079908555,3388.275079908555,asphalt,1.1575
4.0666666666666575,78.35388630161677,21.764968417115767,0.0,0.0,0.0,0.0,21.764968417115767,0.0,48.163921950950254,5.714321433260352,5126.996112561897,2,0,0.0,0.0,1.0,1.0,3969.395974077062,3969.395974077062,3388.1040259229376,3388.1040259229376,asphalt,1.1575
4.083333333333324,78.69665989986693,21.860183305518593,0.0,0.0,0.0,0.0,21.860183305518593,0.0,48.52766329596012,5.712035291833786,5143.651533776452,2,0,0.0,0.0,1.0,1.0,3969.5677116488887,3969.5677116488887,3387.932288351111,3387.932288351111,asphalt,1.1575
4.099999999999991,79.03929598938714,21.955359997051982,0.0,0.0,0.0,0.0,21.955359997051982,0.0,48.89299115808946,5.709740079179824,5161.444614727044,2,0,0.0,0.0,1.0,1.0,3969.740131633221,3969.740131633221,3387.7598683667784,3387.7598683667784,asphalt,1.1575
4.116666666666657,79.3817940264912,22.050498340692002,0.0,0.0,0.0,0.0,22.050498340692002,0.0,49.25990489915028,5.707435810971049,5180.199403308762,2,0,0.0,0.0,1.0,1.0,3969.913232852444,3969.913232852444,3387.5867671475557,3387.5867671475557,asphalt,1.1575
4.133333333333324,79.72415346843533,22.14559818567648,0.0,0.0,0.0,0.0,22.14559818567648,0.0,49.62840387844024,5.7051225029337616,5199.757208559267,2,0,0.0,0.0,1.0,1.0,3970.0870141250302,3970.0870141250302,3387.4129858749693,3387.4129858749693,asphalt,1.1575
4.149999999999991,80.06637377342122,22.240659381505893,0.0,0.0,0.0,0.0,22.240659381505893,0.0,49.99848745274703,5.702800170845421,5219.978771907435,2,0,0.0,0.0,1.0,1.0,3970.2614742654796,3970.2614742654796,3387.23852573452,3387.23852573452,asphalt,1.1575
4.166666666666657,80.40839428664076,22.335665079622434,0.0,0.0,0.0,0.0,22.335665079622434,0.0,50.37015488777252,5.697555858295971,5240.744310572623,2,0,0.0,0.0,0.9995675103747101,0.9995675103747101,3970.5189233110937,3970.5189233110937,3386.981076688906,3386.981076688906,asphalt,1.1575
4.183333333333324,80.74988435026462,22.430523430629062,0.0,0.0,0.0,0.0,22.430523430629062,0.0,50.74340429130911,5.687849549515249,5261.952139687321,2,0,0.0,0.0,0.9985745832354728,0.9985745832354728,3971.245918599381,3971.245918599381,3386.2540814006184,3386.2540814006184,asphalt,1.1575
4.19999999999999,81.09078686414128,22.525218573372577,0.0,0.0,0.0,0.0,22.525218573372577,0.0,51.118232970110896,5.678008953957203,5283.515946659696,2,0,0.0,0.0,0.9975640956662879,0.9975640956662879,3971.9835666935296,3971.9835666935296,3385.51643330647,3385.51643330647,asphalt,1.1575
4.216666666666657,81.431094788406,22.619748552335,0.0,0.0,0.0,0.0,22.619748552335,0.0,51.4946381831067,5.668060622041082,5305.362837377333,2,0,0.0,0.0,0.996539565116037,0.996539565116037,3972.7297829021927,3972.7297829021927,3384.7702170978064,3384.7702170978064,asphalt,1.1575
4.233333333333324,81.77080251017516,22.714111808381986,0.0,0.0,0.0,0.0,22.714111808381986,0.0,51.87261716085551,5.658026744402775,5327.43190458024,2,0,0.0,0.0,0.9955039308704196,0.9955039308704196,3973.4828204822643,3973.4828204822643,3384.0171795177353,3384.0171795177353,asphalt,1.1575
4.24999999999999,82.10990560264554,22.808307111845984,0.0,0.0,0.0,0.0,22.808307111845984,0.0,52.25216711144382,5.647925704834051,5349.6727083017095,2,0,0.0,0.0,0.994459627509192,0.994459627509192,3974.2412293884927,3974.2412293884927,3383.258770611507,3383.258770611507,asphalt,1.1575
4.266666666666657,82.44840061717204,22.90233350477001,0.0,0.0,0.0,0.0,22.90233350477001,0.0,52.63328522536334,5.637772623186947,5372.04378354385,2,0,0.0,0.0,0.9934086569225888,0.9934086569225888,3975.0038150061077,3975.0038150061077,3382.496184993892,3382.496184993892,asphalt,1.1575
4.2833333333333234,82.78628490656985,22.996190251824956,0.0,0.0,0.0,0.0,22.996190251824956,0.0,53.01596867951746,5.627579859809089,5394.511253440508,2,0,0.0,0.0,0.9923526551757478,0.9923526551757478,3975.769599364151,3975.769599364151,3381.7304006358486,3381.7304006358486,asphalt,1.1575
4.29999999999999,83.12240247240365,23.089556242334346,0.0,0.0,0.0,0.0,23.089556242334346,0.0,53.40021239647435,5.579197360855517,5417.047520602061,2,0,0.0,0.0,0.9858579058220306,0.9858579058220306,3978.458154811782,3978.458154811782,3379.0418451882174,3379.0418451882174,asphalt,1.1575
4.316666666666657,83.45487576279217,23.181909934108937,0.0,0.0,0.0,0.0,23.181909934108937,0.0,53.78600167042168,5.5184285229731245,5439.626702083724,2,0,0.0,0.0,0.9779468637933231,0.9779468637933231,3983.026409025905,3983.026409025905,3374.4735909740943,3374.4735909740943,asphalt,1.1575
4.333333333333323,83.78370186445683,23.273250517904675,0.0,0.0,0.0,0.0,23.273250517904675,0.0,54.17331961950969,5.457642091969319,5462.218091920441,2,0,0.0,0.0,0.9700102032126107,0.9700102032126107,3987.5975666678864,3987.5975666678864,3369.902433332113,3369.902433332113,asphalt,1.1575
4.34999999999999,84.10888294873585,23.36357859687107,0.0,0.0,0.0,0.0,23.36357859687107,0.0,54.56214936301159,5.396924282473776,5484.78865132497,2,0,0.0,0.0,0.962059524093866,0.962059524093866,3992.1651897546544,3992.1651897546544,3365.334810245345,3365.334810245345,asphalt,1.1575
4.3666666666666565,84.43042631785063,23.452896199402954,0.0,0.0,0.0,0.0,23.452896199402954,0.0,54.952474045156485,5.336359455293689,5507.306040695573,2,0,0.0,0.0,0.9541062687026223,0.9541062687026223,3996.722860451787,3996.722860451787,3360.7771395482123,3360.7771395482123,asphalt,1.1575
4.383333333333323,84.74834411551862,23.541206698755172,0.0,0.0,0.0,0.0,23.541206698755172,0.0,55.34427685813382,5.276025713418733,5529.740312661424,2,0,0.0,0.0,0.946161132094673,0.946161132094673,4001.264567546783,4001.264567546783,3356.2354324532166,3356.2354324532166,asphalt,1.1575
4.39999999999999,85.06265286215985,23.628514683933293,0.0,0.0,0.0,0.0,23.628514683933293,0.0,55.73754106320473,5.21599274027551,5552.06474380149,2,0,0.0,0.0,0.938233764247445,0.938233764247445,4005.784904245963,4005.784904245963,3351.7150957540366,3351.7150957540366,asphalt,1.1575
4.416666666666656,85.37337291624739,23.71482581006872,0.0,0.0,0.0,0.0,23.71482581006872,0.0,56.132250009419316,5.156321042419734,5574.256126803716,2,0,0.0,0.0,0.9303326563401229,0.9303326563401229,4010.279146897278,4010.279146897278,3347.2208531027213,3347.2208531027213,asphalt,1.1575
4.433333333333323,85.68052792405143,23.800146645569843,0.0,0.0,0.0,0.0,23.800146645569843,0.0,56.528387149789474,5.097062038252034,5596.294737534561,2,0,0.0,0.0,0.9224651392374345,0.9224651392374345,4014.7432611654326,4014.7432611654326,3342.756738834567,3342.756738834567,asphalt,1.1575
4.4499999999999895,85.98414429403793,23.884484526121646,0.0,0.0,0.0,0.0,23.884484526121646,0.0,56.92593605497606,5.038258625641561,5618.1641180242705,2,0,0.0,0.0,0.9146374466096359,0.9146374466096359,4019.173866362461,4019.173866362461,3338.326133637539,3338.326133637539,asphalt,1.1575
4.466666666666656,86.2842507152716,23.967847420908775,0.0,0.0,0.0,0.0,23.967847420908775,0.0,57.324880424665295,4.979945991470629,5639.850766402051,2,0,0.0,0.0,0.9068548117618428,0.9068548117618428,4023.5681778556313,4023.5681778556313,3333.931822144368,3333.931822144368,asphalt,1.1575
4.483333333333323,86.58087772840946,24.05024381344707,0.0,0.0,0.0,0.0,24.05024381344707,0.0,57.725204096865994,4.922152513886431,5661.3437910995535,2,0,0.0,0.0,0.8991215785209926,0.8991215785209926,4027.923940184011,4027.923940184011,3329.5760598159886,3329.5760598159886,asphalt,1.1575
4.499999999999989,86.87405735123008,24.13168259756391,0.0,0.0,0.0,0.0,24.13168259756391,0.0,58.12689105537874,4.864900666700578,5682.63456412413,2,0,0.0,0.0,0.891441314097638,0.891441314097638,4032.239358632464,4032.239358632464,3325.2606413675358,3325.2606413675358,asphalt,1.1575
4.516666666666656,87.16382275673445,24.21217298798179,0.0,0.0,0.0,0.0,24.21217298798179,0.0,58.52992543568456,4.808207873992103,5703.716393361526,2,0,0.0,0.0,0.883816916860877,0.883816916860877,4036.513033783958,4036.513033783958,3320.9869662160418,3320.9869662160418,asphalt,1.1575
4.533333333333323,87.45020799972986,24.291724444369404,0.0,0.0,0.0,0.0,24.291724444369404,0.0,58.93429152948537,4.7520872880213005,5724.584224252814,2,0,0.0,0.0,0.8762507152424029,0.8762507152424029,4040.743901466963,4040.743901466963,3316.7560985330365,3316.7560985330365,asphalt,1.1575
4.549999999999989,87.73324778682252,24.3703466074507,0.0,0.0,0.0,0.0,24.3703466074507,0.0,59.339973788106214,4.696548479387843,5745.23437510729,2,0,0.0,0.0,0.8687445560810474,0.8687445560810474,4044.9311791766218,4044.9311791766218,3312.568820823378,3312.568820823378,asphalt,1.1575
4.566666666666656,88.01297728446725,24.448049245685347,0.0,0.0,0.0,0.0,24.448049245685347,0.0,59.74695682494458,4.641598038039092,5765.664306593224,2,0,0.0,0.0,0.8612998820185022,0.8612998820185022,4049.074319222887,4049.074319222887,3308.4256807771126,3308.4256807771126,asphalt,1.1575
4.583333333333322,88.28943195986544,24.524842211073732,0.0,0.0,0.0,0.0,24.524842211073732,0.0,60.15522541712801,4.587240089385034,5785.872423789953,2,0,0.0,0.0,0.8539177983255974,0.8539177983255974,4053.1729683698077,4053.1729683698077,3304.327031630192,3304.327031630192,asphalt,1.1575
4.599999999999989,88.5626474498776,24.600735402743776,0.0,0.0,0.0,0.0,24.600735402743776,0.0,60.56476450651782,4.533476732696613,5805.857908041207,2,0,0.0,0.0,0.8465991299608966,0.8465991299608966,4057.2269334664406,4057.2269334664406,3300.2730665335584,3300.2730665335584,asphalt,1.1575
4.616666666666656,88.83265945360415,24.675738737112265,0.0,0.0,0.0,0.0,24.675738737112265,0.0,60.975559200175894,4.480308410315672,5825.62057535101,2,0,0.0,0.0,0.8393444698617104,0.8393444698617104,4061.2361524449593,4061.2361524449593,3296.2638475550402,3296.2638475550402,asphalt,1.1575
4.633333333333322,89.09950364481173,24.749862123558813,0.0,0.0,0.0,0.0,24.749862123558813,0.0,61.38759477039294,4.427734216425563,5845.160757961942,2,0,0.0,0.0,0.8321542195272719,0.8321542195272719,4065.200670027426,4065.200670027426,3292.2993299725736,3292.2993299725736,asphalt,1.1575
4.649999999999989,89.36321560089695,24.823115444693595,0.0,0.0,0.0,0.0,24.823115444693595,0.0,61.80085665436016,4.375752153809174,5864.479205886846,2,0,0.0,0.0,0.825028622929048,0.825028622929048,4069.1206174977033,4069.1206174977033,3288.3793825022963,3288.3793825022963,asphalt,1.1575
4.666666666666655,89.6238307455611,24.895508540433635,0.0,0.0,0.0,0.0,24.895508540433635,0.0,62.21533045355275,4.32435934633304,5883.577005422187,2,0,0.0,0.0,0.817967794712492,0.817967794712492,4072.9961959424772,4072.9961959424772,3284.503804057522,3284.503804057522,asphalt,1.1575
4.683333333333322,89.88138430280348,24.96705119522319,0.0,0.0,0.0,0.0,24.96705119522319,0.0,62.63100193288154,4.27355221409897,5902.455511985794,2,0,0.0,0.0,0.8109717435601241,0.8109717435601241,4076.8276624239124,4076.8276624239124,3280.672337576087,3280.672337576087,asphalt,1.1575
4.699999999999989,90.1359112602245,25.03775312784014,0.0,0.0,0.0,0.0,25.03775312784014,0.0,63.047857019659155,4.223326617320424,5921.116294951465,2,0,0.0,0.0,0.8040403914840215,0.8040403914840215,4080.6153186124307,4080.6153186124307,3276.884681387569,3276.884681387569,asphalt,1.1575
4.716666666666655,90.38744633996212,25.10762398332281,0.0,0.0,0.0,0.0,25.10762398332281,0.0,63.465881802419055,4.173677974158068,5939.561092472669,2,0,0.0,0.0,0.7971735897141405,0.7971735897141405,4084.359501469785,4084.359501469785,3273.1404985302147,3273.1404985302147,asphalt,1.1575
4.733333333333322,90.63602397587033,25.176673326630645,0.0,0.0,0.0,0.0,25.176673326630645,0.0,63.88506252961845,4.1246013569832485,5957.791774583688,2,0,0.0,0.0,0.7903711317542961,0.7903711317542961,4088.0605756336413,4088.0605756336413,3269.4394243663583,3269.4394243663583,asphalt,1.1575
4.7499999999999885,90.88167829578924,25.244910637719233,0.0,0.0,0.0,0.0,25.244910637719233,0.0,64.30538560825067,4.076091570827884,5975.810313132365,2,0,0.0,0.0,0.783632764091031,0.783632764091031,4091.7189272073197,4091.7189272073197,3265.78107279268,3265.78107279268,asphalt,1.1575
4.766666666666655,91.1244431079595,25.312345307766524,0.0,0.0,0.0,0.0,25.312345307766524,0.0,64.72683760238782,4.028143217188358,5993.618757332218,2,0,0.0,0.0,0.7769581949644307,0.7769581949644307,4095.334958706763,4095.334958706763,3262.1650412932368,3262.1650412932368,asphalt,1.1575
4.783333333333322,91.36435189080298,25.37898663633416,0.0,0.0,0.0,0.0,25.37898663633416,0.0,65.14940523167046,3.9807507458155555,6011.219213923565,2,0,0.0,0.0,0.770347101543141,0.770347101543141,4098.909084957059,4098.909084957059,3258.59091504294,3258.59091504294,asphalt,1.1575
4.799999999999988,91.60143778543312,25.444843829286977,0.0,0.0,0.0,0.0,25.444843829286977,0.0,65.57307536975812,3.9339084966704263,6028.6138311058,2,0,0.0,0.0,0.7637991357886863,0.7637991357886863,4102.4417297663085,4102.4417297663085,3255.058270233691,3255.058270233691,asphalt,1.1575
4.816666666666655,91.83573359037366,25.509925997326018,0.0,0.0,0.0,0.0,25.509925997326018,0.0,65.99783504275163,3.887610733853535,6045.804785548797,2,0,0.0,0.0,0.7573139292455261,0.7573139292455261,4105.933323234551,4105.933323234551,3251.566676765449,3251.566676765449,asphalt,1.1575
4.8333333333333215,92.06727175806174,25.57424215501715,0.0,0.0,0.0,0.0,25.57424215501715,0.0,66.4236714275965,3.841851672993073,6062.794271913908,2,0,0.0,0.0,0.7508910969522951,0.7508910969522951,4109.384299581012,4109.384299581012,3248.1157004189877,3248.1157004189877,asphalt,1.1575
4.849999999999988,92.29608439278924,25.63780122021923,0.0,0.0,0.0,0.0,25.63780122021923,0.0,66.8505718504741,3.7966255033055063,6079.584494417131,2,0,0.0,0.0,0.7445302406349043,0.7445302406349043,4112.795095392394,4112.795095392394,3244.704904607606,3244.704904607606,asphalt,1.1575
4.866666666666655,92.52220324980136,25.700612013833712,0.0,0.0,0.0,0.0,25.700612013833712,0.0,67.27852378518696,3.751926405330721,6096.177660051806,2,0,0.0,0.0,0.7382309513139262,0.7382309513139262,4116.166148214314,4116.166148214314,3241.3338517856864,3241.3338517856864,asphalt,1.1575
4.883333333333321,92.7456597353242,25.762683259812277,0.0,0.0,0.0,0.0,25.762683259812277,0.0,67.7075148515426,3.7077485651516895,6112.575973158285,2,0,0.0,0.0,0.7319928114345151,0.7319928114345151,4119.497895420944,4119.497895420944,3238.0021045790563,3238.0021045790563,asphalt,1.1575
4.899999999999988,92.96648490733577,25.824023585371044,0.0,0.0,0.0,0.0,25.824023585371044,0.0,68.13753281373967,3.6640861857722484,6128.781631085675,2,0,0.0,0.0,0.7258153966075752,0.7258153966075752,4122.790773310465,4122.790773310465,3234.709226689535,3234.709226689535,asphalt,1.1575
4.9166666666666545,93.18470947693086,25.884641521369684,0.0,0.0,0.0,0.0,25.884641521369684,0.0,68.56856557875943,3.6209334961782247,6144.796820738167,2,0,0.0,0.0,0.7196982770345383,0.7196982770345383,4126.045216383185,4126.045216383185,3231.454783616814,3231.454783616814,asphalt,1.1575
4.933333333333321,93.40036381015791,25.94454550282164,0.0,0.0,0.0,0.0,25.94454550282164,0.0,69.00060119476504,3.5782847585372224,6160.623715837215,2,0,0.0,0.0,0.7136410186749373,0.7136410186749373,4129.261656767963,4129.261656767963,3228.2383432320357,3228.2383432320357,asphalt,1.1575
4.949999999999988,93.6134779302294,26.003743869508163,0.0,0.0,0.0,0.0,26.003743869508163,0.0,69.43362784951033,3.536134273888365,6176.264474762567,2,0,0.0,0.0,0.7076431842048752,0.7076431842048752,4132.440523768457,4132.440523768457,3225.0594762315422,3225.0594762315422,asphalt,1.1575
4.966666666666654,93.82408152002688,26.06224486667413,0.0,0.0,0.0,0.0,26.06224486667413,0.0,69.86763386875981,3.4944763866067774,6191.721238860986,2,0,0.0,0.0,0.7017043338054499,0.7017043338054499,4135.5822435057435,4135.5822435057435,3221.917756494256,3221.917756494256,asphalt,1.1575
4.983333333333321,94.03220392483574,26.120056645787706,0.0,0.0,0.0,0.0,26.120056645787706,0.0,70.30260771472084,3.453305487884961,6206.996131132559,2,0,0.0,0.0,0.6958240258132873,0.6958240258132873,4138.687238639992,4138.687238639992,3218.8127613600072,3218.8127613600072,asphalt,1.1575
4.999999999999988,94.23787415525838,26.17718726534955,0.0,0.0,0.0,0.0,26.17718726534955,0.0,70.73853798448911,3.4126160184203513,6222.0912552216305,2,0,0.0,0.0,0.6900018172586493,0.6900018172586493,4141.755928154267,4141.755928154267,3215.744071845733,3215.744071845733,asphalt,1.1575
5.016666666666654,94.44112089026369,26.23364469173991,0.0,0.0,0.0,0.0,26.23364469173991,0.0,71.17541340850794,3.3724024704548583,6237.00869465329,2,0,0.0,0.0,0.6842372643125246,0.6842372643125246,4144.788727190004,4144.788727190004,3212.7112728099955,3212.7112728099955,asphalt,1.1575
5.033333333333321,94.6419724803393,26.28943680009425,0.0,0.0,0.0,0.0,26.28943680009425,0.0,71.61322284904202,3.332659389305377,6251.750512267632,2,0,0.0,0.0,0.678529922659542,0.678529922659542,4147.786046923333,4147.786046923333,3209.7139530766663,3209.7139530766663,asphalt,1.1575
5.049999999999987,94.84045695071946,26.34457137519985,0.0,0.0,0.0,0.0,26.34457137519985,0.0,72.051955298666,3.293381374473938,6266.318749813177,2,0,0.0,0.0,0.6728793478105285,0.6728793478105285,4150.748294474226,4150.748294474226,3206.751705525774,3206.751705525774,asphalt,1.1575
5.066666666666654,95.0366020046664,26.399056112407333,0.0,0.0,0.0,0.0,26.399056112407333,0.0,72.49159987876817,3.2545630804193593,6280.715427668238,2,0,0.0,0.0,0.6672850953659897,0.6672850953659897,4153.675872842314,4153.675872842314,3203.8241271576862,3203.8241271576862,asphalt,1.1575
5.083333333333321,95.2304350267881,26.45289861855225,0.0,0.0,0.0,0.0,26.45289861855225,0.0,72.9321458380694,3.2161992170662757,6294.942544664992,2,0,0.0,0.0,0.6617467212396673,0.6617467212396673,4156.569180864445,4156.569180864445,3200.930819135554,3200.930819135554,asphalt,1.1575
5.099999999999987,95.42243225046408,26.506231180684466,0.0,0.0,0.0,0.0,26.506231180684466,0.0,73.37358337004336,3.194623082869441,6309.002095081522,2,0,0.0,0.0,0.6588226436307355,0.6588226436307355,4158.677562418869,4158.677562418869,3198.8224375811305,3198.8224375811305,asphalt,1.1575
5.116666666666654,95.61364915514895,26.559346987541375,0.0,0.0,0.0,0.0,26.559346987541375,0.0,73.81590744515542,3.1823597522270575,6322.89747107475,2,0,0.0,0.0,0.6571979591753393,0.6571979591753393,4159.602154675213,4159.602154675213,3197.897845324787,3197.897845324787,asphalt,1.1575
5.13333333333332,95.80413499968034,26.612259722133427,0.0,0.0,0.0,0.0,26.612259722133427,0.0,74.25911466567761,3.1702218424504736,6336.6365050740715,2,0,0.0,0.0,0.6555908014097089,0.6555908014097089,4160.517176461492,4160.517176461492,3196.9828235385075,3196.9828235385075,asphalt,1.1575
5.149999999999987,95.99389699271337,26.664971386864824,0.0,0.0,0.0,0.0,26.664971386864824,0.0,74.70320166812255,3.1582007189993533,6350.230148285853,2,0,0.0,0.0,0.6539998945691884,0.6539998945691884,4161.423244151308,4161.423244151308,3196.0767558486914,3196.0767558486914,asphalt,1.1575
5.166666666666654,96.18294178580433,26.71748382939009,0.0,0.0,0.0,0.0,26.71748382939009,0.0,75.14816512078009,3.1462868581408543,6363.690486588319,2,0,0.0,0.0,0.6524238302084386,0.6524238302084386,4162.321065359618,4162.321065359618,3195.178934640381,3195.178934640381,asphalt,1.1575
5.18333333333332,96.37127545788933,26.76979873830259,0.0,0.0,0.0,0.0,26.76979873830259,0.0,75.59400172107419,3.134470792621755,6377.029538556345,2,0,0.0,0.0,0.6508612075161774,0.6508612075161774,4163.21135779494,4163.21135779494,3194.288642205059,3194.288642205059,asphalt,1.1575
5.199999999999987,96.5589035402089,26.82191765005803,0.0,0.0,0.0,0.0,26.82191765005803,0.0,76.04070819297338,3.1227436448645562,6390.25857748289,2,0,0.0,0.0,0.6493107125727708,0.6493107125727708,4164.094802614649,4164.094802614649,3193.405197385351,3193.405197385351,asphalt,1.1575
5.2166666666666535,96.74583106269475,26.87384196185965,0.0,0.0,0.0,0.0,26.87384196185965,0.0,76.48828128458413,3.1110973943316367,6403.387791128859,2,0,0.0,0.0,0.6477711582122255,0.6477711582122255,4164.972020139314,4164.972020139314,3192.527979860686,3192.527979860686,asphalt,1.1575
5.23333333333332,96.93206260976805,26.925572947157793,0.0,0.0,0.0,0.0,26.925572947157793,0.0,76.93671776598964,3.099524978131285,6416.426153379308,2,0,0.0,0.0,0.6462414991351719,0.6462414991351719,4165.843559700284,4165.843559700284,3191.656440299716,3191.656440299716,asphalt,1.1575
5.249999999999987,97.11760237815155,26.977111771708763,0.0,0.0,0.0,0.0,26.977111771708763,0.0,77.38601442735472,3.088020291003204,6429.381423782157,2,0,0.0,0.0,0.6447208320644731,0.6447208320644731,4166.709898111741,4166.709898111741,3190.790101888259,3190.790101888259,asphalt,1.1575
5.266666666666653,97.30245423237697,27.028459508993603,0.0,0.0,0.0,0.0,27.028459508993603,0.0,77.83616807729295,3.0765781282224225,6442.260219671069,2,0,0.0,0.0,0.6432083873947457,0.6432083873947457,4167.571443127056,4167.571443127056,3189.928556872944,3189.928556872944,asphalt,1.1575
5.28333333333332,97.48662175567613,27.07961715435448,0.0,0.0,0.0,0.0,27.07961715435448,0.0,78.28717554147788,3.065194099511359,6455.06812516958,2,0,0.0,0.0,0.6417035165061618,0.6417035165061618,4168.428539517096,4168.428539517096,3189.0714604829027,3189.0714604829027,asphalt,1.1575
5.2999999999999865,97.67010829521858,27.130585637560717,0.0,0.0,0.0,0.0,27.130585637560717,0.0,78.73903366147374,3.053864531646582,6467.809814620533,2,0,0.0,0.0,0.6402056773692019,0.6402056773692019,4169.281476273703,4169.281476273703,3188.2185237262966,3188.2185237262966,asphalt,1.1575
5.316666666666653,97.85291700144512,27.181365833734755,0.0,0.0,0.0,0.0,27.181365833734755,0.0,79.19173929375853,3.042586370453364,6480.489176839735,2,0,0.0,0.0,0.638714420033998,0.638714420033998,4170.130494021797,4170.130494021797,3187.369505978203,3187.369505978203,asphalt,1.1575
5.33333333333332,98.03505086170638,27.231958572696218,0.0,0.0,0.0,0.0,27.231958572696218,0.0,79.64528930891252,3.0313570882964314,6493.109432427892,2,0,0.0,0.0,0.637229372916483,0.637229372916483,4170.975792108216,4170.975792108216,3186.5242078917836,3186.5242078917836,asphalt,1.1575
5.349999999999986,98.21651272866548,27.28236464685152,0.0,0.0,0.0,0.0,27.28236464685152,0.0,80.09968059094719,3.0201746002097707,6505.673240148605,2,0,0.0,0.0,0.635750230352095,0.635750230352095,4171.81753508434,4171.81753508434,3185.6824649156592,3185.6824649156592,asphalt,1.1575
5.366666666666653,98.39730534403667,27.332584817787964,0.0,0.0,0.0,0.0,27.332584817787964,0.0,80.55491003675198,3.0090371899257207,6518.182790759358,2,0,0.0,0.0,0.6342767416089897,0.6342767416089897,4172.655858457533,4172.655858457533,3184.8441415424663,3184.8441415424663,asphalt,1.1575
5.3833333333333195,98.57743135826327,27.382619821739794,0.0,0.0,0.0,0.0,27.382619821739794,0.0,81.01097455563885,2.997943445929536,6530.639888128501,2,0,0.0,0.0,0.6328087013834666,0.6328087013834666,4173.490873686149,4173.490873686149,3184.00912631385,3184.00912631385,asphalt,1.1575
5.399999999999986,98.75689334671866,27.432470374088513,0.0,0.0,0.0,0.0,27.432470374088513,0.0,81.46787106896787,2.9868922070235726,6543.04601830163,2,0,0.0,0.0,0.6313459417018761,0.6313459417018761,4174.322672446123,4174.322672446123,3183.1773275538767,3183.1773275538767,asphalt,1.1575
5.416666666666653,98.93569382296957,27.4821371730471,0.0,0.0,0.0,0.0,27.4821371730471,0.0,81.92559650983897,2.9758825165237113,6555.402407612343,2,0,0.0,0.0,0.6298883251028192,0.6298883251028192,4175.151330230555,4175.151330230555,3182.3486697694448,3182.3486697694448,asphalt,1.1575
5.433333333333319,99.11383524958207,27.531620902661686,0.0,0.0,0.0,0.0,27.531620902661686,0.0,82.38414782283785,2.9649135840887197,6567.710071111947,2,0,0.0,0.0,0.6284357389517404,0.6284357389517404,4175.9769093562345,4175.9769093562345,3181.5230906437646,3181.5230906437646,asphalt,1.1575
5.449999999999986,99.29132004689004,27.580922235247233,0.0,0.0,0.0,0.0,27.580922235247233,0.0,82.84352196382596,2.9539847541593645,6579.9698526185475,2,0,0.0,0.0,0.6269880907365591,0.6269880907365591,4176.799461454153,4176.799461454153,3180.700538545846,3180.700538545846,asphalt,1.1575
5.466666666666653,99.46815060008535,27.63004183335704,0.0,0.0,0.0,0.0,27.63004183335704,0.0,83.30371589976602,2.943095480025022,6592.1824576230965,2,0,0.0,0.0,0.6255453042001032,0.6255453042001032,4177.619029518644,4177.619029518644,3179.880970481355,3179.880970481355,asphalt,1.1575
5.483333333333319,99.64432926493373,27.67898035137048,0.0,0.0,0.0,0.0,27.67898035137048,0.0,83.76472660857625,2.9322453026301787,6604.348480180531,2,0,0.0,0.0,0.6241073161777747,0.6241073161777747,4178.435649584336,4178.435649584336,3179.064350415664,3179.064350415664,asphalt,1.1575
5.499999999999986,99.81985837237092,27.727738436769698,0.0,0.0,0.0,0.0,27.727738436769698,0.0,84.22655107900796,2.921433833338938,6616.468424784706,2,0,0.0,0.0,0.6226740740236784,0.6226740740236784,4179.24935209162,4179.24935209162,3178.2506479083804,3178.2506479083804,asphalt,1.1575
5.516666666666652,99.99474023219008,27.77631673116391,0.0,0.0,0.0,0.0,27.77631673116391,0.0,84.68918631054137,2.9106607399660334,6628.542724092934,2,0,0.0,0.0,0.6212455335239402,0.6212455335239402,4180.060162993873,4180.060162993873,3177.439837006127,3177.439837006127,asphalt,1.1575
5.533333333333319,100.16897713599461,27.824715871109614,0.0,0.0,0.0,0.0,27.824715871109614,0.0,85.15262931329667,2.8999257354988117,6640.571753238795,2,0,0.0,0.0,0.6198216572108618,0.6198216572108618,4180.868104652575,4180.868104652575,3176.6318953474242,3176.6318953474242,asphalt,1.1575
5.549999999999986,100.34257135955876,27.87293648876632,0.0,0.0,0.0,0.0,27.87293648876632,0.0,85.61687710795674,2.889228569019906,6652.555841355829,2,0,0.0,0.0,0.6184024130048212,0.6184024130048212,4181.673196558102,4181.673196558102,3175.826803441897,3175.826803441897,asphalt,1.1575
5.566666666666652,100.51552516471219,27.92097921242005,0.0,0.0,0.0,0.0,27.92097921242005,0.0,86.08192672569947,2.8785690184119517,6664.495280831617,2,0,0.0,0.0,0.6169877731231448,0.6169877731231448,4182.475455909072,4182.475455909072,3175.024544090928,3175.024544090928,asphalt,1.1575
5.583333333333319,100.68784080084299,27.96884466690083,0.0,0.0,0.0,0.0,27.96884466690083,0.0,86.54777520813774,2.867946884517778,6676.39033472238,2,0,0.0,0.0,0.615577713205451,0.615577713205451,4183.274898076801,4183.274898076801,3174.225101923199,3174.225101923199,asphalt,1.1575
5.599999999999985,100.85952050609518,28.016533473915327,0.0,0.0,0.0,0.0,28.016533473915327,0.0,87.01441960726532,2.8573619864695843,6688.241242681836,2,0,0.0,0.0,0.6141722116139456,0.6141722116139456,4184.071536976922,4184.071536976922,3173.4284630230773,3173.4284630230773,asphalt,1.1575
5.616666666666652,101.03056650832235,28.064046252311762,0.0,0.0,0.0,0.0,28.064046252311762,0.0,87.48185698540769,2.8468141579611483,6700.0482256935675,2,0,0.0,0.0,0.612771248874586,0.612771248874586,4184.865385365662,4184.865385365662,3172.634614634337,3172.634614634337,asphalt,1.1575
5.633333333333319,101.20098102584669,28.111383618290745,0.0,0.0,0.0,0.0,28.111383618290745,0.0,87.95008441517662,2.836303244276337,6711.811489842411,2,0,0.0,0.0,0.611374807231667,0.611374807231667,4185.656455076684,4185.656455076684,3171.8435449233148,3171.8435449233148,asphalt,1.1575
5.649999999999985,101.37076626806329,28.158546185573137,0.0,0.0,0.0,0.0,28.158546185573137,0.0,88.41909897942789,2.825829099926409,6723.531229315775,2,0,0.0,0.0,0.6099828702931113,0.6099828702931113,4186.444757209078,4186.444757209078,3171.0552427909224,3171.0552427909224,asphalt,1.1575
5.666666666666652,101.53992443592134,28.205534565533704,0.0,0.0,0.0,0.0,28.205534565533704,0.0,88.88889777122134,2.8153915867699197,6735.207628789104,2,0,0.0,0.0,0.6085954227484879,0.6085954227484879,4187.230302277,4187.230302277,3170.269697722999,3170.269697722999,asphalt,1.1575
5.6833333333333185,101.70845772230734,28.252349367307595,0.0,0.0,0.0,0.0,28.252349367307595,0.0,89.35947789378297,2.804990572523991,6746.840865319749,2,0,0.0,0.0,0.6072124501451047,0.6072124501451047,4188.013100328685,4188.013100328685,3169.4868996713144,3169.4868996713144,asphalt,1.1575
5.699999999999985,101.87636831235105,28.298991197875292,0.0,0.0,0.0,0.0,28.298991197875292,0.0,89.83083646046848,2.794625929578274,6758.431109849028,2,0,0.0,0.0,0.6058339387102964,0.6058339387102964,4188.793161040361,4188.793161040361,3168.706838959638,3168.706838959638,asphalt,1.1575
5.716666666666652,102.04365838366978,28.345460662130495,0.0,0.0,0.0,0.0,28.345460662130495,0.0,90.30297059472805,2.784297534064706,6769.978528392464,2,0,0.0,0.0,0.6044598752106545,0.6044598752106545,4189.570493791083,4189.570493791083,3167.9295062089163,3167.9295062089163,asphalt,1.1575
5.733333333333318,102.21033010656403,28.391758362934453,0.0,0.0,0.0,0.0,28.391758362934453,0.0,90.77587743007227,2.774005265107178,6781.4832829821935,2,0,0.0,0.0,0.6030902468405525,0.6030902468405525,4190.345107721906,4190.345107721906,3167.1548922780935,3167.1548922780935,asphalt,1.1575
5.749999999999985,102.37638564417472,28.437884901159645,0.0,0.0,0.0,0.0,28.437884901159645,0.0,91.24955411003857,2.7637490042434365,6792.945532412607,2,0,0.0,0.0,0.6017250411339083,0.6017250411339083,4191.1170117825,4191.1170117825,3166.3829882174996,3166.3829882174996,asphalt,1.1575
5.7666666666666515,102.54182715260994,28.483840875724983,0.0,0.0,0.0,0.0,28.483840875724983,0.0,91.7239977881586,2.7535286349578314,6804.365432829935,2,0,0.0,0.0,0.6003642458944483,0.6003642458944483,4191.886214768081,4191.886214768081,3165.613785231919,3165.613785231919,asphalt,1.1575
5.783333333333318,102.70665678104763,28.52962688362434,0.0,0.0,0.0,0.0,28.52962688362434,0.0,92.19920562792585,2.743344042314675,6815.743138198206,2,0,0.0,0.0,0.5990078491406484,0.5990078491406484,4192.652725348773,4192.652725348773,3164.8472746512266,3164.8472746512266,asphalt,1.1575
5.799999999999985,102.8708766718193,28.575243519949804,0.0,0.0,0.0,0.0,28.575243519949804,0.0,92.67517480276389,2.733195112672604,6827.078800667298,2,0,0.0,0.0,0.5976558390622186,0.5976558390622186,4193.416552092502,4193.416552092502,3164.0834479074983,3164.0834479074983,asphalt,1.1575
5.816666666666651,103.03448896047882,28.620691377910784,0.0,0.0,0.0,0.0,28.620691377910784,0.0,93.15190249599489,2.7230817334543644,6838.372570863581,2,0,0.0,0.0,0.596308203985824,0.596308203985824,4194.177703483327,4194.177703483327,3163.322296516673,3163.322296516673,asphalt,1.1575
5.833333333333318,103.19749577585938,28.665971048849826,0.0,0.0,0.0,0.0,28.665971048849826,0.0,93.6293859008083,2.7130037929669015,6849.624598119326,2,0,0.0,0.0,0.5949649323479831,0.5949649323479831,4194.936187935488,4194.936187935488,3162.5638120645112,3162.5638120645112,asphalt,1.1575
5.8499999999999845,103.35989924012102,28.71108312225584,0.0,0.0,0.0,0.0,28.71108312225584,0.0,94.10762222023004,2.7029611802623776,6860.83503065377,2,0,0.0,0.0,0.5936260126738325,0.5936260126738325,4195.692013805072,4195.692013805072,3161.8079861949277,3161.8079861949277,asphalt,1.1575
5.866666666666651,103.52170146879118,28.756028185775328,0.0,0.0,0.0,0.0,28.756028185775328,0.0,94.58660866709161,2.69295378502477,6872.004015715995,2,0,0.0,0.0,0.5922914335602605,0.5922914335602605,4196.44518939841,4196.44518939841,3161.0548106015904,3161.0548106015904,asphalt,1.1575
5.883333333333318,103.68290457079904,28.800806825221954,0.0,0.0,0.0,0.0,28.800806825221954,0.0,95.06634246399948,2.6829814974820465,6883.131699697672,2,0,0.0,0.0,0.5909611836628303,0.5909611836628303,4197.195722979709,4197.195722979709,3160.3042770202906,3160.3042770202906,asphalt,1.1575
5.899999999999984,103.84351064850567,28.845419624584906,0.0,0.0,0.0,0.0,28.845419624584906,0.0,95.5468208433047,2.6730442083405137,6894.218228222052,2,0,0.0,0.0,0.5896352516853055,0.5896352516853055,4197.943622775991,4197.943622775991,3159.5563772240084,3159.5563772240084,asphalt,1.1575
5.916666666666651,104.00352179773047,28.88986716603624,0.0,0.0,0.0,0.0,28.88986716603624,0.0,96.02804104707253,2.663141808725129,6905.263746214204,2,0,0.0,0.0,0.5883136263715477,0.5883136263715477,4198.688896981642,4198.688896981642,3158.811103018358,3158.811103018358,asphalt,1.1575
5.933333333333318,104.08390940112402,28.912197055867782,0.0,0.0,0.0,0.0,28.912197055867782,0.0,96.50986288217251,0.0326717080764638,6781.824367797931,3,1,0.0,0.0,0.15606896848126733,0.15606896848126733,4398.558460938823,4398.558460938823,2958.9415390611757,2958.9415390611757,asphalt,1.1575
5.949999999999984,104.08917194761257,28.913658874336825,0.0,0.0,0.0,0.0,28.913658874336825,0.0,96.99174627207319,0.11794075736389686,6333.304719380925,3,1,0.0,0.0,0.17098386638953755,0.17098386638953755,4391.712283571641,4391.712283571641,2965.7877164283586,2965.7877164283586,asphalt,1.1575
5.966666666666651,104.10378000345489,28.917716667626358,0.0,0.0,0.0,0.0,28.917716667626358,0.0,97.47367830153924,0.32045068819542166,5988.002381613151,3,1,0.0,0.0,0.20636088059041388,0.20636088059041388,4378.725205986213,4378.725205986213,2978.7747940137865,2978.7747940137865,asphalt,1.1575
5.983333333333317,104.1294768066751,28.92485466852086,0.0,0.0,0.0,0.0,28.92485466852086,0.0,97.95571109662964,0.48750721272426745,5722.155190641618,3,1,0.0,0.0,0.23511917416485983,0.23511917416485983,4365.312071411285,4365.312071411285,2992.1879285887153,2992.1879285887153,asphalt,1.1575
5.999999999999984,104.16370354269081,28.93436209519189,0.0,0.0,0.0,0.0,28.93436209519189,0.0,98.43788834900425,0.6159931492180704,5517.512892614274,3,1,0.0,0.0,0.25708219770770085,0.25708219770770085,4354.994614432876,4354.994614432876,3002.5053855671235,3002.5053855671235,asphalt,1.1575
6.016666666666651,104.20412847540483,28.945591243168007,0.0,0.0,0.0,0.0,28.945591243168007,0.0,98.92024320047618,0.693123420373638,5360.0493643432155,3,1,0.0,0.0,0.2700809180149414,0.2700809180149414,4347.240882667408,4347.240882667408,3010.2591173325914,3010.2591173325914,asphalt,1.1575
6.033333333333317,104.2461155938084,28.95725433161344,0.0,0.0,0.0,0.0,28.95725433161344,0.0,99.40279099576944,0.7034325108048733,5238.975374703035,3,1,0.0,0.0,0.27188098123365284,0.27188098123365284,4346.411247733213,4346.411247733213,3011.088752266787,3011.088752266787,asphalt,1.1575
6.049999999999984,104.28862567741139,28.96906268816983,0.0,0.0,0.0,0.0,28.96906268816983,0.0,99.88553474087887,0.7112727062528279,5145.97879960148,3,1,0.0,0.0,0.2732634471196478,0.2732634471196478,4345.779695013061,4345.779695013061,3011.720304986938,3011.720304986938,asphalt,1.1575
6.06666666666665,104.33153241640039,28.980981226777885,0.0,0.0,0.0,0.0,28.980981226777885,0.0,100.36847647963378,0.7172077022175927,5074.649245651171,3,1,0.0,0.0,0.2743239429696321,0.2743239429696321,4345.300993777279,4345.300993777279,3012.1990062227214,3012.1990062227214,asphalt,1.1575
6.083333333333317,104.37473833271797,28.992982870199434,0.0,0.0,0.0,0.0,28.992982870199434,0.0,100.85161775722472,0.7216723147675452,5020.041955428394,3,1,0.0,0.0,0.275136115990606,0.275136115990606,4344.940255886204,4344.940255886204,3012.559744113795,3012.559744113795,asphalt,1.1575
6.099999999999984,104.41816819020016,29.005046719500044,0.0,0.0,0.0,0.0,29.005046719500044,0.0,101.33495973399673,0.7250019969316668,4978.342140911648,3,1,0.0,0.0,0.2757567146062398,0.2757567146062398,4344.6705667372025,4344.6705667372025,3012.829433262797,3012.829433262797,asphalt,1.1575
6.11666666666665,104.46176391340568,29.017156642612687,0.0,0.0,0.0,0.0,29.017156642612687,0.0,101.81850327324157,0.7274555817656392,4946.606345012043,3,1,0.0,0.0,0.276229484500241,0.276229484500241,4344.471159949222,4344.471159949222,3013.028840050778,3013.028840050778,asphalt,1.1575
6.133333333333317,104.50548066907062,29.02930018585295,0.0,0.0,0.0,0.0,29.02930018585295,0.0,102.30224900893946,0.7292328099708811,4922.563114495869,3,1,0.0,0.0,0.2765881598104585,0.2765881598104585,4344.326010699717,4344.326010699717,3013.173989300283,3013.173989300283,asphalt,1.1575
6.1499999999999835,104.54928384368046,29.04146773435568,0.0,0.0,0.0,0.0,29.04146773435568,0.0,102.78619739803648,0.7304878406785065,4904.459353221475,3,1,0.0,0.0,0.276858762053945,0.276858762053945,4344.222751480315,4344.222751480315,3013.2772485196842,3013.2772485196842,asphalt,1.1575
6.16666666666665,104.59314671187212,29.053651864408923,0.0,0.0,0.0,0.0,29.053651864408923,0.0,103.27034876079334,0.7313396678722484,4890.941865217343,3,1,0.0,0.0,0.2770613685077723,0.2770613685077723,4344.15183621343,4344.15183621343,3013.3481637865693,3013.3481637865693,asphalt,1.1575
6.183333333333317,104.63704863750256,29.06584684375071,0.0,0.0,0.0,0.0,29.06584684375071,0.0,103.75470331193068,0.7318801525417484,4880.966012050183,3,1,0.0,0.0,0.2772114734282593,0.2772114734282593,4344.105895726622,4344.105895726622,3013.3941042733777,3013.3941042733777,asphalt,1.1575
6.199999999999983,104.68097368550079,29.07804824597244,0.0,0.0,0.0,0.0,29.07804824597244,0.0,104.23926118467344,0.7321802173561309,4873.725266401722,3,1,0.0,0.0,0.27732103645078704,0.27732103645078704,4344.0792406921155,4344.0792406921155,3013.420759307884,3013.420759307884,asphalt,1.1575
6.21666666666665,104.72490955056097,29.0902526529336,0.0,0.0,0.0,0.0,29.0902526529336,0.0,104.72402244931489,0.7322946249627194,4868.596872876342,3,1,0.0,0.0,0.27739929043748407,0.27739929043748407,4344.067478231543,4344.067478231543,3013.432521768457,3013.432521768457,asphalt,1.1575
6.2333333333333165,104.7688467302547,29.10245742507075,0.0,0.0,0.0,0.0,29.10245742507075,0.0,105.20898712755121,0.732265664308045,4865.0999268860705,3,1,0.0,0.0,0.27745336420997047,0.27745336420997047,4344.067216147956,4344.067216147956,3013.4327838520435,3013.4327838520435,asphalt,1.1575
6.249999999999983,104.81277788672293,29.1146605240897,0.0,0.0,0.0,0.0,29.1146605240897,0.0,105.69415520355118,0.732125994946955,4862.863029092899,3,1,0.0,0.0,0.2774887627433545,0.2774887627433545,4344.075834724245,4344.075834724245,3013.424165275754,3013.424165275754,asphalt,1.1575
6.26666666666665,104.85669735388403,29.1268603760789,0.0,0.0,0.0,0.0,29.1268603760789,0.0,106.17952663250523,0.7319008419503348,4861.599324779216,3,1,0.0,0.0,0.2775097375510733,0.2775097375510733,4344.091310628862,4344.091310628862,3013.4086893711383,3013.4086893711383,asphalt,1.1575
6.283333333333316,104.90060075694453,29.139055765817922,0.0,0.0,0.0,0.0,29.139055765817922,0.0,106.66510134722878,0.7316096899177182,4861.087239578526,3,1,0.0,0.0,0.277519572439969,0.277519572439969,4344.112081012663,4344.112081012663,3013.3879189873364,3013.3879189873364,asphalt,1.1575
6.299999999999983,104.94448471858924,29.151245755163675,0.0,0.0,0.0,0.0,29.151245755163675,0.0,107.15087926326288,0.7312675905487254,4861.155609753957,3,1,0.0,0.0,0.27752080401874224,0.27752080401874224,4344.136938610702,4344.136938610702,3013.3630613892983,3013.3630613892983,asphalt,1.1575
6.3166666666666496,104.98834663208311,29.163429620023084,0.0,0.0,0.0,0.0,29.163429620023084,0.0,107.63686028281427,0.730886172050873,4861.672203207064,3,1,0.0,0.0,0.27751539188876173,0.27751539188876173,4344.164950766703,4344.164950766703,3013.335049233296,3013.335049233296,asphalt,1.1575
6.333333333333316,105.07604459952289,29.187790166534135,0.0,0.0,0.0,0.0,29.187790166534135,0.0,108.12309506181991,3.6544819846531595,4862.534857051596,3,0,0.0,0.0,0.7928710000580049,0.7928710000580049,4344.195396916112,4344.195396916112,3013.3046030838873,3013.3046030838873,asphalt,1.1575
6.349999999999983,105.29523958478894,29.248677662441374,0.0,0.0,0.0,0.0,29.248677662441374,0.0,108.61019251947903,3.6524940300782305,4863.7536013400095,3,0,0.0,0.0,0.7389285881281719,0.7389285881281719,4124.441294489843,4124.441294489843,3233.0587055101564,3233.0587055101564,asphalt,1.1575
6.366666666666649,105.51430915878386,29.309530321884406,0.0,0.0,0.0,0.0,29.309530321884406,0.0,109.09830440983757,3.650332931243838,4865.652531708609,3,0,0.0,0.0,0.7388866364534006,0.7388866364534006,4124.600038817826,4124.600038817826,3232.899961182173,3232.899961182173,asphalt,1.1575
6.383333333333316,105.73324076134891,29.370344655930253,0.0,0.0,0.0,0.0,29.370344655930253,0.0,109.58743011694628,3.6479465220662632,4868.440043690553,3,0,0.0,0.0,0.7388117886519862,0.7388117886519862,4124.775055853431,4124.775055853431,3232.7249441465688,3232.7249441465688,asphalt,1.1575
6.399999999999983,105.95202015224991,29.43111670895831,0.0,0.0,0.0,0.0,29.43111670895831,0.0,110.07756896110668,3.645319040770687,4872.179443973619,3,0,0.0,0.0,0.7387018288474729,0.7387018288474729,4124.968092048421,4124.968092048421,3232.5319079515793,3232.5319079515793,asphalt,1.1575
6.416666666666649,106.17063300988026,29.491842502744518,0.0,0.0,0.0,0.0,29.491842502744518,0.0,110.5687201960237,3.6424562846329422,4876.848089617825,3,0,0.0,0.0,0.7385576564290853,0.7385576564290853,4125.179035680603,4125.179035680603,3232.3209643193964,3232.3209643193964,asphalt,1.1575
6.433333333333316,106.38906584098581,29.552518289162723,0.0,0.0,0.0,0.0,29.552518289162723,0.0,111.06088301126012,3.6393759007216886,4882.37607069777,3,0,0.0,0.0,0.7383818790549592,0.7383818790549592,4125.406730165441,4125.406730165441,3232.093269834558,3232.093269834558,asphalt,1.1575
6.449999999999982,106.60730644528807,29.613140679246687,0.0,0.0,0.0,0.0,29.613140679246687,0.0,111.55405653754262,3.636101172284043,4888.670969301412,3,0,0.0,0.0,0.7381779129105831,0.7381779129105831,4125.649497720489,4125.649497720489,3231.8505022795102,3231.8505022795102,asphalt,1.1575
6.466666666666649,106.82534410002528,29.673706694451464,0.0,0.0,0.0,0.0,29.673706694451464,0.0,112.04823985336023,3.6326571603552793,4895.633236740223,3,0,0.0,0.0,0.7379494245582437,0.7379494245582437,4125.905467340293,4125.905467340293,3231.5945326597066,3231.5945326597066,asphalt,1.1575
6.483333333333316,107.04316957479135,29.734213770775373,0.0,0.0,0.0,0.0,29.734213770775373,0.0,112.54343199189378,3.6290684123378014,4903.165328484629,3,0,0.0,0.0,0.7376999999149717,0.7376999999149717,4126.172772128838,4126.172772128838,3231.327227871162,3231.327227871162,asphalt,1.1575
6.499999999999982,107.26077504943557,29.794659735954323,0.0,0.0,0.0,0.0,29.794659735954323,0.0,113.03963194771248,3.6253576963801493,4911.176752253845,3,0,0.0,0.0,0.7374329618200415,0.7374329618200415,4126.4496607264855,4126.4496607264855,3231.050339273514,3231.050339273514,asphalt,1.1575
6.516666666666649,107.47815398208228,29.85504277280063,0.0,0.0,0.0,0.0,29.85504277280063,0.0,113.53683868293275,3.621545393066583,4919.586497007617,3,0,0.0,0.0,0.737151282744194,0.737151282744194,4126.734553360406,4126.734553360406,3230.7654466395934,3230.7654466395934,asphalt,1.1575
6.5333333333333155,107.69530095692862,29.915361376924615,0.0,0.0,0.0,0.0,29.915361376924615,0.0,114.03505113269928,3.6176492959990014,4928.323832367328,3,0,0.0,0.0,0.7368575566304201,0.7368575566304201,4127.026063155647,4127.026063155647,3230.4739368443525,3230.4739368443525,asphalt,1.1575
6.549999999999982,107.91221152983174,29.975614313842147,0.0,0.0,0.0,0.0,29.975614313842147,0.0,114.53426820994993,3.613684655883276,4937.328137325607,3,0,0.0,0.0,0.7365540059052504,0.7365540059052504,4127.322996493413,4127.322996493413,3230.1770035065865,3230.1770035065865,asphalt,1.1575
6.566666666666649,108.12888208201218,30.035800578336715,0.0,0.0,0.0,0.0,30.035800578336715,0.0,115.03448880948676,3.6096643597412026,4946.548189999181,3,0,0.0,0.0,0.7362425079695004,0.7362425079695004,4127.624341490031,4127.624341490031,3229.875658509968,3229.875658509968,asphalt,1.1575
6.583333333333315,108.34530968722608,30.0959193575628,0.0,0.0,0.0,0.0,30.0959193575628,0.0,115.53571181140734,3.6055991757305605,4955.941195462388,3,0,0.0,0.0,0.7359246311077593,0.7359246311077593,4127.929250451403,4127.929250451403,3229.5707495485963,3229.5707495485963,asphalt,1.1575
6.599999999999982,108.56149199461734,30.155969998504816,0.0,0.0,0.0,0.0,30.155969998504816,0.0,116.03793608396619,3.6014980202330094,4965.471724333369,3,0,0.0,0.0,0.7356016735522672,0.7356016735522672,4128.237019983315,4128.237019983315,3229.2629800166847,3229.2629800166847,asphalt,1.1575
6.6166666666666485,108.7774271275506,30.215951979875165,0.0,0.0,0.0,0.0,30.215951979875165,0.0,116.54116048594017,3.5973682213489155,4975.110665246581,3,0,0.0,0.0,0.7352747019642256,0.7352747019642256,4128.547070981278,4128.547070981278,3228.952929018722,3228.952929018722,asphalt,1.1575
6.633333333333315,108.9931135976254,30.275864888229275,0.0,0.0,0.0,0.0,30.275864888229275,0.0,117.04538386856986,3.5932157643645724,4984.834248734917,3,0,0.0,0.0,0.734944587252778,0.734944587252778,4128.858929765796,4128.858929765796,3228.641070234203,3228.641070234203,asphalt,1.1575
6.649999999999982,109.20855023249818,30.33570839791616,0.0,0.0,0.0,0.0,30.33570839791616,0.0,117.55060507714344,3.5890455121335663,4994.623170742943,3,0,0.0,0.0,0.7346120367160586,0.7346120367160586,4129.172211010955,4129.172211010955,3228.3277889890446,3228.3277889890446,asphalt,1.1575
6.666666666666648,109.42373611589709,30.395482254415857,0.0,0.0,0.0,0.0,30.395482254415857,0.0,118.05682295228216,3.584861397890222,5004.46182569814,3,0,0.0,0.0,0.7342776221522114,0.7342776221522114,4129.486602723558,4129.486602723558,3228.013397276442,3228.013397276442,asphalt,1.1575
6.683333333333315,109.63867053817607,30.455186260604464,0.0,0.0,0.0,0.0,30.455186260604464,0.0,118.56403633097933,3.5806665907568913,5014.337648111329,3,0,0.0,0.0,0.7339418039851213,0.7339418039851213,4129.801853293144,4129.801853293144,3227.6981467068563,3227.6981467068563,asphalt,1.1575
6.6999999999999815,109.85335295583295,30.51482026550915,0.0,0.0,0.0,0.0,30.51482026550915,0.0,119.0722440474368,3.5764636357697555,5024.240555539883,3,0,0.0,0.0,0.7336049516721939,0.7336049516721939,4130.117760500805,4130.117760500805,3227.382239499194,3227.382239499194,asphalt,1.1575
6.716666666666648,110.06778295855634,30.574384155154537,0.0,0.0,0.0,0.0,30.574384155154537,0.0,119.58144493373626,3.5722545709785436,5034.162482708613,3,0,0.0,0.0,0.7332673607702822,0.7332673607702822,4130.434162302093,4130.434162302093,3227.0658376979068,3227.0658376979068,asphalt,1.1575
6.733333333333315,110.28196024253228,30.633877845147854,0.0,0.0,0.0,0.0,30.633877845147854,0.0,120.09163782037668,3.568041024470574,5044.096995482725,3,0,0.0,0.0,0.7329292670757617,0.7329292670757617,4130.750929174277,4130.750929174277,3226.749070825723,3226.749070825723,asphalt,1.1575
6.749999999999981,110.49588458891267,30.693301274697966,0.0,0.0,0.0,0.0,30.693301274697966,0.0,120.60282153670326,3.5638242941524823,5054.038973450281,3,0,0.0,0.0,0.7325908582511304,0.7325908582511304,4131.067957812482,4131.067957812482,3226.432042187518,3226.432042187518,asphalt,1.1575
6.766666666666648,110.70955584651115,30.752654401808652,0.0,0.0,0.0,0.0,30.752654401808652,0.0,121.11499491124938,3.5596054129234744,5063.984350589368,3,0,0.0,0.0,0.7322522833239983,0.7322522833239983,4131.385165971249,4131.385165971249,3226.114834028751,3226.114834028751,asphalt,1.1575
6.783333333333315,110.92297391794081,30.811937199428,0.0,0.0,0.0,0.0,30.811937199428,0.0,121.62815677200867,3.5553852016411724,5073.929904539868,3,0,0.0,0.0,0.7319136604062673,0.7319136604062673,4131.7024882687965,4131.7024882687965,3225.797511731203,3225.797511731203,asphalt,1.1575
6.799999999999981,111.13613874854107,30.87114965237252,0.0,0.0,0.0,0.0,30.87114965237252,0.0,122.14230594665102,3.5511643119528458,5083.873086166118,3,0,0.0,0.0,0.7315750829374366,0.7315750829374366,4132.019872788498,4132.019872788498,3225.480127211501,3225.480127211501,asphalt,1.1575
6.816666666666648,111.34905031755407,30.93029175487613,0.0,0.0,0.0,0.0,30.93029175487613,0.0,122.65744126269426,3.546943260799651,5093.811882261129,3,0,0.0,0.0,0.7312366247144768,0.7312366247144768,4132.337278339726,4132.337278339726,3225.162721660273,3225.162721660273,asphalt,1.1575
6.833333333333314,111.56170863110975,30.9893635086416,0.0,0.0,0.0,0.0,30.9893635086416,0.0,123.17356154764015,3.542722458114156,5103.7447053358255,3,0,0.0,0.0,0.7308983439296002,0.7308983439296002,4132.654672256563,4132.654672256563,3224.845327743437,3224.845327743437,asphalt,1.1575
6.849999999999981,111.77411371665978,31.048364921294382,0.0,0.0,0.0,0.0,31.048364921294382,0.0,123.69066562908228,3.5385022289841572,5113.670305422546,3,0,0.0,0.0,0.7305602864018996,0.7305602864018996,4132.972028635449,4132.972028635449,3224.5279713645505,3224.5279713645505,asphalt,1.1575
6.866666666666648,111.98626561856899,31.10729600515805,0.0,0.0,0.0,0.0,31.10729600515805,0.0,124.20875233479171,3.5342828313434893,5123.587699687599,3,0,0.0,0.0,0.7302224881565886,0.7302224881565886,4133.289326927331,4133.289326927331,3224.210673072669,3224.210673072669,asphalt,1.1575
6.883333333333314,112.1981643946293,31.166156776285916,0.0,0.0,0.0,0.0,31.166156776285916,0.0,124.7278204927849,3.5300644700518546,5133.49611639262,3,0,0.0,0.0,0.7298849774787054,0.7298849774787054,4133.606550816336,4133.606550816336,3223.8934491836635,3223.8934491836635,asphalt,1.1575
6.899999999999981,112.409810113307,31.22494725369639,0.0,0.0,0.0,0.0,31.22494725369639,0.0,125.24786893137755,3.525847308084167,5143.394950375986,3,0,0.0,0.0,0.7295477765448664,0.7295477765448664,4133.923687328757,4133.923687328757,3223.576312671242,3223.576312671242,asphalt,1.1575
6.916666666666647,112.62120285157192,31.283667458769976,0.0,0.0,0.0,0.0,31.283667458769976,0.0,125.76889647922769,3.5216314754006817,5153.283727754522,3,0,0.0,0.0,0.7292109027171525,0.7292109027171525,4134.240726125985,4134.240726125985,3223.2592738740145,3223.2592738740145,asphalt,1.1575
6.933333333333314,112.8323426931875,31.342317414774303,0.0,0.0,0.0,0.0,31.342317414774303,0.0,126.2909019653699,3.5174170759668755,5163.162077984658,3,0,0.0,0.0,0.7288743695673177,0.7288743695673177,4134.557658944452,4134.557658944452,3222.9423410555482,3222.9423410555482,asphalt,1.1575
6.949999999999981,113.0432297273654,31.40089714649039,0.0,0.0,0.0,0.0,31.40089714649039,0.0,126.81388421924272,3.5132041933024993,5173.02971178344,3,0,0.0,0.0,0.7285381876864002,0.7285381876864002,4134.874479153427,4134.874479153427,3222.6255208465723,3222.6255208465723,asphalt,1.1575
6.966666666666647,113.25386404770785,31.459406679918846,0.0,0.0,0.0,0.0,31.459406679918846,0.0,127.33784207071076,3.508992894861649,5182.886403705255,3,0,0.0,0.0,0.7282023653235892,0.7282023653235892,4135.191181405462,4135.191181405462,3222.308818594538,3222.308818594538,asphalt,1.1575
6.983333333333314,113.46424575137678,31.517846042049104,0.0,0.0,0.0,0.0,31.517846042049104,0.0,127.86277435008256,3.5047832354800335,5192.731978410353,3,0,0.0,0.0,0.7278669088898454,0.7278669088898454,4135.507761361067,4135.507761361067,3221.992238638932,3221.992238638932,asphalt,1.1575
6.9999999999999805,113.67437493844179,31.576215260678275,0.0,0.0,0.0,0.0,31.576215260678275,0.0,128.38867988812507,3.5005752600932283,5202.56629985569,3,0,0.0,0.0,0.7275318233543249,0.7275318233543249,4135.824215471627,4135.824215471627,3221.6757845283723,3221.6757845283723,asphalt,1.1575
7.016666666666647,113.88425171136865,31.63451436426907,0.0,0.0,0.0,0.0,31.63451436426907,0.0,128.91555751607564,3.496369005872566,5212.389262795352,3,0,0.0,0.0,0.7271971125562428,0.7271971125562428,4136.1405408091,4136.1405408091,3221.3594591909005,3221.3594591909005,asphalt,1.1575
7.033333333333314,114.09387617461823,31.692743381838397,0.0,0.0,0.0,0.0,31.692743381838397,0.0,129.44340606565186,3.49216450390486,5222.2007861036645,3,0,0.0,0.0,0.7268627794498076,0.7268627794498076,4136.456734931826,4136.456734931826,3221.0432650681737,3221.0432650681737,asphalt,1.1575
7.04999999999998,114.30324843433219,31.750902342870052,0.0,0.0,0.0,0.0,31.750902342870052,0.0,129.97222436906,3.487961780503781,5232.000807534863,3,0,0.0,0.0,0.7265288262965233,0.7265288262965233,4136.772795779381,4136.772795779381,3220.7272042206187,3220.7272042206187,asphalt,1.1575
7.066666666666647,114.51236859808665,31.808991277246292,0.0,0.0,0.0,0.0,31.808991277246292,0.0,130.50201125900185,3.4837608582475355,5241.789279613667,3,0,0.0,0.0,0.7261952548160052,0.7261952548160052,4137.088721590054,4137.088721590054,3220.411278409945,3220.411278409945,asphalt,1.1575
7.0833333333333135,114.72123677469935,31.867010215194263,0.0,0.0,0.0,0.0,31.867010215194263,0.0,131.03276556868093,3.4795617567871773,5251.566166415159,3,0,0.0,0.0,0.7258620663041396,0.7258620663041396,4137.40451083603,4137.40451083603,3220.09548916397,3220.09548916397,asphalt,1.1575
7.09999999999998,114.9298530740783,31.92495918724397,0.0,0.0,0.0,0.0,31.92495918724397,0.0,131.5644861318078,3.4753644934775707,5261.331441043305,3,0,0.0,0.0,0.7255292617257183,0.7255292617257183,4137.7201621730555,4137.7201621730555,3219.779837826944,3219.779837826944,asphalt,1.1575
7.116666666666647,115.13821760710343,31.982838224195397,0.0,0.0,0.0,0.0,31.982838224195397,0.0,132.0971717826046,3.4711690838770437,5271.08508365779,3,0,0.0,0.0,0.7251968417867986,0.7251968417867986,4138.035674400435,4138.035674400435,3219.4643255995647,3219.4643255995647,asphalt,1.1575
7.133333333333313,115.3463304855336,32.040647357092666,0.0,0.0,0.0,0.0,32.040647357092666,0.0,132.63082135580947,3.466975542131081,5280.827079930902,3,0,0.0,0.0,0.72486480699142,0.72486480699142,4138.351046430251,4138.351046430251,3219.148953569749,3219.148953569749,asphalt,1.1575
7.14999999999998,115.55419182193371,32.09838661720381,0.0,0.0,0.0,0.0,32.09838661720381,0.0,133.16543368668025,3.462783881280984,5290.557419841365,3,0,0.0,0.0,0.7245331576858566,0.7245331576858566,4138.666277262937,4138.666277262937,3218.8337227370625,3218.8337227370625,asphalt,1.1575
7.1666666666666465,115.76180172961733,32.15605603600481,0.0,0.0,0.0,0.0,32.15605603600481,0.0,133.70100761099812,3.4585941134923814,5300.276096732049,3,0,0.0,0.0,0.7242018940933043,0.7242018940933043,4138.981365968686,4138.981365968686,3218.518634031313,3218.518634031313,asphalt,1.1575
7.183333333333313,115.9691603226017,32.21365564516714,0.0,0.0,0.0,0.0,32.21365564516714,0.0,134.23754196507093,3.4544062502504858,5309.983106574169,3,0,0.0,0.0,0.7238710163408045,0.7238710163408045,4139.29631167219,4139.29631167219,3218.2036883278097,3218.2036883278097,asphalt,1.1575
7.19999999999998,116.17626771557208,32.2711854765478,0.0,0.0,0.0,0.0,32.2711854765478,0.0,134.77503558573628,3.450220302494813,5319.678447392978,3,0,0.0,0.0,0.7235405244804312,0.7235405244804312,4139.611113541481,4139.611113541481,3217.8888864585188,3217.8888864585188,asphalt,1.1575
7.216666666666646,116.38312402385365,32.32864556218157,0.0,0.0,0.0,0.0,32.32864556218157,0.0,135.3134873103646,3.4460362807368483,5329.3621188196885,3,0,0.0,0.0,0.7232104185057037,0.7232104185057037,4139.925770778702,4139.925770778702,3217.5742292212976,3217.5742292212976,asphalt,1.1575
7.233333333333313,116.58972936338911,32.38603593427475,0.0,0.0,0.0,0.0,32.38603593427475,0.0,135.85289597686207,3.4418541951487214,5339.0341217420055,3,0,0.0,0.0,0.7228806983644807,0.7228806983644807,4140.240282613309,4140.240282613309,3217.2597173866907,3217.2597173866907,asphalt,1.1575
7.24999999999998,116.79608385072096,32.443356625200266,0.0,0.0,0.0,0.0,32.443356625200266,0.0,136.39326042367333,3.4376740556280083,5348.694458031663,3,0,0.0,0.0,0.7225513639688512,0.7225513639688512,4140.554648296044,4140.554648296044,3216.9453517039547,3216.9453517039547,asphalt,1.1575
7.266666666666646,117.00218760297706,32.500607667493625,0.0,0.0,0.0,0.0,32.500607667493625,0.0,136.93457948978428,3.433495871852301,5358.3431303320685,3,0,0.0,0.0,0.722222415203148,0.722222415203148,4140.868867095604,4140.868867095604,3216.631132904395,3216.631132904395,asphalt,1.1575
7.283333333333313,117.20804073785915,32.55778909384976,0.0,0.0,0.0,0.0,32.55778909384976,0.0,137.47685201472476,3.4293196533218406,5367.980141892835,3,0,0.0,0.0,0.7218938519297997,0.7218938519297997,4141.182938294276,4141.182938294276,3216.317061705724,3216.317061705724,asphalt,1.1575
7.299999999999979,117.41364337363353,32.614900937120424,0.0,0.0,0.0,0.0,32.614900937120424,0.0,138.02007683857119,3.425145409395327,5377.60549644088,3,0,0.0,0.0,0.7215656739942188,0.7215656739942188,4141.496861186015,4141.496861186015,3216.0031388139846,3216.0031388139846,asphalt,1.1575
7.316666666666646,117.6189956291231,32.671943230311975,0.0,0.0,0.0,0.0,32.671943230311975,0.0,138.56425280194907,3.4209731493052686,5387.219198080045,3,0,0.0,0.0,0.7212378812284829,0.7212378812284829,4141.8106350743965,4141.8106350743965,3215.6893649256035,3215.6893649256035,asphalt,1.1575
7.333333333333313,117.82409762370115,32.72891600658365,0.0,0.0,0.0,0.0,32.72891600658365,0.0,139.1093787460356,3.416802882186971,5396.821251212921,3,0,0.0,0.0,0.7209104734541318,0.7209104734541318,4142.124259270688,4142.124259270688,3215.3757407293124,3215.3757407293124,asphalt,1.1575
7.349999999999979,118.02867008891145,32.785741691364294,0.0,0.0,0.0,0.0,32.785741691364294,0.0,139.65545299451867,3.40272002106758,5406.411652316828,3,0,0.0,0.0,0.7190498681585479,0.7190498681585479,4142.904636752316,4142.904636752316,3214.5953632476835,3214.5953632476835,asphalt,1.1575
7.366666666666646,118.23212174128237,32.8422560392451,0.0,0.0,0.0,0.0,32.8422560392451,0.0,140.20247112544402,3.383749185662168,5415.989792466625,3,0,0.0,0.0,0.716523785810423,0.716523785810423,4144.331727026709,4144.331727026709,3213.16827297329,3213.16827297329,asphalt,1.1575
7.383333333333312,118.43443636094413,32.8984545447067,0.0,0.0,0.0,0.0,32.8984545447067,0.0,140.75042787140657,3.3648115458555594,5425.553246349379,3,0,0.0,0.0,0.7139992916525089,0.7139992916525089,4145.756424971178,4145.756424971178,3211.743575028822,3211.743575028822,asphalt,1.1575
7.399999999999979,118.63561618278331,32.95433782855092,0.0,0.0,0.0,0.0,32.95433782855092,0.0,141.29931797468367,3.345913767068396,5435.098323193181,3,0,0.0,0.0,0.7114773866238799,0.7114773866238799,4147.178260267241,4147.178260267241,3210.3217397327585,3210.3217397327585,asphalt,1.1575
7.416666666666646,118.83566387939028,33.009906633163965,0.0,0.0,0.0,0.0,33.009906633163965,0.0,141.8491361891501,3.3270633861633314,5444.62084508948,3,0,0.0,0.0,0.7089592005059403,0.7089592005059403,4148.596675205281,4148.596675205281,3208.9033247947186,3208.9033247947186,asphalt,1.1575
7.433333333333312,119.03458257931258,33.06516182758683,0.0,0.0,0.0,0.0,33.06516182758683,0.0,142.39987728237455,3.308267959920954,5454.116620607687,3,0,0.0,0.0,0.706445867650076,0.706445867650076,4150.011097621154,4150.011097621154,3207.488902378846,3207.488902378846,asphalt,1.1575
7.449999999999979,119.23237584868744,33.120104402413176,0.0,0.0,0.0,0.0,33.120104402413176,0.0,142.95153603768682,3.289534579922133,5463.581714740873,3,0,0.0,0.0,0.7039384559400755,0.7039384559400755,4151.420983199034,4151.420983199034,3206.0790168009657,3206.0790168009657,asphalt,1.1575
7.4666666666666455,119.42904765314523,33.17473545920701,0.0,0.0,0.0,0.0,33.17473545920701,0.0,143.50410725609873,3.2708696243003033,5473.012587185801,3,0,0.0,0.0,0.7014379302272148,0.7014379302272148,4152.825837871174,4152.825837871174,3204.6741621288247,3204.6741621288247,asphalt,1.1575
7.483333333333312,119.6246023107476,33.22905619742989,0.0,0.0,0.0,0.0,33.22905619742989,0.0,144.05758575801886,3.25227865871625,5482.406147637184,3,0,0.0,0.0,0.6989451375361081,0.6989451375361081,4154.225227583128,4154.225227583128,3203.2747724168717,3203.2747724168717,asphalt,1.1575
7.499999999999979,119.81904444260671,33.283067900724085,0.0,0.0,0.0,0.0,33.283067900724085,0.0,144.61196638474155,3.233766428039644,5491.759760652823,3,0,0.0,0.0,0.6964608055352748,0.6964608055352748,4155.618780304803,4155.618780304803,3201.8812196951963,3201.8812196951963,asphalt,1.1575
7.516666666666645,120.01237892510014,33.33677192363893,0.0,0.0,0.0,0.0,33.33677192363893,0.0,145.16724399971045,3.215336900032071,5501.071221564749,3,0,0.0,0.0,0.6939855486509808,0.6939855486509808,4157.006183511869,4157.006183511869,3200.493816488131,3200.493816488131,asphalt,1.1575
7.533333333333312,120.20461084581353,33.39016967939265,0.0,0.0,0.0,0.0,33.39016967939265,0.0,145.72341348957133,3.1969933360710456,5510.338717348325,3,0,0.0,0.0,0.6915198781771084,0.6915198781771084,4158.387179243064,4158.387179243064,3199.1128207569354,3199.1128207569354,asphalt,1.1575
7.5499999999999785,120.39574546420305,33.44326262894529,0.0,0.0,0.0,0.0,33.44326262894529,0.0,146.28046976503424,3.178738373045462,5519.560781243088,3,0,0.0,0.0,0.6890642140691461,0.6890642140691461,4159.7615580684405,4159.7615580684405,3197.738441931559,3197.738441931559,asphalt,1.1575
7.566666666666645,120.58578817726429,33.496052271462304,0.0,0.0,0.0,0.0,33.496052271462304,0.0,146.838407761568,3.1605741068113957,5528.736246492091,3,0,0.0,0.0,0.6866188970076469,0.6866188970076469,4161.129152794087,4161.129152794087,3196.3708472059134,3196.3708472059134,asphalt,1.1575
7.583333333333312,120.77474449007589,33.54854013613219,0.0,0.0,0.0,0.0,33.54854013613219,0.0,147.39722243995013,3.1425021716063384,5537.864202302518,3,0,0.0,0.0,0.6841841999096633,0.6841841999096633,4162.4898323879215,4162.4898323879215,3195.0101676120785,3195.0101676120785,asphalt,1.1575
7.599999999999978,120.96261999085586,33.600727775237736,0.0,0.0,0.0,0.0,33.600727775237736,0.0,147.9569087866934,3.1245238124955677,5546.943953660767,3,0,0.0,0.0,0.6817603384522923,0.6817603384522923,4163.8434963877735,4163.8434963877735,3193.6565036122265,3193.6565036122265,asphalt,1.1575
7.616666666666645,121.1494203300599,33.65261675834997,0.0,0.0,0.0,0.0,33.65261675834997,0.0,148.51746181436894,3.1066399496057784,5555.974985703629,3,0,0.0,0.0,0.6793474804181895,0.6793474804181895,4165.190069913295,4165.190069913295,3192.3099300867043,3192.3099300867043,asphalt,1.1575
7.6333333333333115,121.3351512030154,33.704208667504275,0.0,0.0,0.0,0.0,33.704208667504275,0.0,149.07887656184297,3.088851233897003,5564.9569327763365,3,0,0.0,0.0,0.676945753823476,0.676945753823476,4166.529499314425,4166.529499314425,3190.9705006855743,3190.9705006855743,asphalt,1.1575
7.649999999999978,121.51981833559616,33.75550509322115,0.0,0.0,0.0,0.0,33.75550509322115,0.0,149.641148094442,3.0711580948394612,5573.889551976073,3,0,0.0,0.0,0.6745552538766698,0.6745552538766698,4167.861748437282,4167.861748437282,3189.6382515627183,3189.6382515627183,asphalt,1.1575
7.666666666666645,121.70342747247659,33.8065076312435,0.0,0.0,0.0,0.0,33.8065076312435,0.0,150.20427150405945,3.053560780706448,5582.77270080248,3,0,0.0,0.0,0.672176048865147,0.672176048865147,4169.186795462354,4169.186795462354,3188.313204537645,3188.313204537645,asphalt,1.1575
7.683333333333311,121.88598436755234,33.85721787987565,0.0,0.0,0.0,0.0,33.85721787987565,0.0,150.76824190921428,3.036059392269408,5591.606318458398,3,0,0.0,0.0,0.6698081850861233,0.6698081850861233,4170.504630252292,4170.504630252292,3186.995369747707,3186.995369747707,asphalt,1.1575
7.699999999999978,122.06749477616395,33.90763743782332,0.0,0.0,0.0,0.0,33.90763743782332,0.0,151.33305445507054,3.0186539107683075,5600.390410326349,3,0,0.0,0.0,0.6674516909453222,0.6674516909453222,4171.815252146703,4171.815252146703,3185.684747853297,3185.684747853297,asphalt,1.1575
7.716666666666645,122.24796444881206,33.95776790244779,0.0,0.0,0.0,0.0,33.95776790244779,0.0,151.89870431342538,3.001344221003137,5609.125035164204,3,0,0.0,0.0,0.6651065803416646,0.6651065803416646,4173.118668139723,4173.118668139723,3184.381331860276,3184.381331860276,asphalt,1.1575
7.733333333333311,122.42739912609817,34.0076108683606,0.0,0.0,0.0,0.0,34.0076108683606,0.0,152.46518668267169,2.9841301302542433,5617.810294600441,3,0,0.0,0.0,0.6627728554478052,0.6627728554478052,4174.4148913844565,4174.4148913844565,3183.0851086155426,3183.0851086155426,asphalt,1.1575
7.749999999999978,122.60580453466832,34.057167926296756,0.0,0.0,0.0,0.0,34.057167926296756,0.0,153.0324967877401,2.967011383746012,5626.446324555214,3,0,0.0,0.0,0.6604505089834001,0.6604505089834001,4175.703939968488,4175.703939968488,3181.796060031512,3181.796060031512,asphalt,1.1575
7.766666666666644,122.78318638397403,34.10644066221501,0.0,0.0,0.0,0.0,34.10644066221501,0.0,153.6006298800248,2.9499876772354128,5635.033288261355,3,0,0.0,0.0,0.6581395260671167,0.6581395260671167,4176.985835918291,4176.985835918291,3180.5141640817083,3180.5141640817083,asphalt,1.1575
7.783333333333311,122.95955036369617,34.15543065658227,0.0,0.0,0.0,0.0,34.15543065658227,0.0,154.16958123729626,2.93305866719777,5643.571370605977,3,0,0.0,0.0,0.6558398857199845,0.6558398857199845,4178.26060439022,4178.26060439022,3179.23939560978,3179.23939560978,asphalt,1.1575
7.799999999999978,123.13490214170622,34.20413948380728,0.0,0.0,0.0,0.0,34.20413948380728,0.0,154.73934616360356,2.9162239790855438,5652.060773556146,3,0,0.0,0.0,0.6535515620826278,0.6535515620826278,4179.528273016779,4179.528273016779,3177.9717269832204,3177.9717269832204,asphalt,1.1575
7.816666666666644,123.30924736246057,34.2525687117946,0.0,0.0,0.0,0.0,34.2525687117946,0.0,155.30991998916875,2.8994832139687787,5660.501712470354,3,0,0.0,0.0,0.6512745253981347,0.6512745253981347,4180.788871378441,4180.788871378441,3176.711128621558,3176.711128621558,asphalt,1.1575
7.833333333333311,123.48259164574414,34.30071990159559,0.0,0.0,0.0,0.0,34.30071990159559,0.0,155.8812980702746,2.882835953896574,5668.894413130999,3,0,0.0,0.0,0.649008742804277,0.649008742804277,4182.0424305791985,4182.0424305791985,3175.4575694208006,3175.4575694208006,asphalt,1.1575
7.849999999999977,123.65494058569418,34.34859460713727,0.0,0.0,0.0,0.0,34.34859460713727,0.0,156.45347578914746,2.866281766185921,5677.239109361739,3,0,0.0,0.0,0.6467541789705483,0.6467541789705483,4183.28898290457,4183.28898290457,3174.2110170954293,3174.2110170954293,asphalt,1.1575
7.866666666666644,123.8262997500495,34.39619437501375,0.0,0.0,0.0,0.0,34.39619437501375,0.0,157.02644855383636,2.8498202068681167,5685.536041117903,3,0,0.0,0.0,0.6445107966099143,0.6445107966099143,4184.528561548082,4184.528561548082,3172.9714384519175,3172.9714384519175,asphalt,1.1575
7.883333333333311,123.99667467957948,34.443520744327635,0.0,0.0,0.0,0.0,34.443520744327635,0.0,157.60021179808908,2.833450823447947,5693.785452958588,3,0,0.0,0.0,0.6422785568892176,0.6422785568892176,4185.761200392249,4185.761200392249,3171.7387996077505,3171.7387996077505,asphalt,1.1575
7.899999999999977,124.16607088765772,34.49057524657159,0.0,0.0,0.0,0.0,34.49057524657159,0.0,158.1747609812259,2.8171731571120517,5701.987592826027,3,0,0.0,0.0,0.6400574197577718,0.6400574197577718,4186.98693383277,4186.98693383277,3170.5130661672297,3170.5130661672297,asphalt,1.1575
7.916666666666644,124.33449385995013,34.5373594055417,0.0,0.0,0.0,0.0,34.5373594055417,0.0,158.75009158801194,2.800986744476859,5710.142711071823,3,0,0.0,0.0,0.6378473442104995,0.6378473442104995,4188.205796639138,4188.205796639138,3169.294203360862,3169.294203360862,asphalt,1.1575
7.9333333333333105,124.5019490541954,34.5838747372765,0.0,0.0,0.0,0.0,34.5838747372765,0.0,159.3261991285282,2.784891118998871,5718.251059681219,3,0,0.0,0.0,0.635648288498106,0.635648288498106,4189.417823842438,4189.417823842438,3168.0821761575617,3168.0821761575617,asphalt,1.1575
7.949999999999977,124.66844190005834,34.630122750016206,0.0,0.0,0.0,0.0,34.630122750016206,0.0,159.90307913804176,2.7688858120916393,5726.312891655953,3,0,0.0,0.0,0.6334602102952537,0.6334602102952537,4190.623050647255,4190.623050647255,3166.8769493527448,3166.8769493527448,asphalt,1.1575
7.966666666666644,124.83397779904111,34.676104944178086,0.0,0.0,0.0,0.0,34.676104944178086,0.0,160.48072717687552,2.752970354003992,5734.328460523982,3,0,0.0,0.0,0.6312830668345835,0.6312830668345835,4191.821512360243,4191.821512360243,3165.6784876397564,3165.6784876397564,asphalt,1.1575
7.98333333333331,124.99856212444122,34.72182281234478,0.0,0.0,0.0,0.0,34.72182281234478,0.0,161.05913883027785,2.7371442745396735,5742.298019950535,3,0,0.0,0.0,0.6291168150138702,0.6291168150138702,4193.013244334222,4193.013244334222,3164.4867556657773,3164.4867556657773,asphalt,1.1575
7.999999999999977,125.16220022134581,34.767277839262725,0.0,0.0,0.0,0.0,34.767277839262725,0.0,161.63830970829179,2.7214071036013365,5750.221823430031,3,0,0.0,0.0,0.6269614114815378,0.6269614114815378,4194.1982819238065,4194.1982819238065,3163.301718076193,3163.301718076193,asphalt,1.1575
8.016666666666644,124.64023611024761,34.62228780840211,0.0,0.0,0.0,0.0,34.62228780840211,0.0,162.2162539241428,-8.69764006576645,5757.956249862608,3,0,0.5073215878062313,0.5073215878062313,0.7232781103163143,0.7232781103163143,5053.246419815076,5053.246419815076,2304.253580184924,2304.253580184924,asphalt,1.1575
8.033333333333312,124.11855365791111,34.47737601608642,0.0,0.0,0.0,0.0,34.47737601608642,0.0,162.79178245464692,-8.692948529998148,5764.178264131578,3,0,0.5073570183420308,0.5073570183420308,0.7231789725611132,0.7231789725611132,5052.893533737405,5052.893533737405,2304.606466262595,2304.606466262595,asphalt,1.1575
8.04999999999998,123.59715264996447,34.332542402767906,0.0,0.0,0.0,0.0,34.332542402767906,0.0,163.36489660296806,-8.688257458762791,5767.690067768676,3,0,0.5073924366702283,0.5073924366702283,0.7230748614950196,0.7230748614950196,5052.540818504401,5052.540818504401,2304.959181495599,2304.959181495599,asphalt,1.1575
8.066666666666647,123.07603323525883,34.18778700979412,0.0,0.0,0.0,0.0,34.18778700979412,0.0,163.93559767244193,-8.683562679306078,5767.9802723356515,3,0,0.5074278830049692,0.5074278830049692,0.722964699686104,0.722964699686104,5052.187873664073,5052.187873664073,2305.3121263359267,2305.3121263359267,asphalt,1.1575
8.083333333333314,122.55519567740876,34.04310991039132,0.0,0.0,0.0,0.0,34.04310991039132,0.0,164.50388696749425,-8.678863416431568,5764.956843510981,3,0,0.5074633684327912,0.5074633684327912,0.7228482836944268,0.7228482836944268,5051.834588955686,5051.834588955686,2305.665411044314,2305.665411044314,asphalt,1.1575
8.099999999999982,122.03464020744958,33.89851116873599,0.0,0.0,0.0,0.0,33.89851116873599,0.0,165.06976579371636,-8.674160860885536,5758.7705129675405,3,0,0.5074988869042697,0.5074988869042697,0.7227259165019309,0.7227259165019309,5051.481024746202,5051.481024746202,2306.0189752537976,2306.0189752537976,asphalt,1.1575
8.11666666666665,121.51436694265874,33.7539908174052,0.0,0.0,0.0,0.0,33.7539908174052,0.0,165.6332354574604,-8.669457239948315,5749.7001155221005,3,0,0.5075344230609522,0.5075344230609522,0.7225981688070057,0.7225981688070057,5051.127334015057,5051.127334015057,2306.372665984942,2306.372665984942,asphalt,1.1575
8.133333333333317,120.99437584774155,33.609548846594876,0.0,0.0,0.0,0.0,33.609548846594876,0.0,166.19429726518842,-8.664755228653007,5738.07993559473,3,0,0.5075699572297261,0.5075699572297261,0.7224657277369467,0.7224657277369467,5050.773712590801,5050.773712590801,2306.726287409199,2306.726287409199,asphalt,1.1575
8.149999999999984,120.47466672234033,33.46518520065009,0.0,0.0,0.0,0.0,33.46518520065009,0.0,166.7529525227226,-8.660057589540315,5724.255239455403,3,0,0.5076054685107235,0.5076054685107235,0.7223293042133131,0.7223293042133131,5050.42036839794,5050.42036839794,2307.079631602059,2307.079631602059,asphalt,1.1575
8.166666666666652,119.95523920419018,33.320899778941715,0.0,0.0,0.0,0.0,33.320899778941715,0.0,167.309202534486,-8.655366963614028,5708.556457726145,3,0,0.5076409365987445,0.5076409365987445,0.7221895791291751,0.7221895791291751,5050.067503328843,5050.067503328843,2307.4324966711574,2307.4324966711574,asphalt,1.1575
8.18333333333332,119.4360927809304,33.17669243914733,0.0,0.0,0.0,0.0,33.17669243914733,0.0,167.8630486027849,-8.650685759542398,5691.285488779078,3,0,0.5076763427772424,0.5076763427772424,0.7220471747532224,0.7220471747532224,5049.715303361299,5049.715303361299,2307.7846966386996,2307.7846966386996,asphalt,1.1575
8.199999999999987,118.91722680609027,33.03256300169174,0.0,0.0,0.0,0.0,33.03256300169174,0.0,168.41449202715935,-8.64601610516786,5672.709691712097,3,0,0.507711670383918,0.507711670383918,0.7219026421401129,0.7219026421401129,5049.363933939505,5049.363933939505,2308.136066060494,2308.136066060494,asphalt,1.1575
8.216666666666654,118.39864051645982,32.88851125457217,0.0,0.0,0.0,0.0,32.88851125457217,0.0,168.96353410381238,-8.641359837225764,5653.060594176001,3,0,0.5077469049487677,0.5077469049487677,0.7217564583590548,0.7217564583590548,5049.013538616075,5049.013538616075,2308.486461383925,2308.486461383925,asphalt,1.1575
8.233333333333322,117.8803330491851,32.74453695810697,0.0,0.0,0.0,0.0,32.74453695810697,0.0,169.5101761251193,-8.636718513272967,5632.535345382154,3,0,0.5077820341387842,0.5077820341387842,0.7216090294411074,0.7216090294411074,5048.664239617549,5048.664239617549,2308.83576038245,2308.83576038245,asphalt,1.1575
8.24999999999999,117.36230345766396,32.6006398493511,0.0,0.0,0.0,0.0,32.6006398493511,0.0,170.05441937921293,-8.632093435475099,5611.299633059694,3,0,0.5078170475962414,0.5078170475962414,0.7214606963809812,0.7214606963809812,5048.316139467297,5048.316139467297,2309.183860532702,2309.183860532702,asphalt,1.1575
8.266666666666657,116.8445507257944,32.456819646054,0.0,0.0,0.0,0.0,32.456819646054,0.0,170.59626514963776,-8.627485679635924,5589.491250555921,3,0,0.5078519367270912,0.5078519367270912,0.7213117424980348,0.7213117424980348,5047.969323102872,5047.969323102872,2309.5306768971273,2309.5306768971273,asphalt,1.1575
8.283333333333324,116.32707378042183,32.313076050117175,0.0,0.0,0.0,0.0,32.313076050117175,0.0,171.1357147150648,-8.622896125423836,5567.2238142178985,3,0,0.5078866944735783,0.5078866944735783,0.7211624011179414,0.7211624011179414,5047.6238601484065,5047.6238601484065,2309.8761398515926,2309.8761398515926,asphalt,1.1575
8.299999999999992,115.80987150200792,32.16940875055776,0.0,0.0,0.0,0.0,32.16940875055776,0.0,171.6727693490591,-8.618325485437026,5544.5903392053015,3,0,0.5079213150920739,0.5079213150920739,0.721012862965996,0.721012862965996,5047.279807133147,5047.279807133147,2310.2201928668524,2310.2201928668524,asphalt,1.1575
8.31666666666666,115.29294273364317,32.02581742601199,0.0,0.0,0.0,0.0,32.02581742601199,0.0,172.20743031989144,-8.613774331830086,5521.66651731023,3,0,0.5079557939473056,0.5079557939473056,0.7208632829465856,0.7208632829465856,5046.937209545213,5046.937209545213,2310.562790454787,2310.562790454787,asphalt,1.1575
8.333333333333327,114.77628628857215,31.882301746825597,0.0,0.0,0.0,0.0,31.882301746825597,0.0,172.7396988903877,-8.609243119958023,5498.513626481503,3,0,0.5079901273283438,0.5079901273283438,0.7207137861621222,0.7207137861621222,5046.596103667422,5046.596103667422,2310.9038963325775,2310.9038963325775,asphalt,1.1575
8.349999999999994,114.2599009564184,31.73886137678289,0.0,0.0,0.0,0.0,31.73886137678289,0.0,173.26957631780922,-8.604732208872292,5475.181054740726,3,0,0.5080243122881605,0.5080243122881605,0.7205644731345999,0.7205644731345999,5046.256518177433,5046.256518177433,2311.243481822567,2311.243481822567,asphalt,1.1575
8.366666666666662,113.74378550829356,31.59549597452599,0.0,0.0,0.0,0.0,31.59549597452599,0.0,173.79706385375846,-8.60024187879759,5451.708452200309,3,0,0.5080583465062511,0.5080583465062511,0.7204154242579037,0.7204154242579037,5045.9184755174465,5045.9184755174465,2311.581524482553,2311.581524482553,asphalt,1.1575
8.38333333333333,113.22793870096332,31.452205194712032,0.0,0.0,0.0,0.0,31.452205194712032,0.0,174.32216274410573,-8.595772345833268,5428.127541602651,3,0,0.5080922281727184,0.5080922281727184,0.7202667035434295,0.7202667035434295,5045.581993049642,5045.581993049642,2311.9180069503577,2311.9180069503577,asphalt,1.1575
8.399999999999997,112.71235928022527,31.308988688951462,0.0,0.0,0.0,0.0,31.308988688951462,0.0,174.84487422893275,-8.591323774191437,5404.463625395397,3,0,0.5081259558915127,0.5081259558915127,0.7201183617377805,0.7201183617377805,5045.24708402041,5045.24708402041,2312.2529159795895,2312.2529159795895,asphalt,1.1575
8.416666666666664,112.1970459836342,31.165846106565056,0.0,0.0,0.0,0.0,31.165846106565056,0.0,175.36519954249007,-8.58689628629321,5380.736829336455,3,0,0.5081595286004033,0.5081595286004033,0.7199704388952572,0.7199704388952572,5044.913758357699,5044.913758357699,2312.5862416422997,2312.5862416422997,asphalt,1.1575
8.433333333333332,111.68199754269158,31.022777095192104,0.0,0.0,0.0,0.0,31.022777095192104,0.0,175.88313991316537,-8.582489971039422,5356.963121304128,3,0,0.5081929455053237,0.5081929455053237,0.7198229664850452,0.7198229664850452,5044.582023325,5044.582023325,2312.9179766749994,2312.9179766749994,asphalt,1.1575
8.45,111.16721268459764,30.879781301277124,0.0,0.0,0.0,0.0,30.879781301277124,0.0,176.39869656346062,-8.578104890544864,5333.155140885012,3,0,0.5082262060268076,0.5082262060268076,0.7196759691069075,0.7196759691069075,5044.251884054781,5044.251884054781,2313.248115945218,2313.248115945218,asphalt,1.1575
8.466666666666667,110.65269013364855,30.73685837045793,0.0,0.0,0.0,0.0,30.73685837045793,0.0,176.9118707099763,-8.573741085595259,5309.322871389654,3,0,0.5082593097565616,0.5082593097565616,0.7195294658807582,0.7195294658807582,5043.923343980894,5043.923343980894,2313.576656019105,2313.576656019105,asphalt,1.1575
8.483333333333334,110.13842861234676,30.5940079478741,0.0,0.0,0.0,0.0,30.5940079478741,0.0,177.42266356340141,-8.56939858004182,5285.474181798589,3,0,0.508292256422352,0.508292256422352,0.7193834715672904,0.7193834715672904,5043.596405188129,5043.596405188129,2313.9035948118703,2313.9035948118703,asphalt,1.1575
8.500000000000002,109.6244268422809,30.45122967841136,0.0,0.0,0.0,0.0,30.45122967841136,0.0,177.9310763285076,-8.5650773843372,5261.615262119718,3,0,0.5083250458598407,0.5083250458598407,0.7192379974678477,0.7192379974678477,5043.271068692529,5043.271068692529,2314.2289313074702,2314.2289313074702,asphalt,1.1575
8.51666666666667,109.11068354482062,30.308523206894616,0.0,0.0,0.0,0.0,30.308523206894616,0.0,178.43711020414713,-8.560777498363734,5237.750971932538,3,0,0.5083576779899633,0.5083576779899633,0.7190930521449108,0.7190930521449108,5042.947334666502,5042.947334666502,2314.552665333498,2314.552665333498,asphalt,1.1575
8.533333333333337,108.59719744166375,30.165888178239932,0.0,0.0,0.0,0.0,30.165888178239932,0.0,178.94076638325342,-8.55649891369211,5213.885118593914,3,0,0.5083901528008666,0.5083901528008666,0.7189486419970735,0.7189486419970735,5042.625202618534,5042.625202618534,2314.874797381465,2314.874797381465,asphalt,1.1575
8.550000000000004,108.08396725526586,30.02332423757385,0.0,0.0,0.0,0.0,30.02332423757385,0.0,179.44204605284392,-8.552241615373646,5190.020678709276,3,0,0.5084224703335463,0.5084224703335463,0.7188047717165948,0.7188047717165948,5042.304671536047,5042.304671536047,2315.195328463953,2315.195328463953,asphalt,1.1575
8.566666666666672,107.57099170917603,29.880831030326675,0.0,0.0,0.0,0.0,29.880831030326675,0.0,179.94095039402455,-8.548005583374447,5166.159974020506,3,0,0.5084546306703788,0.5084546306703788,0.7186614446528925,0.7186614446528925,5041.985739999451,5041.985739999451,2315.5142600005493,2315.5142600005493,asphalt,1.1575
8.58333333333334,107.05826952829878,29.738408202305216,0.0,0.0,0.0,0.0,29.738408202305216,0.0,180.43748058199557,-8.543790793696644,5142.304810795064,3,0,0.5084866339261066,0.5084866339261066,0.7185186631003063,0.7185186631003063,5041.668406271784,5041.668406271784,2315.831593728216,2315.831593728216,asphalt,1.1575
8.600000000000007,106.54579943909685,29.596055399749126,0.0,0.0,0.0,0.0,29.596055399749126,0.0,180.9316377860585,-8.539597219283053,5118.456590078478,3,0,0.5085184802406131,0.5085184802406131,0.7183764285259471,0.7183764285259471,5041.352668370522,5041.352668370522,2316.1473316294773,2316.1473316294773,asphalt,1.1575
8.616666666666674,106.03358016974808,29.453772269374465,0.0,0.0,0.0,0.0,29.453772269374465,0.0,181.42342316962373,-8.535424830712941,5094.616394749478,3,0,0.5085501697733052,0.5085501697733052,0.7182347417492955,0.7182347417492955,5041.038524123421,5041.038524123421,2316.4614758765783,2316.4614758765783,asphalt,1.1575
8.633333333333342,105.52161045026523,29.311558458407006,0.0,0.0,0.0,0.0,29.311558458407006,0.0,181.91283789021887,-8.531273596766482,5070.7850581504945,3,0,0.5085817026986075,0.5085817026986075,0.7180936030839863,0.7180936030839863,5040.725971213271,5040.725971213271,2316.774028786728,2316.774028786728,asphalt,1.1575
8.65000000000001,105.00988901258741,29.169413614607613,0.0,0.0,0.0,0.0,29.169413614607613,0.0,182.39988309949752,-8.527143484856197,5046.963218115537,3,0,0.5086130792024516,0.5086130792024516,0.7179530124492888,0.7179530124492888,5040.415007212776,5040.415007212776,2317.0849927872237,2317.0849927872237,asphalt,1.1575
8.666666666666677,104.49841459064864,29.027337386291286,0.0,0.0,0.0,0.0,29.027337386291286,0.0,182.88455994324832,-8.523034461374834,5023.151359446921,3,0,0.5086442994795314,0.5086442994795314,0.7178129694576758,0.7178129694576758,5040.105629611801,5040.105629611801,2317.3943703881982,2317.3943703881982,asphalt,1.1575
8.683333333333344,103.98718592042863,28.885329422341286,0.0,0.0,0.0,0.0,28.885329422341286,0.0,183.36686956140449,-8.518946491963106,4999.349847270584,3,0,0.5086753637311003,0.5086753637311003,0.7176734734837154,0.7176734734837154,5039.797835839239,5039.797835839239,2317.7021641607607,2317.7021641607607,asphalt,1.1575
8.700000000000012,103.47620173998976,28.743389372219376,0.0,0.0,0.0,0.0,28.743389372219376,0.0,183.84681308805324,-8.514879541724554,4975.558953199983,3,0,0.5087062721632848,0.5087062721632848,0.7175345237179644,0.7175345237179644,5039.49162327974,5039.49162327974,2318.008376720259,2318.008376720259,asphalt,1.1575
8.71666666666668,102.96546078950294,28.601516885973037,0.0,0.0,0.0,0.0,28.601516885973037,0.0,184.32439165144558,-8.510833575385846,4951.778875838355,3,0,0.5087370249857387,0.5087370249857387,0.7173961192092568,0.7173961192092568,5039.1869892870545,5039.1869892870545,2318.3130107129455,2318.3130107129455,asphalt,1.1575
8.733333333333347,102.45496181126518,28.459711614240327,0.0,0.0,0.0,0.0,28.459711614240327,0.0,184.79960637400626,-8.506808557430645,4928.009756829555,3,0,0.5087676224106155,0.5087676224106155,0.717258258897721,0.717258258897721,5038.883931194218,5038.883931194218,2318.6160688057807,2318.6160688057807,asphalt,1.1575
8.750000000000014,101.9447035497102,28.317973208252834,0.0,0.0,0.0,0.0,28.317973208252834,0.0,185.2724583723433,-8.50280445219937,4904.2516934131645,3,0,0.5087980646517253,0.5087980646517253,0.7171209416407087,0.7171209416407087,5038.582446321898,5038.582446321898,2318.9175536781017,2318.9175536781017,asphalt,1.1575
8.766666666666682,101.43468475141411,28.176301319837254,0.0,0.0,0.0,0.0,28.176301319837254,0.0,185.74294875725818,-8.498821223967639,4880.504748237427,3,0,0.5088283519239207,0.5088283519239207,0.7169841662329208,0.7169841662329208,5038.282531984472,5038.282531984472,2319.2174680155267,2319.2174680155267,asphalt,1.1575
8.78333333333335,100.92490416509673,28.03469560141576,0.0,0.0,0.0,0.0,28.03469560141576,0.0,186.2110786337558,-8.494858837010213,4856.768957023274,3,0,0.5088584844425695,0.5088584844425695,0.7168479314222506,0.7168479314222506,5037.984185495234,5037.984185495234,2319.5158145047653,2319.5158145047653,asphalt,1.1575
8.800000000000017,100.41536054162006,27.893155706005572,0.0,0.0,0.0,0.0,27.893155706005572,0.0,186.67684910105416,-8.490917255643637,4833.044334545948,3,0,0.5088884624232046,0.5088884624232046,0.7167122359219605,0.7167122359219605,5037.687404169846,5037.687404169846,2319.8125958301544,2319.8125958301544,asphalt,1.1575
8.816666666666684,99.90605263398407,27.7516812872178,0.0,0.0,0.0,0.0,27.7516812872178,0.0,187.14026125259448,-8.486996444268016,4809.330879300559,3,0,0.5089182860811987,0.5089182860811987,0.7165770784203279,0.7165770784203279,5037.392185329548,5037.392185329548,2320.1078146704517,2320.1078146704517,asphalt,1.1575
8.833333333333352,99.39697919732069,27.610271999255747,0.0,0.0,0.0,0.0,27.610271999255747,0.0,187.60131617605097,-8.483096367396001,4785.628577138987,3,0,0.5089479556315224,0.5089479556315224,0.7164424575881174,0.7164424575881174,5037.098526303533,5037.098526303533,2320.4014736964664,2320.4014736964664,asphalt,1.1575
8.85000000000002,98.88813898888628,27.468927496912855,0.0,0.0,0.0,0.0,27.468927496912855,0.0,188.06001495334073,-8.479216989669851,4761.9374041033325,3,0,0.5089774712885873,0.5089774712885873,0.7163083720843016,0.7163083720843016,5036.8064244304815,5036.8064244304815,2320.693575569518,2320.693575569518,asphalt,1.1575
8.866666666666687,98.37953076805293,27.32764743557026,0.0,0.0,0.0,0.0,27.32764743557026,0.0,188.51635866063353,-8.475358275886151,4738.257328632279,3,0,0.5090068332660753,0.5090068332660753,0.7161748205606537,0.7161748205606537,5036.51587706023,5036.51587706023,2320.9841229397693,2320.9841229397693,asphalt,1.1575
8.883333333333354,97.87115329629906,27.186431471194183,0.0,0.0,0.0,0.0,27.186431471194183,0.0,188.97034836836158,-8.471520191000934,4714.588313278304,3,0,0.5090360417768459,0.5090360417768459,0.7160418016651919,0.7160418016651919,5036.22688155467,5036.22688155467,2321.273118445329,2321.273118445329,asphalt,1.1575
8.900000000000022,97.36300533719903,27.045279260333064,0.0,0.0,0.0,0.0,27.045279260333064,0.0,189.4219851412293,-8.467702700148436,4690.930316043552,3,0,0.5090650970328632,0.5090650970328632,0.7159093140448557,0.7159093140448557,5035.939435288451,5035.939435288451,2321.5605647115485,2321.5605647115485,asphalt,1.1575
8.91666666666669,96.85508565641258,26.904190460114606,0.0,0.0,0.0,0.0,26.904190460114606,0.0,189.87127003822295,-8.463905768641098,4667.2832914186165,3,0,0.509093999245109,0.509093999245109,0.7157773563476695,0.7157773563476695,5035.653535649815,5035.653535649815,2321.8464643501848,2321.8464643501848,asphalt,1.1575
8.933333333333357,96.34739302167358,26.76316472824266,0.0,0.0,0.0,0.0,26.76316472824266,0.0,190.31820411262024,-8.460129361978943,4643.647191189936,3,0,0.5091227486235229,0.5091227486235229,0.7156459272243962,0.7156459272243962,5035.369180041174,5035.369180041174,2322.1308199588257,2322.1308199588257,asphalt,1.1575
8.950000000000024,95.83992620277871,26.622201722994088,0.0,0.0,0.0,0.0,26.622201722994088,0.0,190.76278841199988,-8.4563734458564,4620.02196506711,3,0,0.5091513453770193,0.5091513453770193,0.7155150253296184,0.7155150253296184,5035.086365878917,5035.086365878917,2322.4136341210824,2322.4136341210824,asphalt,1.1575
8.966666666666692,95.3326839715758,26.4813011032155,0.0,0.0,0.0,0.0,26.4813011032155,0.0,191.2050239782512,-8.452637986159743,4596.407561170093,3,0,0.5091797897133814,0.5091797897133814,0.7153846493229367,0.7153846493229367,5034.8050905944365,5034.8050905944365,2322.694909405563,2322.694909405563,asphalt,1.1575
8.98333333333336,94.82566510195201,26.340462528320003,0.0,0.0,0.0,0.0,26.340462528320003,0.0,191.64491184758353,-8.448922948973916,4572.80392640742,3,0,0.5092080818393114,0.5092080818393114,0.7152547978694884,0.7152547978694884,5034.525351633614,5034.525351633614,2322.9746483663853,2322.9746483663853,asphalt,1.1575
9.000000000000027,94.31886836982193,26.19968565828387,0.0,0.0,0.0,0.0,26.19968565828387,0.0,192.08245305053558,-8.445228300584233,4549.211006769719,3,0,0.509236221960363,0.509236221960363,0.7151254696406688,0.7151254696406688,5034.247146457465,5034.247146457465,2323.2528535425345,2323.2528535425345,asphalt,1.1575
9.016666666666694,93.81229255311557,26.058970153643212,0.0,0.0,0.0,0.0,26.058970153643212,0.0,192.51764861198487,-8.441554007475531,4525.628747557391,3,0,0.509264210280946,0.509264210280946,0.7149966633145073,0.7149966633145073,5033.970472542069,5033.970472542069,2323.5295274579303,2323.5295274579303,asphalt,1.1575
9.033333333333362,93.30593643176634,25.91831567549065,0.0,0.0,0.0,0.0,25.91831567549065,0.0,192.950499551157,-8.437900036332167,4502.057093557155,3,0,0.5092920470043438,0.5092920470043438,0.7148683775759144,0.7148683775759144,5033.695327378383,5033.695327378383,2323.804672621617,2323.804672621617,asphalt,1.1575
9.05000000000003,92.79979878769893,25.777721885471927,0.0,0.0,0.0,0.0,25.777721885471927,0.0,193.38100688163487,-8.434266354043132,4478.495989178865,3,0,0.5093197323326464,0.5093197323326464,0.7147406111171098,0.7147406111171098,5033.421708472877,5033.421708472877,2324.0782915271225,2324.0782915271225,asphalt,1.1575
9.066666666666697,92.29387840481728,25.637188445782577,0.0,0.0,0.0,0.0,25.637188445782577,0.0,193.80917161136784,-8.430652927696087,4454.945378561499,3,0,0.5093472664668189,0.5093472664668189,0.7146133626375775,0.7146133626375775,5033.149613346835,5033.149613346835,2324.3503866531637,2324.3503866531637,asphalt,1.1575
9.083333333333364,91.78817406899233,25.496715019164537,0.0,0.0,0.0,0.0,25.496715019164537,0.0,194.23499474268095,-8.427059724582477,4431.405205655211,3,0,0.5093746496066359,0.5093746496066359,0.7144866308443929,0.7144866308443929,5032.879039536992,5032.879039536992,2324.6209604630076,2324.6209604630076,asphalt,1.1575
9.100000000000032,91.28268456805006,25.356301268902794,0.0,0.0,0.0,0.0,25.356301268902794,0.0,194.65847727228385,-8.423486712194972,4407.87541428482,3,0,0.5094018819507234,0.5094018819507234,0.7143604144521803,0.7143604144521803,5032.609984595085,5032.609984595085,2324.890015404915,2324.890015404915,asphalt,1.1575
9.1166666666667,90.77740869175928,25.215946858822022,0.0,0.0,0.0,0.0,25.215946858822022,0.0,195.07962019128001,-8.419933858228319,4384.355948198885,3,0,0.509428963696532,0.509428963696532,0.7142347121832602,0.7142347121832602,5032.342446088111,5032.342446088111,2325.1575539118894,2325.1575539118894,asphalt,1.1575
9.133333333333367,90.27234523181967,25.075651453283243,0.0,0.0,0.0,0.0,25.075651453283243,0.0,195.4984244851755,-8.416401130576787,4360.84675110761,3,0,0.5094558950403603,0.5094558950403603,0.7141095227676166,0.7141095227676166,5032.076421598069,5032.076421598069,2325.42357840193,2325.42357840193,asphalt,1.1575
9.150000000000034,89.76749298184961,24.935414717180446,0.0,0.0,0.0,0.0,24.935414717180446,0.0,195.91489113388792,-8.412888497337576,4337.347766712088,3,0,0.5094826761773262,0.5094826761773262,0.7139848449430095,0.7139848449430095,5031.811908722221,5031.811908722221,2325.6880912777783,2325.6880912777783,asphalt,1.1575
9.166666666666702,89.26285073737422,24.795236315937284,0.0,0.0,0.0,0.0,24.795236315937284,0.0,196.3290211117554,-8.4093959268057,4313.858938726824,3,0,0.509509307301399,0.509509307301399,0.713860677454896,0.713860677454896,5031.548905072766,5031.548905072766,2325.9510949272344,2325.9510949272344,asphalt,1.1575
9.183333333333369,88.75841729581339,24.655115915503718,0.0,0.0,0.0,0.0,24.655115915503718,0.0,196.7408153875452,-8.405923387478254,4290.380210897062,3,0,0.5095357886053764,0.5095357886053764,0.7137370190564989,0.7137370190564989,5031.287408277031,5031.287408277031,2326.2125917229678,2326.2125917229678,asphalt,1.1575
9.200000000000037,88.25419145646968,24.515053182352688,0.0,0.0,0.0,0.0,24.515053182352688,0.0,197.1502749244626,-8.402470848050996,4266.911527012069,3,0,0.5095621202809025,0.5095621202809025,0.71361386850875,0.71361386850875,5031.027415977289,5031.027415977289,2326.47258402271,2326.47258402271,asphalt,1.1575
9.216666666666704,87.7501720205165,24.375047783476806,0.0,0.0,0.0,0.0,24.375047783476806,0.0,197.55740068015942,-8.399038277417503,4243.452830915299,3,0,0.5095883025184597,0.5095883025184597,0.713491224580309,0.713491224580309,5030.768925830811,5030.768925830811,2326.731074169189,2326.731074169189,asphalt,1.1575
9.233333333333372,87.24635779098618,24.23509938638505,0.0,0.0,0.0,0.0,24.23509938638505,0.0,197.96219360674283,-8.39562564467002,4220.004066512136,3,0,0.5096143355073791,0.5096143355073791,0.7133690860475158,0.7133690860475158,5030.511935509743,5030.511935509743,2326.988064490257,2326.988064490257,asphalt,1.1575
9.250000000000039,86.74274757275803,24.095207659099454,0.0,0.0,0.0,0.0,24.095207659099454,0.0,198.3646546507838,-8.392232919100309,4196.565177775761,3,0,0.5096402194358329,0.5096402194358329,0.7132474516943998,0.7132474516943998,5030.256442701171,5030.256442701171,2327.243557298828,2327.243557298828,asphalt,1.1575
9.266666666666707,86.2393401725466,23.955372270151834,0.0,0.0,0.0,0.0,23.955372270151834,0.0,198.7647847533256,-8.388860070195392,4173.1361087515725,3,0,0.509665954490851,0.509665954490851,0.7131263203126083,0.7131263203126083,5030.002445106929,5030.002445106929,2327.4975548930697,2327.4975548930697,asphalt,1.1575
9.283333333333374,85.73613439888976,23.81559288858049,0.0,0.0,0.0,0.0,23.81559288858049,0.0,199.16258484989243,-8.3855070676384,4149.7168035604755,3,0,0.5096915408583064,0.5096915408583064,0.7130056907014315,0.7130056907014315,5029.749940443726,5029.749940443726,2327.750059556274,2327.750059556274,asphalt,1.1575
9.300000000000042,85.23312906213701,23.675869183926945,0.0,0.0,0.0,0.0,23.675869183926945,0.0,199.55805587049755,-8.382173881311132,4126.307206401307,3,0,0.509716978722927,0.509716978722927,0.7128855616677467,0.7128855616677467,5029.498926443012,5029.498926443012,2328.001073556987,2328.001073556987,asphalt,1.1575
9.316666666666709,84.73032297443766,23.536200826232683,0.0,0.0,0.0,0.0,23.536200826232683,0.0,199.95119873965194,-8.378860481288086,4102.907261552588,3,0,0.5097422682682994,0.5097422682682994,0.7127659320259815,0.7127659320259815,5029.2494008509275,5029.2494008509275,2328.250599149072,2328.250599149072,asphalt,1.1575
9.333333333333377,84.22771494972926,23.396587486035905,0.0,0.0,0.0,0.0,23.396587486035905,0.0,200.3420143763724,-8.37556683783987,4079.5169133737527,3,0,0.5097674096768735,0.5097674096768735,0.712646800598076,0.712646800598076,5029.001361428226,5029.001361428226,2328.4986385717734,2328.4986385717734,asphalt,1.1575
9.350000000000044,83.72530380372577,23.257028834368267,0.0,0.0,0.0,0.0,23.257028834368267,0.0,200.73050369418974,-8.372292921431495,4056.1361063059758,3,0,0.5097924031299486,0.5097924031299486,0.7125281662135036,0.7125281662135036,5028.75480595041,5028.75480595041,2328.74519404959,2328.74519404959,asphalt,1.1575
9.366666666666712,83.223088353906,23.117524542751664,0.0,0.0,0.0,0.0,23.117524542751664,0.0,201.11666760115722,-8.369038702721525,4032.7647848726915,3,0,0.5098172488077027,0.5098172488077027,0.7124100277091541,0.7124100277091541,5028.509732207406,5028.509732207406,2328.990267792593,2328.990267792593,asphalt,1.1575
9.383333333333379,82.72106741950199,22.978074283194996,0.0,0.0,0.0,0.0,22.978074283194996,0.0,201.50050699985843,-8.365804152562077,4009.4028936798695,3,0,0.5098419468891592,0.5098419468891592,0.7122923839294121,0.7122923839294121,5028.266138003891,5028.266138003891,2329.2338619961088,2329.2338619961088,asphalt,1.1575
9.400000000000047,82.21923982148746,22.838677728190962,0.0,0.0,0.0,0.0,22.838677728190962,0.0,201.88202278741562,-8.362589241997114,3986.0503774161043,3,0,0.5098664975522305,0.5098664975522305,0.7121752337260007,0.7121752337260007,5028.024021158835,5028.024021158835,2329.4759788411648,2329.4759788411648,asphalt,1.1575
9.416666666666714,81.71760438256626,22.69933455071285,0.0,0.0,0.0,0.0,22.69933455071285,0.0,202.26121585549748,-8.359393942264148,3962.7071808525648,3,0,0.5098909009736963,0.5098909009736963,0.7120585759580206,0.7120585759580206,5027.783379505701,5027.783379505701,2329.7166204942982,2329.7166204942982,asphalt,1.1575
9.433333333333382,81.21615992716082,22.560044424211338,0.0,0.0,0.0,0.0,22.560044424211338,0.0,202.63808709032725,-8.356218224790837,3939.3732488428304,3,0,0.5099151573291952,0.5099151573291952,0.7119424094919501,0.7119424094919501,5027.544210892507,5027.544210892507,2329.9557891074924,2329.9557891074924,asphalt,1.1575
9.450000000000049,80.71490528140073,22.420807022611314,0.0,0.0,0.0,0.0,22.420807022611314,0.0,203.01263737269065,-8.353062061196681,3916.0485263226433,3,0,0.5099392667932563,0.5099392667932563,0.7118267332015276,0.7118267332015276,5027.306513181503,5027.306513181503,2330.193486818497,2330.193486818497,asphalt,1.1575
9.466666666666717,80.21383927311129,22.281622020308692,0.0,0.0,0.0,0.0,22.281622020308692,0.0,203.38486757794374,-8.349925423290472,3892.732958309594,3,0,0.5099632295392771,0.5099632295392771,0.7117115459677906,0.7117115459677906,5027.070284249364,5027.070284249364,2330.4297157506353,2330.4297157506353,asphalt,1.1575
9.483333333333384,79.7129607318021,22.14248909216725,0.0,0.0,0.0,0.0,22.14248909216725,0.0,203.75477857602064,-8.346808283072846,3869.4264899027594,3,0,0.5099870457395546,0.5099870457395546,0.7115968466789592,0.7115968466789592,5026.8355219868745,5026.8355219868745,2330.6644780131255,2330.6644780131255,asphalt,1.1575
9.500000000000052,79.2122684886557,22.00340791351547,0.0,0.0,0.0,0.0,22.00340791351547,0.0,204.1223712314415,-8.343710612731172,3846.1290662823,3,0,0.5100107155652444,0.5100107155652444,0.711482634230533,0.711482634230533,5026.602224299305,5026.602224299305,2330.8977757006946,2330.8977757006946,asphalt,1.1575
9.516666666666719,78.71176137651617,21.864378160143378,0.0,0.0,0.0,0.0,21.864378160143378,0.0,204.48764640332,-8.340632384644664,3822.840632709026,3,0,0.5100342391863985,0.5100342391863985,0.7113689075251551,0.7113689075251551,5026.370389106033,5026.370389106033,2331.129610893966,2331.129610893966,asphalt,1.1575
9.533333333333387,78.21143822987791,21.725399508299418,0.0,0.0,0.0,0.0,21.725399508299418,0.0,204.85060494537115,-8.337573571378414,3799.5611345239463,3,0,0.510057616771963,0.510057616771963,0.7112556654725932,0.7112556654725932,5026.1400143405435,5026.1400143405435,2331.359985659456,2331.359985659456,asphalt,1.1575
9.550000000000054,77.7112978848743,21.586471634687303,0.0,0.0,0.0,0.0,21.586471634687303,0.0,205.2112477059188,-8.334534145686803,3776.2905171477946,3,0,0.5100808484897636,0.5100808484897636,0.7111429069897593,0.7111429069897593,5025.911097950552,5025.911097950552,2331.5889020494474,2331.5889020494474,asphalt,1.1575
9.566666666666721,77.21133917926646,21.447594216462903,0.0,0.0,0.0,0.0,21.447594216462903,0.0,205.56957552790328,-8.331514080510942,3753.028726080547,3,0,0.5101039345065305,0.5101039345065305,0.7110306310006125,0.7110306310006125,5025.683637897753,5025.683637897753,2331.8163621022463,2331.8163621022463,asphalt,1.1575
9.583333333333389,76.71156095243204,21.30876693123112,0.0,0.0,0.0,0.0,21.30876693123112,0.0,205.92558924888885,-8.328513348977822,3729.775706900928,3,0,0.5101268749878697,0.5101268749878697,0.7109188364362184,0.7109188364362184,5025.457632158074,5025.457632158074,2332.042367841925,2332.042367841925,asphalt,1.1575
9.600000000000056,76.21196204535406,21.169989457042792,0.0,0.0,0.0,0.0,21.169989457042792,0.0,206.2792897010712,-8.325531924402014,3706.531405265909,3,0,0.5101496700983076,0.5101496700983076,0.7108075222345949,0.7108075222345949,5025.233078721229,5025.233078721229,2332.266921278771,2332.266921278771,asphalt,1.1575
9.616666666666724,75.7125413006097,21.031261472391584,0.0,0.0,0.0,0.0,21.031261472391584,0.0,206.63067771128476,-8.322569780283118,3683.2957669102034,3,0,0.5101723200012505,0.5101723200012505,0.7106966873408089,0.7106966873408089,5025.009975591098,5025.009975591098,2332.4900244089013,2332.4900244089013,asphalt,1.1575
9.633333333333391,75.21329756235924,20.8925826562109,0.0,0.0,0.0,0.0,20.8925826562109,0.0,206.97975410101014,-8.319626890305756,3660.0687376457568,3,0,0.5101948248590148,0.5101948248590148,0.7105863307068621,0.7105863307068621,5024.788320785415,5024.788320785415,2332.7116792145853,2332.7116792145853,asphalt,1.1575
9.650000000000059,74.71422967633494,20.753952687870814,0.0,0.0,0.0,0.0,20.753952687870814,0.0,207.32651968638137,-8.31670322834043,3636.8502633612356,3,0,0.5102171848328261,0.5102171848328261,0.7104764512916724,0.7104764512916724,5024.568112335758,5024.568112335758,2332.931887664242,2332.931887664242,asphalt,1.1575
9.666666666666726,74.21533648982992,20.615371247174977,0.0,0.0,0.0,0.0,20.615371247174977,0.0,207.67097527819323,-8.313798768440108,3613.640290021512,3,0,0.5102394000828042,0.5102394000828042,0.7103670480610942,0.7103670480610942,5024.349348287686,5024.349348287686,2333.1506517123134,2333.1506517123134,asphalt,1.1575
9.683333333333394,73.71661685168232,20.4768380143562,0.0,0.0,0.0,0.0,20.4768380143562,0.0,208.01312168190827,-8.310913485078117,3590.4387636671518,3,0,0.5102614707672781,0.5102614707672781,0.7102581200437348,0.7102581200437348,5024.132026707466,5024.132026707466,2333.3679732925334,2333.3679732925334,asphalt,1.1575
9.700000000000061,73.21806961224829,20.338352670068968,0.0,0.0,0.0,0.0,20.338352670068968,0.0,208.35295969766412,-8.308047352776384,3567.2456304138864,3,0,0.5102833970412403,0.5102833970412403,0.7101496662508711,0.7101496662508711,5023.91614569727,5023.91614569727,2333.58385430273,2333.58385430273,asphalt,1.1575
9.716666666666729,72.71969362343398,20.19991489539833,0.0,0.0,0.0,0.0,20.19991489539833,0.0,208.69049012028032,-8.30520034580104,3544.060836452045,3,0,0.5103051790652087,0.5103051790652087,0.710041685581159,0.710041685581159,5023.701703307912,5023.701703307912,2333.7982966920877,2333.7982966920877,asphalt,1.1575
9.733333333333396,72.22148773866626,20.061524371851736,0.0,0.0,0.0,0.0,20.061524371851736,0.0,209.02571373926563,-8.302372438937482,3520.8843280460483,3,0,0.5103268169949623,0.5103268169949623,0.7099341770277325,0.7099341770277325,5023.4886976398975,5023.4886976398975,2334.0113023601016,2334.0113023601016,asphalt,1.1575
9.750000000000064,71.72345081287791,19.923180781354976,0.0,0.0,0.0,0.0,19.923180781354976,0.0,209.35863133882498,-8.299563607153573,3497.716051533926,3,0,0.5103483109851931,0.5103483109851931,0.7098271395904951,0.7098271395904951,5023.277126807453,5023.277126807453,2334.222873192546,2334.222873192546,asphalt,1.1575
9.766666666666731,71.22558170249701,19.78488380624917,0.0,0.0,0.0,0.0,19.78488380624917,0.0,209.68924369786637,-8.296773825597938,3474.555953326824,3,0,0.5103696611895107,0.5103696611895107,0.709720572276086,0.709720572276086,5023.06698893846,5023.06698893846,2334.433011061539,2334.433011061539,asphalt,1.1575
9.783333333333399,70.72787926543585,19.646633129287736,0.0,0.0,0.0,0.0,19.646633129287736,0.0,210.01755159000786,-8.294003069599114,3451.403979908506,3,0,0.5103908677604406,0.5103908677604406,0.709614474097861,0.709614474097861,5022.858282174458,5022.858282174458,2334.6417178255415,2334.6417178255415,asphalt,1.1575
9.800000000000066,70.23034236108022,19.508428433633394,0.0,0.0,0.0,0.0,19.508428433633394,0.0,210.34355578358418,-8.29125131466725,3428.260077834847,3,0,0.5104119308494427,0.5104119308494427,0.7095088440758186,0.7095088440758186,5022.65100467045,5022.65100467045,2334.8489953295502,2334.8489953295502,asphalt,1.1575
9.816666666666734,69.73296985027856,19.370269402855158,0.0,0.0,0.0,0.0,19.370269402855158,0.0,210.66725704165387,-8.288518536492404,3405.1241937333266,3,0,0.5104328506068967,0.5104328506068967,0.7094036812366219,0.7094036812366219,5022.4451545950305,5022.4451545950305,2335.0548454049685,2335.0548454049685,asphalt,1.1575
9.833333333333401,69.23576059533123,19.23215572092534,0.0,0.0,0.0,0.0,19.23215572092534,0.0,210.98865612200564,-8.285804710943694,3381.996274302521,3,0,0.5104536271821134,0.5104536271821134,0.7092989846135427,0.7092989846135427,5022.240730130262,5022.240730130262,2335.259269869737,2335.259269869737,asphalt,1.1575
9.850000000000069,68.73871345997968,19.094087072216578,0.0,0.0,0.0,0.0,19.094087072216578,0.0,211.30775377716532,-8.283109814069292,3358.8762663115936,3,0,0.5104742607233334,0.5104742607233334,0.7091947532464448,0.7091947532464448,5022.037729471668,5022.037729471668,2335.4622705283314,2335.4622705283314,asphalt,1.1575
9.866666666666736,68.24182730939584,18.956063141498845,0.0,0.0,0.0,0.0,18.956063141498845,0.0,211.62455075440246,-8.280433822094722,3335.7641165997875,3,0,0.5104947513777195,0.5104947513777195,0.7090909861817886,0.7090909861817886,5021.8361508283015,5021.8361508283015,2335.663849171698,2335.663849171698,asphalt,1.1575
9.883333333333404,67.74510101017137,18.81808361393649,0.0,0.0,0.0,0.0,18.81808361393649,0.0,211.93904779573688,-8.277776711424565,3312.659772075918,3,0,0.5105150992913742,0.5105150992913742,0.7089876824725548,0.7089876824725548,5021.635992422552,5021.635992422552,2335.8640075774483,2335.8640075774483,asphalt,1.1575
9.900000000000071,67.24853343030694,18.68014817508526,0.0,0.0,0.0,0.0,18.68014817508526,0.0,212.25124563794515,-8.27513845864246,3289.563179717868,3,0,0.5105353046093455,0.5105353046093455,0.7088848411782107,0.7088848411782107,5021.437252490079,5021.437252490079,2336.0627475099204,2336.0627475099204,asphalt,1.1575
9.916666666666739,66.75212343920174,18.54225651088937,0.0,0.0,0.0,0.0,18.54225651088937,0.0,212.56114501256727,-8.27251904050513,3266.4742865720814,3,0,0.5105553674756118,0.5105553674756118,0.7087824613647313,0.7087824613647313,5021.2399292799455,5021.2399292799455,2336.2600707200545,2336.2600707200545,asphalt,1.1575
9.933333333333406,66.25586990764269,18.404408307678523,0.0,0.0,0.0,0.0,18.404408307678523,0.0,212.8687466459129,-8.26991843395092,3243.3930397530607,3,0,0.5105752880330875,0.5105752880330875,0.7086805421045657,0.7086805421045657,5021.044021054548,5021.044021054548,2336.455978945452,2336.455978945452,asphalt,1.1575
9.950000000000074,65.759771707794,18.266603252164998,0.0,0.0,0.0,0.0,18.266603252164998,0.0,213.17405125906785,-8.267336616091256,3220.3193864428667,3,0,0.5105950664236345,0.5105950664236345,0.7085790824765817,0.7085790824765817,5020.849526089491,5020.849526089491,2336.6504739105085,2336.6504739105085,asphalt,1.1575
9.966666666666741,65.26382771318653,18.128841031440704,0.0,0.0,0.0,0.0,18.128841031440704,0.0,213.47705956790048,-8.264773564213215,3197.2532738906166,3,0,0.5106147027880543,0.5106147027880543,0.7084780815660701,0.7084780815660701,5020.656442673653,5020.656442673653,2336.843557326347,2336.843557326347,asphalt,1.1575
9.983333333333409,64.76803679870727,17.99112133297424,0.0,0.0,0.0,0.0,17.99112133297424,0.0,213.77777228306792,-8.262229255781222,3174.1946494119857,3,0,0.5106341972660934,0.5106341972660934,0.7083775384647103,0.7083775384647103,5020.464769109118,5020.464769109118,2337.0352308908814,2337.0352308908814,asphalt,1.1575
10.000000000000076,64.27239784058887,17.853443844608016,0.0,0.0,0.0,0.0,17.853443844608016,0.0,214.07619011002234,-8.259703668433644,3151.1434603887087,3,0,0.5106535499964611,0.5106535499964611,0.7082774522704954,0.7082774522704954,5020.274503710987,5020.274503710987,2337.2254962890124,2337.2254962890124,asphalt,1.1575
10.016666666666744,63.77690971639906,17.715808254555295,0.0,0.0,0.0,0.0,17.715808254555295,0.0,214.37231374901717,-8.257196779983644,3128.099654268085,3,0,0.5106727611167959,0.5106727611167959,0.7081778220878161,0.7081778220878161,5020.085644807697,5020.085644807697,2337.414355192303,2337.414355192303,asphalt,1.1575
10.033333333333411,63.281571305030354,17.57821425139732,0.0,0.0,0.0,0.0,17.57821425139732,0.0,214.66614389511318,-8.25470856841747,3105.0631785624846,3,0,0.510691830763697,0.510691830763697,0.7080786470273477,0.7080786470273477,5019.898190740699,5019.898190740699,2337.601809259301,2337.601809259301,asphalt,1.1575
10.050000000000079,62.78638148668942,17.440661524080394,0.0,0.0,0.0,0.0,17.440661524080394,0.0,214.95768123818468,-8.252239011897018,3082.033980848853,3,0,0.5107107590727157,0.5107107590727157,0.707979926206054,0.707979926206054,5019.712139864525,5019.712139864525,2337.787860135474,2337.787860135474,asphalt,1.1575
10.066666666666746,62.291339142886855,17.303149761913016,0.0,0.0,0.0,0.0,17.303149761913016,0.0,215.2469264629255,-8.249788088755565,3059.01200876822,3,0,0.5107295461783614,0.5107295461783614,0.7078816587471544,0.7078816587471544,5019.527490546723,5019.527490546723,2337.9725094532764,2337.9725094532764,asphalt,1.1575
10.083333333333414,61.79644315642667,17.165678654562964,0.0,0.0,0.0,0.0,17.165678654562964,0.0,215.53388024885507,-8.247355777501184,3035.9972100252085,3,0,0.5107481922141004,0.5107481922141004,0.7077838437801091,0.7077838437801091,5019.344241167855,5019.344241167855,2338.155758832144,2338.155758832144,asphalt,1.1575
10.100000000000081,61.301692411396026,17.028247892054452,0.0,0.0,0.0,0.0,17.028247892054452,0.0,215.81854327032428,-8.244942056811624,3012.989532387545,3,0,0.5107666973123601,0.5107666973123601,0.7076864804405842,0.7076864804405842,5019.162390121436,5019.162390121436,2338.3376098785634,2338.3376098785634,asphalt,1.1575
10.116666666666749,60.807085793154805,16.890857164765222,0.0,0.0,0.0,0.0,16.890857164765222,0.0,216.10091619652147,-8.242546905541133,2989.9889236855715,3,0,0.510785061604516,0.510785061604516,0.7075895678704779,0.7075895678704779,5018.981935814059,5018.981935814059,2338.5180641859406,2338.5180641859406,asphalt,1.1575
10.133333333333416,60.31262218832538,16.753506163423715,0.0,0.0,0.0,0.0,16.753506163423715,0.0,216.38099969147828,-8.240170302711078,2966.995331811759,3,0,0.5108032852209224,0.5108032852209224,0.7074931052178078,0.7074931052178078,5018.802876665077,5018.802876665077,2338.6971233349223,2338.6971233349223,asphalt,1.1575
10.150000000000084,59.81830048478227,16.616194579106185,0.0,0.0,0.0,0.0,16.616194579106185,0.0,216.65879441407543,-8.23781222751677,2944.0087047202214,3,0,0.5108213682908851,0.5108213682908851,0.7073970916367749,0.7073970916367749,5018.625211106859,5018.625211106859,2338.874788893141,2338.874788893141,asphalt,1.1575
10.166666666666751,59.324119571641944,16.478922103233874,0.0,0.0,0.0,0.0,16.478922103233874,0.0,216.9343010180485,-8.235472659324046,2921.02899042623,3,0,0.5108393109426927,0.5108393109426927,0.7073015262876532,0.7073015262876532,5018.448937584467,5018.448937584467,2339.051062415533,2339.051062415533,asphalt,1.1575
10.183333333333419,58.83007833925253,16.341688427570148,0.0,0.0,0.0,0.0,16.341688427570148,0.0,217.20752015199366,-8.233151577668423,2898.056137005729,3,0,0.5108571133035834,0.5108571133035834,0.7072064083368723,0.7072064083368723,5018.27405455598,5018.27405455598,2339.2259454440195,2339.2259454440195,asphalt,1.1575
10.200000000000086,58.33617567918356,16.204493244217655,0.0,0.0,0.0,0.0,16.204493244217655,0.0,217.4784524593734,-8.2308489622568,2875.0900925948563,3,0,0.5108747754997692,0.5108747754997692,0.7071117369569255,0.7071117369569255,5018.100560492237,5018.100560492237,2339.399439507763,2339.399439507763,asphalt,1.1575
10.216666666666754,57.84241048421587,16.067336245615518,0.0,0.0,0.0,0.0,16.067336245615518,0.0,217.74709857852193,-8.228564792964903,2852.13080538946,3,0,0.5108922976564481,0.5108922976564481,0.7070175113263194,0.7070175113263194,5017.928453876705,5017.928453876705,2339.571546123294,2339.571546123294,asphalt,1.1575
10.233333333333421,57.34878164833136,15.930217124536489,0.0,0.0,0.0,0.0,15.930217124536489,0.0,218.01345914265113,-8.226299049838133,2829.1782236446184,3,0,0.5109096798977731,0.5109096798977731,0.7069237306296451,0.7069237306296451,5017.757733205774,5017.757733205774,2339.7422667942255,2339.7422667942255,asphalt,1.1575
10.250000000000089,56.855288066702876,15.793135574084133,0.0,0.0,0.0,0.0,15.793135574084133,0.0,218.27753477985576,-8.224051713090716,2806.2322956741627,3,0,0.5109269223468849,0.5109269223468849,0.7068303940574703,0.7068303940574703,5017.588396988429,5017.588396988429,2339.9116030115706,2339.9116030115706,asphalt,1.1575
10.266666666666756,56.36192863568408,15.656091287690023,0.0,0.0,0.0,0.0,15.656091287690023,0.0,218.5393261131191,-8.221822763106132,2783.292969850197,3,0,0.5109440251258929,0.5109440251258929,0.7067375008063728,0.7067375008063728,5017.420443746416,5017.420443746416,2340.079556253583,2340.079556253583,asphalt,1.1575
10.283333333333424,55.86870225279934,15.519083959110926,0.0,0.0,0.0,0.0,15.519083959110926,0.0,218.79883376031833,-8.219612180434979,2760.360194602624,3,0,0.5109609883558881,0.5109609883558881,0.7066450500788894,0.7066450500788894,5017.253872014113,5017.253872014113,2340.246127985887,2340.246127985887,asphalt,1.1575
10.300000000000091,55.3756078167336,15.382113282426,0.0,0.0,0.0,0.0,15.382113282426,0.0,219.05605833422993,-8.21741994579753,2737.433918418665,3,0,0.5109778121569385,0.5109778121569385,0.7065530410835132,0.7065530410835132,5017.088680338557,5017.088680338557,2340.411319661442,2340.411319661442,asphalt,1.1575
10.316666666666759,54.88264422732243,15.245178952034008,0.0,0.0,0.0,0.0,15.245178952034008,0.0,219.31100044253503,-8.215246040079478,2714.5140898423915,3,0,0.5109944966481006,0.5109944966481006,0.7064614730346402,0.7064614730346402,5016.924867279325,5016.924867279325,2340.575132720675,2340.575132720675,asphalt,1.1575
10.333333333333426,54.38981038554189,15.108280662650525,0.0,0.0,0.0,0.0,15.108280662650525,0.0,219.56366068782475,-8.213090444335762,2691.600657474246,3,0,0.5110110419474093,0.5110110419474093,0.7063703451525871,0.7063703451525871,5016.76243140862,5016.76243140862,2340.7375685913803,2340.7375685913803,asphalt,1.1575
10.350000000000094,53.89710519349854,14.97141810930515,0.0,0.0,0.0,0.0,14.97141810930515,0.0,219.81403966760539,-8.210953139786739,2668.693569970573,3,0,0.5110274481718827,0.5110274481718827,0.7062796566635591,0.7062796566635591,5016.601371311213,5016.601371311213,2340.898628688786,2340.898628688786,asphalt,1.1575
10.366666666666761,53.40452755441945,14.834590987338736,0.0,0.0,0.0,0.0,14.834590987338736,0.0,220.06213797430362,-8.208834107819882,2645.792776043148,3,0,0.511043715437528,0.511043715437528,0.7061894067996166,0.7061894067996166,5016.44168558438,5016.44168558438,2341.0583144156194,2341.0583144156194,asphalt,1.1575
10.383333333333429,52.912076372642225,14.697798992400617,0.0,0.0,0.0,0.0,14.697798992400617,0.0,220.30795619527171,-8.206733329988083,2622.8982244587028,3,0,0.5110598438593429,0.5110598438593429,0.7060995947986558,0.7060995947986558,5016.2833728378655,5016.2833728378655,2341.216627162134,2341.216627162134,asphalt,1.1575
10.400000000000096,52.41975055360503,14.56104182044584,0.0,0.0,0.0,0.0,14.56104182044584,0.0,220.55149491279258,-8.20465078801135,2600.0098640384617,3,0,0.5110758335513057,0.5110758335513057,0.706010219904422,0.706010219904422,5016.12643169398,5016.12643169398,2341.3735683060195,2341.3735683060195,asphalt,1.1575
10.416666666666764,51.92754900383669,14.424319167732413,0.0,0.0,0.0,0.0,14.424319167732413,0.0,220.79275470408496,-8.202586463773827,2577.127643657669,3,0,0.5110916846263999,0.5110916846263999,0.7059212813664233,0.7059212813664233,5015.970860787345,5015.970860787345,2341.5291392126537,2341.5291392126537,asphalt,1.1575
10.433333333333431,51.435470630946746,14.28763073081854,0.0,0.0,0.0,0.0,14.28763073081854,0.0,221.03173614130824,-8.200540339325926,2554.251512245125,3,0,0.5111073971965902,0.5111073971965902,0.7058327784399835,0.7058327784399835,5015.8166587651185,5015.8166587651185,2341.6833412348806,2341.6833412348806,asphalt,1.1575
10.450000000000099,50.943514343615554,14.150976206559875,0.0,0.0,0.0,0.0,14.150976206559875,0.0,221.2684397915677,-8.198512396881767,2531.381418782716,3,0,0.5111229713728382,0.5111229713728382,0.7057447103861836,0.7057447103861836,5015.66382428683,5015.66382428683,2341.8361757131693,2341.8361757131693,asphalt,1.1575
10.466666666666766,50.451679051584435,14.014355292106787,0.0,0.0,0.0,0.0,14.014355292106787,0.0,221.50286621691907,-8.19650261882046,2508.517312304954,3,0,0.5111384072651008,0.5111384072651008,0.7056570764718486,0.7056570764718486,5015.512356024385,5015.512356024385,2341.987643975615,2341.987643975615,asphalt,1.1575
10.483333333333434,49.959963665645816,13.877767684901615,0.0,0.0,0.0,0.0,13.877767684901615,0.0,221.73501597437385,-8.194510987685248,2485.659141898506,3,0,0.5111537049823398,0.5111537049823398,0.7055698759695078,0.7055698759695078,5015.362252661966,5015.362252661966,2342.1377473380344,2342.1377473380344,asphalt,1.1575
10.500000000000101,49.468367097633376,13.741213082675937,0.0,0.0,0.0,0.0,13.741213082675937,0.0,221.96488961590381,-8.192537486183511,2462.806856701736,3,0,0.5111688646325069,0.5111688646325069,0.7054831081574214,0.7054831081574214,5015.213512896162,5015.213512896162,2342.2864871038378,2342.2864871038378,asphalt,1.1575
10.516666666666769,48.97688826041227,13.604691183447851,0.0,0.0,0.0,0.0,13.604691183447851,0.0,222.1924876884459,-8.190582097185057,2439.9604059042413,3,0,0.5111838863225596,0.5111838863225596,0.7053967723195198,0.7053967723195198,5015.06613543581,5015.06613543581,2342.4338645641897,2342.4338645641897,asphalt,1.1575
10.533333333333436,48.48552606786926,13.468201685519238,0.0,0.0,0.0,0.0,13.468201685519238,0.0,222.41781073390706,-8.188644803723832,2417.1197387463894,3,0,0.5111987701584505,0.5111987701584505,0.7053108677454225,0.7053108677454225,5014.920119002088,5014.920119002088,2342.5798809979115,2342.5798809979115,asphalt,1.1575
10.550000000000104,47.994279434903014,13.33174428747306,0.0,0.0,0.0,0.0,13.33174428747306,0.0,222.64085928916882,-8.186725588996637,2394.28480451886,3,0,0.511213516245139,0.511213516245139,0.7052253937303868,0.7052253937303868,5014.775462328387,5014.775462328387,2342.724537671612,2342.724537671612,asphalt,1.1575
10.566666666666771,47.50314727741432,13.195318688170644,0.0,0.0,0.0,0.0,13.195318688170644,0.0,222.86163388609197,-8.18482443636185,2371.4555525621818,3,0,0.5112281246865972,0.5112281246865972,0.7051403495752784,0.7051403495752784,5014.632164160251,5014.632164160251,2342.8678358397488,2342.8678358397488,asphalt,1.1575
10.583333333333439,47.01212851229632,13.058924586748978,0.0,0.0,0.0,0.0,13.058924586748978,0.0,223.08013505152124,-8.182941329341133,2348.631932266279,3,0,0.5112425955857892,0.5112425955857892,0.7050557345866171,0.7050557345866171,5014.490223255562,5014.490223255562,2343.009776744437,2343.009776744437,asphalt,1.1575
10.600000000000106,46.52122205742481,12.922561682618001,0.0,0.0,0.0,0.0,12.922561682618001,0.0,223.2963633072898,-8.181076251617725,2325.8138930700084,3,0,0.5112569290446932,0.5112569290446932,0.7049715480764989,0.7049715480764989,5014.349638384324,5014.349638384324,2343.1503616156756,2343.1503616156756,asphalt,1.1575
10.616666666666774,46.03042683164853,12.786229675457925,0.0,0.0,0.0,0.0,12.786229675457925,0.0,223.51031917022382,-8.179229187036015,2303.0013844607065,3,0,0.5112711251643003,0.5112711251643003,0.7048877893625848,0.7048877893625848,5014.210408328656,5014.210408328656,2343.2895916713433,2343.2895916713433,asphalt,1.1575
10.633333333333441,45.5397417547795,12.649928265216527,0.0,0.0,0.0,0.0,12.649928265216527,0.0,223.72200315214695,-8.177400119602822,2280.1943559737324,3,0,0.5112851840446071,0.5112851840446071,0.704804457768109,0.704804457768109,5014.072531882861,5014.072531882861,2343.4274681171382,2343.4274681171382,asphalt,1.1575
10.650000000000109,45.04916574758332,12.513657152106477,0.0,0.0,0.0,0.0,12.513657152106477,0.0,223.9314157598847,-8.175589033484414,2257.392757192012,3,0,0.5112991057846182,0.5112991057846182,0.7047215526218589,0.7047215526218589,5013.93600785339,5013.93600785339,2343.563992146609,2343.563992146609,asphalt,1.1575
10.666666666666776,44.55869773176954,12.37741603660265,0.0,0.0,0.0,0.0,12.37741603660265,0.0,224.1385574952688,-8.173795913009059,2234.596537745584,3,0,0.5113128904823621,0.5113128904823621,0.704639073258116,0.704639073258116,5013.800835058686,5013.800835058686,2343.699164941314,2343.699164941314,asphalt,1.1575
10.683333333333444,44.06833662998202,12.24120461943945,0.0,0.0,0.0,0.0,12.24120461943945,0.0,224.34342885514175,-8.172020742664898,2211.805647311148,3,0,0.5113265382348694,0.5113265382348694,0.7045570190167038,0.7045570190167038,5013.667012329372,5013.667012329372,2343.832987670628,2343.832987670628,asphalt,1.1575
10.700000000000111,43.57808136578932,12.105022601608145,0.0,0.0,0.0,0.0,12.105022601608145,0.0,224.5460303313608,-8.170263507100799,2189.020035611611,3,0,0.511340049138196,0.511340049138196,0.7044753892429075,0.7044753892429075,5013.534538508028,5013.534538508028,2343.9654614919714,2343.9654614919714,asphalt,1.1575
10.716666666666779,43.08793086367508,11.968869684354189,0.0,0.0,0.0,0.0,11.968869684354189,0.0,224.74636241080256,-8.168524191124646,2166.2396524156366,3,0,0.5113534232874117,0.5113534232874117,0.7043941832874967,0.7043941832874967,5013.403412449292,5013.403412449292,2344.096587550708,2344.096587550708,asphalt,1.1575
10.733333333333446,42.59788404902846,11.832745569174572,0.0,0.0,0.0,0.0,11.832745569174572,0.0,224.94442557536684,-8.166802779704625,2143.4644475371933,3,0,0.5113666607765972,0.5113666607765972,0.7043134005067205,0.7043134005067205,5013.273633019882,5013.273633019882,2344.2263669801177,2344.2263669801177,asphalt,1.1575
10.750000000000114,42.10793984813458,11.69664995781516,0.0,0.0,0.0,0.0,11.69664995781516,0.0,225.14022030198115,-8.165099257967938,2120.694370835106,3,0,0.5113797616988679,0.5113797616988679,0.7042330402622233,0.7042330402622233,5013.14519909835,5013.14519909835,2344.3548009016495,2344.3548009016495,asphalt,1.1575
10.766666666666781,41.618097188164946,11.56058255226804,0.0,0.0,0.0,0.0,11.56058255226804,0.0,225.33374706260457,-8.16341361120081,2097.929372212606,3,0,0.511392726146344,0.511392726146344,0.7041531019211197,0.7041531019211197,5013.018109575364,5013.018109575364,2344.481890424636,2344.481890424636,asphalt,1.1575
10.783333333333449,41.128354997167946,11.424543054768874,0.0,0.0,0.0,0.0,11.424543054768874,0.0,225.52500632423187,-8.161745824848055,2075.1694016168826,3,0,0.5114055542101771,0.5114055542101771,0.7040735848559083,0.7040735848559083,5012.892363353453,5012.892363353453,2344.6076366465463,2344.6076366465463,asphalt,1.1575
10.800000000000116,40.63871220405931,11.288531167794252,0.0,0.0,0.0,0.0,11.288531167794252,0.0,225.71399854889776,-8.16009588451351,2052.414409038638,3,0,0.5114182459805413,0.5114182459805413,0.7039944884444802,0.7039944884444802,5012.767959347073,5012.767959347073,2344.7320406529266,2344.7320406529266,asphalt,1.1575
10.816666666666784,40.149167738612626,11.152546594059062,0.0,0.0,0.0,0.0,11.152546594059062,0.0,225.9007241936806,-8.15846377595875,2029.6643445116376,3,0,0.511430801546633,0.511430801546633,0.7039158120701106,0.7039158120701106,5012.644896482604,5012.644896482604,2344.8551035173955,2344.8551035173955,asphalt,1.1575
10.833333333333451,39.65972053144986,11.01658903651385,0.0,0.0,0.0,0.0,11.01658903651385,0.0,226.08518371070645,-8.156849485103947,2006.9191581122664,3,0,0.5114432209966768,0.5114432209966768,0.7038375551214286,0.7038375551214286,5012.523173698289,5012.523173698289,2344.9768263017113,2344.9768263017113,asphalt,1.1575
10.850000000000119,39.170369514031854,10.880658198342182,0.0,0.0,0.0,0.0,10.880658198342182,0.0,226.26737754715302,-8.15525299802573,1984.1787999590836,3,0,0.5114555044179211,0.5114555044179211,0.703759716992418,0.703759716992418,5012.402789944262,5012.402789944262,2345.097210055738,2345.097210055738,asphalt,1.1575
10.866666666666786,38.68111361864893,10.744753782958036,0.0,0.0,0.0,0.0,10.744753782958036,0.0,226.44730614525346,-8.15367430095975,1961.4432202123776,3,0,0.5114676518966474,0.5114676518966474,0.703682297082378,0.703682297082378,5012.283744182457,5012.283744182457,2345.216255817543,2345.216255817543,asphalt,1.1575
10.883333333333454,38.191951778411386,10.608875494003163,0.0,0.0,0.0,0.0,10.608875494003163,0.0,226.62496994230023,-8.152113380298118,1938.7123690737237,3,0,0.5114796635181597,0.5114796635181597,0.7036052947959432,0.7036052947959432,5012.1660353867,5012.1660353867,2345.3339646133,2345.3339646133,asphalt,1.1575
10.900000000000121,37.70288292724013,10.47302303534448,0.0,0.0,0.0,0.0,10.47302303534448,0.0,226.80036937064878,-8.150570222589408,1915.9861967855404,3,0,0.5114915393667963,0.5114915393667963,0.7035287095430371,0.7035287095430371,5012.049662542583,5012.049662542583,2345.4503374574165,2345.4503374574165,asphalt,1.1575
10.916666666666789,37.213905999857246,10.337196111071457,0.0,0.0,0.0,0.0,10.337196111071457,0.0,226.97350485772134,-8.149044814539508,1893.2646536306488,3,0,0.5115032795259299,0.5115032795259299,0.7034525407388598,0.7034525407388598,5011.934624647462,5011.934624647462,2345.5653753525366,2345.5653753525366,asphalt,1.1575
10.933333333333456,36.725019931776586,10.201394425493495,0.0,0.0,0.0,0.0,10.201394425493495,0.0,227.14437682601064,-8.147537143010766,1870.5476899318305,3,0,0.5115148840779564,0.5115148840779564,0.7033767878039104,0.7033767878039104,5011.820920710557,5011.820920710557,2345.679079289442,2345.679079289442,asphalt,1.1575
10.950000000000124,36.236223659294424,10.06561768313734,0.0,0.0,0.0,0.0,10.06561768313734,0.0,227.31298569308345,-8.146047195021566,1847.8352560513872,3,0,0.5115263531043207,0.5115263531043207,0.7033014501639003,0.7033014501639003,5011.7085497526905,5011.7085497526905,2345.791450247309,2345.791450247309,asphalt,1.1575
10.966666666666791,35.74751611948008,9.929865588744468,0.0,0.0,0.0,0.0,9.929865588744468,0.0,227.47933187158424,-8.144574957746329,1825.127302390701,3,0,0.5115376866854893,0.5115376866854893,0.70322652724982,0.70322652724982,5011.597510806547,5011.597510806547,2345.9024891934528,2345.9024891934528,asphalt,1.1575
10.983333333333459,35.25889625016657,9.794137847268493,0.0,0.0,0.0,0.0,9.794137847268493,0.0,227.64341576923874,-8.143120418515508,1802.4237793897964,3,0,0.51154888490097,0.51154888490097,0.7031520184978743,0.7031520184978743,5011.48780291648,5011.48780291648,2346.01219708352,2346.01219708352,asphalt,1.1575
11.000000000000126,34.77036298994127,9.658434163872574,0.0,0.0,0.0,0.0,9.658434163872574,0.0,227.80523778885743,-8.141683564814315,1779.7246375269,3,0,0.5115599478293105,0.5115599478293105,0.7030779233494723,0.7030779233494723,5011.3794251385125,5011.3794251385125,2346.120574861487,2346.120574861487,asphalt,1.1575
11.016666666666794,34.28191527813655,9.52275424392682,0.0,0.0,0.0,0.0,9.52275424392682,0.0,227.96479832833893,-8.140264384283995,1757.0298273180063,3,0,0.5115708755480881,0.5115708755480881,0.7030042412512477,0.7030042412512477,5011.272376540433,5011.272376540433,2346.2276234595665,2346.2276234595665,asphalt,1.1575
11.033333333333461,33.793552054820566,9.387097793005712,0.0,0.0,0.0,0.0,9.387097793005712,0.0,228.12209778067358,-8.138862864720124,1734.3392993164364,3,0,0.5115816681339288,0.5115816681339288,0.702930971654993,0.702930971654993,5011.166656201602,5011.166656201602,2346.3333437983974,2346.3333437983974,asphalt,1.1575
11.050000000000129,33.305272260787866,9.251464516885518,0.0,0.0,0.0,0.0,9.251464516885518,0.0,228.27713653394673,-8.137478994074314,1711.653004112406,3,0,0.5115923256624932,0.5115923256624932,0.7028581140176889,0.7028581140176889,5011.062263213082,5011.062263213082,2346.4377367869174,2346.4377367869174,asphalt,1.1575
11.066666666666796,32.81707483755017,9.115854121541714,0.0,0.0,0.0,0.0,9.115854121541714,0.0,228.429914971342,-8.136112760451226,1688.9708923325877,3,0,0.5116028482084893,0.5116028482084893,0.7027856678014579,0.7027856678014579,5010.959196677509,5010.959196677509,2346.5408033224912,2346.5408033224912,asphalt,1.1575
11.083333333333464,32.32895872732707,8.980266313146409,0.0,0.0,0.0,0.0,8.980266313146409,0.0,228.5804334711447,-8.134764152111131,1666.2929146396762,3,0,0.5116132358456588,0.5116132358456588,0.7027136324735939,0.7027136324735939,5010.857455709217,5010.857455709217,2346.642544290783,2346.642544290783,asphalt,1.1575
11.100000000000131,31.840922873036785,8.844700798065773,0.0,0.0,0.0,0.0,8.844700798065773,0.0,228.728692406745,-8.133433157468204,1643.6190217319547,3,0,0.511623488646792,0.511623488646792,0.7026420075065056,0.7026420075065056,5010.757039434085,5010.757039434085,2346.742960565915,2346.742960565915,asphalt,1.1575
11.116666666666799,31.35296621828692,8.709157282857477,0.0,0.0,0.0,0.0,8.709157282857477,0.0,228.8746921466413,-8.132119765090096,1620.9491643428616,3,0,0.5116336066837248,0.5116336066837248,0.7025707923777192,0.7025707923777192,5010.657946989561,5010.657946989561,2346.8420530104386,2346.8420530104386,asphalt,1.1575
11.133333333333466,30.86508770736523,8.57363547426812,0.0,0.0,0.0,0.0,8.57363547426812,0.0,229.01843305444314,-8.130823963698788,1598.283293240557,3,0,0.5116435900273378,0.5116435900273378,0.7024999865698692,0.7024999865698692,5010.5601775246705,5010.5601775246705,2346.9398224753295,2346.9398224753295,asphalt,1.1575
11.150000000000134,30.377286285230415,8.43813507923067,0.0,0.0,0.0,0.0,8.43813507923067,0.0,229.15991548887447,-8.129545742169313,1575.6213592274905,3,0,0.5116534387475522,0.5116534387475522,0.7024295895706998,0.7024295895706998,5010.463730200039,5010.463730200039,2347.036269799961,2347.036269799961,asphalt,1.1575
11.166666666666801,29.889560897502896,8.302655804861915,0.0,0.0,0.0,0.0,8.302655804861915,0.0,229.2991398037767,-8.128285089530607,1552.9633131399708,3,0,0.5116631529133456,0.5116631529133456,0.7023596008730102,0.7023596008730102,5010.36860418774,5010.36860418774,2347.1313958122596,2347.1313958122596,asphalt,1.1575
11.183333333333469,29.401910490455634,8.167197358459898,0.0,0.0,0.0,0.0,8.167197358459898,0.0,229.4361063481118,-8.12704199496423,1530.3091058477323,3,0,0.5116727325927352,0.5116727325927352,0.7022900199746934,0.7022900199746934,5010.274798671451,5010.274798671451,2347.225201328549,2347.225201328549,asphalt,1.1575
11.200000000000136,28.91433401100496,8.031759447501377,0.0,0.0,0.0,0.0,8.031759447501377,0.0,229.57081546596515,-8.125816447804795,1507.658688253508,3,0,0.5116821778527935,0.5116821778527935,0.702220846378681,0.702220846378681,5010.182312846294,5010.182312846294,2347.317687153706,2347.317687153706,asphalt,1.1575
11.216666666666804,28.426830406701367,7.896341779639268,0.0,0.0,0.0,0.0,7.896341779639268,0.0,229.70326749654868,-8.124608437540388,1485.0120112925968,3,0,0.5116914887596427,0.5116914887596427,0.7021520795929501,0.7021520795929501,5010.091145918883,5010.091145918883,2347.4088540811163,2347.4088540811163,asphalt,1.1575
11.233333333333471,27.939398625720393,7.760944062700109,0.0,0.0,0.0,0.0,7.760944062700109,0.0,229.8334627742036,-8.123417953810446,1462.3690259324353,3,0,0.5117006653784508,0.5117006653784508,0.7020837191305249,0.7020837191305249,5010.001297107359,5010.001297107359,2347.4987028926403,2347.4987028926403,asphalt,1.1575
11.250000000000139,27.452037616853467,7.625566004681518,0.0,0.0,0.0,0.0,7.625566004681518,0.0,229.9614016284034,-8.122244986407452,1439.7296831721708,3,0,0.5117097077734429,0.5117097077734429,0.7020157645094364,0.7020157645094364,5009.912765641274,5009.912765641274,2347.5872343587253,2347.5872343587253,asphalt,1.1575
11.266666666666806,26.96474632949874,7.49020731374965,0.0,0.0,0.0,0.0,7.49020731374965,0.0,230.08708438375658,-8.121089525276304,1417.0939340422308,3,0,0.5117186160078934,0.5117186160078934,0.7019482152527322,0.7019482152527322,5009.825550761657,5009.825550761657,2347.6744492383427,2347.6744492383427,asphalt,1.1575
11.283333333333474,26.47752371365201,7.354867698236669,0.0,0.0,0.0,0.0,7.354867698236669,0.0,230.21051136000952,-8.119951560513456,1394.4617296038969,3,0,0.5117273901441327,0.5117273901441327,0.7018810708884528,0.7018810708884528,5009.739651720949,5009.739651720949,2347.7603482790505,2347.7603482790505,asphalt,1.1575
11.300000000000141,25.990368719897564,7.219546866638212,0.0,0.0,0.0,0.0,7.219546866638212,0.0,230.33168287204913,-8.11883108236735,1371.833020948878,3,0,0.5117360302435444,0.5117360302435444,0.7018143309496265,0.7018143309496265,5009.655067783021,5009.655067783021,2347.844932216978,2347.844932216978,asphalt,1.1575
11.316666666666809,25.503280299399115,7.084244527610865,0.0,0.0,0.0,0.0,7.084244527610865,0.0,230.45059922990563,-8.117728081237985,1349.2077591988839,3,0,0.5117445363665685,0.5117445363665685,0.7017479949742538,0.7017479949742538,5009.57179822314,5009.57179822314,2347.9282017768596,2347.9282017768596,asphalt,1.1575
11.333333333333476,25.01625740389068,6.948960389969633,0.0,0.0,0.0,0.0,6.948960389969633,0.0,230.56726073875518,-8.116642547676918,1326.5858955051992,3,0,0.5117529085726991,0.5117529085726991,0.7016820625053053,0.7016820625053053,5009.489842327985,5009.489842327985,2348.0101576720144,2348.0101576720144,asphalt,1.1575
11.350000000000144,24.51615064357931,6.810041845438697,0.0,0.0,0.0,0.0,6.810041845438697,0.0,230.6816372754372,-8.408115132375826,1370.1871567131384,2,0,0.509526311068207,0.509526311068207,0.7750409651757254,0.7750409651757254,5031.380993656992,5031.380993656992,2326.1190063430067,2326.1190063430067,asphalt,1.1575
11.366666666666811,24.011658493424108,6.669905137062252,0.0,0.0,0.0,0.0,6.669905137062252,0.0,230.79367821665727,-8.408212671378195,1455.1243624077092,2,0,0.509524901778724,0.509524901778724,0.7752729426879611,0.7752729426879611,5031.394909899937,5031.394909899937,2326.1050901000617,2326.1050901000617,asphalt,1.1575
11.383333333333479,23.507171983467224,6.529769995407562,0.0,0.0,0.0,0.0,6.529769995407562,0.0,230.90338355618297,-8.408013812637947,1513.1925746217487,2,0,0.5095259081205608,0.5095259081205608,0.7754250538898293,0.7754250538898293,5031.384972616838,5031.384972616838,2326.1150273831613,2326.1150273831613,asphalt,1.1575
11.400000000000146,23.002706143482953,6.389640595411931,0.0,0.0,0.0,0.0,6.389640595411931,0.0,231.0107533651092,-8.407589727401259,1550.4607124291147,2,0,0.5095287523856047,0.5095287523856047,0.7755154406805801,0.7755154406805801,5031.356886679915,5031.356886679915,2326.1431133200845,2326.1431133200845,asphalt,1.1575
11.416666666666814,22.49827235422777,6.249520098396602,0.0,0.0,0.0,0.0,6.249520098396602,0.0,231.11578777321765,-8.406995531459955,1571.6288428995836,2,0,0.5095329872068622,0.5095329872068622,0.7755581557993128,0.7755581557993128,5031.315070158448,5031.315070158448,2326.184929841551,2326.184929841551,asphalt,1.1575
11.433333333333481,21.993879170853024,6.109410880792506,0.0,0.0,0.0,0.0,6.109410880792506,0.0,231.2184869545416,-8.406273901264996,1580.3364699027695,2,0,0.5095382661885831,0.5095382661885831,0.7755640824666755,0.7755640824666755,5031.262944102271,5031.262944102271,2326.237055897728,2326.237055897728,asphalt,1.1575
11.450000000000149,21.489532960804897,5.969314711334693,0.0,0.0,0.0,0.0,5.969314711334693,0.0,231.3188511161891,-8.405457877042295,1579.4015135581326,2,0,0.5095443211463053,0.5095443211463053,0.7755416478330891,0.7755416478330891,5031.203157184526,5031.203157184526,2326.2968428154736,2326.2968428154736,asphalt,1.1575
11.466666666666816,20.98523839793556,5.829232888315434,0.0,0.0,0.0,0.0,5.829232888315434,0.0,231.41688048969002,-8.404573035303855,1571.0055292755223,2,0,0.5095509444708398,0.5095509444708398,0.7754973762584557,0.7754973762584557,5031.137759815195,5031.137759815195,2326.3622401848043,2326.3622401848043,asphalt,1.1575
11.483333333333483,20.48099884518448,5.689166345884578,0.0,0.0,0.0,0.0,5.689166345884578,0.0,231.51257532429779,-8.40363917233482,1556.8372360478074,2,0,0.5095579754640602,0.5095579754640602,0.7754363182447893,0.7754363182447893,5031.068339067833,5031.068339067833,2326.431660932167,2326.431660932167,asphalt,1.1575
11.500000000000151,19.976816650920654,5.549115736366848,0.0,0.0,0.0,0.0,5.549115736366848,0.0,231.60593588180555,-8.402671608527399,1538.203720469215,2,0,0.5095652897531346,0.5095652897531346,0.775362382877224,0.775362382877224,5030.996123222436,5030.996123222436,2326.5038767775636,2326.5038767775636,asphalt,1.1575
11.516666666666818,19.47269337839711,5.409081493999198,0.0,0.0,0.0,0.0,5.409081493999198,0.0,231.696962432534,-8.401682198802902,1516.116583407603,2,0,0.5095727910905864,0.5095727910905864,0.7752785954184066,0.7752785954184066,5030.922062753944,5030.922062753944,2326.5779372460556,2326.5779372460556,asphalt,1.1575
11.533333333333486,18.96862998339425,5.269063884276181,0.0,0.0,0.0,0.0,5.269063884276181,0.0,231.78565525222703,-8.40068011523968,1491.3586660418694,2,0,0.5095804050031535,0.5095804050031535,0.7751872968657024,0.7751872968657024,5030.846893064644,5030.846893064644,2326.653106935355,2326.653106935355,asphalt,1.1575
11.550000000000153,18.46462695173579,5.129063042148831,0.0,0.0,0.0,0.0,5.129063042148831,0.0,231.87201461964997,-8.399672453182632,1464.5357265266086,2,0,0.5095880738731612,0.5095880738731612,0.7750902985184929,0.7750902985184929,5030.771183069002,5030.771183069002,2326.7288169309973,2326.7288169309973,asphalt,1.1575
11.566666666666821,17.960684405730273,4.989079001591742,0.0,0.0,0.0,0.0,4.989079001591742,0.0,231.9560408147319,-8.398664700586806,1436.116456503203,2,0,0.5095957531297118,0.5095957531297118,0.7749890016786326,0.7749890016786326,5030.695372816807,5030.695372816807,2326.8046271831918,2326.8046271831918,asphalt,1.1575
11.583333333333488,17.456802186551688,4.849111718486579,0.0,0.0,0.0,0.0,4.849111718486579,0.0,232.0377341171285,-8.397661101414187,1406.4634647559665,2,0,0.5096034082995927,0.5096034082995927,0.7748844903353389,0.7748844903353389,5030.619802624241,5030.619802624241,2326.8801973757586,2326.8801973757586,asphalt,1.1575
11.600000000000156,16.952979917991826,4.709161088331062,0.0,0.0,0.0,0.0,4.709161088331062,0.0,232.11709480511095,-8.396664936967468,1375.857264310122,2,0,0.5096110127240768,0.5096110127240768,0.7747776029220363,0.7747776029220363,5030.544735627173,5030.544735627173,2326.9552643728257,2326.9552643728257,asphalt,1.1575
11.616666666666823,16.449217055791948,4.569226959942208,0.0,0.0,0.0,0.0,4.569226959942208,0.0,232.19412315470677,-8.395678743669777,1344.5148409430851,2,0,0.5096185457914418,0.5096185457914418,0.7746689878637627,0.7746689878637627,5030.47037524,5030.47037524,2327.029624759999,2327.029624759999,asphalt,1.1575
11.633333333333491,15.945512925812153,4.429309146058931,0.0,0.0,0.0,0.0,4.429309146058931,0.0,232.2688194390359,-8.394704481629987,1312.6040257190307,2,0,0.5096259915688306,0.5096259915688306,0.7745591465719287,0.7745591465719287,5030.396878669585,5030.396878669585,2327.103121330414,2327.103121330414,asphalt,1.1575
11.650000000000158,15.441866753561342,4.289407431544817,0.0,0.0,0.0,0.0,4.289407431544817,0.0,232.34118392779754,-8.393743665104552,1280.254618680782,2,0,0.5096333377433537,0.5096333377433537,0.7744484667195106,0.7744484667195106,5030.3243673743955,5030.3243673743955,2327.1756326256045,2327.1756326256045,asphalt,1.1575
11.666666666666826,14.93827768704119,4.149521579733664,0.0,0.0,0.0,0.0,4.149521579733664,0.0,232.41121688687375,-8.392797463458024,1247.5669973228892,2,0,0.5096405748025736,0.5096405748025736,0.7743372479915375,0.7743372479915375,5030.252935158944,5030.252935158944,2327.2470648410554,2327.2470648410554,asphalt,1.1575
11.683333333333493,14.434744814416113,4.009651337337809,0.0,0.0,0.0,0.0,4.009651337337809,0.0,232.47891857802347,-8.391866779288293,1214.6187780148111,2,0,0.5096476954003291,0.5096476954003291,0.7742257220106049,0.7742257220106049,5030.182654437413,5030.182654437413,2327.317345562587,2327.317345562587,asphalt,1.1575
11.700000000000161,13.931267177679814,3.869796438244393,0.0,0.0,0.0,0.0,3.869796438244393,0.0,232.54428925864624,-8.390952308876471,1181.4699703479962,2,0,0.5096546938660074,0.5096546938660074,0.7741140677538396,0.7741140677538396,5030.113581080322,5030.113581080322,2327.3864189196784,2327.3864189196784,asphalt,1.1575
11.716666666666828,13.427843783224247,3.7299566064511795,0.0,0.0,0.0,0.0,3.7299566064511795,0.0,232.60732918159997,-8.39005458895599,1148.1669650695744,2,0,0.5096615658248564,0.5096615658248564,0.7740024234804946,0.7740024234804946,5030.045758164385,5030.045758164385,2327.454241835614,2327.454241835614,asphalt,1.1575
11.733333333333496,12.924473443769681,3.5901315121582447,0.0,0.0,0.0,0.0,3.5901315121582447,0.0,232.66803859483932,-8.389183451718658,1115.5490891417562,2,0,0.5096682952256615,0.5096682952256615,0.7738930868017625,0.7738930868017625,5029.979343999934,5029.979343999934,2327.520656000065,2327.520656000065,asphalt,1.1575
11.750000000000163,12.421152086696258,3.450320024082294,0.0,0.0,0.0,0.0,3.450320024082294,0.0,232.72641773375318,-8.388405034782096,1089.2589208648894,2,0,0.5096744181516021,0.5096744181516021,0.7738026725187845,0.7738026725187845,5029.918916813657,5029.918916813657,2327.581083186342,2327.581083186342,asphalt,1.1575
11.766666666666831,11.917874025358017,3.310520562599449,0.0,0.0,0.0,0.0,3.310520562599449,0.0,232.78246680834968,-8.387715270678555,1068.9503916745762,2,0,0.5096798300812911,0.5096798300812911,0.7737305955249731,0.7737305955249731,5029.8655076616515,5029.8655076616515,2327.6344923383476,2327.6344923383476,asphalt,1.1575
11.783333333333498,11.414634558499195,3.1707318218053318,0.0,0.0,0.0,0.0,3.1707318218053318,0.0,232.83618600513387,-8.38709819612113,1053.2625362934177,2,0,0.509684660713985,0.509684660713985,0.7736727880750112,0.7736727880750112,5029.817836160741,5029.817836160741,2327.682163839259,2327.682163839259,asphalt,1.1575
11.800000000000166,10.911429802094982,3.030952722804162,0.0,0.0,0.0,0.0,3.030952722804162,0.0,232.88757549128667,-8.38654147921357,1041.1440414406475,2,0,0.5096890102477941,0.5096890102477941,0.7736261081691284,0.7736261081691284,5029.774913197341,5029.774913197341,2327.725086802658,2327.725086802658,asphalt,1.1575
11.816666666666833,10.408256503449845,2.8911823620694013,0.0,0.0,0.0,0.0,2.8911823620694013,0.0,232.93663541789294,-8.386035593234382,1031.782792632031,2,0,0.509692956090269,0.509692956090269,0.7735881288310814,0.7735881288310814,5029.735974657473,5029.735974657473,2327.7640253425266,2327.7640253425266,asphalt,1.1575
11.833333333333501,9.905111897591919,2.7514199715533105,0.0,0.0,0.0,0.0,2.7514199715533105,0.0,232.9833659224355,-8.38557317841115,1024.5514507598355,2,0,0.5096965580426892,0.5096965580426892,0.7735569753653934,0.7735569753653934,5029.700430235245,5029.700430235245,2327.799569764755,2327.799569764755,asphalt,1.1575
11.850000000000168,9.389726406620733,2.608257335172426,0.0,0.0,0.0,0.0,2.608257335172426,0.0,233.02774583415297,-8.794091478983752,1023.9548684007569,1,0,0.5066031047584351,0.5066031047584351,0.8784364027299992,0.8784364027299992,5060.413118666448,5060.413118666448,2297.0868813335514,2297.0868813335514,asphalt,1.1575
11.866666666666836,8.862089778181456,2.4616916050504045,0.0,0.0,0.0,0.0,2.4616916050504045,0.0,233.06969005706765,-8.793828184331858,1029.4999406441168,1,0,0.506604665471425,0.506604665471425,0.8784520046491329,0.8784520046491329,5060.397528891961,5060.397528891961,2297.102471108038,2297.102471108038,asphalt,1.1575
11.883333333333503,8.334475813984755,2.315132170551321,0.0,0.0,0.0,0.0,2.315132170551321,0.0,233.10919158014644,-8.793400980695125,1024.0908956557707,1,0,0.5066077043449323,0.5066077043449323,0.8784193622937663,0.8784193622937663,5060.367174225313,5060.367174225313,2297.132825774687,2297.132825774687,asphalt,1.1575
11.90000000000017,7.806887264996299,2.168579795832305,0.0,0.0,0.0,0.0,2.168579795832305,0.0,233.14625052035097,-8.792992897718541,1018.6096434413665,1,0,0.5066108609775695,0.5066108609775695,0.8783859903764117,0.8783859903764117,5060.33564367315,5060.33564367315,2297.16435632685,2297.16435632685,asphalt,1.1575
11.916666666666838,7.279321626604229,2.0220337851678414,0.0,0.0,0.0,0.0,2.0220337851678414,0.0,233.18086698815043,-8.792626121665492,1014.3755065798825,1,0,0.5066136961452333,0.5066136961452333,0.878358696838671,0.878358696838671,5060.307324462488,5060.307324462488,2297.192675537511,2297.192675537511,asphalt,1.1575
11.933333333333506,6.751776605280033,1.8754935014666758,0.0,0.0,0.0,0.0,1.8754935014666758,0.0,233.21304108287583,-8.79229587610915,1011.1047366425561,1,0,0.5066162481918958,0.5066162481918958,0.8783362314805684,0.8783362314805684,5060.281833490841,5060.281833490841,2297.2181665091584,2297.2181665091584,asphalt,1.1575
11.950000000000173,6.224250152029921,1.728958375563867,0.0,0.0,0.0,0.0,1.728958375563867,0.0,233.2427728939703,-8.791998470970182,1008.5781447224335,1,0,0.5066185467405104,0.5066185467405104,0.8783176285710066,0.8783176285710066,5060.258874789718,5060.258874789718,2297.2411252102816,2297.2411252102816,asphalt,1.1575
11.96666666666684,5.696740406780268,1.5824278907722966,0.0,0.0,0.0,0.0,1.5824278907722966,0.0,233.27006250195518,-8.791731055381415,1006.6264126064026,1,0,0.5066206146768442,0.5066206146768442,0.8783021421140405,0.8783021421140405,5060.2382197021,5060.2382197021,2297.2617802978993,2297.2617802978993,asphalt,1.1575
11.983333333333508,5.169245655414515,1.4359015709484764,0.0,0.0,0.0,0.0,1.4359015709484764,0.0,233.29490997917625,-8.791491426784237,1005.1187460052357,1,0,0.5066224696819865,0.5066224696819865,0.8782891958477397,0.8782891958477397,5060.219691570244,5060.219691570244,2297.280308429755,2297.280308429755,asphalt,1.1575
12.000000000000176,4.641764296582948,1.289378971273041,0.0,0.0,0.0,0.0,1.289378971273041,0.0,233.31731539038043,-8.791277883460626,1003.9541094438944,1,0,0.5066241254162164,0.5066241254162164,0.8782783446221207,0.8782783446221207,5060.203153907441,5060.203153907441,2297.2968460925576,2297.2968460925576,asphalt,1.1575
12.016666666666843,4.114294816061718,1.142859671128255,0.0,0.0,0.0,0.0,1.142859671128255,0.0,233.33727879316112,-8.791089110619481,1003.0544554229302,1,0,0.5066255924335331,0.5066255924335331,0.8782692445662296,0.8782692445662296,5060.188501261062,5060.188501261062,2297.3114987389376,2297.3114987389376,asphalt,1.1575
12.03333333333351,3.586835766943415,0.9963432685953931,0.0,0.0,0.0,0.0,0.9963432685953931,0.0,233.35480023830257,-8.790924092401271,1002.3594941068395,1,0,0.5066268788881224,0.5066268788881224,0.8782616300440712,0.8782616300440712,5060.175652154567,5060.175652154567,2297.324347845433,2297.324347845433,asphalt,1.1575
12.050000000000178,3.059385754332335,0.8498293762034264,0.0,0.0,0.0,0.0,0.8498293762034264,0.0,233.36987977004569,-8.790782043904546,1001.8226530328177,1,0,0.5066279910800955,0.5066279910800955,0.8782552958543607,0.8782552958543607,5060.164543635413,5060.164543635413,2297.3354563645867,2297.3354563645867,asphalt,1.1575
12.066666666666846,2.5319434235194866,0.7033176176443018,0.0,0.0,0.0,0.0,0.7033176176443018,0.0,233.3825174262935,-8.79066235867863,1001.4079560819457,1,0,0.5066289338770654,0.5066289338770654,0.8782500834807678,0.8782500834807678,5060.15512706348,5060.15512706348,2297.3448729365196,2297.3448729365196,asphalt,1.1575
12.083333333333513,2.0045074508455945,0.5568076252348874,0.0,0.0,0.0,0.0,0.5568076252348874,0.0,233.39271323877006,-8.790564568163077,1001.0876125587234,1,0,0.5066297110398095,0.5066297110398095,0.8782458704709061,0.8782458704709061,5060.147364857754,5060.147364857754,2297.352635142245,2297.352635142245,asphalt,1.1575
12.10000000000018,1.4770765366404845,0.4102990379556901,0.0,0.0,0.0,0.0,0.4102990379556901,0.0,233.40046723314296,-8.790488310356169,1000.840154812399,1,0,0.5066303254738364,0.5066303254738364,0.8782425622321032,0.8782425622321032,5060.14122798326,5060.14122798326,2297.358772016739,2297.358772016739,asphalt,1.1575
12.116666666666848,0.9496493997664182,0.26379149993511614,0.0,0.0,0.0,0.0,0.26379149993511614,0.0,233.40577942911824,-8.790433305612156,1000.6489995937759,1,0,0.5066307794237199,0.5066307794237199,0.8782400856939891,0.8782400856939891,5060.136694009774,5060.136694009774,2297.3633059902254,2297.3633059902254,asphalt,1.1575
12.133333333333516,0.4222247734004274,0.1172846592778965,0.0,0.0,0.0,0.0,0.1172846592778965,0.0,233.4086498405134,-8.790399337945416,1000.5013367375932,1,0,0.5066310746232168,0.5066310746232168,0.8782383844131212,0.8782383844131212,5060.13374561225,5060.13374561225,2297.36625438775,2297.36625438775,asphalt,1.1575
12.150000000000183,0.09857684757411408,0.027382457659476132,0.0,0.0,0.0,0.0,-0.027382457659476132,0.0,233.40908613937725,-8.348936197111895,1000.3872706961158,1,0,0.5066312124112301,0.5066312124112301,0.8782374147915057,0.8782374147915057,5060.132369412445,5060.132369412445,2297.367630587555,2297.367630587555,asphalt,1.1575
12.16666666666685,0.03710879186761247,0.010307997741003463,0.0,0.0,0.0,0.0,0.010307997741003463,0.0,233.40914773377978,6.092515409982864,1000.2991573942697,1,0,0.5066312295634011,0.5066312295634011,0.25454406366882293,0.25454406366882293,5060.132198099958,5060.132198099958,2297.367801900041,2297.367801900041,asphalt,1.1575
12.183333333333518,0.05044899645324418,0.01401361012590116,0.0,0.0,0.0,0.0,-0.01401361012590116,0.0,233.40907001567538,-8.790383829665346,1000.2310919660173,1,0,0.6450666750804357,0.6450666750804357,0.596349734288681,0.596349734288681,3974.1953759385733,3974.1953759385733,3383.3046240614262,3383.3046240614262,asphalt,1.1575
12.200000000000186,0.12476322117235118,0.03465645032565311,0.0,0.0,0.0,0.0,-0.03465645032565311,0.0,233.40886831348885,-8.348932685902783,1000.178513042902,1,0,0.6505001121324246,0.6505001121324246,0.5905553619648963,0.5905553619648963,3941.000085108136,3941.000085108136,3416.499914891863,3416.499914891863,asphalt,1.1575
12.216666666666853,0.010922605000466835,0.0030340569445741206,0.0,0.0,0.0,0.0,0.0030340569445741206,0.0,233.40880867523848,6.092518251085495,1000.1378970763689,1,0,0.5066312522731999,0.5066312522731999,0.25454466557231026,0.25454466557231026,5060.131971279005,5060.131971279005,2297.3680287209945,2297.3680287209945,asphalt,1.1575
12.23333333333352,0.07001328967828079,0.019448136021744663,0.0,0.0,0.0,0.0,-0.019448136021744663,0.0,233.40864038146645,-8.790381632173192,1000.1065222090328,1,0,0.6450667023579477,0.6450667023579477,0.5963493757652572,0.5963493757652572,3974.1952078843833,3974.1952078843833,3383.3047921156162,3383.3047921156162,asphalt,1.1575
12.250000000000188,0.07229434671316938,0.020081762975880383,0.0,0.0,0.0,0.0,0.020081762975880383,0.0,233.408614151925,5.651068932594623,1000.082285870854,1,0,0.6505001347020609,0.6505001347020609,0.1711644268995523,0.1711644268995523,3940.999948371902,3940.999948371902,3416.5000516280975,3416.5000516280975,asphalt,1.1575
12.266666666666856,0.002019751021455013,0.0005610419504041703,0.0,0.0,0.0,0.0,-0.0005610419504041703,0.0,233.40847160302533,6.0925195834661805,1000.0635638765256,1,0,0.5099767845379584,0.5099767845379584,0.25091935163717083,0.25091935163717083,5026.936666537462,5026.936666537462,2330.5633334625377,2330.5633334625377,asphalt,1.1575
12.283333333333523,0.08957734042594456,0.02488259456276238,0.0,0.0,0.0,0.0,-0.02488259456276238,0.0,233.4084557904004,-8.790380592039092,1000.04910158156,1,0,0.6505001382976432,0.6505001382976432,0.5905549961986735,0.5905549961986735,3940.999926588372,3940.999926588372,3416.5000734116275,3416.5000734116275,asphalt,1.1575
12.30000000000019,0.05273034955057119,0.014647319319603107,0.0,0.0,0.0,0.0,0.014647319319603107,0.0,233.4083389867112,5.651069678643583,1000.0379298029552,1,0,0.6505001465934518,0.6505001465934518,0.17116453926576375,0.17116453926576375,3940.999876328919,3940.999876328919,3416.5001236710805,3416.5001236710805,asphalt,1.1575
12.316666666666858,0.021583704956832168,0.005995473599120046,0.0,0.0,0.0,0.0,-0.005995473599120046,0.0,233.40810586387855,6.092520307130905,1000.0292998699128,1,0,0.509976789227408,0.509976789227408,0.2509194779928152,0.2509194779928152,5026.936620312679,5026.936620312679,2330.56337968732,2330.56337968732,asphalt,1.1575
12.333333333333526,0.10251951079250111,0.028477641886805863,0.0,0.0,0.0,0.0,-0.028477641886805863,0.0,233.4080071415532,-8.348930064078715,1000.0226334520621,1,0,0.6505001452353464,0.6505001452353464,0.5905549197285214,0.5905549197285214,3940.9998845568857,3940.9998845568857,3416.500115443114,3416.500115443114,asphalt,1.1575
12.350000000000193,0.0331664436199331,0.009212901005536973,0.0,0.0,0.0,0.0,0.009212901005536973,0.0,233.4080504838261,6.09252016379224,1000.0174838029578,1,0,0.5066312677735577,0.5066312677735577,0.25454511662674223,0.25454511662674223,5060.131816464524,5060.131816464524,2297.3681835354764,2297.3681835354764,asphalt,1.1575
12.36666666666686,0.04776935166831939,0.01326926435231094,0.0,0.0,0.0,0.0,-0.01326926435231094,0.0,233.40798517108732,-8.790380186149704,1000.0135058216055,1,0,0.6450667227261002,0.6450667227261002,0.5963491080554085,0.5963491080554085,3974.195082398118,3974.195082398118,3383.3049176018817,3383.3049176018817,asphalt,1.1575
12.383333333333528,0.12208338956787132,0.03391205265774203,0.0,0.0,0.0,0.0,-0.03391205265774203,0.0,233.40779587522155,-8.348929858871392,1000.0104329257016,1,0,0.650500149342725,0.650500149342725,0.5905548835271074,0.5905548835271074,3940.999859672681,3940.999859672681,3416.500140327318,3416.500140327318,asphalt,1.1575
12.400000000000196,0.013602580579711724,0.003778494605475479,0.0,0.0,0.0,0.0,0.003778494605475479,0.0,233.4077486440289,6.092520419421535,1000.0080591867621,1,0,0.5066312697330666,0.5066312697330666,0.25454515110438547,0.25454515110438547,5060.131796893342,5060.131796893342,2297.3682031066583,2297.3682031066583,asphalt,1.1575
12.416666666666863,0.06733320282023957,0.018703667450066547,0.0,0.0,0.0,0.0,-0.018703667450066547,0.0,233.40759275788378,-8.790379957588764,1000.0062255299351,1,0,0.6450667243202934,0.6450667243202934,0.5963490871020501,0.5963490871020501,3974.195072576444,3974.195072576444,3383.3049274235555,3383.3049274235555,asphalt,1.1575
12.43333333333353,0.07497451942836579,0.020826255396768276,0.0,0.0,0.0,0.0,0.020826255396768276,0.0,233.40757893640819,5.651070235719238,1000.0048090736841,1,0,0.6505001517055211,0.6505001517055211,0.17116462431319193,0.17116462431319193,3940.9998453578814,3940.9998453578814,3416.500154642118,3416.500154642118,asphalt,1.1575
12.450000000000198,0.0006604877472939433,0.00018346881869276202,0.0,0.0,0.0,0.0,0.00018346881869276202,0.0,233.40744879591284,6.09252057208687,1000.0037148949472,1,0,0.5099767927290255,0.5099767927290255,0.25091957234272366,0.25091957234272366,5026.9365857965795,5026.9365857965795,2330.5634142034205,2330.5634142034205,asphalt,1.1575
12.466666666666866,0.08027528941587656,0.022298691504410155,0.0,0.0,0.0,0.0,-0.022298691504410155,0.0,233.40723299268922,-8.790379846303914,1000.0028696679184,1,0,0.6450667250551393,0.6450667250551393,0.5963490774435662,0.5963490774435662,3974.1950680491277,3974.1950680491277,3383.304931950872,3383.304931950872,asphalt,1.1575
12.483333333333533,0.06203243829354422,0.017231232859317838,0.0,0.0,0.0,0.0,0.017231232859317838,0.0,233.40715925416305,5.651070279320945,1000.0022167501583,1,0,0.6505001535450113,0.6505001535450113,0.17116463053287867,0.17116463053287867,3940.999834213487,3940.999834213487,3416.5001657865128,3416.5001657865128,asphalt,1.1575
12.5000000000002,0.012281587909649108,0.0034115521971247523,0.0,0.0,0.0,0.0,-0.0034115521971247523,0.0,233.4069691966413,6.092520697590641,1000.0017123867304,1,0,0.5099767930030934,0.5099767930030934,0.2509195797273885,0.2509195797273885,5026.936583095042,5026.936583095042,2330.563416904958,2330.563416904958,asphalt,1.1575
12.516666666666868,0.09321737133431998,0.025893714259533327,0.0,0.0,0.0,0.0,-0.025893714259533327,0.0,233.40691353973975,-8.348929705642835,1000.0013227779881,1,0,0.6505001494412156,0.6505001494412156,0.5905548596041339,0.5905548596041339,3940.999859075984,3940.999859075984,3416.500140924015,3416.500140924015,asphalt,1.1575
12.533333333333536,0.04246859908773296,0.011796833079925823,0.0,0.0,0.0,0.0,0.011796833079925823,0.0,233.40699994752077,6.092520404301221,1000.0010218145088,1,0,0.5066312695969223,0.5066312695969223,0.25454517861873616,0.25454517861873616,5060.131798253124,5060.131798253124,2297.3682017468755,2297.3682017468755,asphalt,1.1575
12.550000000000203,0.03184542083195133,0.00884595023109759,0.0,0.0,0.0,0.0,-0.00884595023109759,0.0,233.40671931668635,6.092520875129007,1000.0007893273851,1,0,0.5099767931294253,0.5099767931294253,0.2509195831313614,0.2509195831313614,5026.936581849764,5026.936581849764,2330.5634181502364,2330.5634181502364,asphalt,1.1575
12.56666666666687,0.11278120063740452,0.03132811128816792,0.0,0.0,0.0,0.0,-0.03132811128816792,0.0,233.40657308649466,-8.348929693649803,1000.000609736616,1,0,0.6505001508257015,0.6505001508257015,0.5905548562899207,0.5905548562899207,3940.999850688195,3940.999850688195,3416.5001493118048,3416.5001493118048,asphalt,1.1575
12.583333333333538,0.02290477542933585,0.006362437619259958,0.0,0.0,0.0,0.0,0.006362437619259958,0.0,233.406568921009,6.092520497393009,1000.0004710070218,1,0,0.5066312704578332,0.5066312704578332,0.2545451798077489,0.2545451798077489,5060.131789654519,5060.131789654519,2297.368210345481,2297.368210345481,asphalt,1.1575
12.600000000000206,0.058031003231019354,0.0161197231197276,0.0,0.0,0.0,0.0,-0.0161197231197276,0.0,233.40645610059568,-8.79037990596691,1000.0003638417126,1,0,0.6450667256038496,0.6450667256038496,0.5963490702315648,0.5963490702315648,3974.1950646685755,3974.1950646685755,3383.304935331424,3383.304935331424,asphalt,1.1575
12.616666666666873,0.08427672244317262,0.023410200678659062,0.0,0.0,0.0,0.0,0.023410200678659062,0.0,233.40648534486877,5.6510703118783905,1000.0002810590621,1,0,0.650500151900305,0.650500151900305,0.17116463609323626,0.17116463609323626,3940.9998441778007,3940.9998441778007,3416.500155822199,3416.500155822199,asphalt,1.1575
12.63333333333354,0.003340941741805499,0.0009280393727237497,0.0,0.0,0.0,0.0,0.0009280393727237497,0.0,233.40638294200582,6.092520613428833,1000.0002171114352,1,0,0.5066312710683016,0.5066312710683016,0.25454518011941557,0.25454518011941557,5060.131783557281,5060.131783557281,2297.368216442719,2297.368216442719,asphalt,1.1575
12.650000000000208,0.07759483292661638,0.02155412025739344,0.0,0.0,0.0,0.0,-0.02155412025739344,0.0,233.40617954829898,-8.79037981121254,1000.0001677134155,1,0,0.6450667256467967,0.6450667256467967,0.5963490696670893,0.5963490696670893,3974.195064403983,3974.195064403983,3383.3049355960165,3383.3049355960165,asphalt,1.1575
12.666666666666876,0.06471289654663814,0.01797580459628837,0.0,0.0,0.0,0.0,0.01797580459628837,0.0,233.40611821929872,5.651070314426628,1000.0001295546214,1,0,0.6505001537359005,0.6505001537359005,0.17116463593222164,0.17116463593222164,3940.9998330570015,3940.9998330570015,3416.500166942998,3416.500166942998,asphalt,1.1575
12.683333333333543,0.009601128546693502,0.0026669801518593057,0.0,0.0,0.0,0.0,-0.0026669801518593057,0.0,233.4059405713094,6.092520704687528,1000.0001000778612,1,0,0.5099767932237576,0.5099767932237576,0.25091958567311223,0.25091958567311223,5026.936580919913,5026.936580919913,2330.5634190800865,2330.5634190800865,asphalt,1.1575
12.70000000000021,0.09053691097007828,0.025149141936132855,0.0,0.0,0.0,0.0,-0.025149141936132855,0.0,233.4058973239449,-8.348929684694589,1000.0000773077657,1,0,0.650500149577629,0.650500149577629,0.5905548562048125,0.5905548562048125,3940.9998582495355,3940.9998582495355,3416.5001417504636,3416.5001417504636,asphalt,1.1575
12.716666666666878,0.0517708214431217,0.014380783734200472,0.0,0.0,0.0,0.0,0.014380783734200472,0.0,233.4057760779263,5.651070315601241,1000.0000597184087,1,0,0.6505001551340076,0.6505001551340076,0.1711646356904611,0.1711646356904611,3940.9998245866873,3940.9998245866873,3416.5001754133123,3416.5001754133123,asphalt,1.1575
12.733333333333546,0.022543200198885872,0.006262000055246075,0.0,0.0,0.0,0.0,-0.006262000055246075,0.0,233.40553851293197,6.092520807111409,1000.0000461310492,1,0,0.5099767932311409,0.5099767932311409,0.25091958587205226,0.25091958587205226,5026.936580847135,5026.936580847135,2330.563419152865,2330.563419152865,asphalt,1.1575
12.750000000000213,0.10347898070737634,0.028744161307604536,0.0,0.0,0.0,0.0,-0.028744161307604536,0.0,233.40543534857466,-8.348929683993676,1000.0000356351374,1,0,0.6505001503275007,0.6505001503275007,0.5905548553105728,0.5905548553105728,3940.999853706501,3940.999853706501,3416.5001462934983,3416.5001462934983,asphalt,1.1575
12.76666666666688,0.03220699340941696,0.008946387058171378,0.0,0.0,0.0,0.0,0.008946387058171378,0.0,233.40547424891605,6.092520461509972,1000.0000275272953,1,0,0.5066312701699929,0.5066312701699929,0.25454518185068226,0.25454518185068226,5060.131792529409,5060.131792529409,2297.3682074705907,2297.3682074705907,asphalt,1.1575
12.783333333333548,0.048728786663223146,0.01353577407311754,0.0,0.0,0.0,0.0,-0.01353577407311754,0.0,233.40540449432345,-8.790379953490332,1000.0000212641803,1,0,0.6450667256788652,0.6450667256788652,0.5963490692455949,0.5963490692455949,3974.195064206412,3974.195064206412,3383.3049357935874,3383.3049357935874,asphalt,1.1575
12.800000000000216,0.12304281276282526,0.034178559100784794,0.0,0.0,0.0,0.0,-0.034178559100784794,0.0,233.4052107566643,-8.348929683670587,1000.0000164260731,1,0,0.6505001517393677,0.6505001517393677,0.5905548537818128,0.5905548537818128,3940.9998451528254,3940.9998451528254,3416.500154847174,3416.500154847174,asphalt,1.1575
12.816666666666883,0.01264316662104804,0.0035119907280689,0.0,0.0,0.0,0.0,0.0035119907280689,0.0,233.40515908372524,6.092520560240992,1000.0000126887504,1,0,0.5066312708481829,0.5066312708481829,0.2545451811578712,0.2545451811578712,5060.131785755782,5060.131785755782,2297.3682142442167,2297.3682142442167,asphalt,1.1575
12.83333333333355,0.06829260966549791,0.018970169351527198,0.0,0.0,0.0,0.0,-0.018970169351527198,0.0,233.40499875587,-8.790379848558059,1000.0000098017576,1,0,0.6450667256813752,0.6450667256813752,0.5963490692126048,0.5963490692126048,3974.195064190948,3974.195064190948,3383.304935809051,3383.304935809051,asphalt,1.1575
12.850000000000218,0.07401511811312542,0.020559755031423727,0.0,0.0,0.0,0.0,0.020559755031423727,0.0,233.4049804927126,5.651070316478326,1000.0000075716245,1,0,0.6505001528630736,0.6505001528630736,0.17116463651608732,0.17116463651608732,3940.9998383449483,3940.9998383449483,3416.5001616550508,3416.5001616550508,asphalt,1.1575
12.866666666666886,0.0002989091993410312,8.303033315028643e-05,0.0,0.0,0.0,0.0,-8.303033315028643e-05,0.0,233.40484591055753,6.0925206408585835,1000.0000058488996,1,0,0.5099767932366539,0.5099767932366539,0.250919586020601,0.250919586020601,5026.936580792791,5026.936580792791,2330.563419207209,2330.563419207209,asphalt,1.1575
12.883333333333553,0.08785644420750922,0.02440456783541923,0.0,0.0,0.0,0.0,-0.02440456783541923,0.0,233.40483806495547,-8.790379771667572,1000.0000045181356,1,0,0.6505001491552647,0.6505001491552647,0.5905548564568015,0.5905548564568015,3940.999860808394,3940.999860808394,3416.5001391916057,3416.5001391916057,asphalt,1.1575
12.90000000000022,0.05445128764547182,0.015125357679297728,0.0,0.0,0.0,0.0,0.015125357679297728,0.0,233.40472922850333,5.651070316546975,1000.0000034901523,1,0,0.6505001548477238,0.6505001548477238,0.17116463592437192,0.17116463592437192,3940.999826321114,3940.999826321114,3416.5001736788854,3416.5001736788854,asphalt,1.1575
12.916666666666888,0.019862734665537594,0.005517426295982664,0.0,0.0,0.0,0.0,-0.005517426295982664,0.0,233.40450407307299,6.092520785812741,1000.0000026960595,1,0,0.5099767932370854,0.5099767932370854,0.25091958603222786,0.25091958603222786,5026.936580788537,5026.936580788537,2330.563419211462,2330.563419211462,asphalt,1.1575
12.933333333333556,0.100798515523607,0.027999587645446387,0.0,0.0,0.0,0.0,-0.027999587645446387,0.0,233.40441331827734,-8.348929683429338,1000.0000020826419,1,0,0.6505001501691262,0.6505001501691262,0.5905548553886978,0.5905548553886978,3940.9998546659995,3940.9998546659995,3416.500145334,3416.500145334,asphalt,1.1575
12.950000000000223,0.03488745793533522,0.009690960537593118,0.0,0.0,0.0,0.0,0.009690960537593118,0.0,233.40446462817775,6.092520450628974,1000.0000016087913,1,0,0.5066312700644651,0.5066312700644651,0.2545451820682428,0.2545451820682428,5060.1317935833995,5060.1317935833995,2297.3682064166005,2297.3682064166005,asphalt,1.1575
12.96666666666689,0.03280480963105499,0.009112447119737497,0.0,0.0,0.0,0.0,-0.009112447119737497,0.0,233.40417955572653,6.092520897047787,1000.000001242753,1,0,0.5099767932372844,0.5099767932372844,0.2509195860375872,0.2509195860375872,5026.936580786577,5026.936580786577,2330.563419213423,2330.563419213423,asphalt,1.1575
12.983333333333558,0.11374058861942858,0.03159460794984127,0.0,0.0,0.0,0.0,-0.03159460794984127,0.0,233.40402888392242,-8.348929683410455,1000.0000009599971,1,0,0.6505001510302894,0.6505001510302894,0.5905548544839355,0.5905548544839355,3940.9998494487163,3940.9998494487163,3416.500150551283,3416.500150551283,asphalt,1.1575
13.000000000000226,0.021945388228973614,0.006095941174714892,0.0,0.0,0.0,0.0,0.006095941174714892,0.0,233.4040202768281,6.092520510132076,1000.0000007415749,1,0,0.5066312705545124,0.5066312705545124,0.2545451815293117,0.2545451815293117,5060.131788688905,5060.131788688905,2297.3682113110945,2297.3682113110945,asphalt,1.1575
13.016666666666893,0.058990389841424906,0.016386219400395807,0.0,0.0,0.0,0.0,-0.016386219400395807,0.0,233.40390301480906,-8.790379894720592,1000.000000572849,1,0,0.6450667256833961,0.6450667256833961,0.5963490691860431,0.5963490691860431,3974.195064178498,3974.195064178498,3383.304935821502,3383.304935821502,asphalt,1.1575
13.03333333333356,0.08331733630403353,0.0231437045288982,0.0,0.0,0.0,0.0,0.0231437045288982,0.0,233.40392781747892,5.651070316598234,1000.0000004425123,1,0,0.6505001520430678,0.6505001520430678,0.17116463678361807,0.17116463678361807,3940.9998433128844,3940.9998433128844,3416.500156687115,3416.500156687115,asphalt,1.1575
13.050000000000228,0.002381556121301358,0.0006615433670281549,0.0,0.0,0.0,0.0,0.0006615433670281549,0.0,233.403820973015,6.092520623274249,1000.0000003418302,1,0,0.5066312711204259,0.5066312711204259,0.25454518090460687,0.25454518090460687,5060.131783036674,5060.131783036674,2297.3682169633253,2297.3682169633253,asphalt,1.1575
13.066666666666896,0.0785542181754344,0.021820616159842886,0.0,0.0,0.0,0.0,-0.021820616159842886,0.0,233.40361313770913,-8.790379804629866,1000.0000002640556,1,0,0.6450667256834637,0.6450667256834637,0.5963490691851545,0.5963490691851545,3974.1950641780813,3974.1950641780813,3383.304935821918,3383.304935821918,asphalt,1.1575
13.083333333333563,0.063753511641579,0.0177093087893275,0.0,0.0,0.0,0.0,0.0177093087893275,0.0,233.40354736711157,5.6510703166022465,1000.0000002039768,1,0,0.6505001538619841,0.6505001538619841,0.1711646362321588,0.1711646362321588,3940.999832293134,3940.999832293134,3416.5001677068653,3416.5001677068653,asphalt,1.1575
13.10000000000023,0.010560513095283872,0.0029334758598010754,0.0,0.0,0.0,0.0,-0.0029334758598010754,0.0,233.40336527752646,6.092520713473905,1000.0000001575673,1,0,0.509976793237433,0.509976793237433,0.25091958604158904,0.25091958604158904,5026.936580785113,5026.936580785113,2330.563419214887,2330.563419214887,asphalt,1.1575
13.116666666666898,0.09149629529412716,0.025415637581701987,0.0,0.0,0.0,0.0,-0.025415637581701987,0.0,233.4033175885675,-8.348929683396356,1000.0000001217169,1,0,0.6505001496445084,0.6505001496445084,0.5905548559329606,0.5905548559329606,3940.999857844352,3940.999857844352,3416.5001421556476,3416.5001421556476,asphalt,1.1575
13.133333333333566,0.044189675844276195,0.012274909956743386,0.0,0.0,0.0,0.0,0.012274909956743386,0.0,233.4034119642953,6.0925204154485835,1000.0000000940233,1,0,0.5066312696556713,0.5066312696556713,0.254545182526518,0.254545182526518,5060.1317976663495,5060.1317976663495,2297.3682023336496,2297.3682023336496,asphalt,1.1575
13.150000000000233,0.03012434367473831,0.008367873242982864,0.0,0.0,0.0,0.0,-0.008367873242982864,0.0,233.4031393014102,6.092520873030477,1000.0000000726308,1,0,0.5099767932374446,0.5099767932374446,0.2509195860419023,0.2509195860419023,5026.936580784998,5026.936580784998,2330.5634192150014,2330.5634192150014,asphalt,1.1575
13.1666666666669,0.11106012304908262,0.030850034180300728,0.0,0.0,0.0,0.0,-0.030850034180300728,0.0,233.40300103916965,-8.348929683395253,1000.0000000561055,1,0,0.6505001508397247,0.6505001508397247,0.5905548546811351,0.5905548546811351,3940.9998506032357,3940.9998506032357,3416.500149396764,3416.500149396764,asphalt,1.1575
13.183333333333568,0.02462585308324024,0.006840514745344511,0.0,0.0,0.0,0.0,0.006840514745344511,0.0,233.40300484163598,6.092520496819123,1000.0000000433402,1,0,0.5066312704606941,0.5066312704606941,0.2545451816358493,0.2545451816358493,5060.131789625944,5060.131789625944,2297.3682103740557,2297.3682103740557,asphalt,1.1575
13.200000000000236,0.05630992550354411,0.0156416459732067,0.0,0.0,0.0,0.0,-0.0156416459732067,0.0,233.40289998917515,-8.79037990923038,1000.0000000334794,1,0,0.6450667256835142,0.6450667256835142,0.5963490691844908,0.5963490691844908,3974.1950641777703,3974.1950641777703,3383.3049358222297,3383.3049358222297,asphalt,1.1575
13.216666666666903,0.12400219979534506,0.03444505549870696,0.0,0.0,0.0,0.0,-0.03444505549870696,0.0,233.40269414584517,-8.348929683394745,1000.0000000258619,1,0,0.6505001518209654,0.6505001518209654,0.5905548536534814,0.5905548536534814,3940.9998446584723,3940.9998446584723,3416.5001553415273,3416.5001553415273,asphalt,1.1575
13.23333333333357,0.011683779870908939,0.003245494408585816,0.0,0.0,0.0,0.0,0.003245494408585816,0.0,233.40263803130034,6.092520566002102,1000.0000000199777,1,0,0.5066312708776431,0.5066312708776431,0.25454518117453,0.25454518117453,5060.13178546154,5060.13178546154,2297.36821453846,2297.36821453846,asphalt,1.1575
13.250000000000238,0.0692519962196897,0.01923666561658047,0.0,0.0,0.0,0.0,-0.01923666561658047,0.0,233.40247326184033,-8.790379843975773,1000.0000000154323,1,0,0.6450667256835181,0.6450667256835181,0.596349069184439,0.596349069184439,3974.1950641777457,3974.1950641777457,3383.304935822254,3383.304935822254,asphalt,1.1575
13.266666666666906,0.07305573174739557,0.020293258818720992,0.0,0.0,0.0,0.0,0.020293258818720992,0.0,233.40245055707913,5.651070316605476,1000.000000011921,1,0,0.6505001529539518,0.6505001529539518,0.17116463650826963,0.17116463650826963,3940.9998377943703,3940.9998377943703,3416.500162205629,3416.500162205629,asphalt,1.1575
13.283333333333573,0.0012582953232400608,0.00034952647867779463,0.0,0.0,0.0,0.0,-0.00034952647867779463,0.0,233.4023115333212,6.092520647411151,1000.0000000092086,1,0,0.5099767932374533,0.5099767932374533,0.25091958604213604,0.25091958604213604,5026.936580784913,5026.936580784913,2330.5634192150874,2330.5634192150874,asphalt,1.1575
13.30000000000024,0.08881583014215905,0.024671063928377514,0.0,0.0,0.0,0.0,-0.024671063928377514,0.0,233.40229924611725,-8.790379768544057,1000.0000000071135,1,0,0.6505001491978757,0.6505001491978757,0.5905548564003837,0.5905548564003837,3940.9998605502383,3940.9998605502383,3416.5001394497613,3416.5001394497613,asphalt,1.1575
13.316666666666908,0.05349190193584282,0.014858861648845229,0.0,0.0,0.0,0.0,0.014858861648845229,0.0,233.4021859680643,5.651070316605585,1000.000000005495,1,0,0.6505001549546993,0.6505001549546993,0.17116463590101355,0.17116463590101355,3940.9998256730123,3940.9998256730123,3416.5001743269872,3416.5001743269872,asphalt,1.1575
13.333333333333576,0.02082212011629418,0.005783922254526161,0.0,0.0,0.0,0.0,-0.005783922254526161,0.0,233.40195637103415,6.0925207936823975,1000.0000000042448,1,0,0.5099767932374539,0.5099767932374539,0.2509195860421544,0.2509195860421544,5026.936580784906,5026.936580784906,2330.5634192150937,2330.5634192150937,asphalt,1.1575
13.350000000000243,0.10175790083353954,0.028266083564872094,0.0,0.0,0.0,0.0,-0.028266083564872094,0.0,233.40186117463958,-8.348929683394363,1000.000000003279,1,0,0.6505001502282004,0.6505001502282004,0.5905548553213973,0.5905548553213973,3940.9998543081037,3940.9998543081037,3416.500145691896,3416.500145691896,asphalt,1.1575
13.36666666666691,0.03392807287208576,0.00942446468669049,0.0,0.0,0.0,0.0,0.00942446468669049,0.0,233.40190804294207,6.092520454646255,1000.0000000025329,1,0,0.5066312701041591,0.5066312701041591,0.25454518203056176,0.25454518203056176,5060.131793186944,5060.131793186944,2297.3682068130556,2297.3682068130556,asphalt,1.1575
13.383333333333578,0.03376419446655365,0.009378942907376012,0.0,0.0,0.0,0.0,-0.009378942907376012,0.0,233.4016185288938,6.092520905799356,1000.0000000019567,1,0,0.5099767932374542,0.5099767932374542,0.2509195860421629,0.2509195860421629,5026.936580784903,5026.936580784903,2330.5634192150965,2330.5634192150965,asphalt,1.1575
13.400000000000245,0.11469997331535274,0.03186110369870909,0.0,0.0,0.0,0.0,-0.03186110369870909,0.0,233.40146341549365,-8.348929683394335,1000.0000000015116,1,0,0.6505001511003631,0.6505001511003631,0.5905548544080468,0.5905548544080468,3940.999849024181,3940.999849024181,3416.5001509758185,3416.5001509758185,asphalt,1.1575
13.416666666666913,0.020986003792362144,0.005829445497878373,0.0,0.0,0.0,0.0,0.005829445497878373,0.0,233.4014503668043,6.092520515041115,1000.0000000011677,1,0,0.5066312705872659,0.5066312705872659,0.25454518149594463,0.25454518149594463,5060.13178836177,5060.13178836177,2297.3682116382292,2297.3682116382292,asphalt,1.1575
13.43333333333358,0.05994977409236034,0.01665271502565565,0.0,0.0,0.0,0.0,-0.01665271502565565,0.0,233.4013286631911,-8.790379889641871,1000.000000000902,1,0,0.6450667256835213,0.6450667256835213,0.5963490691843971,0.5963490691843971,3974.195064177726,3974.195064177726,3383.3049358222734,3383.3049358222734,asphalt,1.1575
13.450000000000248,0.08235795221408294,0.022877208948356372,0.0,0.0,0.0,0.0,0.022877208948356372,0.0,233.40134902426772,5.651070316605665,1000.0000000006967,1,0,0.6505001521242755,0.6505001521242755,0.17116463676012492,0.17116463676012492,3940.9998428208946,3940.9998428208946,3416.5001571791045,3416.5001571791045,asphalt,1.1575
13.466666666666915,0.001422172308743272,0.00039504786353979776,0.0,0.0,0.0,0.0,0.00039504786353979776,0.0,233.4012377382116,6.092520629546607,1000.0000000005381,1,0,0.5066312711428107,0.5066312711428107,0.25454518088116207,0.25454518088116207,5060.1317828131,5060.1317828131,2297.3682171869004,2297.3682171869004,asphalt,1.1575
13.483333333333583,0.07951360180266015,0.022087111611850042,0.0,0.0,0.0,0.0,-0.022087111611850042,0.0,233.40102546131453,-8.790379800926372,1000.0000000004156,1,0,0.6450667256835214,0.6450667256835214,0.5963490691843957,0.5963490691843957,3974.1950641777253,3974.1950641777253,3383.3049358222743,3383.3049358222743,asphalt,1.1575
13.50000000000025,0.06279412821617357,0.017442813393381548,0.0,0.0,0.0,0.0,0.017442813393381548,0.0,233.40095524912675,5.651070316605671,1000.0000000003212,1,0,0.6505001539601434,0.6505001539601434,0.17116463620289774,0.17116463620289774,3940.999831698445,3940.999831698445,3416.5001683015544,3416.5001683015544,asphalt,1.1575
13.516666666666918,0.011519896274413835,0.0031999711873371764,0.0,0.0,0.0,0.0,-0.0031999711873371764,0.0,233.40076871795242,6.092520720649489,1000.0000000002481,1,0,0.5099767932374545,0.5099767932374545,0.25091958604216913,0.25091958604216913,5026.936580784901,5026.936580784901,2330.563419215099,2330.563419215099,asphalt,1.1575
13.533333333333585,0.09245567833461572,0.025682132870726588,0.0,0.0,0.0,0.0,-0.025682132870726588,0.0,233.40071658740504,-8.348929683394314,1000.0000000001917,1,0,0.6505001496950612,0.6505001496950612,0.5905548558797031,0.5905548558797031,3940.9998575380823,3940.9998575380823,3416.500142461917,3416.500142461917,asphalt,1.1575
13.550000000000253,0.04323029303901302,0.012008414733059171,0.0,0.0,0.0,0.0,0.012008414733059171,0.0,233.4008065215454,6.092520418788994,1000.000000000148,1,0,0.5066312697000653,0.5066312697000653,0.25454518247775515,0.25454518247775515,5060.131797222952,5060.131797222952,2297.368202777048,2297.368202777048,asphalt,1.1575
13.56666666666692,0.03108372621327025,0.00863436839257507,0.0,0.0,0.0,0.0,-0.00863436839257507,0.0,233.40052941707395,6.092520881574665,1000.0000000001144,1,0,0.5099767932374545,0.5099767932374545,0.2509195860421697,0.2509195860421697,5026.936580784901,5026.936580784901,2330.563419215099,2330.563419215099,asphalt,1.1575
13.583333333333588,0.11201950544904632,0.031116529291401754,0.0,0.0,0.0,0.0,-0.031116529291401754,0.0,233.40038671324797,-8.34892968339431,1000.0000000000883,1,0,0.6505001509072675,0.6505001509072675,0.5905548546102566,0.5905548546102566,3940.999850194034,3940.999850194034,3416.5001498059655,3416.5001498059655,asphalt,1.1575
13.600000000000255,0.023666470938995866,0.006574019705276629,0.0,0.0,0.0,0.0,0.006574019705276629,0.0,233.4003860741299,6.092520501528715,1000.0000000000681,1,0,0.5066312704947664,0.5066312704947664,0.25454518159831185,0.25454518159831185,5060.131789285636,5060.131789285636,2297.368210714364,2297.368210714364,asphalt,1.1575
13.616666666666923,0.05726930746271314,0.01590814096186476,0.0,0.0,0.0,0.0,-0.01590814096186476,0.0,233.40027678008553,-8.790379903973019,1000.0000000000526,1,0,0.6450667256835214,0.6450667256835214,0.5963490691843947,0.5963490691843947,3974.195064177725,3974.195064177725,3383.3049358222743,3383.3049358222743,asphalt,1.1575
13.63333333333359,0.12496158159962462,0.03471155044434017,0.0,0.0,0.0,0.0,-0.03471155044434017,0.0,233.4000664951729,-8.348929683394312,1000.0000000000407,1,0,0.6505001518997505,0.6505001518997505,0.5905548535709086,0.5905548535709086,3940.99984418116,3940.99984418116,3416.5001558188396,3416.5001558188396,asphalt,1.1575
13.650000000000258,0.010724398335917363,0.002978999537754823,0.0,0.0,0.0,0.0,0.002978999537754823,0.0,233.40000593904648,6.092520571617617,1000.0000000000315,1,0,0.5066312709048889,0.5066312709048889,0.25454518114445646,0.25454518114445646,5060.131785189415,5060.131785189415,2297.3682148105854,2297.3682148105854,asphalt,1.1575
13.666666666666925,0.07021137756962607,0.019503160436007243,0.0,0.0,0.0,0.0,-0.019503160436007243,0.0,233.39983672800574,-8.790379839625034,1000.0000000000244,1,0,0.6450667256835214,0.6450667256835214,0.5963490691843945,0.5963490691843945,3974.195064177725,3974.195064177725,3383.3049358222747,3383.3049358222747,asphalt,1.1575
13.683333333333593,0.07209635057952268,0.02002676404986741,0.0,0.0,0.0,0.0,0.02002676404986741,0.0,233.39980958166484,5.6510703166056775,1000.0000000000189,1,0,0.6505001530439828,0.6505001530439828,0.1711646364809743,0.1711646364809743,3940.999837248926,3940.999837248926,3416.5001627510737,3416.5001627510737,asphalt,1.1575
13.70000000000026,0.002217676254774577,0.0006160211818818269,0.0,0.0,0.0,0.0,-0.0006160211818818269,0.0,233.39966611632815,6.092520653932802,1000.0000000000146,1,0,0.5099767932374545,0.5099767932374545,0.25091958604217,0.25091958604217,5026.9365807849,5026.9365807849,2330.563419215099,2330.563419215099,asphalt,1.1575
13.716666666666928,0.0897752108904734,0.024937558580687056,0.0,0.0,0.0,0.0,-0.024937558580687056,0.0,233.39964938754628,-8.790379765563495,1000.0000000000111,1,0,0.6505001492403176,0.6505001492403176,0.5905548563559192,0.5905548563559192,3940.999860293108,3940.999860293108,3416.5001397068913,3416.5001397068913,asphalt,1.1575
13.733333333333595,0.05253252141068563,0.014592367058523785,0.0,0.0,0.0,0.0,0.014592367058523785,0.0,233.3995316679165,5.6510703166056775,1000.0000000000086,1,0,0.6505001550617332,0.6505001550617332,0.17116463586854064,0.17116463586854064,3940.9998250245562,3940.9998250245562,3416.5001749754433,3416.5001749754433,asphalt,1.1575
13.750000000000263,0.02178150038456826,0.006050416773491184,0.0,0.0,0.0,0.0,-0.006050416773491184,0.0,233.39929762931052,6.092520801573993,1000.0000000000067,1,0,0.5099767932374545,0.5099767932374545,0.25091958604217,0.25091958604217,5026.936580784901,5026.936580784901,2330.563419215099,2330.563419215099,asphalt,1.1575
13.76666666666693,0.10271728096330443,0.028532578045362342,0.0,0.0,0.0,0.0,-0.028532578045362342,0.0,233.39919799134103,-8.348929683394308,1000.0000000000052,1,0,0.6505001502876459,0.6505001502876459,0.5905548552591362,0.5905548552591362,3940.9998539479584,3940.9998539479584,3416.500146052041,3416.500146052041,asphalt,1.1575
13.783333333333598,0.03296869298822292,0.009157970274506367,0.0,0.0,0.0,0.0,0.009157970274506367,0.0,233.39924041806958,6.092520458703729,1000.0000000000041,1,0,0.5066312701431303,0.5066312701431303,0.2545451819874447,0.2545451819874447,5060.131792797707,5060.131792797707,2297.368207202293,2297.368207202293,asphalt,1.1575
13.800000000000265,0.04796708720762563,0.013324190891007118,0.0,0.0,0.0,0.0,-0.013324190891007118,0.0,233.3991741898637,-8.790379957775654,1000.0000000000032,1,0,0.6450667256835214,0.6450667256835214,0.5963490691843943,0.5963490691843943,3974.195064177725,3974.195064177725,3383.3049358222747,3383.3049358222747,asphalt,1.1575
13.816666666666933,0.12228111343920652,0.03396697595533514,0.0,0.0,0.0,0.0,-0.03396697595533514,0.0,233.39898397859048,-8.348929683394308,1000.0000000000024,1,0,0.6505001516817348,0.6505001516817348,0.590554853799219,0.590554853799219,3940.99984550199,3940.99984550199,3416.5001544980096,3416.5001544980096,asphalt,1.1575
13.8333333333336,0.01340486574654511,0.003723573818484753,0.0,0.0,0.0,0.0,0.003723573818484753,0.0,233.39893583203659,6.092520556097437,1000.0000000000019,1,0,0.5066312708275054,0.5066312708275054,0.2545451812300919,0.2545451812300919,5060.131785962306,5060.131785962306,2297.3682140376936,2297.3682140376936,asphalt,1.1575
13.850000000000268,0.06753091067598582,0.01875858629888495,0.0,0.0,0.0,0.0,-0.01875858629888495,0.0,233.39877903056583,-8.790379851948437,1000.0000000000015,1,0,0.6450667256835214,0.6450667256835214,0.5963490691843943,0.5963490691843943,3974.195064177725,3974.195064177725,3383.3049358222747,3383.3049358222747,asphalt,1.1575
13.866666666666935,0.0747768169695745,0.020771338047104026,0.0,0.0,0.0,0.0,0.020771338047104026,0.0,233.39876429379223,5.6510703166056775,1000.000000000001,1,0,0.6505001527945379,0.6505001527945379,0.17116463655668662,0.17116463655668662,3940.9998387601668,3940.9998387601668,3416.500161239833,3416.500161239833,asphalt,1.1575
13.883333333333603,0.00046278947751315496,0.00012855263264254305,0.0,0.0,0.0,0.0,0.00012855263264254305,0.0,233.39863323802024,6.092520635880416,1000.0000000000009,1,0,0.5099767932374545,0.5099767932374545,0.25091958604217,0.25091958604217,5026.9365807849,5026.9365807849,2330.5634192150997,2330.5634192150997,asphalt,1.1575
13.90000000000027,0.08047298444885156,0.022353606791347656,0.0,0.0,0.0,0.0,-0.022353606791347656,0.0,233.3984165195365,-8.79037979729449,1000.0000000000009,1,0,0.6450667256835214,0.6450667256835214,0.5963490691843943,0.5963490691843943,3974.195064177725,3974.195064177725,3383.3049358222747,3383.3049358222747,asphalt,1.1575
13.916666666666938,0.06183474577359126,0.017176318270442015,0.0,0.0,0.0,0.0,0.017176318270442015,0.0,233.39834186576306,5.6510703166056775,1000.0000000000009,1,0,0.6505001540590909,0.6505001540590909,0.17116463617286565,0.17116463617286565,3940.999831098979,3940.999831098979,3416.5001689010205,3416.5001689010205,asphalt,1.1575
13.933333333333605,0.012479278469888354,0.003466466241635654,0.0,0.0,0.0,0.0,-0.003466466241635654,0.0,233.398150893004,6.092520727889608,1000.0000000000009,1,0,0.5099767932374545,0.5099767932374545,0.25091958604217,0.25091958604217,5026.9365807849,5026.9365807849,2330.5634192150997,2330.5634192150997,asphalt,1.1575
13.950000000000273,0.09341506039158416,0.025948627886551157,0.0,0.0,0.0,0.0,-0.025948627886551157,0.0,233.3980943208728,-8.348929683394308,1000.0000000000009,1,0,0.6505001497464208,0.6505001497464208,0.5905548558259178,0.5905548558259178,3940.999857226925,3940.999857226925,3416.5001427730745,3416.5001427730745,asphalt,1.1575
13.96666666666694,0.042270911218173036,0.011741919782825842,0.0,0.0,0.0,0.0,0.011741919782825842,0.0,233.39817981343023,6.092520422195009,1000.0000000000009,1,0,0.5066312697439408,0.5066312697439408,0.2545451824292016,0.2545451824292016,5060.131796784733,5060.131796784733,2297.3682032152674,2297.3682032152674,asphalt,1.1575
13.983333333333608,0.03204310776645219,0.008900863268458941,0.0,0.0,0.0,0.0,-0.008900863268458941,0.0,233.39789826737697,6.092520890184812,1000.0000000000009,1,0,0.5099767932374545,0.5099767932374545,0.25091958604217,0.25091958604217,5026.9365807849,5026.9365807849,2330.5634192150997,2330.5634192150997,asphalt,1.1575
14.000000000000275,0.1129788868637224,0.031383024128811776,0.0,0.0,0.0,0.0,-0.031383024128811776,0.0,233.3977511219701,-8.348929683394308,1000.0000000000009,1,0,0.6505001509756315,0.6505001509756315,0.5905548545386641,0.5905548545386641,3940.999849779856,3940.999849779856,3416.5001502201435,3416.5001502201435,asphalt,1.1575
14.016666666666943,0.022707089780998512,0.0063075249391662536,0.0,0.0,0.0,0.0,0.0063075249391662536,0.0,233.39774604127217,6.092520506304759,1000.0000000000009,1,0,0.5066312705283273,0.5066312705283273,0.25454518156117273,0.25454518156117273,5060.131788950437,5060.131788950437,2297.368211049562,2297.368211049562,asphalt,1.1575
14.03333333333361,0.058228688435672464,0.016174635676575684,0.0,0.0,0.0,0.0,-0.016174635676575684,0.0,233.39763230564884,-8.790379898783407,1000.0000000000009,1,0,0.6450667256835214,0.6450667256835214,0.5963490691843943,0.5963490691843943,3974.195064177725,3974.195064177725,3383.3049358222747,3383.3049358222747,asphalt,1.1575
14.050000000000278,0.08407903758429199,0.023355288217858886,0.0,0.0,0.0,0.0,0.023355288217858886,0.0,233.39766063471367,5.6510703166056775,1000.0000000000009,1,0,0.6505001519793636,0.6505001519793636,0.17116463680411076,0.17116463680411076,3940.999843698831,3940.999843698831,3416.5001563011688,3416.5001563011688,asphalt,1.1575
14.066666666666945,0.003143257182007622,0.0008731269950021173,0.0,0.0,0.0,0.0,0.0008731269950021173,0.0,233.39755731664397,6.092520618352472,1000.0000000000009,1,0,0.506631271102376,0.506631271102376,0.25454518092591055,0.25454518092591055,5060.1317832169525,5060.1317832169525,2297.368216783047,2297.368216783047,asphalt,1.1575
14.083333333333613,0.07779251726134469,0.021609032572595745,0.0,0.0,0.0,0.0,-0.021609032572595745,0.0,233.3973530077315,-8.790379807610133,1000.0000000000009,1,0,0.6450667256835214,0.6450667256835214,0.5963490691843943,0.5963490691843943,3974.195064177725,3974.195064177725,3383.3049358222747,3383.3049358222747,asphalt,1.1575
14.10000000000028,0.06451521239727676,0.017920892332576877,0.0,0.0,0.0,0.0,0.017920892332576877,0.0,233.39729076352654,5.6510703166056775,1000.0000000000009,1,0,0.6505001537847261,0.6505001537847261,0.17116463625614173,0.17116463625614173,3940.9998327611956,3940.9998327611956,3416.500167238804,3416.500167238804,asphalt,1.1575
14.116666666666948,0.009798812534083406,0.002721892370578724,0.0,0.0,0.0,0.0,-0.002721892370578724,0.0,233.39711220033328,6.092520707829461,1000.0000000000009,1,0,0.5099767932374545,0.5099767932374545,0.25091958604217,0.25091958604217,5026.9365807849,5026.9365807849,2330.5634192150997,2330.5634192150997,asphalt,1.1575
14.133333333333615,0.09073459484275748,0.02520405412298819,0.0,0.0,0.0,0.0,-0.02520405412298819,0.0,233.39706803776545,-8.348929683394308,1000.0000000000009,1,0,0.6505001496050147,0.6505001496050147,0.5905548559740011,0.5905548559740011,3940.999858083622,3940.999858083622,3416.5001419163777,3416.5001419163777,asphalt,1.1575
14.150000000000283,0.051573137683568894,0.014325871578769137,0.0,0.0,0.0,0.0,0.014325871578769137,0.0,233.39694587654407,5.6510703166056775,1000.0000000000009,1,0,0.6505001551696004,0.6505001551696004,0.17116463583580055,0.17116463583580055,3940.999824371053,3940.999824371053,3416.5001756289466,3416.5001756289466,asphalt,1.1575
14.16666666666695,0.022740883853797893,0.006316912181610526,0.0,0.0,0.0,0.0,-0.006316912181610526,0.0,233.39670739634747,6.0925208095327275,1000.0000000000009,1,0,0.5099767932374545,0.5099767932374545,0.25091958604217,0.25091958604217,5026.9365807849,5026.9365807849,2330.5634192150997,2330.5634192150997,asphalt,1.1575
14.183333333333618,0.10367666429402808,0.0287990734150078,0.0,0.0,0.0,0.0,-0.0287990734150078,0.0,233.39660331678823,-8.348929683394308,1000.0000000000009,1,0,0.6505001503479247,0.6505001503479247,0.590554855196011,0.590554855196011,3940.999853582764,3940.999853582764,3416.5001464172356,3416.5001464172356,asphalt,1.1575
14.200000000000285,0.032009309904407,0.00889147497344639,0.0,0.0,0.0,0.0,0.00889147497344639,0.0,233.39664130192807,6.0925204628283565,1000.0000000000009,1,0,0.5066312701815956,0.5066312701815956,0.25454518194487774,0.25454518194487774,5060.131792413524,5060.131792413524,2297.368207586476,2297.368207586476,asphalt,1.1575
14.216666666666953,0.04892647010640329,0.01359068614066758,0.0,0.0,0.0,0.0,-0.01359068614066758,0.0,233.39657063213426,-8.790379951934607,1000.0000000000009,1,0,0.6450667256835214,0.6450667256835214,0.5963490691843943,0.5963490691843943,3974.195064177725,3974.195064177725,3383.3049358222747,3383.3049358222747,asphalt,1.1575
14.23333333333362,0.12324049614858808,0.03423347115238558,0.0,0.0,0.0,0.0,-0.03423347115238558,0.0,233.3963759792742,-8.348929683394308,1000.0000000000009,1,0,0.650500151759018,0.650500151759018,0.5905548537182862,0.5905548537182862,3940.9998450337753,3940.9998450337753,3416.5001549662243,3416.5001549662243,asphalt,1.1575
14.250000000000288,0.012445483304621668,0.0034570786957282412,0.0,0.0,0.0,0.0,0.0034570786957282412,0.0,233.39632339113453,6.092520561592097,1000.0000000000009,1,0,0.506631270855656,0.506631270855656,0.2545451811989395,0.2545451811989395,5060.131785681144,5060.131785681144,2297.3682143188557,2297.3682143188557,asphalt,1.1575
14.266666666666955,0.0684902929328711,0.01902508137024197,0.0,0.0,0.0,0.0,-0.01902508137024197,0.0,233.39616214807887,-8.79037984747743,1000.0000000000009,1,0,0.6450667256835214,0.6450667256835214,0.5963490691843943,0.5963490691843943,3974.195064177725,3974.195064177725,3383.3049358222747,3383.3049358222747,asphalt,1.1575
14.283333333333623,0.07381743489112377,0.020504843025312157,0.0,0.0,0.0,0.0,0.020504843025312157,0.0,233.39614296972132,5.6510703166056775,1000.0000000000009,1,0,0.6505001528830701,0.6505001528830701,0.17116463652981503,0.17116463652981503,3940.999838223801,3940.999838223801,3416.5001617761986,3416.5001617761986,asphalt,1.1575
14.30000000000029,0.0004965923664171451,0.00013794232400476253,0.0,0.0,0.0,0.0,-0.00013794232400476253,0.0,233.3960074723663,6.092520642281394,1000.0000000000009,1,0,0.5099767932374545,0.5099767932374545,0.25091958604217,0.25091958604217,5026.9365807849,5026.9365807849,2330.5634192150997,2330.5634192150997,asphalt,1.1575
14.316666666666958,0.08805412733150766,0.024459479814307683,0.0,0.0,0.0,0.0,-0.024459479814307683,0.0,233.39599871156452,-8.79037977095811,1000.0000000000009,1,0,0.6505001491647756,0.6505001491647756,0.5905548564350281,0.5905548564350281,3940.9998607507723,3940.9998607507723,3416.5001392492272,3416.5001392492272,asphalt,1.1575
14.333333333333625,0.05425360457076445,0.015070445714101235,0.0,0.0,0.0,0.0,0.015070445714101235,0.0,233.3958889599129,5.6510703166056775,1000.0000000000009,1,0,0.6505001548703154,0.6505001548703154,0.17116463592664038,0.17116463592664038,3940.9998261842447,3940.9998261842447,3416.500173815755,3416.500173815755,asphalt,1.1575
14.350000000000293,0.020060417684599357,0.005572338245722043,0.0,0.0,0.0,0.0,-0.005572338245722043,0.0,233.39566288928327,6.092520787464818,1000.0000000000009,1,0,0.5099767932374545,0.5099767932374545,0.25091958604217,0.25091958604217,5026.9365807849,5026.9365807849,2330.5634192150997,2330.5634192150997,asphalt,1.1575
14.36666666666696,0.10099619851180781,0.028054499586613282,0.0,0.0,0.0,0.0,-0.028054499586613282,0.0,233.39557121928857,-8.348929683394308,1000.0000000000009,1,0,0.6505001501815988,0.6505001501815988,0.5905548553701908,0.5905548553701908,3940.999854590436,3940.999854590436,3416.5001454095636,3416.5001454095636,asphalt,1.1575
14.383333333333628,0.03468977499930579,0.009636048610918276,0.0,0.0,0.0,0.0,0.009636048610918276,0.0,233.39562161399013,6.092520451472739,1000.0000000000009,1,0,0.5066312700728581,0.5066312700728581,0.25454518206521043,0.25454518206521043,5060.131793499571,5060.131793499571,2297.3682065004277,2297.3682065004277,asphalt,1.1575
14.400000000000295,0.033002492519220585,0.009167359033116829,0.0,0.0,0.0,0.0,-0.009167359033116829,0.0,233.3953356263402,6.092520898862169,1000.0000000000009,1,0,0.5099767932374545,0.5099767932374545,0.25091958604217,0.25091958604217,5026.9365807849,5026.9365807849,2330.5634192150997,2330.5634192150997,asphalt,1.1575
14.416666666666963,0.11393827147798467,0.03164951985499574,0.0,0.0,0.0,0.0,-0.03164951985499574,0.0,233.39518403933764,-8.348929683394308,1000.0000000000009,1,0,0.6505001510448297,0.6505001510448297,0.5905548544661985,0.5905548544661985,3940.999849360625,3940.999849360625,3416.5001506393746,3416.5001506393746,asphalt,1.1575
14.43333333333363,0.021747705424423485,0.006041029284562079,0.0,0.0,0.0,0.0,0.006041029284562079,0.0,233.39517451704506,6.0925205111480025,1000.0000000000009,1,0,0.5066312705613822,0.5066312705613822,0.25454518152459277,0.25454518152459277,5060.1317886202905,5060.1317886202905,2297.3682113797095,2297.3682113797095,asphalt,1.1575
14.450000000000298,0.05918807260720897,0.01644113127978027,0.0,0.0,0.0,0.0,-0.01644113127978027,0.0,233.39505633982796,-8.790379893660964,1000.0000000000009,1,0,0.6450667256835214,0.6450667256835214,0.5963490691843943,0.5963490691843943,3974.195064177725,3974.195064177725,3383.3049358222747,3383.3049358222747,asphalt,1.1575
14.466666666666965,0.0831196535716476,0.023088792658791,0.0,0.0,0.0,0.0,0.023088792658791,0.0,233.39508022729993,5.6510703166056775,1000.0000000000009,1,0,0.6505001520598107,0.6505001520598107,0.1711646367796932,0.1711646367796932,3940.999843211448,3940.999843211448,3416.500156788551,3416.500156788551,asphalt,1.1575
14.483333333333633,0.002183873446375327,0.0006066315128820353,0.0,0.0,0.0,0.0,0.0006066315128820353,0.0,233.39497246763833,6.09252062456575,1000.0000000000009,1,0,0.5066312711251163,0.5066312711251163,0.25454518090074535,0.25454518090074535,5060.131782989827,5060.131782989827,2297.368217010173,2297.368217010173,asphalt,1.1575
14.5000000000003,0.07875190081193854,0.021875528003316262,0.0,0.0,0.0,0.0,-0.021875528003316262,0.0,233.39476371713502,-8.79037980385773,1000.0000000000009,1,0,0.6450667256835214,0.6450667256835214,0.5963490691843943,0.5963490691843943,3974.195064177725,3974.195064177725,3383.3049358222747,3383.3049358222747,asphalt,1.1575
14.516666666666968,0.063555829046676,0.01765439695741,0.0,0.0,0.0,0.0,0.01765439695741,0.0,233.39469703134023,5.6510703166056775,1000.0000000000009,1,0,0.6505001538821779,0.6505001538821779,0.17116463622656286,0.17116463622656286,3940.999832170792,3940.999832170792,3416.5001678292074,3416.5001678292074,asphalt,1.1575
14.533333333333635,0.010758195639384278,0.0029883876776067436,0.0,0.0,0.0,0.0,-0.0029883876776067436,0.0,233.39451402655806,6.092520714949056,1000.0000000000009,1,0,0.5099767932374545,0.5099767932374545,0.25091958604217,0.25091958604217,5026.9365807849,5026.9365807849,2330.5634192150997,2330.5634192150997,asphalt,1.1575
14.550000000000303,0.09169397780955245,0.025470549391542346,0.0,0.0,0.0,0.0,-0.025470549391542346,0.0,233.3944654224022,-8.348929683394308,1000.0000000000009,1,0,0.6505001496548782,0.6505001496548782,0.5905548559217829,0.5905548559217829,3940.999857781527,3940.999857781527,3416.5001422184723,3416.5001422184723,asphalt,1.1575
14.56666666666697,0.043991993377320314,0.012219998160366754,0.0,0.0,0.0,0.0,0.012219998160366754,0.0,233.3945588829333,6.092520416132642,1000.0000000000009,1,0,0.5066312696648703,0.5066312696648703,0.2545451825167037,0.2545451825167037,5060.131797574473,5060.131797574473,2297.3682024255268,2297.3682024255268,asphalt,1.1575
14.583333333333638,0.03032202608675184,0.008422785024097733,0.0,0.0,0.0,0.0,-0.008422785024097733,0.0,233.39428530485176,6.092520874786496,1000.0000000000009,1,0,0.5099767932374545,0.5099767932374545,0.25091958604217,0.25091958604217,5026.9365807849,5026.9365807849,2330.5634192150997,2330.5634192150997,asphalt,1.1575
14.600000000000305,0.11125780543249428,0.030904945953470632,0.0,0.0,0.0,0.0,-0.030904945953470632,0.0,233.39414612741493,-8.348929683394308,1000.0000000000009,1,0,0.6505001508535837,0.6505001508535837,0.5905548546664748,0.5905548546664748,3940.999850519272,3940.999850519272,3416.5001494807275,3416.5001494807275,asphalt,1.1575
14.616666666666973,0.024428170752475983,0.006785602986798884,0.0,0.0,0.0,0.0,0.006785602986798884,0.0,233.39414901468518,6.092520497784626,1000.0000000000009,1,0,0.5066312704677608,0.5066312704677608,0.25454518162819756,0.25454518162819756,5060.131789555363,5060.131789555363,2297.3682104446366,2297.3682104446366,asphalt,1.1575
14.63333333333364,0.056507607796143604,0.015696557721151,0.0,0.0,0.0,0.0,-0.015696557721151,0.0,233.3940432470285,-8.79037990814115,1000.0000000000009,1,0,0.6450667256835214,0.6450667256835214,0.5963490691843943,0.5963490691843943,3974.195064177725,3974.195064177725,3383.3049358222747,3383.3049358222747,asphalt,1.1575
14.650000000000308,0.1241998820561712,0.034499967237825335,0.0,0.0,0.0,0.0,-0.034499967237825335,0.0,233.39383648850284,-8.348929683394308,1000.0000000000009,1,0,0.6505001518371356,0.6505001518371356,0.59055485363648,0.59055485363648,3940.9998445605065,3940.9998445605065,3416.500155439493,3416.500155439493,asphalt,1.1575
14.666666666666975,0.011486097665505303,0.003190582684862584,0.0,0.0,0.0,0.0,0.003190582684862584,0.0,233.39377945876254,6.09252056715396,1000.0000000000009,1,0,0.5066312708833007,0.5066312708833007,0.2545451811683468,0.2545451811683468,5060.131785405033,5060.131785405033,2297.3682145949665,2297.3682145949665,asphalt,1.1575
14.683333333333643,0.06944967838694868,0.019291577329707967,0.0,0.0,0.0,0.0,-0.019291577329707967,0.0,233.3936137741072,-8.790379843073593,1000.0000000000009,1,0,0.6450667256835214,0.6450667256835214,0.5963490691843943,0.5963490691843943,3974.195064177725,3974.195064177725,3383.3049358222747,3383.3049358222747,asphalt,1.1575
14.70000000000031,0.07285804961749685,0.020238347115971347,0.0,0.0,0.0,0.0,0.020238347115971347,0.0,233.39359015415093,5.6510703166056775,1000.0000000000009,1,0,0.6505001529724368,0.6505001529724368,0.17116463650269018,0.17116463650269018,3940.999837682381,3940.999837682381,3416.5001623176186,3416.5001623176186,asphalt,1.1575
14.716666666666978,0.0014559774045151007,0.00040443816792086126,0.0,0.0,0.0,0.0,-0.00040443816792086126,0.0,233.39345021519813,6.092520648749575,1000.0000000000009,1,0,0.5099767932374545,0.5099767932374545,0.25091958604217,0.25091958604217,5026.9365807849,5026.9365807849,2330.5634192150997,2330.5634192150997,asphalt,1.1575
14.733333333333645,0.0890135121855925,0.024725975607109027,0.0,0.0,0.0,0.0,-0.024725975607109027,0.0,233.39343701279944,-8.790379767924314,1000.0000000000009,1,0,0.650500149206554,0.650500149206554,0.5905548563912769,0.5905548563912769,3940.9998604976618,3940.9998604976618,3416.500139502338,3416.500139502338,asphalt,1.1575
14.750000000000313,0.05329421993823137,0.014803949982842048,0.0,0.0,0.0,0.0,0.014803949982842048,0.0,233.39332281955197,5.6510703166056775,1000.0000000000009,1,0,0.6505001549766866,0.6505001549766866,0.17116463589435427,0.17116463589435427,3940.999825539804,3940.999825539804,3416.5001744601955,3416.5001744601955,asphalt,1.1575
14.76666666666698,0.021019802061053035,0.005838833905848065,0.0,0.0,0.0,0.0,-0.005838833905848065,0.0,233.39309230732752,6.092520795303035,1000.0000000000009,1,0,0.5099767932374545,0.5099767932374545,0.25091958604217,0.25091958604217,5026.9365807849,5026.9365807849,2330.5634192150997,2330.5634192150997,asphalt,1.1575
14.783333333333648,0.10195558274975539,0.028320995208265386,0.0,0.0,0.0,0.0,-0.028320995208265386,0.0,233.39299619573885,-8.348929683394308,1000.0000000000009,1,0,0.6505001502403817,0.6505001502403817,0.5905548553086322,0.5905548553086322,3940.9998542343046,3940.9998542343046,3416.500145765695,3416.500145765695,asphalt,1.1575
14.800000000000315,0.03373039100645831,0.00936955305734953,0.0,0.0,0.0,0.0,0.00936955305734953,0.0,233.39304214884743,6.092520455476843,1000.0000000000009,1,0,0.5066312701122309,0.5066312701122309,0.25454518202163917,0.25454518202163917,5060.131793106325,5060.131793106325,2297.3682068936746,2297.3682068936746,asphalt,1.1575
14.816666666666983,0.0472053893363006,0.013112608148972388,0.0,0.0,0.0,0.0,-0.013112608148972388,0.0,233.39297944702088,-8.790379962460973,1000.0000000000009,1,0,0.6450667256835214,0.6450667256835214,0.5963490691843943,0.5963490691843943,3974.195064177725,3974.195064177725,3383.3049358222747,3383.3049358222747,asphalt,1.1575
14.83333333333365,0.12151941571753395,0.03375539325487054,0.0,0.0,0.0,0.0,-0.03375539325487054,0.0,233.39279276212622,-8.348929683394308,1000.0000000000009,1,0,0.6505001516209697,0.6505001516209697,0.5905548538628531,0.5905548538628531,3940.9998458701293,3940.9998458701293,3416.50015412987,3416.50015412987,asphalt,1.1575
14.850000000000318,0.014166563256588174,0.003935156460163382,0.0,0.0,0.0,0.0,0.003935156460163382,0.0,233.39274814195,6.092520551782821,1000.0000000000009,1,0,0.5066312708047951,0.5066312708047951,0.2545451812552238,0.2545451812552238,5060.131786189131,5060.131786189131,2297.368213810869,2297.368213810869,asphalt,1.1575
14.866666666666985,0.066769213312853,0.018547003698014722,0.0,0.0,0.0,0.0,-0.018547003698014722,0.0,233.39259486685623,-8.79037985554602,1000.0000000000009,1,0,0.6450667256835214,0.6450667256835214,0.5963490691843943,0.5963490691843943,3974.195064177725,3974.195064177725,3383.3049358222747,3383.3049358222747,asphalt,1.1575
14.883333333333653,0.0755385141924753,0.020982920609020916,0.0,0.0,0.0,0.0,0.020982920609020916,0.0,233.39258365645887,5.6510703166056775,1000.0000000000009,1,0,0.6505001527248417,0.6505001527248417,0.171164636577841,0.171164636577841,3940.9998391824147,3940.9998391824147,3416.500160817585,3416.500160817585,asphalt,1.1575
14.90000000000032,0.0012244865149351636,0.00034013514303754544,0.0,0.0,0.0,0.0,0.00034013514303754544,0.0,233.39245612706236,6.092520630846234,1000.0000000000009,1,0,0.5099767932374545,0.5099767932374545,0.25091958604217,0.25091958604217,5026.9365807849,5026.9365807849,2330.5634192150997,2330.5634192150997,asphalt,1.1575
14.916666666666988,0.07971128755833966,0.022142024321761017,0.0,0.0,0.0,0.0,-0.022142024321761017,0.0,233.39224293495337,-8.7903798001725,1000.0000000000009,1,0,0.6450667256835214,0.6450667256835214,0.5963490691843943,0.5963490691843943,3974.195064177725,3974.195064177725,3383.3049358222747,3383.3049358222747,asphalt,1.1575
14.933333333333655,0.0625964425022842,0.017387900695078944,0.0,0.0,0.0,0.0,0.017387900695078944,0.0,233.39217180755392,5.6510703166056775,1000.0000000000009,1,0,0.6505001539804638,0.6505001539804638,0.1711646361967308,0.1711646361967308,3940.999831575335,3940.999831575335,3416.5001684246645,3416.5001684246645,asphalt,1.1575
14.950000000000323,0.011717581937467574,0.0032548838715187704,0.0,0.0,0.0,0.0,-0.0032548838715187704,0.0,233.39198436116803,6.09252072213586,1000.0000000000009,1,0,0.5099767932374545,0.5099767932374545,0.25091958604217,0.25091958604217,5026.9365807849,5026.9365807849,2330.5634192150997,2330.5634192150997,asphalt,1.1575
14.96666666666699,0.09265336396912935,0.025737045546980374,0.0,0.0,0.0,0.0,-0.025737045546980374,0.0,233.39193131540935,-8.348929683394308,1000.0000000000009,1,0,0.6505001497055759,0.6505001497055759,0.5905548558686914,0.5905548558686914,3940.99985747438,3940.99985747438,3416.5001425256196,3416.5001425256196,asphalt,1.1575
14.983333333333658,0.04303260745307258,0.011953502070297939,0.0,0.0,0.0,0.0,0.011953502070297939,0.0,233.39202033433858,6.092520419485328,1000.0000000000009,1,0,0.5066312697091475,0.5066312697091475,0.254545182467705,0.254545182467705,5060.1317971322405,5060.1317971322405,2297.3682028677586,2297.3682028677586,asphalt,1.1575
15.000000000000325,0.031281411744140675,0.008689281040039076,0.0,0.0,0.0,0.0,-0.008689281040039076,0.0,233.39174231465623,6.092520883343337,1000.0000000000009,1,0,0.5099767932374545,0.5099767932374545,0.25091958604217,0.25091958604217,5026.9365807849,5026.9365807849,2330.5634192150997,2330.5634192150997,asphalt,1.1575
15.016666666666993,0.11221719095137679,0.031171441930937998,0.0,0.0,0.0,0.0,-0.031171441930937998,0.0,233.39159869561954,-8.348929683394308,1000.0000000000009,1,0,0.650500150921286,0.650500150921286,0.5905548545955758,0.5905548545955758,3940.9998501091036,3940.9998501091036,3416.500149890896,3416.500149890896,asphalt,1.1575
15.03333333333366,0.02346878548947302,0.006519107080409172,0.0,0.0,0.0,0.0,0.006519107080409172,0.0,233.39159714129093,6.092520502507348,1000.0000000000009,1,0,0.5066312705017232,0.5066312705017232,0.25454518159061357,0.25454518159061357,5060.131789216153,5060.131789216153,2297.3682107838467,2297.3682107838467,asphalt,1.1575
15.050000000000328,0.05746699287410788,0.015963053576141077,0.0,0.0,0.0,0.0,-0.015963053576141077,0.0,233.39148693203626,-8.790379902898176,1000.0000000000009,1,0,0.6450667256835214,0.6450667256835214,0.5963490691843943,0.5963490691843943,3974.195064177725,3974.195064177725,3383.3049358222747,3383.3049358222747,asphalt,1.1575
15.066666666666995,0.125159266978859,0.03476646304968306,0.0,0.0,0.0,0.0,-0.03476646304968306,0.0,233.39127573191348,-8.348929683394308,1000.0000000000009,1,0,0.650500151916087,0.650500151916087,0.5905548535538007,0.5905548535538007,3940.9998440821864,3940.9998440821864,3416.5001559178127,3416.5001559178127,asphalt,1.1575
15.083333333333663,0.01052671301229181,0.002924086947858836,0.0,0.0,0.0,0.0,0.002924086947858836,0.0,233.39121426057713,6.092520572783002,1000.0000000000009,1,0,0.5066312709104397,0.5066312709104397,0.2545451811383139,0.2545451811383139,5060.1317851339745,5060.1317851339745,2297.368214866025,2297.368214866025,asphalt,1.1575
15.10000000000033,0.07040906285512356,0.0195580730153121,0.0,0.0,0.0,0.0,-0.0195580730153121,0.0,233.3910441343267,-8.790379838736945,1000.0000000000009,1,0,0.6450667256835214,0.6450667256835214,0.5963490691843943,0.5963490691843943,3974.195064177725,3974.195064177725,3383.3049358222747,3383.3049358222747,asphalt,1.1575
15.116666666666998,0.07189866533178801,0.019971851481052225,0.0,0.0,0.0,0.0,0.019971851481052225,0.0,233.39101607277624,5.6510703166056775,1000.0000000000009,1,0,0.6505001530626372,0.6505001530626372,0.17116463647531233,0.17116463647531233,3940.9998371359097,3940.9998371359097,3416.50016286409,3416.50016286409,asphalt,1.1575
15.133333333333665,0.002415361453687427,0.0006709337371353964,0.0,0.0,0.0,0.0,-0.0006709337371353964,0.0,233.3908716922302,6.092520655284936,1000.0000000000009,1,0,0.5099767932374545,0.5099767932374545,0.25091958604217,0.25091958604217,5026.9365807849,5026.9365807849,2330.5634192150997,2330.5634192150997,asphalt,1.1575
15.150000000000333,0.08997289605175965,0.02499247112548879,0.0,0.0,0.0,0.0,-0.02499247112548879,0.0,233.39085404823916,-8.790379764957708,1000.0000000000009,1,0,0.6505001492491661,0.6505001492491661,0.5905548563466526,0.5905548563466526,3940.9998602395,3940.9998602395,3416.5001397605,3416.5001397605,asphalt,1.1575
15.166666666667,0.052334836295631244,0.014537454526564235,0.0,0.0,0.0,0.0,0.014537454526564235,0.0,233.39073541340048,5.6510703166056775,1000.0000000000009,1,0,0.6505001550838916,0.6505001550838916,0.1711646358618151,0.1711646358618151,3940.999824890312,3940.999824890312,3416.5001751096875,3416.5001751096875,asphalt,1.1575
15.183333333333668,0.021979185446566307,0.006105329290712863,0.0,0.0,0.0,0.0,-0.006105329290712863,0.0,233.39050045958575,6.092520803208428,1000.0000000000009,1,0,0.5099767932374545,0.5099767932374545,0.25091958604217,0.25091958604217,5026.9365807849,5026.9365807849,2330.5634192150997,2330.5634192150997,asphalt,1.1575
15.200000000000335,0.10291496599676274,0.028587490554656318,0.0,0.0,0.0,0.0,-0.028587490554656318,0.0,233.3903999064077,-8.348929683394308,1000.0000000000009,1,0,0.6505001502999984,0.6505001502999984,0.5905548552462003,0.5905548552462003,3940.9998538731215,3940.9998538731215,3416.500146126878,3416.500146126878,asphalt,1.1575
15.216666666667003,0.03277100800555855,0.00910305777932182,0.0,0.0,0.0,0.0,0.00910305777932182,0.0,233.39044141792797,6.09252045954813,1000.0000000000009,1,0,0.5066312701510977,0.5066312701510977,0.25454518197862785,0.25454518197862785,5060.131792718131,5060.131792718131,2297.3682072818683,2297.3682072818683,asphalt,1.1575
15.23333333333367,0.04816477215216207,0.013379103375600575,0.0,0.0,0.0,0.0,-0.013379103375600575,0.0,233.3903742745139,-8.790379956566586,1000.0000000000009,1,0,0.6450667256835214,0.6450667256835214,0.5963490691843943,0.5963490691843943,3974.195064177725,3974.195064177725,3383.3049358222747,3383.3049358222747,asphalt,1.1575
15.250000000000338,0.1224787983447995,0.03402188842911097,0.0,0.0,0.0,0.0,-0.03402188842911097,0.0,233.39018314803275,-8.348929683394308,1000.0000000000009,1,0,0.650500151697591,0.650500151697591,0.5905548537826137,0.5905548537826137,3940.9998454059255,3940.9998454059255,3416.500154594074,3416.500154594074,asphalt,1.1575
15.266666666667005,0.0132071808959806,0.0036686613599946107,0.0,0.0,0.0,0.0,0.0036686613599946107,0.0,233.3901340862711,6.092520557224139,1000.0000000000009,1,0,0.5066312708333474,0.5066312708333474,0.254545181223627,0.254545181223627,5060.131785903958,5060.131785903958,2297.3682140960414,2297.3682140960414,asphalt,1.1575
15.283333333333672,0.06772859548842246,0.018813498746784015,0.0,0.0,0.0,0.0,-0.018813498746784015,0.0,233.38997636959283,-8.790379851021672,1000.0000000000009,1,0,0.6450667256835214,0.6450667256835214,0.5963490691843943,0.5963490691843943,3974.195064177725,3974.195064177725,3383.3049358222747,3383.3049358222747,asphalt,1.1575
15.30000000000034,0.07457913219374018,0.02071642560937227,0.0,0.0,0.0,0.0,0.02071642560937227,0.0,233.38996071761187,5.6510703166056775,1000.0000000000009,1,0,0.6505001528127121,0.6505001528127121,0.1711646365511703,0.1711646365511703,3940.9998386500597,3940.9998386500597,3416.50016134994,3416.50016134994,asphalt,1.1575
15.316666666667007,0.00026510474992035016,7.364020831120838e-05,0.0,0.0,0.0,0.0,7.364020831120838e-05,0.0,233.38982874663276,6.09252063719387,1000.0000000000009,1,0,0.5099767932374545,0.5099767932374545,0.25091958604217,0.25091958604217,5026.9365807849,5026.9365807849,2330.5634192150997,2330.5634192150997,asphalt,1.1575
15.333333333333675,0.08067066913831646,0.022408519205087903,0.0,0.0,0.0,0.0,-0.022408519205087903,0.0,233.38961111294205,-8.790379796554475,1000.0000000000009,1,0,0.6450667256835214,0.6450667256835214,0.5963490691843943,0.5963490691843943,3974.195064177725,3974.195064177725,3383.3049358222747,3383.3049358222747,asphalt,1.1575
15.350000000000342,0.0616370611263312,0.017121405868425334,0.0,0.0,0.0,0.0,0.017121405868425334,0.0,233.38953554396187,5.6510703166056775,1000.0000000000009,1,0,0.6505001540795832,0.6505001540795832,0.1711646361666458,0.1711646361666458,3940.999830974829,3940.999830974829,3416.5001690251706,3416.5001690251706,asphalt,1.1575
15.36666666666701,0.012676963066105686,0.0035213786294738016,0.0,0.0,0.0,0.0,-0.0035213786294738016,0.0,233.3893436559962,6.09252072938981,1000.0000000000009,1,0,0.5099767932374545,0.5099767932374545,0.25091958604217,0.25091958604217,5026.9365807849,5026.9365807849,2330.5634192150997,2330.5634192150997,asphalt,1.1575
15.383333333333677,0.09361274495926183,0.02600354026646162,0.0,0.0,0.0,0.0,-0.02600354026646162,0.0,233.38928616865863,-8.348929683394308,1000.0000000000009,1,0,0.6505001497571072,0.6505001497571072,0.5905548558147269,0.5905548558147269,3940.999857162182,3940.999857162182,3416.5001428378173,3416.5001428378173,asphalt,1.1575
15.400000000000345,0.04207322669927579,0.011687007416465497,0.0,0.0,0.0,0.0,0.011687007416465497,0.0,233.3893707460099,6.092520422905181,1000.0000000000009,1,0,0.5066312697529186,0.5066312697529186,0.2545451824192664,0.2545451824192664,5060.131796695064,5060.131796695064,2297.3682033049363,2297.3682033049363,asphalt,1.1575
15.416666666667012,0.03224079223007222,0.008955775619464507,0.0,0.0,0.0,0.0,-0.008955775619464507,0.0,233.38908828475064,6.092520891967315,1000.0000000000009,1,0,0.5099767932374545,0.5099767932374545,0.25091958604217,0.25091958604217,5026.9365807849,5026.9365807849,2330.5634192150997,2330.5634192150997,asphalt,1.1575
15.43333333333368,0.1131765712988028,0.031437936471889666,0.0,0.0,0.0,0.0,-0.031437936471889666,0.0,233.388940224138,-8.348929683394308,1000.0000000000009,1,0,0.6505001509898218,0.6505001509898218,0.5905548545238036,0.5905548545238036,3940.999849693885,3940.999849693885,3416.5001503061144,3416.5001503061144,asphalt,1.1575
15.450000000000347,0.02250940539893303,0.00625261261081473,0.0,0.0,0.0,0.0,0.00625261261081473,0.0,233.38893422823452,6.09252050729723,1000.0000000000009,1,0,0.5066312705351798,0.5066312705351798,0.25454518155358946,0.25454518155358946,5060.131788881996,5060.131788881996,2297.3682111180033,2297.3682111180033,asphalt,1.1575
15.466666666667015,0.058426372779610124,0.016229547994336145,0.0,0.0,0.0,0.0,-0.016229547994336145,0.0,233.3888195774058,-8.790379897722413,1000.0000000000009,1,0,0.6450667256835214,0.6450667256835214,0.5963490691843943,0.5963490691843943,3974.195064177725,3974.195064177725,3383.3049358222747,3383.3049358222747,asphalt,1.1575
15.483333333333682,0.08388135327292971,0.02330037590914714,0.0,0.0,0.0,0.0,0.02330037590914714,0.0,233.38884699126544,5.6510703166056775,1000.0000000000009,1,0,0.6505001519958716,0.6505001519958716,0.17116463679910016,0.17116463679910016,3940.9998435988173,3940.9998435988173,3416.5001564011823,3416.5001564011823,asphalt,1.1575
15.50000000000035,0.0029455729277246337,0.0008182147021457316,0.0,0.0,0.0,0.0,0.0008182147021457316,0.0,233.3887427579907,6.092520619627242,1000.0000000000009,1,0,0.5066312711071033,0.5066312711071033,0.2545451809206794,0.2545451809206794,5060.131783169739,5060.131783169739,2297.3682168302603,2297.3682168302603,asphalt,1.1575
15.516666666667017,0.07799020147749987,0.021663944854861075,0.0,0.0,0.0,0.0,-0.021663944854861075,0.0,233.3885375338735,-8.790379806831442,1000.0000000000009,1,0,0.6450667256835214,0.6450667256835214,0.5963490691843943,0.5963490691843943,3974.195064177725,3974.195064177725,3383.3049358222747,3383.3049358222747,asphalt,1.1575
15.533333333333685,0.06431752822216595,0.017865980061712763,0.0,0.0,0.0,0.0,0.017865980061712763,0.0,233.38847437446395,5.6510703166056775,1000.0000000000009,1,0,0.6505001538047381,0.6505001538047381,0.1711646362500676,0.1711646362500676,3940.999832639954,3940.999832639954,3416.5001673600455,3416.5001673600455,asphalt,1.1575
15.550000000000352,0.009996496658731768,0.002776804627425491,0.0,0.0,0.0,0.0,-0.002776804627425491,0.0,233.38829489606633,6.092520709290982,1000.0000000000009,1,0,0.5099767932374545,0.5099767932374545,0.25091958604217,0.25091958604217,5026.9365807849,5026.9365807849,2330.5634192150997,2330.5634192150997,asphalt,1.1575
15.56666666666702,0.09093227893886621,0.02525896637190728,0.0,0.0,0.0,0.0,-0.02525896637190728,0.0,233.3882498182943,-8.348929683394308,1000.0000000000009,1,0,0.650500149615221,0.650500149615221,0.5905548559633129,0.5905548559633129,3940.9998580217875,3940.9998580217875,3416.500141978212,3416.500141978212,asphalt,1.1575
15.583333333333687,0.05137545363410705,0.014270959342807515,0.0,0.0,0.0,0.0,0.014270959342807515,0.0,233.38812674186892,5.6510703166056775,1000.0000000000009,1,0,0.6505001551919303,0.6505001551919303,0.1711646358290229,0.1711646358290229,3940.9998242357688,3940.9998242357688,3416.500175764231,3416.500175764231,asphalt,1.1575
15.600000000000355,0.022938567849996067,0.006371824402776685,0.0,0.0,0.0,0.0,-0.006371824402776685,0.0,233.3878873464685,6.092520811180997,1000.0000000000009,1,0,0.5099767932374545,0.5099767932374545,0.25091958604217,0.25091958604217,5026.9365807849,5026.9365807849,2330.5634192150997,2330.5634192150997,asphalt,1.1575
15.616666666667022,0.10387434826168666,0.028853985628246294,0.0,0.0,0.0,0.0,-0.028853985628246294,0.0,233.38778235170568,-8.348929683394308,1000.0000000000009,1,0,0.650500150360449,0.650500150360449,0.5905548551828953,0.5905548551828953,3940.999853506887,3940.999853506887,3416.500146493113,3416.500146493113,asphalt,1.1575
15.63333333333369,0.03181162598774974,0.008836562774374928,0.0,0.0,0.0,0.0,0.008836562774374928,0.0,233.38781942164215,6.092520463686596,1000.0000000000009,1,0,0.5066312701894586,0.5066312701894586,0.25454518193617626,0.25454518193617626,5060.131792334989,5060.131792334989,2297.3682076650102,2297.3682076650102,asphalt,1.1575
15.650000000000357,0.04912415398493281,0.013645598329148002,0.0,0.0,0.0,0.0,-0.013645598329148002,0.0,233.3877478366451,-8.79037995073939,1000.0000000000009,1,0,0.6450667256835214,0.6450667256835214,0.5963490691843943,0.5963490691843943,3974.195064177725,3974.195064177725,3383.3049358222747,3383.3049358222747,asphalt,1.1575
15.666666666667025,0.1234381799879667,0.03428838332999075,0.0,0.0,0.0,0.0,-0.03428838332999075,0.0,233.38755226858197,-8.348929683394308,1000.0000000000009,1,0,0.6505001517750462,0.6505001517750462,0.5905548537015012,0.5905548537015012,3940.9998449366703,3940.9998449366703,3416.500155063329,3416.500155063329,asphalt,1.1575
15.683333333333692,0.012247799520478856,0.003402166533466349,0.0,0.0,0.0,0.0,0.003402166533466349,0.0,233.38749876523946,6.092520562732637,1000.0000000000009,1,0,0.5066312708613936,0.5066312708613936,0.25454518119259006,0.25454518119259006,5060.1317856238375,5060.1317856238375,2297.368214376162,2297.368214376162,asphalt,1.1575
15.70000000000036,0.06868797667888621,0.019079993521912836,0.0,0.0,0.0,0.0,-0.019079993521912836,0.0,233.38733660698122,-8.790379846564514,1000.0000000000009,1,0,0.6450667256835214,0.6450667256835214,0.5963490691843943,0.5963490691843943,3974.195064177725,3974.195064177725,3383.3049358222747,3383.3049358222747,asphalt,1.1575
15.716666666667027,0.07361975118212606,0.020449930883923904,0.0,0.0,0.0,0.0,0.020449930883923904,0.0,233.3873165134213,5.6510703166056775,1000.0000000000009,1,0,0.6505001529014162,0.6505001529014162,0.17116463652424657,0.17116463652424657,3940.9998381126534,3940.9998381126534,3416.500161887346,3416.500161887346,asphalt,1.1575
15.733333333333695,0.0006942760269659842,0.00019285445193499562,0.0,0.0,0.0,0.0,-0.00019285445193499562,0.0,233.38718010086407,6.092520643608682,1000.0000000000009,1,0,0.5099767932374545,0.5099767932374545,0.25091958604217,0.25091958604217,5026.9365807849,5026.9365807849,2330.5634192150997,2330.5634192150997,asphalt,1.1575
15.750000000000362,0.08825181095405765,0.024514391931682682,0.0,0.0,0.0,0.0,-0.024514391931682682,0.0,233.38717042486027,-8.790379770327492,1000.0000000000009,1,0,0.6505001491733159,0.6505001491733159,0.5905548564260845,0.5905548564260845,3940.9998606990316,3940.9998606990316,3416.500139300968,3416.500139300968,asphalt,1.1575
15.76666666666703,0.05405592099370085,0.015015533609361347,0.0,0.0,0.0,0.0,0.015015533609361347,0.0,233.38705975800684,5.6510703166056775,1000.0000000000009,1,0,0.6505001548921652,0.6505001548921652,0.17116463592000847,0.17116463592000847,3940.9998260518696,3940.9998260518696,3416.50017394813,3416.50017394813,asphalt,1.1575
15.783333333333697,0.020258101208979605,0.005627250335827668,0.0,0.0,0.0,0.0,-0.005627250335827668,0.0,233.38683277217564,6.092520789074407,1000.0000000000009,1,0,0.5099767932374545,0.5099767932374545,0.25091958604217,0.25091958604217,5026.9365807849,5026.9365807849,2330.5634192150997,2330.5634192150997,asphalt,1.1575
15.800000000000365,0.10119388200764855,0.028109411668791263,0.0,0.0,0.0,0.0,-0.028109411668791263,0.0,233.3867401869795,-8.348929683394308,1000.0000000000009,1,0,0.6505001501936428,0.6505001501936428,0.590554855357578,0.590554855357578,3940.9998545174676,3940.9998545174676,3416.500145482532,3416.500145482532,asphalt,1.1575
15.816666666667032,0.034492091553886134,0.009581136542746147,0.0,0.0,0.0,0.0,0.009581136542746147,0.0,233.3867896664798,6.092520452292299,1000.0000000000009,1,0,0.5066312700810124,0.5066312700810124,0.2545451820561866,0.2545451820561866,5060.131793418129,5060.131793418129,2297.3682065818707,2297.3682065818707,asphalt,1.1575
15.8333333333337,0.03320017591807592,0.009222271088354422,0.0,0.0,0.0,0.0,-0.009222271088354422,0.0,233.38650276362887,6.092520900658506,1000.0000000000009,1,0,0.5099767932374545,0.5099767932374545,0.25091958604217,0.25091958604217,5026.9365807849,5026.9365807849,2330.5634192150997,2330.5634192150997,asphalt,1.1575
15.850000000000367,0.11413595484830046,0.03170443190230568,0.0,0.0,0.0,0.0,-0.03170443190230568,0.0,233.38635026142546,-8.348929683394308,1000.0000000000009,1,0,0.6505001510591917,0.6505001510591917,0.5905548544511582,0.5905548544511582,3940.9998492736136,3940.9998492736136,3416.500150726386,3416.500150726386,asphalt,1.1575
15.866666666667035,0.02155002210732997,0.005986117252036103,0.0,0.0,0.0,0.0,0.005986117252036103,0.0,233.38633982393227,6.092520512154312,1000.0000000000009,1,0,0.5066312705681304,0.5066312705681304,0.254545181517125,0.254545181517125,5060.131788552891,5060.131788552891,2297.368211447109,2297.368211447109,asphalt,1.1575
15.883333333333702,0.05938575588617488,0.016496043301715245,0.0,0.0,0.0,0.0,-0.016496043301715245,0.0,233.38622073151473,-8.79037989261382,1000.0000000000009,1,0,0.6450667256835214,0.6450667256835214,0.5963490691843943,0.5963490691843943,3974.195064177725,3974.195064177725,3383.3049358222747,3383.3049358222747,asphalt,1.1575
15.90000000000037,0.08292197032567221,0.023033880646020057,0.0,0.0,0.0,0.0,0.023033880646020057,0.0,233.38624370378645,5.6510703166056775,1000.0000000000009,1,0,0.6505001520764908,0.6505001520764908,0.17116463677463045,0.17116463677463045,3940.999843110394,3940.999843110394,3416.5001568896055,3416.5001568896055,asphalt,1.1575
15.916666666667037,0.0019861902574788803,0.0005517195159663556,0.0,0.0,0.0,0.0,0.0005517195159663556,0.0,233.3861350289248,6.092520625854357,1000.0000000000009,1,0,0.5066312711297393,0.5066312711297393,0.2545451808956296,0.2545451808956296,5060.131782943655,5060.131782943655,2297.3682170563447,2297.3682170563447,asphalt,1.1575
15.933333333333705,0.07894958396270739,0.02193043998964094,0.0,0.0,0.0,0.0,-0.02193043998964094,0.0,233.38592536322162,-8.790379803092888,1000.0000000000009,1,0,0.6450667256835214,0.6450667256835214,0.5963490691843943,0.5963490691843943,3974.195064177725,3974.195064177725,3383.3049358222747,3383.3049358222747,asphalt,1.1575
15.950000000000372,0.06335814593736662,0.01759948498260184,0.0,0.0,0.0,0.0,0.01759948498260184,0.0,233.38585776222718,5.6510703166056775,1000.0000000000009,1,0,0.6505001539023616,0.6505001539023616,0.17116463622043662,0.17116463622043662,3940.9998320485106,3940.9998320485106,3416.500167951489,3416.500167951489,asphalt,1.1575
15.96666666666704,0.01095587869802382,0.0030432996383399497,0.0,0.0,0.0,0.0,-0.0030432996383399497,0.0,233.38567384224558,6.092520716424413,1000.0000000000009,1,0,0.5099767932374545,0.5099767932374545,0.25091958604217,0.25091958604217,5026.9365807849,5026.9365807849,2330.5634192150997,2330.5634192150997,asphalt,1.1575
15.983333333333707,0.09189166083965253,0.025525461344347924,0.0,0.0,0.0,0.0,-0.025525461344347924,0.0,233.38562432289044,-8.348929683394308,1000.0000000000009,1,0,0.6505001496652564,0.6505001496652564,0.5905548559109148,0.5905548559109148,3940.9998577186525,3940.9998577186525,3416.500142281347,3416.500142281347,asphalt,1.1575
16.000000000000373,0.04379431039562775,0.012165086221007707,0.0,0.0,0.0,0.0,0.012165086221007707,0.0,233.38571686822246,6.0925204168179725,1000.0000000000009,1,0,0.5066312696740349,0.5066312696740349,0.2545451825065616,0.2545451825065616,5060.131797482937,5060.131797482937,2297.368202517063,2297.368202517063,asphalt,1.1575
