t,speed_kmh,speed_ms,yaw_rate,sideslip,heading,vx,vy,pos_x,pos_y,accel_long,rpm,gear,shift_cut,grip_FL,grip_FR,grip_RL,grip_RR,load_FL,load_FR,load_RL,load_RR,surface_type,surface_mu
0.016666666666666666,0.3309390611148057,0.09192751697633492,0.0,0.0,0.0,0.0,0.09192751697633492,0.0,0.0009594728358176428,5.497462743450995,1000.0,1,0,0.0,0.0,0.9354737664110092,0.9354737664110092,3985.745618197259,3985.745618197259,3371.7543818027407,3371.7543818027407,asphalt,1.1575
0.03333333333333333,0.6607864896964614,0.1835518026934615,0.0,0.0,0.0,0.0,0.1835518026934615,0.0,0.0034460179991887704,5.497452790064816,1000.0,1,0,0.0,0.0,0.9354739326439244,0.9354739326439244,3985.7462173551194,3985.7462173551194,3371.75378264488,3371.75378264488,asphalt,1.1575
0.05,0.9906330232632824,0.2751758397953562,0.0,0.0,0.0,0.0,0.2751758397953562,0.0,0.007459632173780988,5.497434895043791,1000.0,1,0,0.0,0.0,0.9354742645609327,0.9354742645609327,3985.7474136920696,3985.7474136920696,3371.75258630793,3371.75258630793,asphalt,1.1575
0.06666666666666667,1.3204781853206793,0.3667994959224109,0.0,0.0,0.0,0.0,0.3667994959224109,0.0,0.013000309837258904,5.497409058487017,1000.0,1,0,0.0,0.0,0.9354747621605582,0.9354747621605582,3985.749207201518,3985.749207201518,3371.7507927984816,3371.7507927984816,asphalt,1.1575
0.08333333333333333,1.6503214993817303,0.4584226387171473,0.0,0.0,0.0,0.0,0.4584226387171473,0.0,0.02006804326131485,5.4973752805395115,1000.0,1,0,0.0,0.0,0.9354754254405447,0.9354754254405447,3985.7515978734255,3985.7515978734255,3371.748402126574,3371.748402126574,asphalt,1.1575
0.09999999999999999,1.980162488969933,0.5500451358249814,0.0,0.0,0.0,0.0,0.5500451358249814,0.0,0.028662822511712333,5.4973335613921215,1000.0,1,0,0.0,0.0,0.9354762543978535,0.9354762543978535,3985.754585694301,3985.754585694301,3371.7454143056984,3371.7454143056984,asphalt,1.1575
0.11666666666666665,2.310000677621959,0.6416668548949886,0.0,0.0,0.0,0.0,0.6416668548949886,0.0,0.03878463544834226,5.497283901281644,1000.0,1,0,0.0,0.0,0.9354772490286661,0.9354772490286661,3985.758170647206,3985.758170647206,3371.7418293527935,3371.7418293527935,asphalt,1.1575
0.13333333333333333,2.639835588890407,0.7332876635806685,0.0,0.0,0.0,0.0,0.7332876635806685,0.0,0.05043346772529187,5.497226300490707,1000.0,1,0,0.0,0.0,0.9354784093283806,0.9354784093283806,3985.7623527117444,3985.7623527117444,3371.737647288255,3371.737647288255,asphalt,1.1575
0.15,2.9696667463465527,0.8249074295407091,0.0,0.0,0.0,0.0,0.8249074295407091,0.0,0.06360930279092646,5.497160759347821,1000.0,1,0,0.0,0.0,0.9354797352916165,0.9354797352916165,3985.767131864079,3985.767131864079,3371.7328681359204,3371.7328681359204,asphalt,1.1575
0.16666666666666666,3.299493673583105,0.9165260204397513,0.0,0.0,0.0,0.0,0.9165260204397513,0.0,0.07831212188798381,5.497087278227379,1000.0,1,0,0.0,0.0,0.9354812269122104,0.9354812269122104,3985.772508076919,3985.772508076919,3371.7274919230804,3371.7274919230804,asphalt,1.1575
0.18333333333333332,3.6293158942169566,1.0081433039491545,0.0,0.0,0.0,0.0,1.0081433039491545,0.0,0.09454190405368135,5.497005857549686,1000.0,1,0,0.0,0.0,0.9354828841832183,0.9354828841832183,3985.7784813195226,3985.7784813195226,3371.721518680477,3371.721518680477,asphalt,1.1575
0.19999999999999998,3.959132931891936,1.09975914774776,0.0,0.0,0.0,0.0,1.09975914774776,0.0,0.11229862611983611,5.496916497780848,1000.0,1,0,0.0,0.0,0.9354847070969153,0.9354847070969153,3985.785051557702,3985.785051557702,3371.7149484422976,3371.7149484422976,asphalt,1.1575
0.21666666666666665,4.28894431028156,1.1913734195226555,0.0,0.0,0.0,0.0,1.1913734195226555,0.0,0.13158226271299744,5.496819199432856,1000.0,1,0,0.0,0.0,0.9354866956447948,0.9354866956447948,3985.792218753817,3985.792218753817,3371.707781246182,3371.707781246182,asphalt,1.1575
0.2333333333333333,4.618749553091782,1.2829859869699396,0.0,0.0,0.0,0.0,1.2829859869699396,0.0,0.15239278625459227,5.496713963063584,1000.0,1,0,0.0,0.0,0.9354888498175712,0.9354888498175712,3985.799982866788,3985.799982866788,3371.7000171332115,3371.7000171332115,asphalt,1.1575
0.24999999999999997,4.94854818406375,1.374596717795486,0.0,0.0,0.0,0.0,1.374596717795486,0.0,0.17473016696108334,5.4966007892766555,1000.0,1,0,0.0,0.0,0.9354911696051753,0.9354911696051753,3985.808343852074,3985.808343852074,3371.6916561479256,3371.6916561479256,asphalt,1.1575
0.26666666666666666,5.278339726976547,1.4662054797157076,0.0,0.0,0.0,0.0,1.4662054797157076,0.0,0.19859437284414014,5.496479678721684,1000.0,1,0,0.0,0.0,0.93549365499676,0.93549365499676,3985.8173016617006,3985.8173016617006,3371.682698338299,3371.682698338299,asphalt,1.1575
0.2833333333333333,5.608123705649951,1.5578121404583196,0.0,0.0,0.0,0.0,1.5578121404583196,0.0,0.2239853697108224,5.496350632093954,1000.0,1,0,0.0,0.0,0.9354963059806958,0.9354963059806958,3985.826856244239,3985.826856244239,3371.6731437557605,3371.6731437557605,asphalt,1.1575
0.3,5.937899643947176,1.6494165677631045,0.0,0.0,0.0,0.0,1.6494165677631045,0.0,0.2509031211637765,5.496213650134685,1000.0,1,0,0.0,0.0,0.9354991225445733,0.9354991225445733,3985.8370075448174,3985.8370075448174,3371.662992455182,3371.662992455182,asphalt,1.1575
0.31666666666666665,6.267667065777628,1.7410186293826744,0.0,0.0,0.0,0.0,1.7410186293826744,0.0,0.2793475886014445,5.496068733630821,1000.0,1,0,0.0,0.0,0.9355021046752033,0.9355021046752033,3985.8477555051195,3985.8477555051195,3371.65224449488,3371.65224449488,asphalt,1.1575
0.3333333333333333,6.597425495099648,1.8326181930832355,0.0,0.0,0.0,0.0,1.8326181930832355,0.0,0.30931873121828585,5.495915883415243,1000.0,1,0,0.0,0.0,0.9355052523586149,0.9355052523586149,3985.859100063381,3985.859100063381,3371.6408999366186,3371.6408999366186,asphalt,1.1575
0.35,6.9271744559232635,1.9242151266453509,0.0,0.0,0.0,0.0,1.9242151266453509,0.0,0.3408165060050121,5.495755100366502,1000.0,1,0,0.0,0.0,0.9355085655800576,0.9355085655800576,3985.871041154396,3985.871041154396,3371.6289588456034,3371.6289588456034,asphalt,1.1575
0.36666666666666664,7.2569134723129345,2.015809297864704,0.0,0.0,0.0,0.0,2.015809297864704,0.0,0.3738408677488341,5.495586385408977,1000.0,1,0,0.0,0.0,0.9355120443240016,0.9355120443240016,3985.883578709517,3985.883578709517,3371.6164212904823,3371.6164212904823,asphalt,1.1575
0.3833333333333333,7.586642068390302,2.1074005745528614,0.0,0.0,0.0,0.0,2.1074005745528614,0.0,0.4083917690337217,5.495409739512773,1000.0,1,0,0.0,0.0,0.9355156885741369,0.9355156885741369,3985.896712656654,3985.896712656654,3371.6032873433455,3371.6032873433455,asphalt,1.1575
0.39999999999999997,7.916359768336925,2.1989888245380347,0.0,0.0,0.0,0.0,2.1989888245380347,0.0,0.44446916024067673,5.495225163693931,1000.0,1,0,0.0,0.0,0.9355194983133756,0.9355194983133756,3985.910442920282,3985.910442920282,3371.5895570797175,3371.5895570797175,asphalt,1.1575
0.41666666666666663,8.246066096397039,2.2905739156658442,0.0,0.0,0.0,0.0,2.2905739156658442,0.0,0.4820729895480182,5.495032659013894,1000.0,1,0,0.0,0.0,0.9355234735238429,0.9355234735238429,3985.9247694214105,3985.9247694214105,3371.575230578589,3371.575230578589,asphalt,1.1575
0.4333333333333333,8.57576057688029,2.3821557158000806,0.0,0.0,0.0,0.0,2.3821557158000806,0.0,0.5212032029316802,5.494832226580151,1000.0,1,0,0.0,0.0,0.9355276141868963,0.9355276141868963,3985.9396920776503,3985.9396920776503,3371.5603079223492,3371.5603079223492,asphalt,1.1575
0.44999999999999996,8.905442734164486,2.4737340928234683,0.0,0.0,0.0,0.0,2.4737340928234683,0.0,0.5618597441655232,5.494623867545911,1000.0,1,0,0.0,0.0,0.9355319202831035,0.9355319202831035,3985.9552108031353,3985.9552108031353,3371.5447891968643,3371.5447891968643,asphalt,1.1575
0.4666666666666666,9.23511209269833,2.565308914638425,0.0,0.0,0.0,0.0,2.565308914638425,0.0,0.6040425548216573,5.4944075831097905,1000.0,1,0,0.0,0.0,0.93553639179226,0.93553639179226,3985.9713255085912,3985.9713255085912,3371.5286744914083,3371.5286744914083,asphalt,1.1575
0.4833333333333333,9.56476817700417,2.656880049167825,0.0,0.0,0.0,0.0,2.656880049167825,0.0,0.6477515742707777,5.494183374516446,1000.0,1,0,0.0,0.0,0.9355410286933771,0.9355410286933771,3985.988036101283,3985.988036101283,3371.5119638987167,3371.5119638987167,asphalt,1.1575
0.49999999999999994,9.894410511680737,2.7484473643557603,0.0,0.0,0.0,0.0,2.7484473643557603,0.0,0.692986739682515,5.493951243055939,1000.0,1,0,0.0,0.0,0.9355458309646921,0.9355458309646921,3986.0053424850607,3986.0053424850607,3371.494657514939,3371.494657514939,asphalt,1.1575
0.5166666666666666,10.224038621405885,2.8400107281683016,0.0,0.0,0.0,0.0,2.8400107281683016,0.0,0.7397479860257954,5.493711190064268,1000.0,1,0,0.0,0.0,0.9355507985836631,0.9355507985836631,3986.023244560337,3986.023244560337,3371.476755439662,3371.476755439662,asphalt,1.1575
0.5333333333333333,10.553652030939332,2.931570008594259,0.0,0.0,0.0,0.0,2.931570008594259,0.0,0.7880352460692156,5.493463216922727,1000.0,1,0,0.0,0.0,0.9355559315269656,0.9355559315269656,3986.041742224077,3986.041742224077,3371.458257775922,3371.458257775922,asphalt,1.1575
0.55,10.88325026512539,3.0231250736459416,0.0,0.0,0.0,0.0,3.0231250736459416,0.0,0.83784845038143,5.493207325058549,1000.0,1,0,0.0,0.0,0.9355612297705047,0.9355612297705047,3986.0608353698417,3986.0608353698417,3371.439164630158,3371.439164630158,asphalt,1.1575
0.5666666666666668,11.212832848895717,3.1146757913599212,0.0,0.0,0.0,0.0,3.1146757913599212,0.0,0.889187527331549,5.492943515944475,1000.0,1,0,0.0,0.0,0.9355666932893979,0.9355666932893979,3986.080523887727,3986.080523887727,3371.4194761122726,3371.4194761122726,asphalt,1.1575
0.5833333333333335,11.542399307272037,3.206222029797788,0.0,0.0,0.0,0.0,3.206222029797788,0.0,0.9420524030895531,5.492671791098758,1000.0,1,0,0.0,0.0,0.9355723220579925,0.9355723220579925,3986.1008076644252,3986.1008076644252,3371.3991923355743,3371.3991923355743,asphalt,1.1575
0.6000000000000002,11.872056216100553,3.297793393361265,0.0,0.0,0.0,0.0,3.297793393361265,0.0,0.9964432171581141,5.495980895098427,1004.3237431367141,1,0,0.0,0.0,0.9360985228824568,0.9360985228824568,3985.959806655495,3985.959806655495,3371.5401933445046,3371.5401933445046,asphalt,1.1575
0.6166666666666669,12.202111955799998,3.389475543277777,0.0,0.0,0.0,0.0,3.389475543277777,0.0,1.0523612660792292,5.504463956329815,1014.8909237388378,1,0,0.0,0.0,0.9373273148092854,0.9373273148092854,3985.4099667355963,3985.4099667355963,3372.0900332644032,3372.0900332644032,asphalt,1.1575
0.6333333333333336,12.532831369173435,3.4813420469926206,0.0,0.0,0.0,0.0,3.4813420469926206,0.0,1.1098091873239584,5.5169433726975114,1030.2831137934918,1,0,0.0,0.0,0.9390971164752002,0.9390971164752002,3984.539591878375,3984.539591878375,3372.9604081216244,3372.9604081216244,asphalt,1.1575
0.6500000000000004,12.864419106636063,3.573449751843351,0.0,0.0,0.0,0.0,3.573449751843351,0.0,1.1687906646433173,5.532511948874443,1049.4076298325904,1,0,0.0,0.0,0.9412845632681572,0.9412845632681572,3983.421506280755,3983.421506280755,3374.0784937192448,3374.0784937192448,asphalt,1.1575
0.6666666666666671,13.197033486451026,3.665842635125285,0.0,0.0,0.0,0.0,3.665842635125285,0.0,1.2293101907890125,5.5504717596210895,1071.4238838007248,1,0,0.0,0.0,0.9437946494827255,0.9437946494827255,3982.111754041489,3982.111754041489,3375.3882459585107,3375.3882459585107,asphalt,1.1575
0.6833333333333338,13.530797210943463,3.7585547808176285,0.0,0.0,0.0,0.0,3.7585547808176285,0.0,1.291372885019372,5.570286579656312,1095.6860773950111,1,0,0.0,0.0,0.9465543418566167,0.9465543418566167,3980.6534085089015,3980.6534085089015,3376.846591491098,3376.846591491098,asphalt,1.1575
0.7000000000000005,13.865805639243082,3.851612677567523,0.0,0.0,0.0,0.0,3.851612677567523,0.0,1.3549843529237635,5.591544940761786,1121.6986988278666,1,0,0.0,0.0,0.9495075897635299,0.9495075897635299,3979.079532001415,3979.079532001415,3378.4204679985846,3378.4204679985846,asphalt,1.1575
0.7166666666666672,14.20213316451042,3.945036990141783,0.0,0.0,0.0,0.0,3.945036990141783,0.0,1.420150578887517,5.613931493470545,1149.082023896575,1,0,0.0,0.0,0.9526114405421419,0.9526114405421419,3977.4154712019986,3977.4154712019986,3380.084528798001,3380.084528798001,asphalt,1.1575
0.733333333333334,14.53983812325742,4.038843923127061,0.0,0.0,0.0,0.0,4.038843923127061,0.0,1.4868778436976078,5.637204843829977,1177.5454173514956,1,0,0.0,0.0,0.9558330243375975,0.9558330243375975,3975.680634297526,3975.680634297526,3381.8193657024735,3381.8193657024735,asphalt,1.1575
0.7500000000000007,14.878966569748261,4.133046269374517,0.0,0.0,0.0,0.0,4.133046269374517,0.0,1.555172661486951,5.661180428336934,1206.86670353908,1,0,0.0,0.0,0.9591472199036666,0.9591472199036666,3973.889864667461,3973.889864667461,3383.6101353325384,3383.6101353325384,asphalt,1.1575
0.7666666666666674,15.219555174267876,4.22765421507441,0.0,0.0,0.0,0.0,4.22765421507441,0.0,1.625041731535517,5.685717301470561,1236.8762503642654,1,0,0.0,0.0,0.9625348516540955,0.9625348516540955,3972.054501109853,3972.054501109853,3385.4454988901466,3385.4454988901466,asphalt,1.1575
0.7833333333333341,15.56163344601023,4.322675957225064,0.0,0.0,0.0,0.0,4.322675957225064,0.0,1.6964919014714623,5.710707956267527,1267.4447069887094,1,0,0.0,0.0,0.9659812998264268,0.9659812998264268,3970.183194964781,3970.183194964781,3387.3168050352187,3387.3168050352187,asphalt,1.1575
0.8000000000000008,15.905225436049072,4.418118176680298,0.0,0.0,0.0,0.0,4.418118176680298,0.0,1.7695301392097567,5.7360704921510575,1298.4735691227143,1,0,0.0,0.0,0.9694754310052044,0.9694754310052044,3968.2825390251637,3968.2825390251637,3389.217460974836,3389.217460974836,asphalt,1.1575
0.8166666666666675,16.250351040587386,4.513986400163162,0.0,0.0,0.0,0.0,4.513986400163162,0.0,1.8441635115802775,5.7617425964213,1329.887929110605,1,0,0.0,0.0,0.9730087764816558,0.9730087764816558,3966.3575509640386,3966.3575509640386,3391.142449035961,3391.142449035961,asphalt,1.1575
0.8333333333333343,16.597026997273367,4.610285277020379,0.0,0.0,0.0,0.0,4.610285277020379,0.0,1.920399168071994,5.787676925025096,1361.6309116239295,1,0,0.0,0.0,0.9765749019416804,0.9765749019416804,3964.4120444775454,3964.4120444775454,3393.087955522454,3393.087955522454,asphalt,1.1575
0.850000000000001,16.945267646109514,4.707018790585976,0.0,0.0,0.0,0.0,4.707018790585976,0.0,1.9982443284859583,5.813837561380524,1393.6594080002362,1,0,0.0,0.0,0.9801689245816394,0.9801689245816394,3962.4489138900267,3962.4489138900267,3395.051086109973,3395.051086109973,asphalt,1.1575
0.8666666666666677,17.295085510016587,4.804190419449052,0.0,0.0,0.0,0.0,4.804190419449052,0.0,2.077706273571799,5.840197304664443,1425.9408097632213,1,0,0.0,0.0,0.9837871436330766,0.9837871436330766,3960.470352154401,3960.470352154401,3397.0296478455984,3397.0296478455984,asphalt,1.1575
0.8833333333333344,17.64649173738461,4.9018032603846144,0.0,0.0,0.0,0.0,4.9018032603846144,0.0,2.158792337939301,5.866735595482666,1458.4505099393614,1,0,0.0,0.0,0.9874267579936044,0.9874267579936044,3958.478017655708,3958.478017655708,3399.021982344292,3399.021982344292,asphalt,1.1575
0.9000000000000011,17.999496439116225,4.999860121976729,0.0,0.0,0.0,0.0,4.999860121976729,0.0,2.241509904703292,5.893436930733671,1491.1699936546756,1,0,0.0,0.0,0.9910856506671901,0.9910856506671901,3956.4731617094085,3956.4731617094085,3401.026838290591,3401.026838290591,asphalt,1.1575
0.9166666666666679,18.354108945092584,5.098363595859051,0.0,0.0,0.0,0.0,5.098363595859051,0.0,2.3258664014478976,5.920289653487956,1524.085380477911,1,0,0.0,0.0,0.9947622243794102,0.9947622243794102,3954.456725919123,3954.456725919123,3403.0432740808765,3403.0432740808765,asphalt,1.1575
0.9333333333333346,18.71033799916089,5.197316110878024,0.0,0.0,0.0,0.0,5.197316110878024,0.0,2.4118692971942366,5.947285030047809,1557.1863126920375,1,0,0.0,0.0,0.9984552763441186,0.9984552763441186,3952.429416447682,3952.429416447682,3405.0705835523177,3405.0705835523177,asphalt,1.1575
0.9500000000000013,19.06781362036405,5.296614894545569,0.0,0.0,0.0,0.0,5.296614894545569,0.0,2.4995254513698506,5.959373636027294,1590.4650948103738,1,0,0.0,0.0,1.0,1.0,3951.008587216653,3951.008587216653,3406.4914127833467,3406.4914127833467,asphalt,1.1575
0.966666666666668,19.425355205301347,5.395932001472596,0.0,0.0,0.0,0.0,5.395932001472596,0.0,2.5888369320730997,5.958807987659043,1623.9142864306132,1,0,0.0,0.0,1.0,1.0,3951.0434625805774,3951.0434625805774,3406.4565374194217,3406.4565374194217,asphalt,1.1575
0.9833333333333347,19.7828615050681,5.495239306963361,0.0,0.0,0.0,0.0,5.495239306963361,0.0,2.6798035960907023,5.95821517975665,1657.5212163608085,1,0,0.0,0.0,1.0,1.0,3951.0878330357837,3951.0878330357837,3406.412166964216,3406.412166964216,asphalt,1.1575
1.0000000000000013,20.140331830669396,5.594536619630388,0.0,0.0,0.0,0.0,5.594536619630388,0.0,2.7724252780091287,5.957611557475531,1691.2689382527587,1,0,0.0,0.0,1.0,1.0,3951.133019763739,3951.133019763739,3406.3669802362606,3406.3669802362606,asphalt,1.1575
1.016666666666668,20.49776553378464,5.693823759384622,0.0,0.0,0.0,0.0,5.693823759384622,0.0,2.8667018094052676,5.956997131770763,1725.1390760305142,1,0,0.0,0.0,1.0,1.0,3951.1790189482554,3951.1790189482554,3406.320981051744,3406.320981051744,asphalt,1.1575
1.0333333333333345,20.85516196637566,5.793100546215461,0.0,0.0,0.0,0.0,5.793100546215461,0.0,2.962633018855365,5.956371907110878,1759.1135613587778,1,0,0.0,0.0,1.0,1.0,3951.2258302536056,3951.2258302536056,3406.274169746394,3406.274169746394,asphalt,1.1575
1.0500000000000012,21.212520480675167,5.892366800187546,0.0,0.0,0.0,0.0,5.892366800187546,0.0,3.060218731936273,5.955735888039229,1793.1755974850205,1,0,0.0,0.0,1.0,1.0,3951.273453339575,3951.273453339575,3406.2265466604244,3406.2265466604244,asphalt,1.1575
1.0666666666666678,21.56984042919141,5.991622341442058,0.0,0.0,0.0,0.0,5.991622341442058,0.0,3.1594587712267144,5.955089079177824,1827.310126808893,1,0,0.0,0.0,1.0,1.0,3951.3218878601156,3951.3218878601156,3406.1781121398844,3406.1781121398844,asphalt,1.1575
1.0833333333333344,21.927121164712855,6.090866990198015,0.0,0.0,0.0,0.0,6.090866990198015,0.0,3.2603529563085765,5.9544314852258395,1861.503989296219,1,0,0.0,0.0,1.0,1.0,3951.3711334632944,3951.3711334632944,3406.128866536705,3406.128866536705,asphalt,1.1575
1.100000000000001,22.28436204031286,6.190100566753572,0.0,0.0,0.0,0.0,6.190100566753572,0.0,3.362901103768218,5.953763110960466,1895.7458964016835,1,0,0.0,0.0,1.0,1.0,3951.4211897913456,3951.4211897913456,3406.078810208654,3406.078810208654,asphalt,1.1575
1.1166666666666676,22.641562409354325,6.289322891487313,0.0,0.0,0.0,0.0,6.289322891487313,0.0,3.4671030271978043,5.9530839612369135,1930.0263022465936,1,0,0.0,0.0,1.0,1.0,3951.472056480669,3951.472056480669,3406.0279435193306,3406.0279435193306,asphalt,1.1575
1.1333333333333342,22.998721625494348,6.388533784859541,0.0,0.0,0.0,0.0,6.388533784859541,0.0,3.57295853719666,5.952394040987343,1964.3372245441656,1,0,0.0,0.0,1.0,1.0,3951.523733161828,3951.523733161828,3405.9762668381713,3405.9762668381713,asphalt,1.1575
1.1500000000000008,23.355839042688874,6.487733067413576,0.0,0.0,0.0,0.0,6.487733067413576,0.0,3.680467441372642,5.951693355221721,1998.6720480212812,1,0,0.0,0.0,1.0,1.0,3951.576219459554,3951.576219459554,3405.9237805404455,3405.9237805404455,asphalt,1.1575
1.1666666666666674,23.712914015197367,6.586920559777046,0.0,0.0,0.0,0.0,6.586920559777046,0.0,3.7896295443435424,5.950981909027604,2033.0253299240069,1,0,0.0,0.0,1.0,1.0,3951.6295149927264,3951.6295149927264,3405.870485007273,3405.870485007273,asphalt,1.1575
1.183333333333334,24.06994589758743,6.686096082663175,0.0,0.0,0.0,0.0,6.686096082663175,0.0,3.9004446477385013,5.950259707569714,2067.3926185569617,1,0,0.0,0.0,1.0,1.0,3951.6836193744375,3951.6836193744375,3405.816380625562,3405.816380625562,asphalt,1.1575
1.2000000000000006,24.426934044739454,6.785259456872071,0.0,0.0,0.0,0.0,6.785259456872071,0.0,4.0129125501994505,5.949526756090151,2101.770290254608,1,0,0.0,0.0,1.0,1.0,3951.7385322119785,3951.7385322119785,3405.761467788021,3405.761467788021,asphalt,1.1575
1.2166666666666672,24.78387781185125,6.884410503292014,0.0,0.0,0.0,0.0,6.884410503292014,0.0,4.127033047382573,5.94878305990818,2136.1554067137004,1,0,0.0,0.0,1.0,1.0,3951.7942531067897,3951.7942531067897,3405.70574689321,3405.70574689321,asphalt,1.1575
1.2333333333333338,25.140776554442684,6.983549042900745,0.0,0.0,0.0,0.0,6.983549042900745,0.0,4.242805931959788,5.948028624420232,2170.5455925367996,1,0,0.0,0.0,1.0,1.0,3951.8507816545402,3951.8507816545402,3405.6492183454593,3405.6492183454593,asphalt,1.1575
1.2500000000000004,25.497629628360272,7.082674896766743,0.0,0.0,0.0,0.0,7.082674896766743,0.0,4.360230993620253,5.947263455099687,2204.9389316700217,1,0,0.0,0.0,1.0,1.0,3951.9081174450976,3951.9081174450976,3405.5918825549024,3405.5918825549024,asphalt,1.1575
1.266666666666667,25.854436389781853,7.181787886050515,0.0,0.0,0.0,0.0,7.181787886050515,0.0,4.4793080190718895,5.94648755749688,2239.3338808386097,1,0,0.0,0.0,1.0,1.0,3951.966260062542,3951.966260062542,3405.5337399374575,3405.5337399374575,asphalt,1.1575
1.2833333333333337,26.211196195221152,7.280887832005876,0.0,0.0,0.0,0.0,7.280887832005876,0.0,4.600036792042933,5.945700937239309,2273.7291978717612,1,0,0.0,0.0,1.0,1.0,3952.025209085168,3952.025209085168,3405.474790914831,3405.474790914831,asphalt,1.1575
1.3000000000000003,26.567908401532417,7.379974555981227,0.0,0.0,0.0,0.0,7.379974555981227,0.0,4.722417093283497,5.944903600030784,2308.1238828166947,1,0,0.0,0.0,1.0,1.0,3952.0849640855004,3952.0849640855004,3405.415035914499,3405.415035914499,asphalt,1.1575
1.3166666666666669,26.924572365915015,7.479047879420837,0.0,0.0,0.0,0.0,7.479047879420837,0.0,4.846448700567168,5.944095551652069,2342.5171298747696,1,0,0.0,0.0,1.0,1.0,3952.145524630307,3952.145524630307,3405.3544753696924,3405.3544753696924,asphalt,1.1575
1.3333333333333335,27.281187445918025,7.578107623866118,0.0,0.0,0.0,0.0,7.578107623866118,0.0,4.972131388692613,5.943276797960664,2376.908288387508,1,0,0.0,0.0,1.0,1.0,3952.206890280556,3952.206890280556,3405.2931097194437,3405.2931097194437,asphalt,1.1575
1.35,27.637752999444846,7.677153610956902,0.0,0.0,0.0,0.0,7.677153610956902,0.0,5.099464929485213,5.9424473448903825,2411.296831318693,1,0,0.0,0.0,1.0,1.0,3952.2690605915072,3952.2690605915072,3405.2309394084923,3405.2309394084923,asphalt,1.1575
1.3666666666666667,27.99426838475777,7.776185662432714,0.0,0.0,0.0,0.0,7.776185662432714,0.0,5.228449091798713,5.941607198451351,2445.6823298968798,1,0,0.0,0.0,1.0,1.0,3952.3320351126195,3952.3320351126195,3405.1679648873805,3405.1679648873805,asphalt,1.1575
1.3833333333333333,28.35073296048257,7.875203600134047,0.0,0.0,0.0,0.0,7.875203600134047,0.0,5.3590836415169045,5.940756364730433,2480.064433287475,1,0,0.0,0.0,1.0,1.0,3952.39581338766,3952.39581338766,3405.1041866123396,3405.1041866123396,asphalt,1.1575
1.4,28.707146085613072,7.974207246003631,0.0,0.0,0.0,0.0,7.974207246003631,0.0,5.491368341555316,5.939894849890166,2514.4428523482716,1,0,0.0,0.0,1.0,1.0,3952.4603949546427,3952.4603949546427,3405.039605045357,3405.039605045357,asphalt,1.1575
1.4166666666666665,29.063507119515737,8.073196422087705,0.0,0.0,0.0,0.0,8.073196422087705,0.0,5.62530295186293,5.939022660169826,2548.8173466844974,1,0,0.0,0.0,1.0,1.0,3952.525779345827,3952.525779345827,3404.9742206541728,3404.9742206541728,asphalt,1.1575
1.4333333333333331,29.419815421934217,8.172170950537282,0.0,0.0,0.0,0.0,8.172170950537282,0.0,5.7608872294239255,5.938139801884574,2583.187714358897,1,0,0.0,0.0,1.0,1.0,3952.5919660877967,3952.5919660877967,3404.908033912203,3404.908033912203,asphalt,1.1575
1.4499999999999997,29.7760703529939,8.271130653609417,0.0,0.0,0.0,0.0,8.271130653609417,0.0,5.8981209282594325,5.9372462814248195,2617.553783730563,1,0,0.0,0.0,1.0,1.0,3952.6589547014155,3952.6589547014155,3404.841045298584,3404.841045298584,asphalt,1.1575
1.4666666666666663,30.132271273206506,8.370075353668474,0.0,0.0,0.0,0.0,8.370075353668474,0.0,6.037003799429315,5.936342105258348,2651.9154069951064,1,0,0.0,0.0,1.0,1.0,3952.726744701775,3952.726744701775,3404.7732552982247,3404.7732552982247,asphalt,1.1575
1.483333333333333,30.488417543474593,8.469004873187387,0.0,0.0,0.0,0.0,8.469004873187387,0.0,6.177535591033973,5.935427279927126,2686.2724550807757,1,0,0.0,0.0,1.0,1.0,3952.795335598389,3952.795335598389,3404.7046644016104,3404.7046644016104,asphalt,1.1575
1.4999999999999996,30.844508525096124,8.567919034748924,0.0,0.0,0.0,0.0,8.567919034748924,0.0,6.319716048216163,5.934501812049433,2720.62481362252,1,0,0.0,0.0,1.0,1.0,3952.8647268949376,3952.8647268949376,3404.635273105062,3404.635273105062,asphalt,1.1575
1.5166666666666662,31.20054357976898,8.666817661046938,0.0,0.0,0.0,0.0,8.666817661046938,0.0,6.463544913162844,5.933565708319435,2754.9723797910965,1,0,0.0,0.0,1.0,1.0,3952.9349180895533,3952.9349180895533,3404.565081910446,3404.565081910446,asphalt,1.1575
1.5333333333333328,31.556522069595488,8.765700574887635,0.0,0.0,0.0,0.0,8.765700574887635,0.0,6.609021925107044,5.932618975505903,2789.3150597990248,1,0,0.0,0.0,1.0,1.0,3953.0059086746323,3953.0059086746323,3404.4940913253677,3404.4940913253677,asphalt,1.1575
1.5499999999999994,31.912443357086982,8.864567599190828,0.0,0.0,0.0,0.0,8.864567599190828,0.0,6.756146820329737,5.931661620453923,2823.652766941375,1,0,0.0,0.0,1.0,1.0,3953.0776981368626,3953.0776981368626,3404.4223018631374,3404.4223018631374,asphalt,1.1575
1.566666666666666,32.268306805168294,8.963418556991192,0.0,0.0,0.0,0.0,8.963418556991192,0.0,6.904919332161761,5.930693650083185,2857.98542005846,1,0,0.0,0.0,1.0,1.0,3953.1502859573548,3953.1502859573548,3404.349714042645,3404.349714042645,asphalt,1.1575
1.5833333333333326,32.62411177718225,9.062253271439515,0.0,0.0,0.0,0.0,9.062253271439515,0.0,7.055339190985737,5.929715071388841,2892.3129423308687,1,0,0.0,0.0,1.0,1.0,3953.223671611482,3953.223671611482,3404.2763283885174,3404.2763283885174,asphalt,1.1575
1.5999999999999992,32.97985763689422,9.16107156580395,0.0,0.0,0.0,0.0,9.16107156580395,0.0,7.2074061242380205,5.928725891440649,2926.635260335908,1,0,0.0,0.0,1.0,1.0,3953.297854569038,3953.297854569038,3404.2021454309615,3404.2021454309615,asphalt,1.1575
1.6166666666666658,33.33554374849654,9.259873263471261,0.0,0.0,0.0,0.0,9.259873263471261,0.0,7.361119856410671,5.927726117383401,2960.952303309432,1,0,0.0,0.0,1.0,1.0,3953.372834294175,3953.372834294175,3404.1271657058246,3404.1271657058246,asphalt,1.1575
1.6333333333333324,33.6911694766131,9.358658187948082,0.0,0.0,0.0,0.0,9.358658187948082,0.0,7.516480109053439,5.926715756437773,2995.2640025688384,1,0,0.0,0.0,1.0,1.0,3953.4486102454025,3953.4486102454025,3404.051389754597,3404.051389754597,asphalt,1.1575
1.649999999999999,34.04673418630374,9.457426162862149,0.0,0.0,0.0,0.0,9.457426162862149,0.0,7.673486600775781,5.925694815897344,3029.5702910624045,1,0,0.0,0.0,1.0,1.0,3953.5251818755887,3953.5251818755887,3403.974818124411,3403.974818124411,asphalt,1.1575
1.6666666666666656,34.40223724306877,9.556177011963547,0.0,0.0,0.0,0.0,9.556177011963547,0.0,7.832139047248886,5.924663303131155,3063.871103017572,1,0,0.0,0.0,1.0,1.0,3953.602548632023,3953.602548632023,3403.8974513679764,3403.8974513679764,asphalt,1.1575
1.6833333333333322,34.757678012853454,9.654910559125959,0.0,0.0,0.0,0.0,9.654910559125959,0.0,7.992437161207734,5.923621225583275,3098.166373666656,1,0,0.0,0.0,1.0,1.0,3953.6807099563853,3953.6807099563853,3403.8192900436143,3403.8192900436143,asphalt,1.1575
1.6999999999999988,35.11305586205244,9.7536266283479,0.0,0.0,0.0,0.0,9.7536266283479,0.0,8.154380652453161,5.922568590771107,3132.45603903308,1,0,0.0,0.0,1.0,1.0,3953.759665284744,3953.759665284744,3403.7403347152554,3403.7403347152554,asphalt,1.1575
1.7166666666666655,35.46837015751426,9.852325043753961,0.0,0.0,0.0,0.0,9.852325043753961,0.0,8.317969227853961,5.921505406287508,3166.740035764899,1,0,0.0,0.0,1.0,1.0,3953.839414047624,3953.839414047624,3403.6605859523756,3403.6605859523756,asphalt,1.1575
1.733333333333332,35.82362026654572,9.951005629596033,0.0,0.0,0.0,0.0,9.951005629596033,0.0,8.483202591348993,5.920431679797815,3201.0183010052406,1,0,0.0,0.0,1.0,1.0,3953.9199556699045,3953.9199556699045,3403.580044330095,3403.580044330095,asphalt,1.1575
1.7499999999999987,36.178805556916394,10.049668210254554,0.0,0.0,0.0,0.0,10.049668210254554,0.0,8.650080443949319,5.919347419042822,3235.290772291544,1,0,0.0,0.0,1.0,1.0,3954.001289570986,3954.001289570986,3403.4987104290135,3403.4987104290135,asphalt,1.1575
1.7666666666666653,36.53392539686307,10.14831261023974,0.0,0.0,0.0,0.0,10.14831261023974,0.0,8.818602483740356,5.918252631837078,3269.5573874772567,1,0,0.0,0.0,1.0,1.0,3954.0834151646254,3954.0834151646254,3403.416584835374,3403.416584835374,asphalt,1.1575
1.7833333333333319,36.888979155094106,10.246938654192807,0.0,0.0,0.0,0.0,10.246938654192807,0.0,8.988768405884057,5.917147326067607,3303.8180846710275,1,0,0.0,0.0,1.0,1.0,3954.1663318590977,3954.1663318590977,3403.333668140902,3403.333668140902,asphalt,1.1575
1.7999999999999985,37.24396620079394,10.345546166887205,0.0,0.0,0.0,0.0,10.345546166887205,0.0,9.160577902621105,5.916031509696893,3338.072802189526,1,0,0.0,0.0,1.0,1.0,3954.2500390570676,3954.2500390570676,3403.249960942932,3403.249960942932,asphalt,1.1575
1.816666666666665,37.59888590362746,10.44413497322985,0.0,0.0,0.0,0.0,10.44413497322985,0.0,9.33403066327313,5.914905190759896,3372.321478520877,1,0,0.0,0.0,1.0,1.0,3954.334536155751,3954.334536155751,3403.1654638442487,3403.1654638442487,asphalt,1.1575
1.8333333333333317,37.9537376337444,10.542704898262334,0.0,0.0,0.0,0.0,10.542704898262334,0.0,9.509126374244936,5.913768377364903,3406.5640522963427,1,0,0.0,0.0,1.0,1.0,3954.419822546752,3954.419822546752,3403.0801774532474,3403.0801774532474,asphalt,1.1575
1.8499999999999983,38.30852076178378,10.641255767162162,0.0,0.0,0.0,0.0,10.641255767162162,0.0,9.685864719026782,5.912621077694382,3440.8004622684275,1,0,0.0,0.0,1.0,1.0,3954.505897616227,3954.505897616227,3402.9941023837728,3402.9941023837728,asphalt,1.1575
1.866666666666665,38.66323465887826,10.73978740524396,0.0,0.0,0.0,0.0,10.73978740524396,0.0,9.864245378196635,5.911463300002424,3475.0306472939774,1,0,0.0,0.0,1.0,1.0,3954.592760744816,3954.592760744816,3402.9072392551834,3402.9072392551834,asphalt,1.1575
1.8833333333333315,39.017878696658556,10.83829963796071,0.0,0.0,0.0,0.0,10.83829963796071,0.0,10.044268029422485,5.910295052618153,3509.2545463211504,1,0,0.0,0.0,1.0,1.0,3954.680411307615,3954.680411307615,3402.8195886923845,3402.8195886923845,asphalt,1.1575
1.8999999999999981,39.37245224725779,10.936792290904942,0.0,0.0,0.0,0.0,10.936792290904942,0.0,10.225932347464651,5.909116343941889,3543.4720983794086,1,0,0.0,0.0,1.0,1.0,3954.7688486743014,3954.7688486743014,3402.731151325698,3402.731151325698,asphalt,1.1575
1.9166666666666647,39.72695468331588,11.035265189809966,0.0,0.0,0.0,0.0,11.035265189809966,0.0,10.409238004178128,5.907927182447281,3577.6832425718444,1,0,0.0,0.0,1.0,1.0,3954.85807220907,3954.85807220907,3402.6419277909295,3402.6419277909295,asphalt,1.1575
1.9333333333333313,40.08138537798389,11.133718160551082,0.0,0.0,0.0,0.0,11.133718160551082,0.0,10.594184668514949,5.906727576681732,3611.8879180693266,1,0,0.0,0.0,1.0,1.0,3954.948081270603,3954.948081270603,3402.5519187293967,3402.5519187293967,asphalt,1.1575
1.949999999999998,40.43574370492842,11.232151029146783,0.0,0.0,0.0,0.0,11.232151029146783,0.0,10.780772006526552,5.905517535262987,3646.086064106055,1,0,0.0,0.0,1.0,1.0,3955.038875212132,3955.038875212132,3402.4611247878674,3402.4611247878674,asphalt,1.1575
1.9666666666666646,40.790029038335874,11.330563621759964,0.0,0.0,0.0,0.0,11.330563621759964,0.0,10.968999681366187,5.904297066883402,3680.277619976207,1,0,0.0,0.0,1.0,1.0,3955.130453381535,3955.130453381535,3402.3695466184645,3402.3695466184645,asphalt,1.1575
1.9833333333333312,41.144240752916886,11.428955764699134,0.0,0.0,0.0,0.0,11.428955764699134,0.0,11.158867353291336,5.903066180306098,3714.46252503144,1,0,0.0,0.0,1.0,1.0,3955.22281512108,3955.22281512108,3402.2771848789193,3402.2771848789193,asphalt,1.1575
1.9999999999999978,41.498378223910606,11.527327284419613,0.0,0.0,0.0,0.0,11.527327284419613,0.0,11.350374679666151,5.901824884367102,3748.6407186790393,1,0,0.0,0.0,1.0,1.0,3955.3159597677777,3955.3159597677777,3402.184040232222,3402.184040232222,asphalt,1.1575
2.0166666666666644,41.85244082708903,11.625678007524732,0.0,0.0,0.0,0.0,11.625678007524732,0.0,11.54352131496391,5.900573187974061,3782.8121403805912,1,0,0.0,0.0,1.0,1.0,3955.4098866531563,3955.4098866531563,3402.0901133468433,3402.0901133468433,asphalt,1.1575
2.033333333333331,42.20642793876134,11.724007760767037,0.0,0.0,0.0,0.0,11.724007760767037,0.0,11.7383069107695,5.899311100106672,3816.976729651037,1,0,0.0,0.0,1.0,1.0,3955.504595103294,3955.504595103294,3401.9954048967056,3401.9954048967056,asphalt,1.1575
2.0499999999999976,42.56033893577812,11.822316371049478,0.0,0.0,0.0,0.0,11.822316371049478,0.0,11.93473111578192,5.898038629815829,3851.1344260580413,1,0,0.0,0.0,1.0,1.0,3955.6000844389164,3955.6000844389164,3401.899915561083,3401.899915561083,asphalt,1.1575
2.066666666666664,42.91417319553578,11.920603665426606,0.0,0.0,0.0,0.0,11.920603665426606,0.0,12.132793575816791,5.896755786225327,3885.2851692215954,1,0,0.0,0.0,1.0,1.0,3955.696353975427,3955.696353975427,3401.8036460245726,3401.8036460245726,asphalt,1.1575
2.083333333333331,43.26793009598079,12.018869471105774,0.0,0.0,0.0,0.0,12.018869471105774,0.0,12.332493933808902,5.895462578528878,3919.428898813805,1,0,0.0,0.0,1.0,1.0,3955.7934030226825,3955.7934030226825,3401.706596977317,3401.706596977317,asphalt,1.1575
2.0999999999999974,43.621609015613906,12.117113615448307,0.0,0.0,0.0,0.0,12.117113615448307,0.0,12.533831829814762,5.8941590159926704,3953.5655545588174,1,0,0.0,0.0,1.0,1.0,3955.8912308853796,3955.8912308853796,3401.60876911462,3401.60876911462,asphalt,1.1575
2.116666666666664,43.975209333494554,12.21533592597071,0.0,0.0,0.0,0.0,12.21533592597071,0.0,12.736806901015191,5.892845107953235,3987.6950762328615,1,0,0.0,0.0,1.0,1.0,3955.9898368627,3955.9898368627,3401.5101631372995,3401.5101631372995,asphalt,1.1575
2.1333333333333306,44.32873042924501,12.313536230345836,0.0,0.0,0.0,0.0,12.313536230345836,0.0,12.941418781717909,5.891520863819153,4021.817403664371,1,0,0.0,0.0,1.0,1.0,3956.0892202485365,3956.0892202485365,3401.4107797514625,3401.4107797514625,asphalt,1.1575
2.1499999999999972,44.68217168305469,12.41171435640408,0.0,0.0,0.0,0.0,12.41171435640408,0.0,13.147667103360154,5.890186293068069,4055.9324767341714,1,0,0.0,0.0,1.0,1.0,3956.1893803314924,3956.1893803314924,3401.310619668507,3401.310619668507,asphalt,1.1575
2.166666666666664,45.035532475684384,12.509870132134552,0.0,0.0,0.0,0.0,12.509870132134552,0.0,13.355551494511325,5.888841405250531,4090.0402353757236,1,0,0.0,0.0,1.0,1.0,3956.290316394784,3956.290316394784,3401.2096836052156,3401.2096836052156,asphalt,1.1575
2.1833333333333305,45.38881218847053,12.608003385686258,0.0,0.0,0.0,0.0,12.608003385686258,0.0,13.565071580875633,5.887486209986577,4124.140619575398,1,0,0.0,0.0,1.0,1.0,3956.392027716372,3956.392027716372,3401.1079722836275,3401.1079722836275,asphalt,1.1575
2.199999999999997,45.74201020332939,12.706113945369275,0.0,0.0,0.0,0.0,12.706113945369275,0.0,13.776226985294786,5.8861207169665875,4158.233569372787,1,0,0.0,0.0,1.0,1.0,3956.4945135688295,3956.4945135688295,3401.00548643117,3401.00548643117,asphalt,1.1575
2.2166666666666637,46.09512590276131,12.804201639655918,0.0,0.0,0.0,0.0,12.804201639655918,0.0,13.989017327750684,5.884744935951289,4192.3190248610335,1,0,0.0,0.0,1.0,1.0,3956.597773219538,3956.597773219538,3400.9022267804617,3400.9022267804617,asphalt,1.1575
2.2333333333333303,46.448158669854934,12.902266297181926,0.0,0.0,0.0,0.0,12.902266297181926,0.0,14.203442225368123,5.883358876772604,4226.396926187181,1,0,0.0,0.0,1.0,1.0,3956.701805930524,3956.701805930524,3400.7981940694754,3400.7981940694754,asphalt,1.1575
2.249999999999997,46.80110788829139,13.000307746747609,0.0,0.0,0.0,0.0,13.000307746747609,0.0,14.419501292417554,5.881962549330666,4260.467213552533,1,0,0.0,0.0,1.0,1.0,3956.806610958621,3956.806610958621,3400.6933890413784,3400.6933890413784,asphalt,1.1575
2.2666666666666635,47.1539729423485,13.098325817319028,0.0,0.0,0.0,0.0,13.098325817319028,0.0,14.637194140317815,5.8805559635972315,4294.529827213037,1,0,0.0,0.0,1.0,1.0,3956.9121875553415,3956.9121875553415,3400.587812444658,3400.587812444658,asphalt,1.1575
2.28333333333333,47.50675321690496,13.196320338029155,0.0,0.0,0.0,0.0,13.196320338029155,0.0,14.856520377638917,5.879139129612696,4328.584707479648,1,0,0.0,0.0,1.0,1.0,3957.018534966972,3957.018534966972,3400.4814650330277,3400.4814650330277,asphalt,1.1575
2.2999999999999967,47.85944809744451,13.29429113817903,0.0,0.0,0.0,0.0,13.29429113817903,0.0,15.077479610104842,5.877712057487372,4362.631794718729,1,0,0.0,0.0,1.0,1.0,3957.1256524345727,3957.1256524345727,3400.374347565427,3400.374347565427,asphalt,1.1575
2.3166666666666633,48.21205697006012,13.392238047238921,0.0,0.0,0.0,0.0,13.392238047238921,0.0,15.300071440596342,5.876274757401063,4396.671029352433,1,0,0.0,0.0,1.0,1.0,3957.2335391939805,3957.2335391939805,3400.2664608060195,3400.2664608060195,asphalt,1.1575
2.33333333333333,48.564579221458125,13.49016089484948,0.0,0.0,0.0,0.0,13.49016089484948,0.0,15.524295469153788,5.874827239602212,4430.7023518591,1,0,0.0,0.0,1.0,1.0,3957.3421944758047,3957.3421944758047,3400.157805524195,3400.157805524195,asphalt,1.1575
2.3499999999999965,48.917014238962416,13.588059510822893,0.0,0.0,0.0,0.0,13.588059510822893,0.0,15.750151292980007,5.873369514409603,4464.725702773656,1,0,0.0,0.0,1.0,1.0,3957.451617505494,3957.451617505494,3400.0483824945054,3400.0483824945054,asphalt,1.1575
2.366666666666663,49.26936141051853,13.685933725144036,0.0,0.0,0.0,0.0,13.685933725144036,0.0,15.977638506443167,5.8719015922098095,4498.741022688002,1,0,0.0,0.0,1.0,1.0,3957.561807503241,3957.561807503241,3399.9381924967583,3399.9381924967583,asphalt,1.1575
2.3833333333333298,49.62162012469781,13.783783367971614,0.0,0.0,0.0,0.0,13.783783367971614,0.0,16.206756701079655,5.870423483458893,4532.748252251418,1,0,0.0,0.0,1.0,1.0,3957.6727636841715,3957.6727636841715,3399.827236315828,3399.827236315828,asphalt,1.1575
2.3999999999999964,49.973789770701536,13.881608269639315,0.0,0.0,0.0,0.0,13.881608269639315,0.0,16.437505465596995,5.868935198681129,4566.747332170966,1,0,0.0,0.0,1.0,1.0,3957.7844852581215,3957.7844852581215,3399.715514741878,3399.715514741878,asphalt,1.1575
2.416666666666663,50.325869738364986,13.97940826065694,0.0,0.0,0.0,0.0,13.97940826065694,0.0,16.669884385876767,5.867436748469004,4600.738203211877,1,0,0.0,0.0,1.0,1.0,3957.8969714298632,3957.8969714298632,3399.6030285701363,3399.6030285701363,asphalt,1.1575
2.4333333333333296,50.67785941816164,14.077183171711566,0.0,0.0,0.0,0.0,14.077183171711566,0.0,16.90389304497756,5.865928143484922,4634.72080619796,1,0,0.0,0.0,1.0,1.0,3958.010221398975,3958.010221398975,3399.489778601025,3399.489778601025,asphalt,1.1575
2.449999999999996,51.02975820120714,14.174932833668649,0.0,0.0,0.0,0.0,14.174932833668649,0.0,17.139531023137945,5.864409394456942,4668.695082012,1,0,0.0,0.0,1.0,1.0,3958.124234359969,3958.124234359969,3399.3757656400307,3399.3757656400307,asphalt,1.1575
2.466666666666663,51.381565479263486,14.272657077573191,0.0,0.0,0.0,0.0,14.272657077573191,0.0,17.37679789777944,5.862880512183892,4702.660971596151,1,0,0.0,0.0,1.0,1.0,3958.239009502165,3958.239009502165,3399.2609904978344,3399.2609904978344,asphalt,1.1575
2.4833333333333294,51.7332806447431,14.37035573465086,0.0,0.0,0.0,0.0,14.37035573465086,0.0,17.615693243509536,5.861341507529829,4736.618415952338,1,0,0.0,0.0,1.0,1.0,3958.3545460097866,3958.3545460097866,3399.145453990213,3399.145453990213,asphalt,1.1575
2.499999999999996,52.084903090712764,14.4680286363091,0.0,0.0,0.0,0.0,14.4680286363091,0.0,17.85621663212471,5.8597923914283,4770.567356142654,1,0,0.0,0.0,1.0,1.0,3958.4708430620863,3958.4708430620863,3399.0291569379133,3399.0291569379133,asphalt,1.1575
2.5166666666666626,52.436432210897856,14.565675614138293,0.0,0.0,0.0,0.0,14.565675614138293,0.0,18.098367632613467,5.858233174879786,4804.507733289756,1,0,0.0,0.0,1.0,1.0,3958.58789983306,3958.58789983306,3398.9121001669396,3398.9121001669396,asphalt,1.1575
2.533333333333329,52.78786739968626,14.663296499912851,0.0,0.0,0.0,0.0,14.663296499912851,0.0,18.342145811159398,5.856663868951699,4838.439488577262,1,0,0.0,0.0,1.0,1.0,3958.7057154917347,3958.7057154917347,3398.794284508265,3398.794284508265,asphalt,1.1575
2.549999999999996,53.139208052132496,14.760891125592359,0.0,0.0,0.0,0.0,14.760891125592359,0.0,18.587550731144265,5.855084484779667,4872.3625632501435,1,0,0.0,0.0,1.0,1.0,3958.824289202105,3958.824289202105,3398.6757107978947,3398.6757107978947,asphalt,1.1575
2.5666666666666624,53.49045356396164,14.858459323322677,0.0,0.0,0.0,0.0,14.858459323322677,0.0,18.834581953151094,5.853495033565395,4906.276898615123,1,0,0.0,0.0,1.0,1.0,3958.9436201230346,3958.9436201230346,3398.556379876965,3398.556379876965,asphalt,1.1575
2.583333333333329,53.841603331573445,14.956000925437067,0.0,0.0,0.0,0.0,14.956000925437067,0.0,19.08323903496729,5.851895526577522,4940.182436041066,1,0,0.0,0.0,1.0,1.0,3959.063707408452,3959.063707408452,3398.4362925915475,3398.4362925915475,asphalt,1.1575
2.5999999999999956,54.192656752046254,15.053515764457293,0.0,0.0,0.0,0.0,15.053515764457293,0.0,19.333521531587767,5.850285975151621,4974.079116959374,1,0,0.0,0.0,1.0,1.0,3959.1845502071874,3959.1845502071874,3398.315449792812,3398.315449792812,asphalt,1.1575
2.6166666666666623,54.543613223141094,15.151003673094747,0.0,0.0,0.0,0.0,15.151003673094747,0.0,19.58542899521813,5.848666390690198,5007.966882864374,1,0,0.0,0.0,1.0,1.0,3959.306147663102,3959.306147663102,3398.1938523368976,3398.1938523368976,asphalt,1.1575
2.633333333333329,54.89447214330555,15.24846448425154,0.0,0.0,0.0,0.0,15.24846448425154,0.0,19.838960975277814,5.847036784661412,5041.845675313714,1,0,0.0,0.0,1.0,1.0,3959.4284989151206,3959.4284989151206,3398.071501084879,3398.071501084879,asphalt,1.1575
2.6499999999999955,55.24523291167783,15.345898031021619,0.0,0.0,0.0,0.0,15.345898031021619,0.0,20.09411701840328,5.845397168599931,5075.715435928751,1,0,0.0,0.0,1.0,1.0,3959.5516030970384,3959.5516030970384,3397.9483969029607,3397.9483969029607,asphalt,1.1575
2.666666666666662,55.59589492809067,15.443304146691853,0.0,0.0,0.0,0.0,15.443304146691853,0.0,20.35089666845124,5.8437475541060735,5109.576106394936,1,0,0.0,0.0,1.0,1.0,3959.675459337875,3959.675459337875,3397.8245406621245,3397.8245406621245,asphalt,1.1575
2.6833333333333287,55.94645759307535,15.540682664743153,0.0,0.0,0.0,0.0,15.540682664743153,0.0,20.60929946650187,5.842087952847095,5143.427628462208,1,0,0.0,0.0,1.0,1.0,3959.800066761519,3959.800066761519,3397.6999332384808,3397.6999332384808,asphalt,1.1575
2.6999999999999953,56.296920307865555,15.638033418851542,0.0,0.0,0.0,0.0,15.638033418851542,0.0,20.869324950862058,5.840418376553771,5177.26994394538,1,0,0.0,0.0,1.0,1.0,3959.9254244870513,3959.9254244870513,3397.5745755129483,3397.5745755129483,asphalt,1.1575
2.716666666666662,56.64728247440138,15.73535624288927,0.0,0.0,0.0,0.0,15.73535624288927,0.0,21.130972657068664,5.83873883702509,5211.10299472452,1,0,0.0,0.0,1.0,1.0,3960.0515316285514,3960.0515316285514,3397.448468371448,3397.448468371448,asphalt,1.1575
2.7333333333333285,56.9975434953332,15.832650970925888,0.0,0.0,0.0,0.0,15.832650970925888,0.0,21.394242117891814,5.837049346122711,5244.92672274534,1,0,0.0,0.0,1.0,1.0,3960.1783872952265,3960.1783872952265,3397.3216127047726,3397.3216127047726,asphalt,1.1575
2.749999999999995,57.34770277402565,15.929917437229347,0.0,0.0,0.0,0.0,15.929917437229347,0.0,21.65913286333819,5.835349915775652,5278.741070019585,1,0,0.0,0.0,1.0,1.0,3960.305990591315,3960.305990591315,3397.1940094086845,3397.1940094086845,asphalt,1.1575
2.7666666666666617,57.69775971456145,16.02715547626707,0.0,0.0,0.0,0.0,16.02715547626707,0.0,21.925644420654343,5.833640557976025,5312.545978625407,1,0,0.0,0.0,1.0,1.0,3960.4343406162457,3960.4343406162457,3397.065659383754,3397.065659383754,asphalt,1.1575
2.7833333333333283,58.047713721745325,16.124364922707034,0.0,0.0,0.0,0.0,16.124364922707034,0.0,22.19377631433004,5.831921284782879,5346.341390707752,1,0,0.0,0.0,1.0,1.0,3960.563436464575,3960.563436464575,3396.9365635354247,3396.9365635354247,asphalt,1.1575
2.799999999999995,58.397564201107905,16.22154561141886,0.0,0.0,0.0,0.0,16.22154561141886,0.0,22.46352806610162,5.830192108317078,5380.127248478744,1,0,0.0,0.0,1.0,1.0,3960.693277225922,3960.693277225922,3396.8067227740776,3396.8067227740776,asphalt,1.1575
2.8166666666666615,58.74731055890958,16.318697377474884,0.0,0.0,0.0,0.0,16.318697377474884,0.0,22.734899194955354,5.828453040766419,5413.903494218059,1,0,0.0,0.0,1.0,1.0,3960.8238619850667,3960.8238619850667,3396.676138014933,3396.676138014933,asphalt,1.1575
2.833333333333328,59.09695220214434,16.415820056151205,0.0,0.0,0.0,0.0,16.415820056151205,0.0,23.007889217130828,5.826704094380943,5447.670070273311,1,0,0.0,0.0,1.0,1.0,3960.9551898220743,3960.9551898220743,3396.544810177925,3396.544810177925,asphalt,1.1575
2.8499999999999948,59.446488538543676,16.5129134829288,0.0,0.0,0.0,0.0,16.5129134829288,0.0,23.28249764612438,5.8249452814771985,5481.426919060422,1,0,0.0,0.0,1.0,1.0,3961.087259812011,3961.087259812011,3396.4127401879887,3396.4127401879887,asphalt,1.1575
2.8666666666666614,59.79591897658033,16.609977493494537,0.0,0.0,0.0,0.0,16.609977493494537,0.0,23.558723992692503,5.823176614433123,5515.17398306401,1,0,0.0,0.0,1.0,1.0,3961.220071025325,3961.220071025325,3396.2799289746745,3396.2799289746745,asphalt,1.1575
2.883333333333328,60.14524292547222,16.707011923742282,0.0,0.0,0.0,0.0,16.707011923742282,0.0,23.836567764855285,5.821398105691458,5548.911204837756,1,0,0.0,0.0,1.0,1.0,3961.3536225275284,3961.3536225275284,3396.146377472471,3396.146377472471,asphalt,1.1575
2.8999999999999946,60.49445979518615,16.80401660977393,0.0,0.0,0.0,0.0,16.80401660977393,0.0,24.116028467899888,5.819609767758891,5582.638527004782,1,0,0.0,0.0,1.0,1.0,3961.487913379389,3961.487913379389,3396.0120866206107,3396.0120866206107,asphalt,1.1575
2.916666666666661,60.84132650837829,16.900368474549524,0.0,0.0,0.0,0.0,16.900368474549524,0.0,24.397101286097488,5.74284668139768,5616.355724893262,1,0,0.0,0.0,0.9893666963663491,0.9893666963663491,3965.3702847636696,3965.3702847636696,3392.12971523633,3392.12971523633,asphalt,1.1575
2.933333333333328,61.18206183540735,16.995017176502042,0.0,0.0,0.0,0.0,16.995017176502042,0.0,24.679762236965797,5.640582433260306,5650.052657350689,1,0,0.0,0.0,0.975806233356899,0.975806233356899,3973.0621652468108,3973.0621652468108,3384.437834753189,3384.437834753189,asphalt,1.1575
2.9499999999999944,61.51666769152258,17.08796324764516,0.0,0.0,0.0,0.0,17.08796324764516,0.0,24.96398292601491,5.538506076180738,5683.693080908951,1,0,0.0,0.0,0.9622072552584261,0.9622072552584261,3980.7424363169703,3980.7424363169703,3376.7575636830293,3376.7575636830293,asphalt,1.1575
2.966666666666661,61.84516116600033,17.17921143500009,0.0,0.0,0.0,0.0,17.17921143500009,0.0,25.2497350219675,5.436776643715859,5717.223929701049,1,0,0.0,0.0,0.9485914716536908,0.9485914716536908,3988.399814197118,3988.399814197118,3369.1001858028817,3369.1001858028817,asphalt,1.1575
2.9833333333333276,62.16756969747594,17.268769360409983,0.0,0.0,0.0,0.0,17.268769360409983,0.0,25.536990302278912,5.335571623157307,5750.58594683451,1,0,0.0,0.0,0.9349833744181086,0.9349833744181086,3996.0211332018744,3996.0211332018744,3361.4788667981247,3361.4788667981247,asphalt,1.1575
2.9999999999999942,62.48393141060445,17.35664761405679,0.0,0.0,0.0,0.0,17.35664761405679,0.0,25.825720702415143,5.235067667109092,5783.72013479814,1,0,0.0,0.0,0.9214077052954883,0.9214077052954883,4003.592996416793,4003.592996416793,3353.9070035832065,3353.9070035832065,asphalt,1.1575
3.016666666666661,62.60240449209652,17.389556803360144,1.2280886269018607,0.14162646099998535,0.010350501815484591,0.04612571730615604,17.38949562912887,0.0003908089148597033,26.11534481590222,1.8879184178226183,5816.488436272216,1,0,0.5709467396006725,0.5797469720120076,0.4434881778161616,0.4434881778161616,4252.33689383472,4252.33689383472,3105.1631061652793,3105.1631061652793,asphalt,1.1575
3.0333333333333274,62.704754278436454,17.41798729956568,4.13528500083511,0.4423461496641426,0.059260831509632676,0.15248719006784767,17.41731980600622,0.002202689259406162,26.405467819283693,1.5412871592252486,5848.068577740028,1,0,1.0,1.0,0.4385879067509118,0.4385879067509118,4276.455829352043,4276.455829352043,3081.044170647956,3081.044170647956,asphalt,1.1575
3.049999999999994,62.79142762158419,17.44206322821783,7.549488060380558,0.7427638757712162,0.16375134955396434,0.27595114946012955,17.439880177921527,0.0060294834735891405,26.695997491845,1.2972545306911343,5877.6665718237045,1,0,1.0,1.0,0.43294260310888494,0.43294260310888494,4297.082358670533,4297.082358670533,3060.417641329467,3060.417641329467,asphalt,1.1575
3.0666666666666607,62.86461608853263,17.46239335792573,10.91050698337167,0.9917124738518254,0.3247149147732694,0.40118051612244715,17.45778439494578,0.011929438474103521,26.986854784812667,1.0641176009650621,5904.848541431872,1,0,0.9999999999999999,0.9999999999999999,0.4264557999755458,0.4264557999755458,4314.797547108904,4314.797547108904,3042.702452891095,3042.702452891095,asphalt,1.1575
3.0833333333333273,62.92432094246409,17.47897803957336,14.138979793233117,1.197339227385349,0.5403991506055409,0.530043133705615,17.47093951635971,0.01995245865255738,27.2779611388534,0.8392769234157527,5929.430052256449,1,0,1.0,1.0,0.4233718463408336,0.4233718463408336,4331.843859745274,4331.843859745274,3025.6561402547254,3025.6561402547254,asphalt,1.1575
3.099999999999994,62.97061936040637,17.49183871122399,17.182039345090633,1.3665516969357543,0.8080142580822522,0.6637142582997083,17.479242114085032,0.0301721266705044,27.569236339920092,0.6204616004160357,5951.384374397666,1,0,1.0,1.0,0.4279591711980814,0.4279591711980814,4348.3963051883775,4348.3963051883775,3009.103694811622,3009.103694811622,asphalt,1.1575
3.1166666666666605,63.00360907907994,17.50100252196665,20.006942287025087,1.5052002526484909,1.1241063070309105,0.8028401423344542,17.482578098774205,0.04267591331484526,27.860598336398873,0.40572549883393094,5970.778180268886,1,0,0.9999999999999999,1.0,0.44279530120175337,0.44279530120175337,4364.608133007992,4364.608133007992,2992.8918669920067,2992.8918669920067,asphalt,1.1575
3.133333333333327,63.03131442712053,17.508698451977924,22.599663810369755,1.6188787977812706,1.484873766785339,0.9479946744481617,17.48301540294214,0.05756065883563796,28.151981152665865,0.4076733394111898,5987.730404010257,1,0,1.0,1.0,0.4661220510981456,0.4661220510981456,4368.631077947102,4368.631077947102,2988.8689220528972,2988.8689220528972,asphalt,1.1575
3.1499999999999937,63.05909336918063,17.516414824772397,24.9533394467428,1.7115767448907848,1.8863623161395286,1.099235961291789,17.481889732374732,0.07492812217573508,28.443355130834433,0.41700041742160465,6002.415105817664,1,0,1.0,1.0,0.49692952905466603,0.49692952905466603,4367.960569629063,4367.960569629063,2989.5394303709368,2989.5394303709368,asphalt,1.1575
3.1666666666666603,63.087041105002356,17.524178084722877,27.072286337600737,1.7868467091241185,2.324624016219961,1.256433317448679,17.479078718968186,0.09487858450326914,28.734692953417632,0.4273499580125417,6015.067425678396,1,0,1.0,1.0,0.5331941277679326,0.5331941277679324,4367.195160628465,4367.195160628465,2990.304839371535,2990.304839371535,asphalt,1.1575
3.183333333333327,63.1152175662715,17.53200487951986,28.966207453175862,1.8476795447750696,2.795842211372591,1.4193219039999396,17.474459088290377,0.1175086996090125,29.025965245176376,0.43791387685303107,6025.947663772717,1,0,1.0,1.0,0.572313527480307,0.5723135274803072,4366.4000689464965,4366.4000689464965,2991.0999310535026,2991.0999310535026,asphalt,1.1575
3.1999999999999935,63.14365271969663,17.539903533249063,30.648259164259812,1.896581422071541,3.296400029379025,1.5875469627026848,17.46791088244088,0.14290971736037658,29.317140606471757,0.4481016890895262,6035.3147236267105,1,0,1.0,1.0,0.6121817157428401,0.6121817157428401,4365.62355298977,4365.62355298977,2991.8764470102287,2991.8764470102287,asphalt,1.1575
3.21666666666666,63.17235181261661,17.547875503504613,32.13365103864675,1.9356482456447457,3.822922826713684,1.760699451489089,17.459320494452907,0.17116636958832773,29.60818570102348,0.45750559913102506,6043.410925463175,1,0,1.0,1.0,0.6512667318599872,0.6512667318599868,4364.899455615126,4364.899455615126,2992.6005443848744,2992.6005443848744,asphalt,1.1575
3.2333333333333267,63.20130099907085,17.555916944186347,33.438605215066865,1.9666292550303177,4.372301155072291,1.9383425790785014,17.44858297390652,0.20235625220554698,29.899065386772016,0.46586471682644515,6050.454247565485,1,0,1.0,1.0,0.6885409491039657,0.6885409491039653,4364.249912746649,4364.249912746649,2993.2500872533506,2993.2500872533506,asphalt,1.1575
3.2499999999999933,63.230472603780896,17.564020167716915,34.57959758283529,1.9909813022636982,4.941699410292927,2.120031229312791,17.435603575405842,0.23654957319506106,30.189742877244374,0.47303211351987784,6056.6353003817085,1,0,1.0,1.0,0.7233712393426835,0.7233712393426833,4363.687900223435,4363.687900223435,2993.8120997765654,2993.8120997765654,asphalt,1.1575
3.26666666666666,63.259829680018576,17.57217491111627,35.572818156669626,2.00991509773432,5.528554190380822,2.3053258615718555,17.420298613365734,0.27380916496003466,30.480179921380945,0.47894634406986825,6062.117208450087,1,0,1.0,1.0,0.7554149028983703,0.7554149028983703,4363.219464846877,4363.219464846877,2994.2805351531224,2994.2805351531224,asphalt,1.1575
3.2833333333333266,63.289329749898975,17.580369374971937,36.4338004811278,2.0244345432924806,6.130565478704899,2.4938021486121675,17.4025957317875,0.3141906824866131,30.77033699135786,0.48360786330704286,6067.03717991337,1,0,1.0,1.0,0.7845350109141395,0.7845350109141395,4362.84558961968,4362.84558961968,2994.654410380319,2994.654410380319,asphalt,1.1575
3.299999999999993,63.31892774390829,17.588591039974524,37.17718007357817,2.0353701240229696,6.745683041018994,2.685057352163785,17.382433713006453,0.3577429270006117,31.060173469940416,0.4870601225240989,6071.508961371304,1,0,1.0,1.0,0.8107358798686672,0.8107358798686675,4362.563700099028,4362.563700099028,2994.936299900972,2994.936299900972,asphalt,1.1575
3.3166666666666598,63.348578220665104,17.596827283518085,37.81655019843287,2.043407202202198,7.372089846971651,2.878714227216829,17.3597619466393,0.4045082492296729,31.349647830958155,0.48937482462321213,6075.625662794109,1,0,1.0,1.0,0.834115431622258,0.8341154316222583,4362.36884701714,4362.36884701714,2995.131152982859,2995.131152982859,asphalt,1.1575
3.3333333333333264,63.37823697391121,17.605065826086445,38.36438998146318,2.049109945341651,8.008183870125464,3.074423078078938,17.334539667317745,0.45452299776785116,31.638717808389746,0.4906407058462037,6079.462632491384,1,0,1.0,1.0,0.8548306464273852,0.8548306464273844,4362.254611586003,4362.254611586003,2995.245388413997,2995.245388413997,asphalt,1.1575
3.349999999999993,63.40786213796148,17.613295038322633,38.832045294673904,2.0529415224655705,8.652559261988689,3.2718624548830575,17.306735052670312,0.5078179869852972,31.927340551180507,0.4909552103032411,6083.080193439837,1,0,1.0,1.0,0.8730728335182999,0.8730728335183012,4362.213781626774,4362.213781626774,2995.286218373226,2995.286218373226,asphalt,1.1575
3.3666666666666596,63.437414895533685,17.621504137648245,39.22974719961662,2.055281117055217,9.303987616044456,3.4707388717443988,17.27632425480943,0.564418965919412,32.21547276224985,0.49041847701204233,6086.526139182776,1,0,1.0,1.0,0.8890501553122041,0.8890501553122034,4362.238843404509,4362.238843404509,2995.2611565954903,2995.2611565954903,asphalt,1.1575
3.383333333333326,63.4668598792264,17.62968329978511,39.56665622304221,2.0564382299709845,9.96139982156389,3.6707858419599,17.24329042129688,0.6243470750180942,32.50307082118492,0.4891291361573735,6089.837943801816,1,0,1.0,1.0,0.9029754748919708,0.9029754748919715,4362.322328534919,4362.322328534919,2995.1776714650805,2995.1776714650805,asphalt,1.1575
3.399999999999993,63.4961653435459,17.637823706540527,39.85092351423895,2.05666467993706,10.623868841296334,3.87176245729475,17.207622746250742,0.687619281796617,32.79009089088697,0.4871814937601471,6093.044675807191,1,0,1.0,1.0,0.9150580952825885,0.9150580952825877,4362.457049151494,4362.457049151494,2995.0429508485054,2995.0429508485054,asphalt,1.1575
3.4166666666666594,63.52530317030814,17.645917547307818,40.08976213170692,2.05616465178865,11.290593621527217,4.073451684113371,17.169315579357843,0.7542487896718646,33.076489008977305,0.4846637620269689,6096.16862697628,1,0,1.0,1.0,0.925498333731593,0.9254983337315943,4362.636248515287,4362.636248515287,2994.8637514847123,2994.8637514847123,asphalt,1.1575
3.433333333333326,63.554248757476316,17.653957988187866,40.28952343821212,2.055103092710319,11.960884249034255,4.275658506150531,17.128367610122243,0.824245416656239,33.36222116512035,0.48165706218640025,6099.226678915871,1,0,1.0,1.0,0.9344841507827121,0.9344841507827121,4362.853688850049,4362.853688850049,2994.6463111499497,2994.6463111499497,asphalt,1.1575
3.4499999999999926,63.58298083045428,17.661939119570633,40.45577493841988,2.0536127132932096,12.634148400344298,4.478208009872579,17.084781136547594,0.8976159423936317,33.64724336562287,0.4782349856463952,6102.23143570608,1,0,1.0,1.0,0.942189257232315,0.9421892572323143,4363.103693541404,4363.103693541404,2994.3963064585955,2994.3963064585955,asphalt,1.1575
3.4666666666666592,63.61148120562353,17.66985589045098,40.593376946524664,2.0517998126418875,13.309879078918152,4.680943481862529,17.038561421344053,0.9743644233342824,33.931511686755464,0.4744635482811077,6105.192152652834,1,0,1.0,1.0,0.9487722717892207,0.9487722717892214,4363.3811569747095,4363.3811569747095,2994.11884302529,2994.11884302529,asphalt,1.1575
3.483333333333326,63.639734528378696,17.67770403566075,40.706556283223215,2.0497491142799245,13.987643601085054,4.883724567028937,16.989716134350637,1.0544924767808013,34.21498231824619,0.4704014121747946,6108.115490461636,1,0,1.0,1.0,0.954376613028426,0.954376613028426,4363.681532140193,4363.681532140193,2993.8184678598072,2993.8184678598072,asphalt,1.1575
3.4999999999999925,63.6677280018968,17.685480000526887,40.798975821356414,2.047527771609046,14.667073768217522,5.086425520514352,16.93825487685484,1.137999535179626,34.497611598341486,0.46610028067476605,6111.006122074734,1,0,1.0,1.0,0.9591308915990431,0.9591308915990417,4364.0008036312765,4364.0008036312765,2993.499196368723,2993.499196368723,asphalt,1.1575
3.516666666666659,63.69545111814765,17.693180866152126,40.87379916755662,2.0451886776080457,15.34785714800916,5.288933574013504,16.88418878158037,1.2248830724490314,34.779356041736186,0.4616053972384293,6113.867216662465,1,0,1.0,1.0,0.9631496301748598,0.9631496301748621,4364.335451679778,4364.335451679778,2993.164548320222,2993.164548320222,asphalt,1.1575
3.5333333333333257,63.722895399000556,17.700804277500154,40.933750115582065,2.0427731928118895,16.029729379607414,5.491147428033395,16.82753018104469,1.3151388043809273,35.06017236155886,0.45695609769978773,6116.700822261691,1,0,1.0,1.0,0.9665341847660773,0.9665341847660789,4364.682411341189,4364.682411341189,2992.8175886588106,2992.8175886588106,asphalt,1.1575
3.5499999999999923,63.75005415250418,17.708348375695603,40.98116676169455,2.0403133879399555,16.71246741404042,5.692975874812743,16.76829233654403,1.4087608652721688,35.340017486471446,0.45218638019861146,6119.508165577779,1,0,1.0,1.0,0.9693737756685697,0.9693737756685697,4365.039029768476,4365.039029768476,2992.460970231523,2992.460970231523,asphalt,1.1575
3.566666666666659,63.776922247341005,17.7158117353725,41.018050354284114,2.037833882450272,17.395883601527817,5.894336551661883,16.706489220027787,1.505741962965969,35.618848573812805,0.44732546810166696,6122.289884668232,1,0,1.0,1.0,0.971746562379385,0.9717465623793822,4365.403023614495,4365.403023614495,2992.0969763855046,2992.0969763855046,asphalt,1.1575
3.5833333333333255,63.80349590693406,17.723193307481683,41.0461090756186,2.03535334743173,18.07982053984091,6.095154820979081,16.642135341435576,1.6060735144418508,35.89662301958981,0.44239834951866897,6125.046207688012,1,0,1.0,1.0,0.9737207163686371,0.9737207163686359,4365.7724379334295,4365.7724379334295,2991.7275620665696,2991.7275620665696,asphalt,1.1575
3.599999999999992,63.82977252359207,17.730492367664464,41.06679703633895,2.032885730304192,18.764146602086797,6.295362770817795,16.57524561457866,1.7097457640040878,36.17329846600089,0.43742628315044385,6127.777088632941,1,0,1.0,1.0,0.975355460242189,0.975355460242186,4366.145607459783,4366.145607459783,2991.3543925402173,2991.3543925402173,asphalt,1.1575
3.6166666666666587,63.85575049231842,17.73770847008845,41.081348813620394,2.0304412495068958,19.448752067527796,6.494898328359267,16.505835255270288,1.8167478859996848,36.448832807067866,0.43242726467553894,6130.482309072342,1,0,1.0,1.0,0.9767020527260976,0.9767020527260988,4366.521120768654,4366.521120768654,2990.978879231345,2990.978879231345,asphalt,1.1575
3.6333333333333253,63.88142906340153,17.744841406500424,41.090809890038145,2.0280271994849604,20.133545784861678,6.693704477776633,16.433919706084883,1.9270680738597463,36.72318419285429,0.4274164510363221,6133.161553201234,1,0,1.0,1.0,0.9778047069599938,0.9778047069599968,4366.8977875715545,4366.8977875715545,2990.6022124284445,2990.6022124284445,asphalt,1.1575
3.649999999999992,63.906808212584025,17.751891170162228,41.096063358581226,2.025648599627703,20.818452303446712,6.891728573594499,16.35951458281036,2.040693617111666,36.9963110326617,0.4224065422980061,6135.814462141995,1,0,1.0,1.0,0.9787014354660519,0.9787014354660505,4367.274609209788,4367.274609209788,2990.225390790212,2990.225390790212,asphalt,1.1575
3.6666666666666585,63.93188852742866,17.75885792428574,41.09785325498591,2.02330871519505,21.50340941401464,7.08892174062056,16.282635638321075,2.1576109678606223,37.26817199752002,0.4174081221796655,6138.440672257149,1,0,1.0,1.0,0.9794248193921355,0.9794248193921326,4367.650752282977,4367.650752282977,2989.8492477170225,2989.8492477170225,asphalt,1.1575
3.683333333333325,63.95667110841919,17.765741974560886,41.09680486549876,2.0210094735380504,22.188366046307777,7.285238351750901,16.20329874022115,2.2778057980922206,37.538726022223656,0.4124299593999581,6141.0398412691475,1,0,1.0,1.0,0.9800027026088182,0.9800027026088197,4368.025525270709,4368.025525270709,2989.4744747292903,2989.4744747292903,asphalt,1.1575
3.6999999999999917,63.981157483327245,17.77254374536868,41.093442339302094,2.0187517949396434,22.873280476687817,7.480635575348458,16.121519859178118,2.401263049007104,37.80793230711001,0.40747927256177263,6143.6116651912835,1,0,1.0,1.0,0.9804588132734872,0.9804588132734872,4368.3983579495625,4368.3983579495625,2989.101642050437,2989.101642050437,asphalt,1.1575
3.7166666666666583,64.0053495334175,17.77926375928264,41.088203912392174,2.016535854067443,23.558118804020303,7.675072984403573,16.0373150653786,2.5279669734652206,38.07575031973116,0.40256196160527224,6146.155888429565,1,0,1.0,1.0,0.9808133168032482,0.9808133168032468,4368.768783381946,4368.768783381946,2988.7312166180527,2988.7312166180527,asphalt,1.1575
3.733333333333325,64.02924943013711,17.78590261948253,41.081455025377295,2.0143612852339956,24.242853657000694,7.868512220260269,15.95070053099018,2.6579011724934976,38.34213979653158,0.39768280897646946,6148.672308894748,1,0,1.0,1.0,0.9810833049995886,0.9810833049995898,4369.136422242995,4369.136422242995,2988.3635777570053,2988.3635777570053,asphalt,1.1575
3.7499999999999916,64.05285958102888,17.792460994730245,41.073499592687234,2.0122273423276336,24.92746310053496,8.060916704296996,15.861692536907364,2.7910486266966883,38.607060744613484,0.3928456536149838,6151.160779545919,1,0,1.0,1.0,0.9812832264823008,0.981283226482302,4369.500969246665,4369.500969246665,2987.999030753335,2987.999030753335,asphalt,1.1575
3.766666666666658,64.07618258371109,17.798939606586412,41.064589655949895,2.010133022329956,25.611929712821798,8.252251391560861,15.77030748239844,2.927391723307336,38.8704734436464,0.38805354079897825,6153.62120745382,1,0,1.0,1.0,0.981425263729078,0.981425263729078,4369.86218144621,4369.86218144621,2987.637818553789,2987.637818553789,asphalt,1.1575
3.7833333333333248,64.09922118687501,17.805339218576393,41.05493363040489,2.008077159717921,26.296239808411386,8.442482560951357,15.676561896557764,3.0669122795170196,39.13233844795764,0.38330885061668596,6156.0535512082915,1,0,1.0,1.0,0.9815196619558006,0.9815196619558021,4370.219868189281,4370.219868189281,2987.2801318107176,2987.2801318107176,asphalt,1.1575
3.7999999999999914,64.1219782573579,17.81166062704386,41.04470333060417,2.0060584977048883,26.980382785760547,8.631577637121069,15.580472450710085,3.2095915626469824,39.39261658882453,0.3786134077358838,6158.457817286571,1,0,1.0,1.0,0.9815750148814681,0.9815750148814681,4370.573882530766,4370.573882530766,2986.926117469233,2986.926117469233,asphalt,1.1575
3.816666666666658,64.14445675245193,17.817904653458868,41.03403994054298,2.0040757411630636,27.664350580685202,8.819505039798296,15.48205597111455,3.3554103076413417,39.651268976977164,0.3739685748050192,6160.834055837121,1,0,1.0,1.0,0.9815985121390356,0.9815985121390356,4370.924113917433,4370.924113917433,2986.5758860825667,2986.5758860825667,asphalt,1.1575
3.8333333333333246,64.16665969670758,17.82407213797433,41.02305907391465,2.0021275951515403,28.34813720965937,9.006234056735366,15.381329451481522,3.5043487322997446,39.90825700531156,0.3693753316662196,6163.182356207982,1,0,1.0,1.0,0.981596152760773,0.9815961527607746,4371.270481978376,4371.270481978376,2986.229518021624,2986.229518021624,asphalt,1.1575
3.849999999999991,64.18859016257903,17.830163934049732,41.01185505243343,2.0002127922172432,29.031738389151148,9.191734736944046,15.278310064949721,3.656386550607886,40.163542351806164,0.36483434230632383,6165.502842452122,1,0,1.0,1.0,0.9815729288073648,0.9815729288073635,4371.612931273356,4371.612931273356,2985.887068726644,2985.887068726644,asphalt,1.1575
3.866666666666658,64.21025125434205,17.836180903983905,41.00050451411371,1.998330111015139,29.715151219148176,9.375977801295354,15.17301517527933,3.811502984473049,40.417086982630046,0.3603460112375956,6167.795668968726,1,0,1.0,1.0,0.9815329828406489,0.9815329828406505,4371.951426865473,4371.951426865473,2985.548573134527,2985.548573134527,asphalt,1.1575
3.8833333333333244,64.23164609478945,17.842123915219293,40.98906944897471,1.9964783882848585,30.398373920738898,9.558934567936102,15.06546234710228,3.9696767741270693,40.668853155428,0.35591053083436464,6170.061016384074,1,0,1.0,1.0,0.9814797425772809,0.9814797425772794,4372.285950601104,4372.285950601104,2985.214049398896,2985.214049398896,asphalt,1.1575
3.899999999999991,64.25277781427535,17.847993837298706,40.977599746773166,1.9946565258061872,31.08140561910335,9.740576890310045,14.955669355137884,4.130886187420223,40.918803422765805,0.3515279209480582,6172.299087734562,1,0,1.0,1.0,0.9814160357109438,0.9814160357109466,4372.616497995218,4372.616497995218,2984.883502004781,2984.883502004781,asphalt,1.1575
3.9166666666666576,64.27364954173929,17.853791539372025,40.96613532995085,1.9928634936162861,31.764246164557044,9.920877105870078,14.843654192333338,4.295109028195804,41.166900635717866,0.34719806193038494,6174.510104984347,1,0,1.0,1.0,0.9813441875607369,0.9813441875607354,4372.943075631101,4372.943075631101,2984.5569243688983,2984.5569243688983,asphalt,1.1575
3.9333333333333242,64.29426439739399,17.859517888164998,40.95470793490727,1.991098330499573,32.44689598540452,10.099807993831996,14.729435076927182,4.462322643906083,41.41310794757931,0.34292072209467506,6176.69430588858,1,0,1.0,1.0,0.9812661038971022,0.9812661038971022,4373.265698997659,4373.265698997659,2984.234301002341,2984.234301002341,asphalt,1.1575
3.949999999999991,64.31462548680528,17.8651737463348,40.943342595853146,1.989360142537237,33.12935596731738,10.277342740552658,14.613030458462058,4.632503932605283,41.657388817684854,0.3386955804603531,6178.851941198178,1,0,1.0,1.0,0.9811833410149288,0.9811833410149272,4373.584390695906,4373.584390695906,2983.9156093040933,2983.9156093040933,asphalt,1.1575
3.9666666666666575,64.33473589613456,17.870759971148487,40.932058877753505,1.9876481003271025,33.811627354773705,10.453454911318941,14.494459022792986,4.805629349433767,41.89970701531727,0.3345222455180874,6180.983272192017,1,0,1.0,1.0,0.9810971648674925,0.9810971648674912,4373.899178957449,4373.899178957449,2983.6008210425507,2983.6008210425507,asphalt,1.1575
3.983333333333324,64.35459868834754,17.87627741342987,40.92087189811727,1.9859614353413604,34.493711670799044,10.62811842751139,14.37373969615061,4.981674912689271,42.140026623689465,0.33040027068153677,6183.088568516013,1,0,1.0,1.0,0.98100860084388,0.9810086008438784,4374.210096425122,4374.210096425122,2983.2899035748774,2983.2899035748774,asphalt,1.1575
3.9999999999999907,64.37421690022433,17.88172691672898,40.90979317152705,1.9842994357758428,35.1756106518503,10.801307548260667,14.25089164832702,5.160616209565386,42.37831204398501,0.32632916693728475,6185.16810630491,1,0,1.0,1.0,0.9809184755653401,0.9809184755653385,4374.517179152274,4374.517179152274,2982.9828208477247,2982.9828208477247,asphalt,1.1575
4.016666666666658,64.39359354003088,17.887109316675243,40.89883130572829,1.9826614421543678,35.857326195194325,10.972996855848283,14.125934295055814,5.342428401624213,42.6145279994433,0.3223084131636256,6187.2221665608895,1,0,1.0,1.0,0.9808274518928274,0.9808274518928288,4374.820465785931,4374.820465785931,2982.679534214068,2982.679534214068,asphalt,1.1575
4.033333333333324,64.41273158573503,17.892425440481954,40.88799257371968,1.9810468428818164,36.538860316566954,11.143161244218238,13.998887299659158,5.527086230058861,42.848639539476636,0.31833746452321066,6189.2510337628255,1,0,1.0,1.0,0.9807360581741246,0.9807360581741246,4375.1199969017225,4375.1199969017225,2982.3800030982775,2982.3800030982775,asphalt,1.1575
4.049999999999991,64.43163398366866,17.89767610657463,40.87728138252186,1.9794550698827014,37.22021511626618,11.311775910064991,13.869770574033504,5.71456402079194,43.0806120438078,0.31441575925185816,6191.254994680688,1,0,1.0,1.0,0.9806447126165948,0.9806447126165948,4375.415814466011,4375.415814466011,2982.0841855339877,2982.0841855339877,asphalt,1.1575
4.0666666666666575,64.45030364755408,17.902862124320578,40.86670065607264,1.9778855944206706,37.90139275214253,11.478816346047964,13.738604279042846,5.904835689448221,43.310411226617774,0.3105427241138159,6193.234337370851,1,0,1.0,1.0,0.980553743544771,0.980553743544771,4375.707961401709,4375.707961401709,2981.79203859829,2981.79203859829,asphalt,1.1575
4.083333333333324,64.46874345782639,17.907984293840663,40.856252146937145,1.976337923160244,38.58239541821215,11.644258335755012,13.605408824384654,6.097874746232857,43.538003140694435,0.30671777877245177,6195.1893503298215,1,0,1.0,1.0,0.9804634061934842,0.9804634061934842,4375.996481241081,4375.996481241081,2981.5035187589183,2981.5035187589183,asphalt,1.1575
4.099999999999991,64.48695626119523,17.913043405887564,40.845936689165896,1.9748115945079274,39.26322532783741,11.808077950098987,13.470204867989128,6.293654300740975,43.7633541815741,0.30294033926736574,6197.12032178572,1,0,1.0,1.0,0.9803738965907404,0.9803738965907374,4376.281417848833,4376.281417848833,2981.2185821511666,2981.2185821511666,asphalt,1.1575
4.116666666666657,64.50494487039903,17.918040241777508,40.83575440263159,1.9733061752508256,39.94388470060388,11.970251544883636,13.33301331500757,6.492147066719698,43.986431091668734,0.2992098207505478,6199.027539108881,1,0,1.0,1.0,0.9802853630025194,0.9802853630025167,4376.562815202964,4376.562815202964,2980.937184797035,2980.937184797035,asphalt,1.1575
4.133333333333324,64.52271206411329,17.922975573364802,40.8257048574769,1.9718212574972023,40.62437575217751,12.130755759319472,13.193855316440635,6.693325366799759,44.2072009643724,0.2955256396418804,6200.91128832487,1,0,1.0,1.0,0.9801979153401384,0.9801979153401384,4376.8407172230645,4376.8407172230645,2980.659282776935,2980.659282776935,asphalt,1.1575
4.149999999999991,64.54026058698098,17.92785016305027,40.815787205867124,1.9703564559141555,41.30470068655302,12.28956751530742,13.052752267452338,6.897161137210588,44.42563124814158,0.2918872152866925,6202.771853715103,1,0,1.0,1.0,0.9801116328693082,0.9801116328693082,4377.115167637145,4377.115167637145,2980.384832362855,2980.384832362855,asphalt,1.1575
4.166666666666657,64.55759314973945,17.93266476381651,40.80600028702877,1.968911405250221,41.984861690213364,12.446664017339602,12.909725805410812,7.103625932490072,44.64168975054452,0.2882939712338839,6204.609517492056,1,0,1.0,1.0,0.9800265705067361,0.9800265705067361,4377.386209878412,4377.386209878412,2980.1137901215875,2980.1137901215875,asphalt,1.1575
4.183333333333324,64.5747124294224,17.937420119284003,40.796342710532485,1.9674857581263865,42.664860927806934,12.602022752892859,12.764797807692265,7.312690930197935,44.85534464227535,0.28474533619856857,6206.42455953766,1,0,1.0,1.0,0.9799427639463208,0.9799427639463208,4377.653887008138,4377.653887008138,2979.846112991862,2979.846112991862,asphalt,1.1575
4.19999999999999,64.59162106962009,17.942116963783356,40.78681292192132,1.9660791830772024,43.34470053902426,12.755621493212754,12.61799038928035,7.524326935639867,45.06656446112944,0.2812407447663645,6208.217257195013,1,0,1.0,1.0,0.979860233816571,0.979860233816571,4377.918241657311,4377.918241657311,2979.5817583426883,2979.5817583426883,asphalt,1.1575
4.216666666666657,64.60832168078332,17.94675602243981,40.7774092540656,1.9646913628207112,44.02438263641577,12.907438294404173,12.469325900189165,7.738504386608013,45.275318115936926,0.27777963791692173,6209.987885104863,1,0,1.0,1.0,0.9797789890399925,0.9797789890399925,4378.179315985287,4378.179315985287,2979.320684014713,2979.320684014713,asphalt,1.1575
4.233333333333324,64.62481684056097,17.951338011266934,40.768129967025075,1.9633219927370238,44.70390930394254,13.057451498759937,12.318826922734527,7.9551933581421945,45.48157489045164,0.27436146336924594,6211.736715079515,1,0,1.0,1.0,0.9796990295354541,0.9796990295354568,4378.437151649904,4378.437151649904,2979.0628483500955,2979.0628483500955,asphalt,1.1575
4.24999999999999,64.64110909416117,17.95586363726699,40.75897327869758,1.9619707795349797,45.38328259609279,13.205639736271591,12.16651626867493,8.174363567315245,45.68530444719316,0.2709856758221463,6213.464016007901,1,0,1.0,1.0,0.9796203483825835,0.9796203483825863,4378.691789787677,4378.691789787677,2978.808210212322,2978.808210212322,asphalt,1.1575
4.266666666666657,64.6572009547297,17.960333598536028,40.74993738811733,1.960637440087275,46.0625045374303,13.351981926276993,12.012416976240651,8.395984378044991,45.886476831240074,0.2676517370906595,6215.170053786469,1,0,1.0,1.0,0.979542933546486,0.979542933546486,4378.943271002512,4378.943271002512,2978.556728997488,2978.556728997488,asphalt,1.1575
4.2833333333333234,64.67309490373967,17.964748584372128,40.74102049292023,1.9593217004152303,46.74157712246868,13.496457279208025,11.856552307066883,8.620024805934799,46.08506247397263,0.26435911617170404,6216.855091271371,1,0,1.0,1.0,0.9794667692439437,0.9794667692439437,4379.191635359097,4379.191635359097,2978.308364640903,2978.308364640903,asphalt,1.1575
4.29999999999999,64.68879339138815,17.969109275385595,40.73222080220767,1.9580232948062493,47.42050231578743,13.639045298408877,11.698945743044513,8.846453523143994,46.28103219676348,0.2611072892466382,6218.519388248117,1,0,1.0,1.0,0.9793918370191381,0.9793918370191351,4379.436922381113,4379.436922381113,2978.0630776188864,2978.0630776188864,asphalt,1.1575
4.316666666666657,64.70429883699639,17.973416343610108,40.723536545805054,1.9567419650482212,48.09928205232348,13.779725782001146,11.53962098310009,9.075238863289123,46.47435721461518,0.25789573965056434,6220.163201415497,1,0,1.0,1.0,0.9793181165845927,0.9793181165845986,4379.679171053542,4379.679171053542,2977.8208289464583,2977.8208289464583,asphalt,1.1575
4.333333333333323,64.71961362941083,17.97767045261412,40.71496598071676,1.9554774597655997,48.777918237787205,13.918478824776834,11.378601939914834,9.306348826376594,46.66500913974327,0.2547239578194649,6221.786784381078,1,0,1.0,1.0,0.9792455864727981,0.9792455864728012,4379.918419826635,4379.918419826635,2977.5815801733643,2977.5815801733643,asphalt,1.1575
4.34999999999999,64.73474012740299,17.98187225761194,40.706507395420985,1.954229533845605,49.456412749162446,14.05528482010414,11.215912736590992,9.539751083767039,46.85295998510426,0.25159144118873655,6223.390387666033,1,0,1.0,1.0,0.9791742245361419,0.9791742245361391,4380.154706621885,4380.154706621885,2977.345293378114,2977.345293378114,asphalt,1.1575
4.3666666666666565,64.74968066006676,17.986022405574097,40.69815911251777,1.9529979479413964,50.134767435260464,14.190124461834124,11.051577703272516,9.77541298317144,47.03818216786749,0.24849769410536737,6224.974258717442,1,0,1.0,1.0,0.9791040083262809,0.9791040083262751,4380.38806883965,4380.38806883965,2977.1119311603493,2977.1119311603493,asphalt,1.1575
4.383333333333323,64.76443752721184,17.990121535336623,40.689919490137186,1.9517824680426703,50.81298411730505,14.322978746198846,10.885621373725927,10.013301553678971,47.2206485128302,0.24544222771282875,6226.538641926525,1,0,1.0,1.0,0.9790349153774769,0.9790349153774769,4380.618543366975,4380.618543366975,2976.8814566330243,2976.8814566330243,asphalt,1.1575
4.39999999999999,64.77901299975282,17.994170277709117,40.68178692242948,1.9505828651046058,51.4910645895303,14.453828973693637,10.7180684818863,10.25338351081631,47.40033225577539,0.2424245598317043,6228.083778651531,1,0,1.0,1.0,0.9789669234140872,0.9789669234140872,4380.846166586188,4380.846166586188,2976.6538334138118,2976.6538334138118,asphalt,1.1575
4.416666666666656,64.79340932009278,17.998169255581328,40.673759839389504,1.9493989147263988,52.1690106197802,14.582656750937785,10.548943958372398,10.495625261638107,47.57720704677162,0.23944421484884515,6229.60990724425,1,0,1.0,1.0,0.9789000104994783,0.978900010499481,4381.070974384127,4381.070974384127,2976.429025615873,2976.429025615873,asphalt,1.1575
4.433333333333323,64.80762870250179,18.002119084028273,40.665836706210214,1.948230396873078,52.846823950099726,14.709443992509216,10.378272926974383,10.739992909848205,47.75124695341458,0.23650072359032492,6231.11726307929,1,0,1.0,1.0,0.9788341551385537,0.9788341551385537,4381.2930021608645,4381.2930021608645,2976.2069978391346,2976.2069978391346,asphalt,1.1575
4.4499999999999895,64.82167333348944,18.006020370413733,40.658016022317874,1.9470770956338344,53.524506297311724,14.8341729227498,10.206080701116903,10.986452260951113,47.92242646400976,0.23359362320803712,6232.606078585428,1,0,1.0,1.0,0.9787693363449945,0.9787693363449915,4381.512284838812,4381.512284838812,2975.9877151611877,2975.9877151611877,asphalt,1.1575
4.466666666666656,64.83554537217175,18.00987371449215,40.65029632020303,1.9459387990118993,54.20205935357551,14.956826077538707,10.032392780299892,11.234968827433276,48.09072049069601,0.23072245705776595,6234.0765832784855,1,0,1.0,1.0,0.978705533681776,0.978705533681776,4381.728856871306,4381.728856871306,2975.771143128694,2975.771143128694,asphalt,1.1575
4.483333333333323,64.84924695063208,18.01367970850891,40.64267616413484,1.944815298741219,54.879484786924685,15.07738630603189,9.857234846518962,11.485507833973507,48.256104372509505,0.22788677459686824,6235.529003795255,1,0,1.0,1.0,0.9786427272813648,0.9786427272813648,4381.94275225159,4381.94275225159,2975.5572477484097,2975.5572477484097,asphalt,1.1575
4.499999999999989,64.86278017427635,18.017438937298987,40.63515414882266,1.9437063901258744,55.55678424178277,15.195836772366231,9.680632760667038,11.73803422268208,48.41855387838788,0.22508613125552301,6236.963563928144,1,0,1.0,1.0,0.9785808978509453,0.9785808978509453,4382.154004520698,4382.154004520698,2975.345995479301,2975.345995479301,asphalt,1.1575
4.516666666666656,64.8761471221825,18.02115197838403,40.627728898071936,1.942611871898686,56.2339593394567,15.31216095732733,9.502612558918475,11.992512658367819,48.57804521011425,0.22232008834635053,6238.380484660231,1,0,1.0,1.0,0.9785200266671573,0.9785200266671558,4382.362646775857,4382.362646775857,2975.137353224143,2975.137353224143,asphalt,1.1575
4.533333333333323,64.88934984744428,18.024819402067855,40.62039906346757,1.9415315460965359,56.911011678607856,15.426342659980142,9.323200449096788,12.248907533832627,48.73455500520068,0.21958821295527287,6239.779984200515,1,0,1.0,1.0,0.9784600955630243,0.9784600955630227,4382.568711678429,4382.568711678429,2974.9312883215707,2974.9312883215707,asphalt,1.1575
4.549999999999989,64.90239037750963,18.028441771530453,40.61316332310705,1.940465217949482,57.58794283570172,15.538365999261906,9.142422807026904,12.507182975192775,48.88806033971111,0.2168900778426064,6241.162278019187,1,0,1.0,1.0,0.9784010869098088,0.9784010869098088,4382.77223146091,4382.77223146091,2974.727768539089,2974.727768539089,asphalt,1.1575
4.566666666666656,64.91527071451368,18.032019642920467,40.606020380398064,1.9394126957812687,58.2647543654374,15.648215415537004,8.960306172872643,12.767302847226352,49.03853873102317,0.21422526134500686,6242.52757888277,1,0,1.0,1.0,0.9783429835960707,0.9783429835960707,4382.973237934875,4382.973237934875,2974.526762065124,2974.526762065124,asphalt,1.1575
4.583333333333322,64.92799283560643,18.035553565446232,40.59896896292886,1.938373790920426,58.941447801157345,15.755875672113465,8.776877247460131,13.02923075874623,49.18596814052894,0.21159334728764634,6243.876096889044,1,0,1.0,1.0,0.9782857690044564,0.978285769004458,4383.171762497454,4383.171762497454,2974.3282375025456,2974.3282375025456,asphalt,1.1575
4.599999999999989,64.94055869327555,18.03904408146543,40.592007821415486,1.937348317619227,59.61802465523938,15.861331856720922,8.592162888587659,13.292930067997919,49.33032697627419,0.20899392489297952,6245.208039501665,1,0,1.0,1.0,0.9782294269880676,0.9782294269880664,4383.367836138127,4383.367836138127,2974.1321638618724,2974.1321638618724,asphalt,1.1575
4.616666666666656,64.95297021566405,18.042491726573346,40.585135728726364,1.9363360929800781,60.2944864194719,15.964569382949913,8.40619010732245,13.558363888081614,49.47159409553606,0.20642658869547859,6246.523611584423,1,0,1.0,1.0,0.978173941846966,0.978173941846966,4383.561489445717,4383.561489445717,2973.938510554283,2973.938510554283,asphalt,1.1575
4.633333333333322,64.96522930688324,18.04589702968979,40.578351478982654,1.9353369368875573,60.97083456541368,16.065573991652418,8.21898606428483,13.825495092397865,49.609748807338825,0.20389093845722073,6247.823015435094,1,0,1.0,1.0,0.9781192983050073,0.9781192983050089,4383.752752613962,4383.752752613962,2973.7472473860375,2973.7472473860375,asphalt,1.1575
4.649999999999989,64.97733784732117,18.049260513144766,40.5716538867312,1.9343506719460999,61.647070544739094,16.164331752303596,8.030578065920075,14.094286320116165,49.74477087490762,0.2013865790920022,6249.106450818873,1,0,1.0,1.0,0.9780654814877235,0.9780654814877221,4383.9416554479985,4383.9416554479985,2973.5583445520015,2973.5583445520015,asphalt,1.1575
4.666666666666655,64.98929769394616,18.05258269276282,40.56504178618569,1.9333771234212733,62.32319578957105,16.260829064324643,7.840993560758399,14.364699981665835,49.87664051805998,0.19891312058348376,6250.374115001332,1,0,1.0,1.0,0.9780124769015954,0.9780124769015968,4384.128227370187,4384.128227370187,2973.3717726298123,2973.3717726298123,asphalt,1.1575
4.683333333333322,65.00111068060643,18.05586407794623,40.55851403053096,1.9324161191853255,62.99921171280099,16.355052658366763,7.650260135663314,14.636698264248546,50.00533841553475,0.19647017791527333,6251.626202780946,1,0,1.0,1.0,0.9779602704143002,0.9779602704143046,4384.312497425891,4384.312497425891,2973.1875025741083,2973.1875025741083,asphalt,1.1575
4.699999999999989,65.01277861832494,18.05910517175693,40.55206949128611,1.9314674896655593,63.675119708398654,16.44698959755615,7.458405512068756,14.910243137371841,50.130845707258565,0.19405737098821874,6252.862906521135,1,0,1.0,1.0,0.9779088482364189,0.9779088482364189,4384.494494288535,4384.494494288535,2973.005505711464,2973.005505711464,asphalt,1.1575
4.716666666666655,65.02430329559041,18.06230647099734,40.545707057720584,1.9305310677955534,64.35092115171136,16.53662727870001,7.265457542205238,15.185296358403,50.253143996549305,0.1916743245641328,6254.084416181843,1,0,1.0,1.0,0.9778581969046056,0.9778581969046074,4384.674246265508,4384.674246265508,2972.825753734491,2972.825753734491,asphalt,1.1575
4.733333333333322,65.03568647864398,18.065468466289996,40.539425636318235,1.929606688968576,65.02661739975416,16.62395343345349,7.071444205315354,15.461819478142598,50.372215352256696,0.18932066818138082,6255.290919350656,1,0,1.0,1.0,0.9778083032660811,0.9778083032660824,4384.851781303356,4384.851781303356,2972.648218696644,2972.648218696644,asphalt,1.1575
4.7499999999999885,65.04692991176206,18.06859164215613,40.533224150284774,1.928694190992826,65.70220979149177,16.708956129447536,6.876393603858922,15.739773846417094,50.48804231083961,0.1869960361003109,6256.482601273455,1,0,1.0,1.0,0.977759154464244,0.977759154464244,4385.027126992394,4385.027126992394,2972.4728730076054,2972.4728730076054,asphalt,1.1575
4.766666666666655,65.05803531753517,18.071676477093103,40.52710153909401,1.9277934140488657,66.37769964811218,16.79162377137753,6.680333959708091,16.019120617689833,50.60060787838012,0.18470006722992593,6257.659644884627,1,0,1.0,1.0,0.977710737925555,0.9777107379255565,4385.200310572227,4385.200310572227,2972.299689427772,2972.299689427772,asphalt,1.1575
4.783333333333322,65.06900439714296,18.07472344365082,40.52105675806843,1.9269042006480699,67.05308827329377,16.8719451020527,6.483293610332684,16.299820756689755,50.70989553253391,0.18243240506222946,6258.822230836819,1,0,1.0,1.0,0.9776630413475943,0.9776630413475925,4385.371358936106,4385.371358936106,2972.1286410638936,2972.1286410638936,asphalt,1.1575
4.799999999999988,65.07983883062563,18.07773300850712,40.51508877799068,1.9260263955928298,67.72837695346506,16.949909203406193,6.285301004976127,16.581835044057204,50.81588922441718,0.1801926976210666,6259.970537530269,1,0,1.0,1.0,0.9776160526880626,0.9776160526880614,4385.540298636312,4385.540298636312,2971.959701363687,2971.959701363687,asphalt,1.1575
4.816666666666655,65.09054027715138,18.08070563254205,40.50919658474214,1.9251598459377264,68.40356695805862,17.02550549746569,6.0863847008222605,16.865124082006165,50.918573380429486,0.1779805973853854,6261.104741141701,1,0,1.0,1.0,0.9775697601546673,0.9775697601546673,4385.707155888264,4385.707155888264,2971.7928441117356,2971.7928441117356,asphalt,1.1575
4.8333333333333215,65.10111037528056,18.083641770911264,40.50337917896564,1.9243044009518204,69.07865953975931,17.098723747284552,5.886573359153358,17.14964830000224,51.01793290401289,0.17579576123978313,6262.225015652808,1,0,1.0,1.0,0.9775241521958719,0.9775241521958705,4385.871956575067,4385.871956575067,2971.628043424933,2971.628043424933,asphalt,1.1575
4.849999999999988,65.11155074322612,18.086541873118367,40.49763557574954,1.923459912082064,69.75365593474682,17.1695540578333,5.685895741499682,17.43536796045576,51.11395317734671,0.1736378504097047,6263.331532878323,1,0,1.0,1.0,0.9774792174924943,0.9774792174924929,4386.0347262523865,4386.0347262523865,2971.465273747613,2971.465273747613,asphalt,1.1575
4.866666666666655,65.1218629791107,18.089406383086306,40.49196480433033,1.922626232917118,70.42855736293357,17.237986876851412,5.484380705780922,17.72224316442933,51.20662006297821,0.17150653040516772,6264.424462493691,1,0,1.0,1.0,0.9774349449498471,0.9774349449498443,4386.195490152425,4386.195490152425,2971.3045098475745,2971.3045098475745,asphalt,1.1575
4.883333333333321,65.13204866122011,18.092235739227807,40.48636590781186,1.9218032191528758,71.10336502819733,17.30401299565928,5.282057202439843,18.01023385735914,51.2959199053888,0.16940147096789815,6265.503972062358,1,0,1.0,1.0,0.9773913236906817,0.9773913236906803,4386.354273188729,4386.354273188729,2971.145726811271,2971.145726811271,asphalt,1.1575
4.899999999999988,65.14210934825367,18.095030374514906,40.480837942899626,1.9209907285580874,71.77808011860945,17.367623549930222,5.078954270568514,18.299299834789416,51.38183953249574,0.16732234600567608,6266.570227062667,1,0,1.0,1.0,0.9773483430482184,0.9773483430482199,4386.511099959843,4386.511099959843,2970.9889000401568,2970.9889000401568,asphalt,1.1575
4.9166666666666545,65.15204657957118,18.09779071654755,40.47537997964771,1.9201886209408232,72.45270380665924,17.428810020422482,4.875101034027462,18.589400748119328,51.46436625708923,0.16526883354714528,6267.623390914383,1,0,1.0,1.0,0.9773059925602092,0.9773059925602108,4386.665994753735,4386.665994753735,2970.8340052462645,2970.8340052462645,asphalt,1.1575
4.933333333333321,65.16186187543666,18.100517187621293,40.469991101217204,1.919396758115524,73.12723724947378,17.487564233671044,4.670526697558108,18.880496110361634,51.54348787820472,0.16324061568042225,6268.663625004856,1,0,1.0,1.0,0.9772642619630755,0.9772642619630769,4386.818981551901,4386.818981551901,2970.681018448099,2970.681018448099,asphalt,1.1575
4.949999999999988,65.17155673725871,18.103210204794085,40.46467040364469,1.9186150038712715,73.80168158903379,17.54387836263922,4.465260542888858,19.172545301912486,51.619192682430366,0.16123737850449515,6269.6910887148215,1,0,1.0,1.0,0.9772231411866725,0.9772231411866741,4386.970084033655,4386.970084033655,2970.5299159663437,2970.5299159663437,asphalt,1.1575
4.966666666666654,65.18113264782808,18.105870179952245,40.45941699562025,1.917843223939932,74.47603795238619,17.597744927329842,4.2593319248352435,19.46550757633165,51.691469445149544,0.15925881207209613,6270.7059394438475,1,0,1.0,1.0,0.9771826203489818,0.9771826203489803,4387.11932557941,4387.11932557941,2970.38067442059,2970.38067442059,asphalt,1.1575
4.983333333333321,65.19059107155188,18.10849751987552,40.4542299982733,1.9170812859655213,75.15030745185243,17.649156795356014,4.052770267394452,19.7593420661325,51.76030743171829,0.15730461034621612,6271.708332635445,1,0,1.0,1.0,0.9771426897515142,0.9771426897515111,4387.266729275344,4387.266729275344,2970.233270724656,2970.233270724656,asphalt,1.1575
4.999999999999988,65.19993345468474,18.111092626301314,40.44910854496584,1.9163290594736968,75.82449118523381,17.69810718247123,3.845605059834678,20.054007788581096,51.82569639857757,0.15537447113530334,6272.698421801827,1,0,1.0,1.0,0.9771033398746869,0.9771033398746869,4387.412317916554,4387.412317916554,2970.087682083446,2970.087682083446,asphalt,1.1575
5.016666666666654,65.2091612255571,18.11365589598808,40.44405178109239,1.9155864158420894,76.49859023601334,17.744589653058863,3.637865852779638,20.34946365150366,51.88762659430041,0.15346809605915723,6273.676358548344,1,0,1.0,1.0,0.9770645613737278,0.9770645613737262,4387.556114011537,4387.556114011537,2969.943885988463,2969.943885988463,asphalt,1.1575
5.033333333333321,65.21827579480049,18.116187720777912,40.43905886388544,1.914853228270966,77.17260567355419,17.78859812058085,3.4295822542886802,20.64566845910183,51.946088760573595,0.1515851904875376,6274.642292597592,1,0,1.0,1.0,0.9770263450745074,0.977026345074508,4387.698139785335,4387.698139785335,2969.8018602146644,2969.8018602146644,asphalt,1.1575
5.049999999999987,65.22727855556982,18.118688487658282,40.434128962226794,1.9141293717547059,77.84653855329488,17.830126847985497,3.2207839259328654,20.94258091777491,52.00107413311411,0.14972546349582672,6275.596371813201,1,0,1.0,1.0,0.9769886819696632,0.9769886819696632,4387.838417183638,4387.838417183638,2969.6615828163613,2969.6615828163613,asphalt,1.1575
5.066666666666654,65.23617088376287,18.121158578823017,40.42926125646386,1.9134147230536085,78.5203899169417,17.869170448074307,3.0115005788674356,21.240159641948534,52.05257444252007,0.1478886278181335,6276.538742223296,1,0,1.0,1.0,0.9769515632148641,0.9769515632148641,4387.976967876052,4387.976967876052,2969.523032123947,2969.523032123947,asphalt,1.1575
5.083333333333321,65.24495413823688,18.123598371732466,40.424454938230376,1.9127091606661346,79.19416079265785,17.905723883827758,2.801761969901071,21.538363159908993,52.10058191505618,0.14607439979613446,6277.46954804367,1,0,1.0,1.0,0.9769149801252606,0.9769149801252606,4388.113813259949,4388.113813259949,2969.3861867400506,2969.3861867400506,asphalt,1.1575
5.099999999999987,65.25362966102246,18.126008239172904,40.419709210271485,1.912012564801806,79.8678521952497,17.939782468689927,2.5915978975623366,21.837149919642574,52.14508927337368,0.14428249933558845,6278.3889317006315,1,0,1.0,1.0,0.97687892417209,0.9768789241720894,4388.248974463861,4388.248974463861,2969.251025536139,2969.251025536139,asphalt,1.1575
5.116666666666654,65.26219877753455,18.12838854931515,40.415023286272685,1.911324817354465,80.5414651263503,17.97134186681189,2.381038198163745,22.136478294679204,52.18608973716465,0.1425126498628515,6279.297033853562,1,0,1.0,1.0,0.9768433869793751,0.9768433869793745,4388.382472350945,4388.382472350945,2969.1175276490544,2969.1175276490544,asphalt,1.1575
5.13333333333332,65.27066279678084,18.130739665772456,40.410396390692554,1.910645801876168,81.21500057459984,18.000398093253796,2.1701127418638433,22.43630658993973,52.223577023750735,0.14076457827286504,6280.193993417174,1,0,1.0,1.0,0.9768083603207046,0.9768083603207054,4388.514327522704,4388.514327522704,2968.9856724772953,2968.9856724772953,asphalt,1.1575
5.149999999999987,65.27902301156746,18.133061947657627,40.40582775859877,1.9099754035513847,81.88845951582351,18.0269475141456,1.958851428727749,22.736593047586123,52.25754534860623,0.1390380148839654,6281.079947583481,1,0,1.0,1.0,0.9767738361160477,0.976773836116047,4388.644560321611,4388.644560321611,2968.855439678389,2968.855439678389,asphalt,1.1575
5.166666666666654,65.2872806987019,18.135355749639416,40.40131663550817,1.9093135091717057,82.56184291320672,18.050986846806303,1.7472841847865572,23.037295852873957,52.287989425815425,0.13733269340121979,6281.955031843475,1,0,1.0,1.0,0.9767398064288358,0.9767398064288358,4388.773190835278,4388.773190835278,2968.7268091647215,2968.7268091647215,asphalt,1.1575
5.18333333333332,65.29543711919355,18.137621421998208,40.39686227722887,1.908660007110985,83.23515171746755,18.072513159821725,1.5354409580960233,23.3383731400064,52.314904468464384,0.13564835087123583,6282.819380008533,1,0,1.0,1.0,0.9767062634632372,0.9767062634632381,4388.900238899664,4388.900238899664,2968.599761100336,2968.599761100336,asphalt,1.1575
5.199999999999987,65.30349351845143,18.139859310680954,40.392463949706254,1.9080147873008348,83.90838686702673,18.091523873080668,1.3233517147949876,23.639782997989112,52.338286188966904,0.13398472763441305,6283.673124231529,1,0,1.0,1.0,0.9766731995609341,0.9766731995609341,4389.025724101573,4389.025724101573,2968.4742758984266,2968.4742758984266,asphalt,1.1575
5.2166666666666535,65.31145112647961,18.142069757355447,40.38812092887146,1.907377741206939,84.58154928817487,18.108016757769487,1.111046435163936,23.94148347648527,52.3581307993249,0.13234156728231028,6284.516395027686,1,0,1.0,1.0,0.9766406071985488,0.9766406071985492,4389.149665782503,4389.149665782503,2968.3503342174968,2968.3503342174968,asphalt,1.1575
5.23333333333332,65.3193111580698,18.144253099463832,40.38383250049251,1.9067487618050827,85.25463989523753,18.12198993632497,0.8985551096841342,24.243432591670118,52.37443501132299,0.13071861662098172,6285.349321295152,1,0,1.0,1.0,0.9766084789851724,0.9766084789851722,4389.27208304172,4389.27208304172,2968.227916958279,2968.227916958279,asphalt,1.1575
5.249999999999987,65.3270748129919,18.146409670275528,40.37959796002871,1.9061277435583803,85.92765959073742,18.133441882345508,0.6859077350977957,24.545588332084247,52.38719603665751,0.12911562562749168,6286.172030335307,1,0,1.0,1.0,0.9765768076593396,0.9765768076593396,4389.392994739342,4389.392994739342,2968.1070052606574,2968.1070052606574,asphalt,1.1575
5.266666666666653,65.33474327618175,18.148539798939375,40.375416612486966,1.9055145823942994,86.60060926555464,18.142371420460524,0.47313431046968213,24.847908664484994,52.396411586999804,0.12753234741069264,6286.984647872811,1,0,1.0,1.0,0.976545586086763,0.976545586086763,4389.512419499217,4389.512419499217,2967.987580500783,2967.987580500783,asphalt,1.1575
5.28333333333332,65.34231771792666,18.150643810535183,40.37128777228081,1.9049091756822685,87.27348979908423,18.148777726158094,0.2602648332505981,25.150351539695222,52.402079873993955,0.1259685381643294,6287.7872980753955,1,0,1.0,1.0,0.976514807257759,0.9765148072577587,4389.630375712131,4389.630375712131,2967.869624287868,2967.869624287868,asphalt,1.1575
5.2999999999999865,65.34979929404848,18.15272202612458,40.3672107630921,1.9043114222119235,87.94630205939144,18.15266032557076,0.04732929534320668,25.452874898448773,52.40419960918889,0.12442395713719634,6288.5801035733875,1,0,1.0,1.0,0.9764844642847543,0.9764844642847544,4389.746881538764,4389.746881538764,2967.753118461236,2967.753118461236,asphalt,1.1575
5.316666666666653,65.35718914608445,18.154774762801235,40.36318491773479,1.9037212221713267,88.61904690336493,18.154019095219518,-0.16564232082938118,25.755436677231934,52.402770003904955,0.12289836658709419,6289.363185479001,1,0,1.0,1.0,0.9764545504000028,0.9764545504000028,4389.861954912626,4389.861954912626,2967.6380450873735,2967.6380450873735,asphalt,1.1575
5.33333333333332,65.36448840146552,18.156802333740423,40.35920957802117,1.9031384771259487,89.2917251768674,18.152854261715923,-0.37862004625181384,26.057994814120217,52.39779076903497,0.12139153174331341,6290.136663405362,1,0,1.0,1.0,0.9764250589531468,0.9764250589531471,4389.975613542956,4389.975613542956,2967.524386457043,2967.524386457043,asphalt,1.1575
5.349999999999986,65.3716981736927,18.158805048247974,40.3552840946303,1.9025630899974495,89.9643377148845,18.149166401422363,-0.5915739292410523,26.36050725460969,52.38926211477994,0.11990322077423343,6290.900655485297,1,0,1.0,1.0,0.9763959834090661,0.9763959834090661,4390.087874917664,4390.087874917664,2967.412125082336,2967.412125082336,asphalt,1.1575
5.366666666666653,65.37881956251081,18.16078321180856,40.35140782697845,1.901994965043678,90.63688534167079,18.142956440070414,-0.8044740393668325,26.66293195744225,52.37718475031927,0.11843320474213215,6291.6552783898815,1,0,1.0,1.0,0.9763673173455735,0.9763673173455738,4390.198756306086,4390.198756306086,2967.3012436939143,2967.3012436939143,asphalt,1.1575
5.3833333333333195,65.38585365408038,18.162737126133436,40.34758014309224,1.9014340078382148,91.3093688708944,18.134225652337367,-1.0172904713675641,26.96522690042408,52.36155988341583,0.11698125756822719,6292.400647346743,1,0,1.0,1.0,0.9763390544512024,0.9763390544512028,4390.30827476181,4390.30827476181,2967.191725238189,2967.191725238189,asphalt,1.1575
5.399999999999986,65.39280152114698,18.164667089207494,40.343800419483166,1.9008801252506022,91.9817891057792,18.122975661380856,-1.2299933490612645,27.267350086236622,52.34238921995567,0.11554715600198051,6293.136876158141,1,0,1.0,1.0,0.9763111885231123,0.9763111885231123,4390.416447125178,4390.416447125178,2967.083552874821,2967.083552874821,asphalt,1.1575
5.416666666666653,65.39966422320879,18.166573395335774,40.34006804102463,1.90033322542693,92.65414683924476,18.109208438331628,-1.4425528292510377,27.569259548239355,52.3196749634227,0.11413067957676049,6293.864077218799,1,0,1.0,1.0,0.9762837134651338,0.976283713465134,4390.523290026613,4390.523290026613,2966.9767099733867,2966.9767099733867,asphalt,1.1575
5.433333333333319,65.40644280668165,18.168456335189347,40.336382400831106,1.8997932177709553,93.32644285404444,18.092926301744452,-1.6549391056246603,27.870913356263678,52.2934198143083,0.11273161057914649,6294.582361533524,1,0,1.0,1.0,0.976256623285408,0.9762566232854082,4390.628819888675,4390.628819888675,2966.8711801113245,2966.8711801113245,asphalt,1.1575
5.449999999999986,65.41313830506229,18.170316195850635,40.332742900138825,1.8992600129247657,93.99867792290185,18.074131917007247,-1.8671224126478434,28.172269622397216,52.26362696945601,0.11134973401141224,6295.291838734584,1,0,1.0,1.0,0.9762299120947631,0.9762299120947635,4390.733052929075,4390.733052929075,2966.7669470709247,2966.7669470709247,asphalt,1.1575
5.466666666666653,65.4197517390894,18.172153260858167,40.329148948188795,1.898733522750865,94.6708528086444,18.05282829570837,-2.079073029450695,28.473286506757823,52.23030012134142,0.10998483756083033,6295.992617098884,1,0,1.0,1.0,0.9762035741044344,0.9762035741044347,4390.83600516311,4390.83600516311,2966.6639948368897,2966.6639948368897,asphalt,1.1575
5.483333333333319,65.42628411690255,18.17396781025071,40.3255999621115,1.8982136603135749,95.34296826433616,18.029018794962145,-2.2907612837069387,28.77392222325664,52.19344345728734,0.1086367115621556,6296.684803564896,1,0,1.0,1.0,0.9761776036243919,0.9761776036243919,4390.937692406292,4390.937692406292,2966.562307593708,2966.562307593708,asphalt,1.1575
5.499999999999986,65.43273643419928,18.175760120610914,40.32209536681331,1.8977003398614005,96.01502503340771,18.002707116692672,-2.5021575555054514,29.074135045349426,52.15306165861436,0.10730514896181376,6297.368503749399,1,0,1.0,1.0,0.9761519950613542,0.9761519950613546,4391.038130276977,4391.038130276977,2966.4618697230226,2966.4618697230226,asphalt,1.1575
5.516666666666652,65.43910967439005,18.177530465108347,40.31863459486517,1.8971934768093985,96.68702384978478,17.973897306875944,-2.7132322812136414,29.37388331177557,52.109159899727096,0.10598994529232186,6298.043821963984,1,0,1.0,1.0,0.9761267429169468,0.9761267429169468,4391.137334198802,4391.137334198802,2966.362665801198,2966.362665801198,asphalt,1.1575
5.533333333333319,65.44540480875123,18.17927911354201,40.31521708639267,1.8966929877220018,97.35896543801469,17.94259375474031,-2.923955957332231,29.673125432284007,52.06174384713597,0.10469089862965575,6298.71086123136,1,0,1.0,1.0,0.9761018417859053,0.9761018417859061,4391.23531940299,4391.23531940299,2966.2646805970094,2966.2646805970094,asphalt,1.1575
5.549999999999986,65.45162279657625,18.18100633238229,40.311842288968194,1.8961987902957933,98.03085051339141,17.90880119192539,-3.134299144340983,29.97181989334538,52.01081965841495,0.10340780956852313,6299.369723301448,1,0,1.0,1.0,0.9760772863543067,0.976077286354307,4391.332100931048,4391.332100931048,2966.167899068951,2966.167899068951,asphalt,1.1575
5.566666666666652,65.4577649456162,18.18271248489339,40.30850965750443,1.8957107919795833,98.70267978207815,17.87252479063633,-3.344232485397468,30.269925264262426,51.95639398103333,0.10216451610716604,6300.020508667272,1,0,1.0,1.0,0.9760544732820841,0.9760544732820835,4391.4276936373935,4391.4276936373935,2966.0723063626065,2966.0723063626065,asphalt,1.1575
5.583333333333319,65.46386157437293,18.18440599288137,40.30520061823118,1.895225910596885,99.37445381168116,17.833778162834268,-3.5537273042195503,30.567400273437894,51.89847394498548,0.1016809144095987,6300.663324378069,1,0,1.0,1.0,0.9760598319409525,0.9760598319409534,4391.476987850699,4391.476987850699,2966.0230121493014,2966.0230121493014,asphalt,1.1575
5.599999999999985,65.46992958430064,18.18609155119462,40.301886891165005,1.894740809738026,100.04617264459932,17.792571636295555,-3.762754373557133,30.864203874060603,51.83706716345575,0.10120580986978212,6301.298398756411,1,0,1.0,1.0,0.9760614111918132,0.9760614111918132,4391.512786965226,4391.512786965226,2965.987213034774,2965.987213034774,asphalt,1.1575
5.616666666666652,65.47596922514968,18.187769229208243,40.2985671815631,1.894255924914273,100.71783618728203,17.74891111990024,-3.9712848793326208,31.16029512893374,51.772181732489706,0.10073450373283777,6301.926151505147,1,0,1.0,1.0,0.9760632726414303,0.9760632726414312,4391.548297385795,4391.548297385795,2965.951702614204,2965.951702614204,asphalt,1.1575
5.633333333333319,65.481980731994,18.189439092220553,40.29524126475836,1.8937716272054947,101.38944433658074,17.702802859165498,-4.179290061616105,31.45563320284561,51.703826227804534,0.10026680516432407,6302.547099377238,1,0,1.0,1.0,0.9760651762467076,0.9760651762467076,4391.583532723233,4391.583532723233,2965.9164672767665,2965.9164672767665,asphalt,1.1575
5.649999999999985,65.48796432525658,18.19110120146016,40.29190962747026,1.8932882259781132,102.06099699334766,17.6542534353347,-4.386741223589364,31.750177368175724,51.6320097038058,0.09980250416475656,6303.1617838223365,1,0,1.0,1.0,0.9760669519246513,0.9760669519246505,4391.618508601152,4391.618508601152,2965.881491398848,2965.881491398848,asphalt,1.1575
5.666666666666652,65.49392021080088,18.192755614111356,40.28857324101292,1.8928059782026263,102.73249407185261,17.603269763890083,-4.593609741205002,32.04388701047443,51.55674169243292,0.0993413936899401,6303.770728493038,1,0,1.0,1.0,0.9760684839096808,0.9760684839096808,4391.653240753059,4391.653240753059,2965.84675924694,2965.84675924694,asphalt,1.1575
5.6833333333333185,65.4998485809008,18.194402383583554,40.2852333875914,1.892325096418329,103.40393550598884,17.549859093232918,-4.799867071432376,32.336721634019675,51.478032201858795,0.0988832817211005,6304.374416224836,1,0,1.0,1.0,0.9760696981221143,0.9760696981221143,4391.6877439556,4391.6877439556,2965.8122560443994,2965.8122560443994,asphalt,1.1575
5.699999999999985,65.50574961563808,18.196041559899466,40.28189152900426,1.891845755551428,104.07532125303754,17.49402900343805,-5.005484759387141,32.62864086735264,51.39589171506397,0.0984279969503632,6304.973278434961,1,0,1.0,1.0,0.976070552037177,0.9760705520371764,4391.722031501393,4391.722031501393,2965.7779684986067,2965.7779684986067,asphalt,1.1575
5.716666666666652,65.51162348444785,18.1976731901244,40.27854920900449,1.8913680987527615,104.74665129560525,17.435787405026865,-5.210434444581278,32.91960446879281,51.31033118830141,0.0979753905500047,6305.567692196747,1,0,1.0,1.0,0.9760710266172947,0.9760710266172954,4391.75611500553,4391.75611500553,2965.7438849944697,2965.7438849944697,asphalt,1.1575
5.733333333333318,65.51747034764618,18.199297318790606,40.27520798218667,1.890892242393838,105.41792564221849,17.375142537726223,-5.414687866482761,33.209572331932584,51.221362049464545,0.0975253356565986,6306.157981840597,1,0,1.0,1.0,0.9760711199370835,0.9760711199370812,4391.790004410579,4391.790004410579,2965.709995589421,2965.709995589421,asphalt,1.1575
5.749999999999985,65.52329035784837,18.200913988291212,40.271869363611025,1.8904182803371006,106.08914432695607,17.31210296919578,-5.618216869535861,33.49850449111076,51.12899619636839,0.09707772560432204,6306.744423025106,1,0,1.0,1.0,0.9760708421895361,0.9760708421895345,4391.823708101862,4391.823708101862,2965.676291898137,2965.676291898137,asphalt,1.1575
5.7666666666666515,65.52908366123366,18.20252323923157,40.268534794486456,1.8899462875796982,106.76030740841436,17.246677593715017,-5.8209934077624395,33.78636112686451,51.03324599495156,0.09663247158869126,6307.327247964453,1,0,1.0,1.0,0.9760702118122904,0.9760702118122917,4391.857233075186,4391.857233075186,2965.6427669248137,2965.6427669248137,asphalt,1.1575
5.783333333333318,65.5348503986415,18.20412511073375,40.26520562015504,1.889476323356383,107.43141496823314,17.178875630826454,-6.022989549039918,34.07310257135895,50.93412427740502,0.09618950016829331,6307.906650997831,1,0,1.0,1.0,0.9760692525174463,0.9760692525174463,4391.890585124438,4391.890585124438,2965.609414875561,2965.609414875561,asphalt,1.1575
5.799999999999985,65.54059070650209,18.205719640695023,40.26188307737465,1.889008433774816,108.10246710935516,17.108706623934438,-6.224177479131707,34.35868931379365,50.831644340232266,0.09574875083899315,6308.482794018742,1,0,1.0,1.0,0.9760679910447407,0.9760679910447407,4391.923769026056,4391.923769026056,2965.5762309739434,2965.5762309739434,asphalt,1.1575
5.816666666666651,65.54630471761314,18.20730686600365,40.25856828851713,1.8885426540485728,108.77346395414801,17.03618043886015,-6.424529505529758,34.643082005785324,50.72581994224429,0.09531017381448237,6309.055811499157,1,0,1.0,1.0,0.9760664554900742,0.9760664554900742,4391.95678871053,4391.95678871053,2965.5432112894687,2965.5432112894687,asphalt,1.1575
5.833333333333318,65.5519925617799,18.208886822716636,40.255262260802525,1.8880790103832608,109.44440564248451,16.961307262353998,-6.624018061156013,34.926241466726026,50.61666530249207,0.09487372806091798,6309.625814982549,1,0,1.0,1.0,0.9760646740889619,0.9760646740889619,4391.98964741539,4391.98964741539,2965.5103525846093,2965.5103525846093,asphalt,1.1575
5.8499999999999845,65.55765436633627,18.21045954620452,40.25196588910149,1.8876175215652713,110.11529232984859,16.8840976005667,-6.822615707959011,35.2081286891161,50.50419509813848,0.09443937961634674,6310.192897006174,1,0,1.0,1.0,0.9760626743547659,0.9760626743547642,4392.022347816636,4392.022347816636,2965.4776521833633,2965.4776521833633,asphalt,1.1575
5.866666666666651,65.56329025656548,18.212025071268187,40.24867996116842,1.8871582002957552,110.78612418551491,16.804562277480052,-7.020295140433584,35.4887048438712,50.38842446227111,0.09400710016933544,6310.757134464318,1,0,1.0,1.0,0.976060482493156,0.976060482493156,4392.054892140499,4392.054892140499,2965.445107859501,2965.445107859501,asphalt,1.1575
5.883333333333318,65.56890035603635,18.21358343223232,40.24540516443384,1.8867010543067682,111.4569013908328,16.722712433298174,-7.21702918908482,35.767931285602764,50.269368981657,0.09357686588572278,6311.318591452702,1,0,1.0,1.0,0.9760581230274609,0.9760581230274609,4392.087282255889,4392.087282255889,2965.412717744111,2965.412717744111,asphalt,1.1575
5.899999999999984,65.57448478687057,18.2151346630196,40.2421420936984,1.8862460872925881,112.12762413763346,16.63855952279979,-7.412790823852151,36.04576955787132,50.14704469444011,0.09314865644938664,6311.877321647863,1,0,1.0,1.0,0.9760556185835763,0.9760556185835763,4392.119519750763,4392.119519750763,2965.380480249237,2965.380480249237,asphalt,1.1575
5.916666666666651,65.58004366995314,18.216678797209205,40.23889125923776,1.8857932996833533,112.7982926267703,16.55211531365173,-7.6075531575051984,36.32218139841181,50.02146808778201,0.09272245428547876,6312.433370279989,1,0,1.0,1.0,0.9760529897937161,0.9760529897937147,4392.151605993033,4392.151605993033,2965.3483940069673,2965.3483940069673,asphalt,1.1575
5.933333333333318,65.58557712509746,18.218215868082627,40.23565309496323,1.8853426892862621,113.46890706679531,16.46339188468381,-7.801289449019623,36.59712874433054,49.892656095446156,0.09229824394651587,6312.986775756697,1,0,1.0,1.0,0.9760502552865824,0.9760502552865824,4392.183542181086,4392.183542181086,2965.316457818914,2965.316457818914,asphalt,1.1575
5.949999999999984,65.5910852711738,18.219745908659387,40.23242796638406,1.8848942518140792,114.13946767276968,16.37240162412502,-7.993973106938685,36.87057373727287,49.76062609532615,0.09187601161528391,6313.537570991316,1,0,1.0,1.0,0.9760474317380164,0.9760474317380164,4392.215329381169,4392.215329381169,2965.2846706188307,2965.2846706188307,asphalt,1.1575
5.966666666666651,65.59656822620889,18.22126895172469,40.229216178200566,1.8844479813199309,114.80997466520337,16.279157227800905,-8.185577692724179,37.14247872856113,49.625395906917966,0.09145574472114504,6314.085784483756,1,0,1.0,1.0,0.9760445339640734,0.9760445339640749,4392.246968559828,4392.246968559828,2965.2530314401715,2965.2530314401715,asphalt,1.1575
5.983333333333317,65.60202610746263,18.22278502985073,40.22601798141673,1.8840038705527378,115.4804282691165,16.183671697292006,-8.376076924098864,37.41280628430213,49.48698378873652,0.09103743164246225,6314.631441196102,1,0,1.0,1.0,0.9760415750399088,0.9760415750399105,4392.278460606862,4392.278460606862,2965.221539393138,2965.221539393138,asphalt,1.1575
5.999999999999984,65.60745903148693,18.224294175413036,40.222833579909796,1.8835619112473323,116.15082871321336,16.085958338053153,-8.565444678381374,37.68151919046352,49.34540843567657,0.090621061472973,6315.174563259155,1,0,1.0,1.0,0.9760385664340006,0.9760385664340006,4392.309806354494,4392.309806354494,2965.190193645505,2965.190193645505,asphalt,1.1575
6.016666666666651,65.61286711417078,18.225796420602993,40.21966313642641,1.8831220943592093,116.82117622916037,15.986030757493584,-8.753654995813692,37.9485804579184,49.2006889763181,0.09020662384529032,6315.715170540575,1,0,1.0,1.0,0.9760355181495136,0.9760355181495136,4392.341006591285,4392.341006591285,2965.158993408714,2965.158993408714,asphalt,1.1575
6.033333333333317,65.61825047077437,18.227291797437324,40.21650677800199,1.8826844102543157,117.49147105095778,15.883902863017692,-8.94068208288072,38.213953327457574,49.052844970176345,0.08979410879618399,6316.253281100375,1,0,1.0,1.0,0.9760324388659725,0.976032438865971,4392.372062073288,4392.372062073288,2965.1279379267107,2965.1279379267107,asphalt,1.1575
6.049999999999984,65.62360921595526,18.228780337765347,40.21336460081744,1.8822488488613873,118.16171341439575,15.779588860026447,-9.126500315620978,38.47760127476865,48.9018964048966,0.08938350666426231,6316.7889115551,1,0,1.0,1.0,0.9760293360775402,0.9760293360775417,4392.40297353213,4392.40297353213,2965.0970264678695,2965.0970264678695,asphalt,1.1575
6.06666666666665,65.62894346378808,18.230262073274464,40.210236674519436,1.8818153997934959,118.83190355658567,15.673103249879475,-9.311084242927182,38.73948801538153,48.747863693393874,0.08897480801408619,6317.322077368303,1,0,1.0,1.0,0.9760262162243768,0.9760262162243738,4392.433741680969,4392.433741680969,2965.06625831903,2965.06625831903,asphalt,1.1575
6.083333333333317,65.63425332777966,18.231737035494348,40.207123046037836,1.88138405244428,119.50204171555855,15.56446082781789,-9.494408589835317,38.99957750957942,48.59076767093778,0.08856800358330474,6317.852793081724,1,0,1.0,1.0,0.9760230848160838,0.9760230848160854,4392.464367219503,4392.464367219503,2965.035632780496,2965.035632780496,asphalt,1.1575
6.099999999999984,65.63953892088043,18.23320525580012,40.20402374293902,1.8809547960639739,120.17212812992146,15.453676680847993,-9.676448260800655,39.25783396727486,48.43062959218261,0.08816308423575947,6318.381072498913,1,0,1.0,1.0,0.9760199465450241,0.9760199465450257,4392.494850836655,4392.494850836655,2965.0051491633444,2965.0051491633444,asphalt,1.1575
6.11666666666665,65.64480035549344,18.234666765414847,40.20093877635537,1.880527619818031,120.84216303856664,15.340766185586054,-9.857178342959221,39.514221852850156,48.26747112814307,0.08776004093675738,6318.906928830834,1,0,1.0,1.0,0.9760168053902999,0.9760168053902999,4392.5251932134,4392.5251932134,2964.9748067865994,2964.9748067865994,asphalt,1.1575
6.133333333333317,65.65003774348122,18.23612159541145,40.19786814353188,1.8801025128335593,121.51214668042371,15.225745006064345,-10.036574109373104,39.76870588996129,48.101314363115726,0.0873588647368706,6319.430374811108,1,0,1.0,1.0,0.9760136647110368,0.9760136647110353,4392.555395024556,4392.555395024556,2964.9446049754433,2964.9446049754433,asphalt,1.1575
6.1499999999999835,65.65525119617126,18.23756977671424,40.19481183002966,1.8796794642336727,122.18207929425223,15.108629091498786,-10.214611022258126,40.02125106630508,47.93218179154664,0.08695954673953565,6319.951422787128,1,0,1.0,1.0,0.9760105273303896,0.9760105273303896,4392.585456939557,4392.585456939557,2964.9145430604426,2964.9145430604426,asphalt,1.1575
6.16666666666665,65.66044082436059,18.239011340100163,40.191769811624496,1.8792584631640543,122.85196111846689,14.989434674018401,-10.391264736192472,40.27182263834858,47.76009631484533,0.08656207811810646,6320.470084791971,1,0,1.0,1.0,0.9760073956100288,0.9760073956100257,4392.6153796238605,4392.6153796238605,2964.884620376139,2964.884620376139,asphalt,1.1575
6.183333333333317,65.66560673831957,18.24044631619988,40.18874205593498,1.8788394988124206,123.52179239099165,14.868178266357022,-10.56651110130484,40.52038613602034,47.58508123814547,0.08616645008260093,6320.986372601106,1,0,1.0,1.0,0.9760042715157298,0.9760042715157312,4392.645163738694,4392.645163738694,2964.854836261306,2964.854836261306,asphalt,1.1575
6.199999999999983,65.67074904779513,18.241874735498644,40.1857285238147,1.8784225604226705,124.1915733491386,14.744876659507494,-10.740326166440889,40.766907367362755,47.407160267012756,0.08577265389590139,6321.500297777055,1,0,1.0,1.0,0.9760011566754724,0.9760011566754708,4392.674809942332,4392.674809942332,2964.825190057667,2964.825190057667,asphalt,1.1575
6.21666666666665,65.67586786201372,18.243296628337145,40.18272917053684,1.8780076373045271,124.86130422950795,14.619546920338857,-10.91268618230672,41.01135242314491,47.22635750410016,0.08538068085670147,6322.011871704544,1,0,1.0,1.0,0.9759980524295795,0.9759980524295795,4392.704318889529,4392.704318889529,2964.7956811104714,2964.7956811104714,asphalt,1.1575
6.2333333333333165,65.68096328968407,18.244712024912243,40.179743946799086,1.8775947188404845,125.53098526790554,14.492206389176815,-11.083567604588337,41.253687681435416,47.04269744575103,0.08499052230803272,6322.521105618149,1,0,1.0,1.0,0.9759949598746666,0.9759949598746666,4392.733691232146,4392.733691232146,2964.766308767853,2964.766308767853,asphalt,1.1575
6.249999999999983,65.68603543899971,18.246120955277696,40.17677279957299,1.8771837944898793,126.20061669927561,14.362872677347939,-11.252947097045995,41.493879812134445,46.856204978550544,0.08460216963385392,6323.028010624012,1,0,1.0,1.0,0.9759918799014945,0.9759918799014945,4392.762927619039,4392.762927619039,2964.7370723809604,2964.7370723809604,asphalt,1.1575
6.26666666666665,65.69108441764145,18.247523449344847,40.17381567281901,1.8767748537909508,126.8701987576465,14.231563664688018,-11.420801534582493,41.73189578146452,46.66690537582577,0.0842156142522299,6323.532597716917,1,0,1.0,1.0,0.9759888132275142,0.9759888132275142,4392.792028695724,4392.792028695724,2964.707971304275,2964.707971304275,asphalt,1.1575
6.283333333333316,65.69611033277985,18.248919536883292,40.17087250808668,1.8763678863620636,127.53973167608667,14.09829749701492,-11.587108006284549,41.9677028564194,46.47482429409492,0.08383084762982662,6324.034877793694,1,0,1.0,1.0,0.9759857604251421,0.9759857604251421,4392.820995105348,4392.820995105348,2964.6790048946514,2964.6790048946514,asphalt,1.1575
6.299999999999983,65.70111329107758,18.25030924752155,40.16794324501625,1.875962881901121,128.20921568667003,13.963092583566487,-11.75184381843637,42.201268609170434,46.27998776946622,0.0834478612640055,6324.5348616637575,1,0,1.0,1.0,0.9759827219451745,0.9759827219451715,4392.849827487336,4392.849827487336,2964.6501725126627,2964.6501725126627,asphalt,1.1575
6.3166666666666496,65.7060933986918,18.251692610747725,40.165027821756944,1.8755598301853114,128.87865102044822,13.825967594403757,-11.91498649750474,42.43256092142994,46.08242221398676,0.08306664670072905,6325.032560057391,1,0,1.0,0.9999999999999999,0.9759796981375266,0.9759796981375266,4392.8785264786175,4392.8785264786175,2964.6214735213825,2964.6214735213825,asphalt,1.1575
6.333333333333316,65.71105076127665,18.25306965591018,40.16212617531398,1.875158721069225,129.54803790742983,13.686941457780074,-12.076513793094845,42.66154798877084,45.882154411942004,0.08268719552262382,6325.527983632265,1,0,1.0,1.0,0.9759766892682498,0.9759766892682527,4392.907092712718,4392.907092712718,2964.592907287282,2964.592907287282,asphalt,1.1575
6.349999999999983,65.7159854839855,18.254440412218194,40.15923824183562,1.8747595444832517,130.2173765765644,13.54603335747641,-12.236403680876222,42.888198324902206,45.67921151610627,0.08230949935580156,6326.021142978577,1,0,1.0,1.0,0.9759736955342404,0.9759736955342404,4392.935526820282,4392.935526820282,2964.564473179718,2964.564473179718,asphalt,1.1575
6.366666666666649,65.7208976714735,18.255804908742636,40.156363956849134,1.874362290431925,130.88666725573037,13.403262730103364,-12.394634365478229,43.11248076589998,45.473621043944824,0.08193354986389068,6326.512048623104,1,0,1.0,1.0,0.97597071707538,0.975970717075377,4392.963829428618,4392.963829428618,2964.536170571382,2964.536170571382,asphalt,1.1575
6.383333333333316,65.72578742789989,18.257163174416636,40.15350325545548,1.873966948991915,131.55591017172708,13.25864926237028,-12.551184283354418,43.33436447439235,45.26541087376797,0.08155933875571009,6327.000711032429,1,0,1.0,0.9999999999999999,0.9759677539848767,0.9759677539848767,4392.99200116215,4392.99200116215,2964.5079988378493,2964.5079988378493,asphalt,1.1575
6.399999999999983,65.73065485693047,18.258515238036242,40.150656072487386,1.8735735103101432,132.22510555026906,13.112212888321885,-12.706032105615314,43.55381894369939,45.05460924083776,0.08118685778185863,6327.487140615484,1,0,1.0,1.0,0.9759648063179113,0.9759648063179113,4393.020042642289,4393.020042642289,2964.47995735771,2964.47995735771,asphalt,1.1575
6.416666666666649,65.73550006174003,18.259861128261118,40.14782234263835,1.8731819646015435,132.8942536159834,12.963973786542889,-12.85915674082909,43.770814001926176,44.84124473342789,0.08081609873045181,6327.971347725605,1,0,1.0,1.0,0.9759618740985369,0.9759618740985369,4393.047954486598,4393.047954486598,2964.4520455134007,2964.4520455134007,asphalt,1.1575
6.433333333333316,65.74032314501467,18.261200873615184,40.145002000567004,1.8727923021477153,133.563354592408,12.813952377330946,-13.01053733778965,43.985319816009095,44.625346288837115,0.08044705343564829,6328.453342662163,1,0,1.0,1.0,0.9759589573260904,0.9759589573260933,4393.075737310591,4393.075737310591,2964.4242626894093,2964.4242626894093,asphalt,1.1575
6.449999999999982,65.74512420895438,18.262534502487327,40.14219498098088,1.8724045132949114,134.23240870199217,12.662169319838453,-13.160153288251692,44.19730689571464,44.406943189356994,0.08007971377082868,6328.933135671904,1,0,1.0,1.0,0.9759560559796916,0.9759560559796946,4393.103391725801,4393.103391725801,2964.3966082741986,2964.3966082741986,asphalt,1.1575
6.466666666666649,65.74990335527532,18.263862043132033,40.13940121870382,1.8720185884522587,134.9014161660984,12.508645509183543,-13.307984229632275,44.40674609759025,44.18606505819436,0.07971407165030087,6329.410736950035,1,0,1.0,1.0,0.9759531700224917,0.9759531700224917,4393.130918341074,4393.130918341074,2964.369081658926,2964.369081658926,asphalt,1.1575
6.483333333333316,65.7546606852123,18.265183523670082,40.136620648729,1.8716345180906115,135.57037720500432,12.353402073530757,-13.454010047678535,44.61360862886674,43.96274185534911,0.0793501190293,6329.88615664112,1,0,1.0,1.0,0.9759502994049681,0.9759502994049681,4393.158317762047,4393.158317762047,2964.341682237952,2964.341682237952,asphalt,1.1575
6.499999999999982,65.75939629952113,18.266498972089202,40.13385320626129,1.8712522927408732,136.23929203790638,12.196460371141791,-13.59821087910111,44.8178660513117,43.73700387344788,0.07898784790654645,6330.359404839832,1,0,1.0,1.0,0.9759474440676755,0.9759474440676755,4393.18559059141,4393.18559059141,2964.3144094085897,2964.3144094085897,asphalt,1.1575
6.516666666666649,65.7641102984811,18.267808416244748,40.13109882674977,1.8708719029927752,136.90816088292368,12.037841987396734,-13.740567114172935,45.019490285033456,43.50888173353424,0.07862725031571927,6330.830491591594,1,0,1.0,1.0,0.9759446039433867,0.9759446039433867,4393.212737428516,4393.212737428516,2964.287262571483,2964.287262571483,asphalt,1.1575
6.5333333333333155,65.76880278189724,18.269111883860344,40.128357445913394,1.8704933394937562,137.5769839571022,11.877568731786264,-13.881059399292996,45.2184536122351,43.27840638081586,0.07826831833739334,6331.2994268931225,1,0,1.0,1.0,0.9759417789589735,0.9759417789589735,4393.239758869964,4393.239758869964,2964.2602411300354,2964.2602411300354,asphalt,1.1575
6.549999999999982,65.77347384910276,18.270409402528543,40.1256289997602,1.8701165929477421,138.24576147641952,11.715662634875182,-14.019668639514736,45.414728680918046,43.045609080369374,0.07791104408880756,6331.766220692906,1,0,1.0,1.0,0.9759389690367957,0.9759389690367957,4393.266655509209,4393.266655509209,2964.23334449079,2964.23334449079,asphalt,1.1575
6.566666666666649,65.77812359896143,18.27170099971151,40.12291342460158,1.8697416541143816,138.9144936557899,11.552145945237738,-14.15637600103875,45.60828850853474,42.81052141280349,0.07755541972557012,6332.230882891631,1,0,1.0,1.0,0.9759361740959286,0.9759361740959286,4393.293427936695,4393.293427936695,2964.2065720633045,2964.2065720633045,asphalt,1.1575
6.583333333333315,65.78275212986988,18.272986702741633,40.120210657063396,1.869368513808004,139.58318070906932,11.387041126365196,-14.29116291366942,45.79910648558996,42.57317526988085,0.07720143744677443,6332.693423342558,1,0,1.0,1.0,0.9759333940530109,0.975933394053008,4393.320076740041,4393.320076740041,2964.179923259958,2964.179923259958,asphalt,1.1575
6.599999999999982,65.7873595397599,18.274266538822197,40.117520634092976,1.8689971628967788,140.25182284906083,11.220370853546012,-14.424011073235203,45.98715637919032,42.33360285009941,0.07684908948732527,6333.153851851876,1,0,1.0,1.0,0.9759306288230688,0.9759306288230658,4393.34660250373,4393.34660250373,2964.15339749627,2964.15339749627,asphalt,1.1575
6.6166666666666485,65.79194592610087,18.275540535028018,40.114843292964466,1.8686275923019269,140.92042028752013,11.052158010719138,-14.554902443972237,46.17241233654144,42.091836654233816,0.07649836812220201,6333.6121781790225,1,0,1.0,1.0,0.9759278783199528,0.9759278783199556,4393.373005809225,4393.373005809225,2964.1269941907744,2964.1269941907744,asphalt,1.1575
6.633333333333315,65.79651138590192,18.27680871830609,40.112178571281724,1.86825979299706,141.58897323516092,10.882425687300806,-14.68381926087096,46.35484888839248,41.84790948083746,0.07614926566560598,6334.06841203698,1,0,1.0,1.0,0.9759251424571134,0.9759251424571163,4393.399287235302,4393.399287235302,2964.100712764698,2964.100712764698,asphalt,1.1575
6.649999999999982,65.80105601571432,18.2780711154762,40.10952640697997,1.8678937560076447,142.25748190166038,10.711197174985298,-14.810744031985442,46.534440952427445,41.60185442170578,0.07580177447010783,6334.522563092566,1,0,1.0,1.0,0.9759224211476161,0.9759224211476131,4393.425447357848,4393.425447357848,2964.0745526421524,2964.0745526421524,asphalt,1.1575
6.666666666666648,65.80557991163376,18.2793277532316,40.106886738326594,1.8675294724104952,142.9259464956646,10.538495964520099,-14.93565954070514,46.71116383660292,41.35370485730152,0.07545588692664751,6334.974640966704,1,0,1.0,1.0,0.9759197143044728,0.9759197143044728,4393.451486749673,4393.451486749673,2964.048513250327,2964.048513250327,asphalt,1.1575
6.683333333333315,65.81008316930249,18.28057865813958,40.104259503920986,1.8671669333328307,143.59436722479435,10.364345742455905,-15.058548847988785,46.88499324243183,41.10349445214247,0.07511159546368162,6335.424655234683,1,0,1.0,1.0,0.9759170218409764,0.9759170218409733,4393.477405980961,4393.477405980961,2964.0225940190394,2964.0225940190394,asphalt,1.1575
6.6999999999999815,65.81456588391171,18.28182385664214,40.10164464269292,1.8668061299521486,144.26274429565058,10.188770387871886,-15.179395294560146,47.0559052682127,40.85125715015238,0.07476889254633079,6335.872615426413,1,0,1.0,1.0,0.9759143436707678,0.9759143436707708,4393.503205618814,4393.503205618814,2963.9967943811857,2963.9967943811857,asphalt,1.1575
6.716666666666648,65.81902815020376,18.2830633750566,40.0990420939013,1.8664470534954107,144.93107791381982,10.011793969076702,-15.29818250306537,47.2238764122042,40.59702716997569,0.07442777067893758,6336.31853102667,1,0,1.0,0.9999999999999999,0.9759116797080705,0.9759116797080675,4393.528886227645,4393.528886227645,2963.9711137723543,2963.9711137723543,asphalt,1.1575
6.733333333333315,65.82347006247431,18.284297239576198,40.09645179713253,1.8660896952390933,145.59936828387956,9.833440740285695,-15.41489438019162,47.388883575744316,40.34083900025672,0.07408822240165591,6336.762411475335,1,0,1.0,1.0,0.9759090298674703,0.9759090298674703,4393.554448368981,4393.554448368981,2963.945551631019,2963.945551631019,asphalt,1.1575
6.749999999999981,65.82789171457456,18.28552547627071,40.093873692298374,1.865734046508297,146.2676156094038,9.6537351382747,-15.529515118746804,47.55090406631402,40.08272739488394,0.07375024029300903,6337.204266167634,1,0,1.0,1.0,0.9759063940643105,0.9759063940643077,4393.5798926017815,4393.5798926017815,2963.9201073982176,2963.9201073982176,asphalt,1.1575
6.766666666666648,65.8322931999135,18.286748111087082,40.09130771963363,1.8653800986763653,146.93582009296867,9.472701779010954,-15.642029199700072,47.709915600544846,39.82272736819995,0.07341381696818416,6337.644104454367,1,0,1.0,1.0,0.9759037722145781,0.9759037722145795,4393.605219482061,4393.605219482061,2963.8947805179387,2963.8947805179387,asphalt,1.1575
6.783333333333315,65.83667461146003,18.287965169850008,40.08875381969386,1.865027843165113,147.60398193615706,9.290365454261535,-15.75242139418289,47.86589630717014,39.56087419017794,0.07307894507732726,6338.081935642137,1,0,1.0,1.0,0.9759011642348207,0.9759011642348222,4393.630429563073,4393.630429563073,2963.8695704369256,2963.8695704369256,asphalt,1.1575
6.799999999999981,65.84103604174516,18.289176678262542,40.08621193335329,1.864677271443504,148.2721013395649,9.106751128179809,-15.860676765450402,48.018824729919494,39.29720338156514,0.07274561730810092,6338.517768993578,1,0,1.0,1.0,0.9758985700423467,0.9758985700423423,4393.655523395382,4393.655523395382,2963.8444766046173,2963.8444766046173,asphalt,1.1575
6.816666666666648,65.84537758286415,18.290382661906705,40.08368200180193,1.8643283750279558,148.94017850280585,8.92188393387033,-15.966780670802862,48.16867983035614,39.031750708994025,0.07241382638312643,6338.951613727575,1,0,1.0,1.0,0.975895989555104,0.975895989555104,4393.680501526728,4393.680501526728,2963.8194984732713,2963.8194984732713,asphalt,1.1575
6.833333333333314,65.84969932647864,18.29158314624407,40.081163966543436,1.8639811454819066,149.6082136245166,8.735789169932655,-16.07071876346691,48.31544099065681,38.764552180061926,0.07208356506339442,6339.383479019485,1,0,1.0,1.0,0.9758934226918553,0.9758934226918567,4393.705364502544,4393.705364502544,2963.7946354974547,2963.7946354974547,asphalt,1.1575
6.849999999999981,65.8540013638189,18.29277815661636,40.07865776939282,1.8636355744152826,150.27620690236228,8.548492296984588,-16.172476994436437,48.45908801633376,38.49564403837971,0.07175482614314888,6339.813374001356,1,0,1.0,1.0,0.9758908693718056,0.9758908693718056,4393.730112864995,4393.730112864995,2963.7698871350044,2963.7698871350044,asphalt,1.1575
6.866666666666648,65.85828378568574,18.293967718246037,40.07616335247411,1.8632916534844965,150.9441585330412,8.360018934165229,-16.272041614272837,48.59960113889873,38.22506275859015,0.07142760245159252,6340.241307762149,1,0,1.0,1.0,0.9758883295148861,0.9758883295148831,4393.75474715387,4393.75474715387,2963.745252846129,2963.745252846129,asphalt,1.1575
6.883333333333314,65.86254668245275,18.295151856236874,40.07368065821814,1.8629493743915828,151.6120687122907,8.170394855618396,-16.369399174864423,48.736961018468335,37.95284504135677,0.07110188685629737,6340.6672893479445,1,0,1.0,1.0,0.9758858030418336,0.9758858030418379,4393.779267906525,4393.779267906525,2963.720732093474,2963.720732093474,asphalt,1.1575
6.899999999999981,65.86679014406847,18.296330595574574,40.07120962935985,1.8626087288844526,152.2799376348916,7.979645986956808,-16.464536531144823,48.87114874631068,37.67902780832379,0.07077767225808884,6341.091327762161,1,0,1.0,1.0,0.975883289873864,0.975883289873864,4393.803675657237,4393.803675657237,2963.6963243427626,2963.6963243427626,asphalt,1.1575
6.916666666666647,65.87101426005827,18.297503961127298,40.06875020893675,1.862269708756486,152.94776549467335,7.787798401707596,-16.55744084277005,49.00214584733281,37.40364819704783,0.0704549515901931,6341.513431965768,1,0,1.0,1.0,0.9758807899328031,0.975880789932806,4393.827970938039,4393.827970938039,2963.6720290619614,2963.6720290619614,asphalt,1.1575
6.933333333333314,65.87521911952663,18.298671977646286,40.06630234028662,1.8619323058458959,153.61555248451933,7.59487831773952,-16.648099575754213,49.12993428250878,37.1267435559021,0.07013371782676359,6341.933610877494,1,0,1.0,1.0,0.9758783031411079,0.9758783031411079,4393.852154278013,4393.852154278013,2963.647845721987,2963.647845721987,asphalt,1.1575
6.949999999999981,65.87940481115908,18.29983466976641,40.063865967045324,1.8615965120359579,154.28329879637138,7.400912093672441,-16.736500504063496,49.25449645124797,36.84835143895383,0.06981396396923856,6342.351873374035,1,0,1.0,1.0,0.9758758294217841,0.9758758294217811,4393.876226203873,4393.876226203873,2963.6237737961274,2963.6237737961274,asphalt,1.1575
6.966666666666647,65.88357142322427,18.300992062006742,40.06144103314501,1.8612623192541955,154.95100462123534,7.20592622526952,-16.82263171116834,49.37581519370338,36.56850960081542,0.06949568305827825,6342.768228290265,1,0,1.0,1.0,0.9758733686984122,0.9758733686984138,4393.900187239571,4393.900187239571,2963.5998127604284,2963.5998127604284,asphalt,1.1575
6.983333333333314,65.887719043576,18.302144178771112,40.05902748281189,1.8609297194723284,155.61867014918553,7.009947341812575,-16.906481591553582,49.49387379301963,36.28725599147034,0.06917886816779628,6343.182684419441,1,0,1.0,1.0,0.975870920895345,0.975870920895345,4393.924037906948,4393.924037906948,2963.5759620930517,2963.5759620930517,asphalt,1.1575
6.9999999999999805,65.89184775965535,18.303291044348708,40.05662526056421,1.8605987047059942,156.2862955693699,6.8130022024611545,-16.988038852186413,49.608655977520314,36.00462875107416,0.06886351240410704,6343.595250513407,1,0,1.0,1.0,0.9758684859372021,0.9758684859372021,4393.9477787245705,4393.9477787245705,2963.5522212754286,2963.5522212754286,asphalt,1.1575
7.016666666666647,65.89595765849256,18.3044326829146,40.05423431121065,1.8602692670147218,156.95388107001435,6.615117692595783,-17.067292513941936,49.720145922834625,35.7206662047316,0.0685496089084836,6344.005935282801,1,0,1.0,1.0,0.9758660637493018,0.9758660637493035,4393.971410209086,4393.971410209086,2963.5285897909134,2963.5285897909134,asphalt,1.1575
7.033333333333314,65.90004882670914,18.305569118530315,40.05185457984849,1.8599413985010413,157.62142683842836,6.41632082014585,-17.144231912986175,49.82832825396273,35.435406857250314,0.0682371508545998,6344.414747397255,1,0,1.0,1.0,0.9758636542574216,0.97586365425742,4393.994932874317,4393.994932874317,2963.5050671256827,2963.5050671256827,asphalt,1.1575
7.04999999999998,65.90412135051979,18.306700375144384,40.04948601186157,1.8596150913108402,158.28893306100915,6.21663871190265,-17.2188467021164,49.93318804727996,35.14888938787199,0.06792613145279347,6344.8216954856,1,0,1.0,1.0,0.9758612573878618,0.9758612573878618,4394.018347231459,4394.018347231459,2963.4816527685402,2963.4816527685402,asphalt,1.1575
7.066666666666647,65.90817531573444,18.3078264765929,40.0471285529187,1.8592903376329049,158.95639992324644,6.016098609818077,-17.29112685205857,50.03471083247922,34.861152644981594,0.06761654394239258,6345.226788136059,1,0,1.0,1.0,0.9758588730674697,0.9758588730674697,4394.041653789593,4394.041653789593,2963.4583462104074,2963.4583462104074,asphalt,1.1575
7.0833333333333135,65.91221080776022,18.308947446600058,40.0447821489719,1.8589671296982344,159.62382760972784,5.8147278672894505,-17.36106265272176,50.13288259445167,34.57223564079544,0.06730838159597852,6345.6300338964575,1,0,1.0,1.0,0.9758565012236162,0.9758565012236178,4394.064853054975,4394.064853054975,2963.435146945025,2963.435146945025,asphalt,1.1575
7.09999999999998,65.91622791160339,18.31006330877872,40.042446746254434,1.858645459780422,160.29121630414272,5.612553945430961,-17.42864471440944,50.22768977510538,34.282177546028805,0.06700163772364931,6346.031441274412,1,0,1.0,1.0,0.975854141784116,0.975854141784116,4394.087945531557,4394.087945531557,2963.4120544684424,2963.4120544684424,asphalt,1.1575
7.116666666666647,65.92022671187136,18.311174086630935,40.040122291279324,1.8583253201948915,160.95856618928752,5.409604409332266,-17.493863968987444,50.31911927512159,33.991017684543785,0.06669630566449314,6346.431018737534,1,0,1.0,1.0,0.9758517946773342,0.9758517946773327,4394.110931720789,4394.110931720789,2963.3890682792107,2963.3890682792107,asphalt,1.1575
7.133333333333313,65.92420729277455,18.312279803548485,40.03780873083758,1.8580067032989984,161.62587744706988,5.205906924304705,-17.5567116710085,50.407158455648556,33.69879552797816,0.06639237878914628,6346.828774713621,1,0,1.0,0.9999999999999999,0.9758494598320203,0.9758494598320218,4394.133812121555,4394.133812121555,2963.366187878444,2963.366187878444,asphalt,1.1575
7.14999999999998,65.9281697381284,18.313380482813447,40.03550601199661,1.8576896014916502,162.29315025851363,5.001489252115642,-17.61717939879322,50.49179513993276,33.40555069035598,0.0660898505032037,6347.224717590853,1,0,1.0,1.0,0.975847137177498,0.9758471371774995,4394.156587230497,4394.156587230497,2963.3434127695023,2963.3434127695023,asphalt,1.1575
7.1666666666666465,65.93211413135529,18.314476147598693,40.03321408209855,1.8573740072128206,162.96038480376325,4.796379247211439,-17.67525905546736,50.5730176148871,33.11132292268052,0.06578871424466115,6347.618855717991,1,0,1.0,1.0,0.9758448266435052,0.9758448266435052,4394.179257541691,4394.179257541691,2963.320742458308,2963.320742458308,asphalt,1.1575
7.183333333333313,65.93604055548639,18.31556682096844,40.03093288875871,1.8570599129437295,163.6275812620883,4.5906048529295616,-17.73094286995532,50.65081463259616,32.81615210751051,0.06548896347965183,6348.011197404561,1,0,1.0,1.0,0.9758425281602817,0.9758425281602817,4394.20182354697,4394.20182354697,2963.298176453029,2963.298176453029,asphalt,1.1575
7.19999999999998,65.93994909316355,18.316652525878762,40.02866237986396,1.8567473112060278,164.29473981188843,4.384194097700322,-17.784223397929708,50.72517541175812,32.52007825352019,0.06519059171182562,6348.401750921054,1,0,1.0,1.0,0.9758402416585185,0.975840241658517,4394.224285735601,4394.224285735601,2963.2757142643977,2963.2757142643977,asphalt,1.1575
7.216666666666646,65.94383982664137,18.317733285178157,40.02640250357073,1.856436194562128,164.96186063069723,4.1771750912387615,-17.835093522716896,50.79608963906338,32.22314149004401,0.06489359246955928,6348.790524499115,1,0,1.0,1.0,0.9758379670693669,0.9758379670693669,4394.2466445944165,4394.2466445944165,2963.253355405583,2963.253355405583,asphalt,1.1575
7.233333333333313,65.9477128377889,18.318809121608027,40.02415320830413,1.856126555614569,165.62894389518715,3.96957602072718,-17.88354645615844,50.863547470509516,31.925382061606687,0.06459795932130419,6349.177526331727,1,0,1.0,1.0,0.975835704324394,0.9758357043243956,4394.268900608131,4394.268900608131,2963.2310993918686,2963.2310993918686,asphalt,1.1575
7.24999999999998,65.95156820809159,18.319880057803218,40.02191444275566,1.855818387005939,166.2959897811739,3.7614251469888274,-17.929575739428305,50.927539532652524,31.626840322439435,0.06430368585938595,6349.562764573408,1,0,1.0,1.0,0.9758334533557028,0.9758334533557044,4394.2910542588315,4394.2910542588315,2963.208945741168,2963.208945741168,asphalt,1.1575
7.266666666666646,65.95540601865311,18.32094611629253,40.01968615588233,1.855511681418647,166.9629984636206,3.552750800653244,-17.973175243805755,50.9880569237943,31.327556730982923,0.06401076571023623,6349.946247340393,1,0,1.0,1.0,0.9758312140957888,0.9758312140957888,4394.313106026553,4394.313106026553,2963.1868939734463,2963.1868939734463,asphalt,1.1575
7.283333333333313,65.9592263501973,18.32200731949925,40.01746829690479,1.8552064315745402,167.6299701166426,3.343581378313791,-18.01433917140391,51.04509121510601,31.027571844377913,0.06371919253098213,6350.327982710826,1,0,1.0,1.0,0.9758289864774475,0.9758289864774475,4394.33505638851,4394.33505638851,2963.1649436114894,2963.1649436114894,asphalt,1.1575
7.299999999999979,65.9630292830699,18.323063689741637,40.01526081530607,1.854902630234804,168.29690491351153,3.1339453386778398,-18.05306205585379,51.09863445168743,30.726926312944162,0.06342896001200415,6350.707978724943,1,0,1.0,1.0,0.9758267704342026,0.975826770434202,4394.3569058203775,4394.3569058203775,2963.143094179622,2963.143094179622,asphalt,1.1575
7.316666666666646,65.96681489724047,18.32411524923346,40.013063660829395,1.8546002701994253,168.96380302666003,2.9238711987101658,-18.089338762943864,51.148679153561986,30.425660874648404,0.0631400618684097,6351.0862433852535,1,0,1.0,1.0,0.9758245658998084,0.9758245658998068,4394.378654794561,4394.378654794561,2963.121345205439,2963.121345205439,asphalt,1.1575
7.333333333333313,65.97058327230417,18.32516202008449,40.010876783477364,1.8542993443075255,169.63066462768558,2.713387529770041,-18.12316449121498,51.1952183166075,30.12381634956214,0.06285249185282282,6351.46278465673,1,0,1.0,1.0,0.9758223728084864,0.9758223728084864,4394.400303781927,4394.400303781927,2963.0996962180734,2963.0996962180734,asphalt,1.1575
7.349999999999979,65.97433448748359,18.326204024300996,40.00870013351024,1.8539998454366213,170.2974898873551,2.502522953742547,-18.154534772510633,51.238245413422476,29.821433634309987,0.06256624374259445,6351.837610466986,1,0,1.0,0.9999999999999999,0.9758201910948826,0.9758201910948818,4394.4218532506475,4394.4218532506475,2963.0781467493516,2963.0781467493516,asphalt,1.1575
7.366666666666646,65.97806862163058,18.32724128378627,40.006533661444585,1.853701766502549,170.96427897560926,2.291306139164607,-18.183445472482557,51.277754394127825,29.518553696509276,0.06228131135003423,6352.210728706463,1,0,1.0,1.0,0.9758180206940692,0.9758180206940686,4394.443303666912,4394.443303666912,2963.056696333088,2963.056696333088,asphalt,1.1575
7.383333333333312,65.98178575322801,18.328273820341114,40.0043773180516,1.8534051004592853,171.63103206156654,2.0797657973462575,-18.20989279105152,51.31373968710401,29.21521756920176,0.061997688513031335,6352.58214722861,1,0,1.0,1.0,0.9758158615415976,0.9758158615415984,4394.464655494403,4394.464655494403,2963.0353445055966,2963.0353445055966,asphalt,1.1575
7.399999999999979,65.98548596039159,18.329301655664327,40.00223105435584,1.8531098402986184,172.29774931352773,1.8679306784876741,-18.233873262823334,51.34619619966352,28.91146634527805,0.06171536910443365,6352.95187385006,1,0,1.0,1.0,0.9758137135733655,0.9758137135733648,4394.485909194756,4394.485909194756,2963.0140908052435,2963.0140908052435,asphalt,1.1575
7.416666666666646,65.98916932087164,18.330324811353233,40.00009482163351,1.8528159790499172,172.96443089897994,1.6558295677924602,-18.25538375746005,51.375119318658484,28.60734117189562,0.061434347020110636,6353.319916350814,1,0,1.0,1.0,0.9758115767256273,0.9758115767256273,4394.507065226911,4394.507065226911,2962.992934773088,2962.992934773088,asphalt,1.1575
7.433333333333312,65.99283591205486,18.331343308904128,39.997968571411235,1.8525235097800816,173.6310769846008,1.4434912815777157,-18.274421480006236,51.40050491102363,28.302883244891053,0.061154616190890465,6353.686282474416,1,0,1.0,1.0,0.9758094509352458,0.9758094509352465,4394.528124048272,4394.528124048272,2962.971875951728,2962.971875951728,asphalt,1.1575
7.449999999999979,65.99648581096609,18.332357169712804,39.99585225546471,1.8522324255931344,174.29768773626267,1.230944663381405,-18.290983971170423,51.42234932425425,27.99813380318738,0.0608761705774441,6354.050979928129,1,0,1.0,1.0,0.9758073361392878,0.975807336139287,4394.549086113481,4394.549086113481,2962.950913886518,2962.950913886518,asphalt,1.1575
7.4666666666666455,66.00011909427005,18.333366415075012,39.99374582581724,1.8519427196301206,174.9642633190366,1.0182185800675254,-18.30506910756159,51.44064938681931,27.693134123197122,0.06059900416602204,6354.414016383117,1,0,1.0,1.0,0.9758052322752967,0.9758052322752967,4394.569951875328,4394.569951875328,2962.930048124672,2962.930048124672,asphalt,1.1575
7.483333333333312,66.00373583827307,18.334371066186964,39.991649234738254,1.8516543850686995,175.63080389719678,0.8053419179296009,-18.316675101880776,51.45540240850964,27.387925513221926,0.060323110971864935,6354.775399474616,1,0,1.0,1.0,0.9758031392811578,0.9758031392811574,4394.590721783967,4394.590721783967,2962.9092782160324,2962.9092782160324,asphalt,1.1575
7.499999999999979,66.00733611892491,18.335371144145807,39.98956243474192,1.8513674151230177,176.29730963422443,0.5923435787930007,-18.32580050306773,51.46660618072118,27.082549307849426,0.06004848504517213,6355.1351368021105,1,0,1.0,1.0,0.9758010570953625,0.9758010570953625,4394.611396288017,4394.611396288017,2962.888603711982,2962.888603711982,asphalt,1.1575
7.516666666666645,66.01092001182037,18.336366669950102,39.987485378585674,1.8510818030435563,176.96378069281184,0.379252476116625,-18.33244419640263,51.47425897667319,26.777046862348143,0.05977512045745925,6355.493235929502,1,0,1.0,1.0,0.9757989856565366,0.9757989856565361,4394.631975833213,4394.631975833213,2962.868024166787,2962.868024166787,asphalt,1.1575
7.533333333333312,66.0144875922011,18.337357664500306,39.98541801926895,1.8507975421168772,177.63021723486648,0.1660975310944384,-18.33660540356291,51.47835955156159,26.471459547061176,0.059503011313495335,6355.849704385288,1,0,1.0,1.0,0.9757969249038981,0.9757969249038982,4394.652460863682,4394.652460863682,2962.847539136317,2962.847539136317,asphalt,1.1575
7.5499999999999785,66.01803893495725,18.338344148599234,39.98336031003182,1.8505146256654694,178.29661942151483,-0.04709233124260703,-18.33828368263513,51.47890714264722,26.165828741799388,0.05923215174533425,6356.204549662733,1,0,1.0,1.0,0.9757948747769316,0.9757948747769315,4394.672851821249,4394.672851821249,2962.8271481787506,2962.8271481787506,asphalt,1.1575
7.566666666666645,66.02157411462915,18.33932614295254,39.98131220435364,1.8502330470471895,178.96298741310682,-0.26028818592375863,-18.33747892808199,51.47590146927925,25.860195830234876,0.05896253591402001,6356.5577792200365,1,0,1.0,1.0,0.9757928352155136,0.9757928352155131,4394.693149145234,4394.693149145234,2962.8068508547653,2962.8068508547653,asphalt,1.1575
7.583333333333312,66.02509320540909,18.34030366816919,39.97927365595168,1.8499527996557201,179.62932136921916,-0.47346111193425733,-18.334191370664435,51.46934273285351,25.554602194295455,0.05869415800788147,6356.909400480505,1,0,1.0,1.0,0.975790806159999,0.9757908061599992,4394.7133532736125,4394.7133532736125,2962.786646726387,2962.786646726387,asphalt,1.1575
7.599999999999978,66.02859628114292,18.341276744761924,39.97724461877977,1.8496738769195518,-179.70437855134008,-0.6865821961091996,-18.328421577318938,51.45923161670608,25.249089208560914,0.05842701224423763,6357.259420832719,1,0,1.0,1.0,0.9757887875510141,0.9757887875510141,4394.73346464141,4394.73346464141,2962.766535358589,2962.766535358589,asphalt,1.1575
7.616666666666645,66.03208341533178,18.342245393147717,39.975225047026875,1.8493962723024415,-179.03811219052787,-0.8996225370249818,-18.320170450989952,51.445569285941865,24.943698234661756,0.05816109286598703,6357.607847630706,1,0,1.0,1.0,0.9757867793296207,0.9757867793296205,4394.7534836820505,4394.7534836820505,2962.7465163179486,2962.7465163179486,asphalt,1.1575
7.6333333333333115,66.03555468113368,18.343209633648243,39.97321489511605,1.8491199793028006,-178.37187939106235,-1.1125532488877923,-18.309439230417595,51.42835738719841,24.638470615681243,0.057896394148428953,6357.954688194102,1,0,1.0,1.0,0.9757847814372137,0.9757847814372137,4394.773410826712,4394.773410826712,2962.7265891732873,2962.7265891732873,asphalt,1.1575
7.649999999999978,66.03901015136522,18.344169486490337,39.97121411770281,1.8488449914536458,-177.70567999641875,-1.3253454654186585,-18.296229489880623,51.407598048344944,24.333447670561405,0.057632910391589576,6358.299949808323,1,0,1.0,1.0,0.9757827938156582,0.975782793815658,4394.793246504586,4394.793246504586,2962.706753495414,2962.706753495414,asphalt,1.1575
7.666666666666645,66.04244989850325,18.345124971806456,39.96922266967393,1.8485713023223942,-177.0395138508257,-1.537970343734525,-18.280543138894696,51.3832938781167,24.028670688513824,0.05737063592022196,6358.643639724725,1,0,1.0,1.0,0.9757808164070565,0.9757808164070565,4394.812991142619,4394.812991142619,2962.6870088573805,2962.6870088573805,asphalt,1.1575
7.683333333333311,66.04587399468646,18.346076109635128,39.967240506146254,1.848298905510584,-176.37338079926127,-1.7503990682248631,-18.262382421866057,51.35544796568456,23.724180923435895,0.05710956509318521,6358.985765160775,1,0,1.0,0.9999999999999999,0.9757788491539676,0.9757788491539675,4394.832645165771,4394.832645165771,2962.6673548342283,2962.6673548342283,asphalt,1.1575
7.699999999999978,66.04928251171708,18.34702291992141,39.96526758246525,1.8480277946537471,-175.70728068744924,-1.9626028544232885,-18.241749917700634,51.32406388016021,23.42001958833334,0.05684969229150738,6359.326333300212,1,0,1.0,1.0,0.9757768919992715,0.9757768919992715,4394.852208997015,4394.852208997015,2962.6477910029844,2962.6477910029844,asphalt,1.1575
7.716666666666645,66.0526755210624,18.347965422517333,39.963303854203836,1.8477579634212058,-175.04121336185526,-2.1745529528736958,-18.218648539368665,51.289145670036795,23.116227849749666,0.056591011922648704,6359.665351293209,1,0,1.0,1.0,0.9757749448862328,0.9757749448862323,4394.87168305727,4394.87168305727,2962.6283169427293,2962.6283169427293,asphalt,1.1575
7.733333333333311,66.05605309385646,18.34890363718235,39.96134927716106,1.8474894055157163,-174.37517866968304,-2.3862206529903944,-18.19308153342489,51.25069786256517,22.812846822203404,0.056333518427322815,6360.002826256537,1,0,1.0,1.0,0.9757730077585072,0.9757730077585072,4394.891067765406,4394.891067765406,2962.608932234594,2962.608932234594,asphalt,1.1575
7.749999999999978,66.05941530090163,18.34983758358379,39.95940380736079,1.8472221146735195,-173.70917645887062,-2.597577286911729,-18.16505247948446,51.20872546306591,22.509917562633735,0.05607720626500168,6360.338765273728,1,0,1.0,1.0,0.9757710805600036,0.9757710805600036,4394.91036353811,4394.91036353811,2962.5896364618898,2962.5896364618898,asphalt,1.1575
7.766666666666644,66.06276221267024,18.350767281297287,39.957467401050536,1.8469560846639599,-173.04320657808668,-2.8085942333467004,-18.134565289654525,51.1632339541772,22.20748106485536,0.055822069928410656,6360.673175395231,1,0,1.0,1.0,0.975769163235135,0.9757691632351353,4394.9295707904685,4394.9295707904685,2962.5704292095306,2962.5704292095306,asphalt,1.1575
7.783333333333311,66.06609389930605,18.351692749807235,39.95554001470009,1.8466913092893573,-172.3772688767268,-3.0192429214140635,-18.101624207921745,51.11422929503863,21.905578254023304,0.055568103931591395,6361.006063638574,1,0,1.0,1.0,0.9757672557285278,0.9757672557285278,4394.948689935131,4394.948689935131,2962.551310064868,2962.551310064868,asphalt,1.1575
7.799999999999978,66.06941043062602,18.352614008507228,39.95362160500048,1.8464277823848303,-171.71136320490973,-3.2294948344734102,-18.066233809495696,51.06171792041112,21.604249981108346,0.05531530282013364,6361.337436988525,1,0,1.0,1.0,0.9757653579852003,0.975765357985201,4394.967721382953,4394.967721382953,2962.532278617047,2962.532278617047,asphalt,1.1575
7.816666666666644,66.07271187612174,18.353531076700484,39.95171212886254,1.8461654978180149,-171.04548941347377,-3.439321513947729,-18.028399000108323,51.005706739733064,21.303537017383885,0.05506366116094341,6361.667302397247,1,0,1.0,1.0,0.9757634699505365,0.9757634699505373,4394.986665542799,4394.986665542799,2962.5133344572014,2962.5133344572014,asphalt,1.1575
7.833333333333311,66.07599830496103,18.354443973600286,39.94981154341583,1.845904449488938,-170.37964735397307,-3.648694563136943,-17.988125015269567,50.94620313611288,21.003480048924956,0.05481317354991688,6361.99566678446,1,0,1.0,1.0,0.975761591570298,0.9757615915702971,4395.005522821676,4395.005522821676,2962.494477178324,2962.494477178324,asphalt,1.1575
7.849999999999977,66.07926978598948,18.355352718330412,39.94791980600727,1.8456446313298391,-169.71383687867404,-3.857585651021935,-17.945417419479252,50.883214965258105,20.70411967112004,0.05456383461023506,6362.32253703759,1,0,1.0,1.0,0.9757597227904978,0.9757597227904978,4395.024293624412,4395.024293624412,2962.475706375587,2962.475706375587,asphalt,1.1575
7.866666666666644,66.0825263877321,18.356257329925583,39.94603687420004,1.8453860373049669,-169.04805784055168,-4.065966516058537,-17.900282105395366,50.816750554341155,20.405496383196546,0.054315638987247894,6362.647920011932,1,0,1.0,1.0,0.9757578635575592,0.9757578635575584,4395.04297835404,4395.04297835404,2962.4570216459592,2962.4570216459592,asphalt,1.1575
7.883333333333311,66.08576817839472,18.357157827331864,39.94416270577232,1.8451286614102738,-168.38231009328604,-4.273808969961024,-17.852725292958837,50.74681870080199,20.107650582760535,0.05406858135359016,6362.971822530801,1,0,1.0,1.0,0.9757560138182136,0.9757560138182136,4395.061577411604,4395.061577411604,2962.4384225883955,2962.4384225883955,asphalt,1.1575
7.899999999999977,66.08899522586556,18.3580542294071,39.942297258716074,1.8448724976734923,-167.71659349125866,-4.481084901474583,-17.80275352847498,50.673428671087834,19.81062256035155,0.05382265640832884,6363.294251385685,1,0,1.0,1.0,0.9757541735195275,0.9757541735195269,4395.08009119616,4395.08009119616,2962.41990880384,2962.41990880384,asphalt,1.1575
7.916666666666644,66.09220759771684,18.358946554921342,39.940440491236025,1.8446175401537281,-167.05090788954908,-4.687766280136285,-17.750373683651716,50.59659019933013,19.514452494013145,0.05357785887696309,6363.615213336405,1,0,1.0,1.0,0.9757523426088839,0.9757523426088839,4395.09852010497,4395.09852010497,2962.4014798950298,2962.4014798950298,asphalt,1.1575
7.9333333333333105,66.0954053612062,18.35983482255728,39.93859236174831,1.8443637829413069,-166.38525314393107,-4.893825160024056,-17.695592954594723,50.51631348595895,19.219180443879928,0.053334183508013666,6363.934715111258,1,0,1.0,1.0,0.9757505210340724,0.9757505210340724,4395.116864533436,4395.116864533436,2962.383135466564,2962.383135466564,asphalt,1.1575
7.949999999999977,66.09858858327827,18.36071905091063,39.93675282887935,1.8441112201575967,-165.7196291108693,-5.099233683493171,-17.638418860759636,50.43260919625504,18.924846346781795,0.05309162507558085,6364.252763407177,1,0,1.0,1.0,0.9757487087431355,0.9757487087431355,4395.135124874909,4395.135124874909,2962.364875125091,2962.364875125091,asphalt,1.1575
7.966666666666644,66.10175733056614,18.361599258490596,39.93492185146463,1.8438598459549314,-165.05403564751595,-5.303964084899771,-17.578859243861523,50.34548845883969,18.631490010866067,0.05285017837934447,6364.569364889874,1,0,1.0,1.0,0.975746905684365,0.9757469056843643,4395.153301520623,4395.153301520623,2962.3466984793768,2962.3466984793768,asphalt,1.1575
7.98333333333331,66.10491166939286,18.362475463720237,39.93309938854766,1.8436096545162803,-164.38847261170693,-5.50798869431092,-17.51692226674169,50.254962864102794,18.339151110238234,0.05260983824456389,6364.884526194002,1,0,1.0,1.0,0.9757451118065816,0.9757451118065816,4395.171394860531,4395.171394860531,2962.3286051394684,2962.3286051394684,asphalt,1.1575
7.999999999999977,66.1080516657729,18.36334768493692,39.931285399378744,1.8433606400551457,-163.72293986195874,-5.711279941200712,-17.452616412192082,50.16104446256909,18.047869179622065,0.05237059952122536,6365.198253923293,1,0,1.0,1.0,0.9757433270588062,0.9757433270588046,4395.189405282341,4395.189405282341,2962.310594717658,2962.310594717658,asphalt,1.1575
8.016666666666644,66.1111773854137,18.364215940392693,39.929479843413844,1.8431127968154613,-163.0574372574648,-5.913810358131964,-17.38595048173738,50.063745763203016,17.757683609039713,0.052132457084042017,6365.51055465071,1,0,1.0,1.0,0.9757415513903112,0.9757415513903112,4395.207333171838,4395.207333171838,2962.292666828161,2962.292666828161,asphalt,1.1575
8.033333333333312,66.11428889371706,18.36508024825474,39.927682680313524,1.8428661190711857,-162.39196465809223,-6.115552584422991,-17.316933594375005,49.96307973165238,17.468633638512586,0.05189540582819063,6365.821434918598,1,0,1.0,1.0,0.9757397847508218,0.9757397847508203,4395.225178913205,4395.225178913205,2962.274821086795,2962.274821086795,asphalt,1.1575
8.04999999999998,66.1173862557807,18.36594062660575,39.92589386994165,1.8426206011263269,-161.72652192437826,-6.316479369799005,-17.24557518527321,49.85905978843101,17.180758352783617,0.051659440682101376,6366.130901238828,1,0,1.0,1.0,0.975738027090299,0.9757380270902976,4395.24294288857,4395.24294288857,2962.2570571114293,2962.2570571114293,asphalt,1.1575
8.066666666666647,66.12046953639958,18.36679709344433,39.92411337236446,1.8423762373147905,-161.06110891752706,-6.516563578027643,-17.171885004427402,49.75169980704075,16.894096676061718,0.05142455658869949,6366.438960092945,1,0,1.0,1.0,0.9757362783589608,0.9757362783589623,4395.260625478206,4395.260625478206,2962.2393745217937,2962.2393745217937,asphalt,1.1575
8.083333333333314,66.12353880006755,18.36764966668543,39.922341147849345,1.842133021999972,-160.3957254994061,-6.71577819053817,-17.095873115274962,49.64101411203307,16.608687366789027,0.05119074852501626,6366.7456179323135,1,0,1.0,1.0,0.9757345385074986,0.9757345385074971,4395.278227060844,4395.278227060844,2962.221772939156,2962.221772939156,asphalt,1.1575
8.099999999999982,66.12659411097853,18.368498364160704,39.920577156863736,1.8418909495748845,-159.73037153254316,-6.914096310023872,-17.017549893268676,49.52701747701044,16.32456901243168,0.05095801148343071,6367.050881178261,1,0,1.0,1.0,0.9757328074867577,0.9757328074867564,4395.2957480131645,4395.2957480131645,2962.2042519868355,2962.2042519868355,asphalt,1.1575
8.11666666666665,66.12963553302819,18.369343203618943,39.91882136007409,1.8416500144616745,-159.06504688012268,-7.111491164027166,-16.93692602440906,49.409725122567934,16.04178002429479,0.05072634048360669,6367.354756222225,1,0,1.0,1.0,0.9757310852479213,0.9757310852479227,4395.313188709988,4395.313188709988,2962.186811290011,2962.186811290011,asphalt,1.1575
8.133333333333317,66.13266312981521,18.37018420272645,39.91707371834461,1.8414102111117243,-158.39975140598258,-7.307936108506984,-16.854012503735724,49.28915271417522,15.76035863236231,0.05049573056993495,6367.657249425892,1,0,1.0,1.0,0.9757293717425796,0.9757293717425796,4395.330549524599,4395.330549524599,2962.169450475401,2962.169450475401,asphalt,1.1575
8.149999999999984,66.13567696464281,18.371021379067447,39.915334192736296,1.841171534005347,-157.73448497461118,-7.503404631387934,-16.768820633778013,49.16531635999927,15.480342880162471,0.050266176811533114,6367.958367121345,1,0,1.0,1.0,0.9757276669224966,0.9757276669224996,4395.347830828289,4395.347830828289,2962.15216917171,2962.15216917171,asphalt,1.1575
8.166666666666652,66.13867710052008,18.37185475014447,39.913602744505965,1.8409339776516835,-157.06924745114358,-7.697870356090796,-16.681362022965164,49.03823260866814,15.201770619659465,0.05003767429798245,6368.258115611203,1,0,1.0,1.0,0.9757259707397281,0.9757259707397297,4395.36503299056,4395.36503299056,2962.134967009439,2962.134967009439,asphalt,1.1575
8.18333333333332,66.14166360016347,18.37268433337874,39.911879335105,1.8406975365883986,-156.4040387013586,-7.891307045043899,-16.59164858399614,48.90791844697612,14.924679506172037,0.0498102181435911,6368.556501168763,1,0,1.0,1.0,0.9757242831467375,0.9757242831467361,4395.382156379244,4395.382156379244,2962.1178436207556,2962.1178436207556,asphalt,1.1575
8.199999999999987,66.14463652599807,18.373510146110572,39.910163926178356,1.8404622053817052,-155.73885859167555,-8.083688603174904,-16.499692532169448,48.77439129753053,14.64910699331967,0.049583803486541456,6368.853530038141,1,0,1.0,1.0,0.9757226040962174,0.9757226040962174,4395.399201360506,4395.399201360506,2962.100798639494,2962.100798639494,asphalt,1.1575
8.216666666666654,66.14759594015912,18.374332205599757,39.908456479563455,1.8402279786260602,-155.07370698915096,-8.27498908138255,-16.405506383673135,48.63766901634052,14.37509032799702,0.049358425489742785,6369.14920843441,1,0,1.0,1.0,0.9757209335411381,0.9757209335411366,4395.416168298523,4395.416168298523,2962.083831701477,2962.083831701477,asphalt,1.1575
8.233333333333322,66.15054190449337,18.375150529025934,39.906756957289176,1.8399948509440103,-154.40858376147543,-8.465182679987919,-16.309102953835158,48.49776989034826,14.102666545377266,0.04913407933486269,6369.443542543741,1,0,1.0,1.0,0.9757192714347926,0.9757192714347926,4395.433057555871,4395.433057555871,2962.066942444129,2962.066942444129,asphalt,1.1575
8.24999999999999,66.15347448056039,18.375965133488997,39.905065321574824,1.8397628169861682,-153.7434887769704,-8.654243752164751,-16.210495355334476,48.35471263490282,13.831872463945023,0.04891076023170626,6369.73653852354,1,0,1.0,1.0,0.9757176177306972,0.9757176177306959,4395.449869493265,4395.449869493265,2962.0501305067346,2962.0501305067346,asphalt,1.1575
8.266666666666657,66.156393729634,18.376776036009446,39.90338153482908,1.8395318714308293,-153.078421904585,-8.842146807348382,-16.109696996373017,48.208516391177064,13.56274468055949,0.048688463408836924,6370.028202502587,1,0,1.0,1.0,0.975715972382807,0.975715972382807,4395.466604470074,4395.466604470074,2962.0333955299247,2962.0333955299247,asphalt,1.1575
8.283333333333324,66.15929971270363,18.377583253528783,39.901705559648896,1.8393020089840246,-152.41338301389305,-9.028866514622854,-16.006721578808815,48.059200723528,13.295319565548457,0.04846718412039763,6370.318540581173,1,0,1.0,1.0,0.9757143353451643,0.9757143353451687,4395.483262843425,4395.483262843425,2962.0167371565744,2962.0167371565744,asphalt,1.1575
8.299999999999992,66.16219249047565,18.3783868029099,39.90003735881857,1.8390732243792132,-151.74837197508958,-9.214377706085767,-15.901583096250587,47.90678561680086,13.029633257833842,0.04824691764099498,6370.607558831235,1,0,1.0,1.0,0.975712706572216,0.9757127065722174,4395.49984496903,4395.49984496903,2962.0001550309694,2962.0001550309694,asphalt,1.1575
8.31666666666666,66.16507212337474,18.379186700937428,39.89837689530868,1.8388455123772074,-151.08338865898813,-9.398655380190418,-15.794295832113976,47.7512914735774,12.765721660089367,0.04802765926996244,6370.895263296494,1,0,1.0,1.0,0.9757110860186907,0.9757110860186907,4395.516351201002,4395.516351201002,2961.9836487989974,2961.9836487989974,asphalt,1.1575
8.333333333333327,66.16793867154527,18.37998296431813,39.89672413227499,1.8386188677659174,-150.41843293701734,-9.581674705064813,-15.684874357639776,47.59273911136867,12.50362043393105,0.04780940432709713,6371.181659992587,1,0,1.0,1.0,0.975709473639515,0.975709473639515,4395.5327818914,4395.5327818914,2961.967218108599,2961.967218108599,asphalt,1.1575
8.349999999999994,66.17079219485254,18.380775609681262,39.8950790330576,1.8383932853603018,-149.7535046812181,-9.763411021807112,-15.57333352987436,47.431149759752756,12.243364995141098,0.04759214815692303,6371.466754907204,1,0,1.0,1.0,0.9757078693899786,0.97570786938998,4395.549137391004,4395.549137391004,2961.950862608996,2961.950862608996,asphalt,1.1575
8.366666666666662,66.17363275288422,18.38156465357895,39.893441561179756,1.8381687600022385,-149.08860376424025,-9.943839847757076,-15.45968848961264,47.26654505745783,11.984990508925858,0.04737588612442778,6371.750554000218,1,0,1.0,1.0,0.9757062732256339,0.9757062732256339,4395.565418048729,4395.565418048729,2961.934581951271,2961.934581951271,asphalt,1.1575
8.38333333333333,66.17646040495158,18.38235011248655,39.89181168034704,1.8379452865602457,-148.42373005933987,-10.1229368797431,-15.343954659303813,47.098947049390965,11.728531885208447,0.04716061361506263,6372.033063203824,1,0,1.0,1.0,0.9757046851022149,0.9757046851022192,4395.5816242117635,4395.5816242117635,2961.9183757882356,2961.9183757882356,asphalt,1.1575
8.399999999999997,66.17927521009085,18.383132002803013,39.89018935444637,1.8377228599293556,-147.75888344037594,-10.30067799730442,-15.226147740920188,46.92837818361301,11.474023773956667,0.046946326039005726,6372.314288422665,1,0,1.0,1.0,0.9757031049757652,0.9757031049757667,4395.5977562256285,4395.5977562256285,2961.902243774371,2961.902243774371,asphalt,1.1575
8.416666666666664,66.18207722706457,18.38391034085127,39.88857454754484,1.8375014750310616,-147.09406378180745,-10.47703926588805,-15.106283713789379,46.75486130826011,11.221500560546815,0.046733018827751494,6372.5942355339685,1,0,1.0,1.0,0.9757015328027366,0.9757015328027366,4395.6138144345605,4395.6138144345605,2961.8861855654386,2961.8861855654386,asphalt,1.1575
8.433333333333332,66.18486651436282,18.38468514287856,39.886967223888945,1.83728112681304,-146.4292709586904,-10.651996940020062,-14.98437883239018,46.57841966841216,10.97099636116401,0.04652068743496329,6372.872910387674,1,0,1.0,1.0,0.9756999685396389,0.9756999685396405,4395.629799180683,4395.629799180683,2961.870200819317,2961.870200819317,asphalt,1.1575
8.45,66.18764313020452,18.385456425056812,39.885367347903404,1.837061810249124,-145.76450484667487,-10.825527466450785,-14.860449624112405,46.399076902908696,10.722545018239629,0.046309327336473416,6373.150318806563,1,0,1.0,1.0,0.9756984121433807,0.9756984121433837,4395.645710804706,4395.645710804706,2961.854289195294,2961.854289195294,asphalt,1.1575
8.466666666666667,66.19040713253882,18.386224203483007,39.883774884190316,1.8368435203389726,-145.0997653220019,-10.997607487273514,-14.734512886981022,46.21685704111265,10.476180095926447,0.04609893402431453,6373.426466586391,1,0,1.0,1.0,0.9756968635711076,0.9756968635711047,4395.661549645738,4395.661549645738,2961.838450354261,2961.838450354261,asphalt,1.1575
8.483333333333334,66.19315857904624,18.386988494179512,39.88218979752822,1.8366262521081729,-144.43505226150077,-11.168213843016352,-14.606585687344857,46.031784499622354,10.231934875612085,0.04588950302121475,6373.701359496018,1,0,1.0,1.0,0.975695322780183,0.975695322780186,4395.677316041222,4395.677316041222,2961.822683958778,2961.822683958778,asphalt,1.1575
8.500000000000002,66.19589752714006,18.38774931309446,39.88061205287112,1.8364100006079345,-143.770365542586,-11.337323575706728,-14.476685357530231,45.84388407893238,9.989842351471339,0.045681029861839306,6373.975003277531,1,0,1.0,1.0,0.975693789728279,0.9756937897282818,4395.69301032706,4395.69301032706,2961.8069896729403,2961.8069896729403,asphalt,1.1575
8.51666666666667,66.19862403396755,18.388506676102097,39.87904161534752,1.8361947609148856,-143.1057050432542,-11.504913931908279,-14.344829493459802,45.653180960043535,9.74993522605798,0.045473510110696225,6374.247403646377,1,0,1.0,1.0,0.9756922643732865,0.9756922643732865,4395.708632837358,4395.708632837358,2961.7913671626416,2961.7913671626416,asphalt,1.1575
8.533333333333337,66.20133815641123,18.38926059900312,39.87747845025948,1.8359805281311,-142.44107064208154,-11.670962365729613,-14.211035952236964,45.459700701022506,9.51224590593661,0.0452669393450833,6374.518566291488,1,0,1.0,1.0,0.9756907466734004,0.9756907466734004,4395.724183904944,4395.724183904944,2961.775816095056,2961.775816095056,asphalt,1.1575
8.550000000000004,66.20403995109014,18.390011097525036,39.875922523081705,1.83576729738384,-141.77646221822062,-11.83544654180464,-14.07532284969615,45.26346923351175,9.276806497355102,0.04506131316958317,6374.788496875407,1,0,1.0,1.0,0.9756892365869362,0.9756892365869332,4395.739663860589,4395.739663860589,2961.760336139411,2961.760336139411,asphalt,1.1575
8.566666666666672,66.20672947436105,18.390758187322515,39.8743737994606,1.8355550638253806,-141.11187965139766,-11.998344338244035,-13.937708557919319,45.064512859189925,9.04364880195826,0.044856627208389455,6375.057201034414,1,0,1.0,1.0,0.9756877340727337,0.9756877340727308,4395.755073034235,4395.755073034235,2961.7449269657654,2961.7449269657654,asphalt,1.1575
8.58333333333334,66.20940678231982,18.39150188397773,39.87283224521323,1.8353438226329832,-140.44732282190964,-12.159633849557494,-13.798211702719012,44.86285824618348,8.8128043125432,0.04465287710360144,6375.324684378652,1,0,1.0,1.0,0.9756862390896178,0.9756862390896178,4395.770411753511,4395.770411753511,2961.729588246488,2961.729588246488,asphalt,1.1575
8.600000000000007,66.21207193080251,18.392242203000695,39.87129782632661,1.8351335690086923,-139.7827916106216,-12.319293389546363,-13.65685116108831,44.65853242542981,8.584304208857018,0.04445005852034001,6375.59095249225,1,0,1.0,1.0,0.9756847515967079,0.9756847515967079,4395.785680344706,4395.785680344706,2961.714319655294,2961.714319655294,asphalt,1.1575
8.616666666666674,66.21472497538666,18.392979159829626,39.869770508956755,1.834924298179182,-139.11828589896356,-12.477301494166301,-13.513646058618017,44.45156278699258,8.358179353437318,0.044248167145042316,6375.856010933449,1,0,1.0,1.0,0.9756832715535355,0.9756832715535355,4395.8008791329485,4395.8008791329485,2961.6991208670506,2961.6991208670506,asphalt,1.1575
8.633333333333342,66.21736597139252,18.393712769831257,39.86825025942762,1.8347160053956044,-138.45380556892795,-12.6336369243596,-13.368615766881447,44.241977076329576,8.134460287496108,0.04404719868460916,6376.119865234724,1,0,1.0,1.0,0.9756817989197207,0.9756817989197207,4395.816008441384,4395.816008441384,2961.6839915586156,2961.6839915586156,asphalt,1.1575
8.65000000000001,66.21999497388435,18.39444304830121,39.86673704423026,1.8345086859334871,-137.78935050306666,-12.788278668856785,-13.221779900787155,44.02980339051369,7.913177226847636,0.043847148862994345,6376.382520902905,1,0,1.0,1.0,0.9756803336551488,0.9756803336551488,4395.83106859168,4395.83106859168,2961.668931408319,2961.668931408319,asphalt,1.1575
8.666666666666677,66.22261203767147,18.395170010464295,39.86523083002198,1.8343023350926322,-137.1249205844884,-12.941205946947152,-13.073158315899972,43.81507017440761,7.6943600578806635,0.043648013428878585,6376.643983419302,1,0,1.0,1.0,0.9756788757200056,0.9756788757200027,4395.846059904161,4395.846059904161,2961.653940095839,2961.653940095839,asphalt,1.1575
8.683333333333344,66.22521721730958,18.395893671474884,39.86373158362543,1.8340969481968858,-136.4605156968558,-13.092398211217875,-12.922771105730718,43.59780621679254,7.4780383335757135,0.043449788147142954,6376.904258239825,1,0,1.0,1.0,0.9756774250745973,0.9756774250745973,4395.860982697288,4395.860982697288,2961.6390173027116,2961.6390173027116,asphalt,1.1575
8.700000000000012,66.22781056710201,18.396614046417223,39.86223927202772,1.833892520594064,-135.79613572438276,-13.241835150261322,-12.770638598994928,43.37804064645169,7.264241269567828,0.043252468806542765,6377.163350795106,1,0,1.0,1.0,0.9756759816796874,0.9756759816796874,4395.875837288628,4395.875837288628,2961.6241627113714,2961.6241627113714,asphalt,1.1575
8.71666666666668,66.23039214110075,18.397331150305764,39.86075386237949,1.8336890476557721,-135.13178055183172,-13.389496691350267,-12.616781356841015,43.155802928208914,7.0529977402553135,0.04305605121373901,6377.421266490617,1,0,1.0,1.0,0.9756745454960448,0.9756745454960477,4395.890623993567,4395.890623993567,2961.609376006433,2961.609376006433,asphalt,1.1575
8.733333333333347,66.23296199310779,18.3980449980855,39.85927532199411,1.833486524777356,-134.46745006451087,-13.53536300308061,-12.461220170048177,42.93112285892319,6.84433627495502,0.04286053119500366,6377.678010706791,1,0,1.0,1.0,0.9756731164847777,0.9756731164847777,4395.9053431263355,4395.9053431263355,2961.5946568736645,2961.5946568736645,asphalt,1.1575
8.750000000000014,66.2355201766763,18.398755604632306,39.85780361834681,1.8332849473776975,-133.8031441482715,-13.679414497981298,-12.303976056194507,42.70403056343929,6.638285054104611,0.042665904597924964,6377.933588799139,1,0,1.0,1.0,0.9756716946072226,0.9756716946072257,4395.919994999626,4395.919994999626,2961.580005000373,2961.580005000373,asphalt,1.1575
8.766666666666682,66.23806674511168,18.399462984753246,39.8563387190737,1.8330843108990362,-133.13886268950537,-13.821631835091097,-12.1450702567956,42.47455649049536,6.434871905512358,0.04247216728629155,6378.188006098374,1,0,1.0,1.0,0.9756702798249605,0.9756702798249605,4395.934579924659,4395.934579924659,2961.5654200753406,2961.5654200753406,asphalt,1.1575
8.78333333333335,66.2406017514729,18.400167153186914,39.85488059197102,1.8328846108069698,-132.47460557514182,-13.961995922501892,-11.984524234414113,42.24273140858789,6.234124300654915,0.042279315149471586,6378.441267910521,1,0,1.0,1.0,0.9756688720998241,0.9756688720998211,4395.94909821124,4395.94909821124,2961.5509017887593,2961.5509017887593,asphalt,1.1575
8.800000000000017,66.2431252485735,18.40086812460375,39.853429204994214,1.8326858425901995,-131.81037269264536,-14.100487919868172,-11.822359669740646,42.008586401794645,6.036069351023573,0.042087344090475654,6378.693379517042,1,0,1.0,1.0,0.9756674713937582,0.9756674713937582,4395.963550167447,4395.963550167447,2961.536449832553,2961.536449832553,asphalt,1.1575
8.816666666666684,66.24563728898295,18.401565913606373,39.851984526257155,1.83248800176053,-131.14616393001296,-14.237089240882415,-11.658598458646308,41.7721528655561,5.840733804519462,0.041896250035335925,6378.944346174945,1,0,1.0,1.0,0.9756660776690838,0.9756660776690809,4395.977936100265,4395.977936100265,2961.5220638997353,2961.5220638997353,asphalt,1.1575
8.833333333333352,66.24813792502758,18.402260534729884,39.850546524031245,1.832291083852539,-130.4819791757713,-14.371781555716014,-11.493262709207425,41.533462502416036,5.648144041898159,0.041706028927990246,6379.194173116906,1,0,1.0,1.0,0.9756646908882399,0.9756646908882399,4395.992256314821,4395.992256314821,2961.5077436851784,2961.5077436851784,asphalt,1.1575
8.85000000000002,66.25062720879194,18.402952002442206,39.84911516674461,1.8320950844236787,-129.8178183189743,-14.504546793425458,-11.32637473870271,41.29254731772178,5.458326073264188,0.041516676732840097,6379.442865551384,1,0,1.0,1.0,0.9756633110139629,0.9756633110139598,4396.006511115283,4396.006511115283,2961.4934888847174,2961.4934888847174,asphalt,1.1575
8.866666666666687,66.2531051921198,18.40364033114439,39.847690422981245,1.8318999990539702,-129.1536812492004,-14.63536714432345,-11.157957070583398,41.04943961528466,5.271305534615832,0.041328189429634676,6379.690428662732,1,0,1.0,1.0,0.9756619380091333,0.9756619380091333,4396.020700803825,4396.020700803825,2961.479299196174,2961.479299196174,asphalt,1.1575
8.883333333333354,66.25557192661536,18.404325535170933,39.84627226148012,1.8317058233460553,-128.48956785655002,-14.76422506231467,-10.988032431416656,40.80417199300145,5.087107684440733,0.041140563022850074,6379.9368676113145,1,0,1.0,1.0,0.975660571836983,0.9756605718369802,4396.034825681731,4396.034825681731,2961.465174318269,2961.465174318269,asphalt,1.1575
8.900000000000022,66.25802746364434,18.405007628790095,39.844860651134475,1.8315125529248133,-127.8254780316431,-14.891103267195865,-10.816623747802744,40.556777338437044,4.905757400362703,0.0409537935306048,6380.18218753362,1,0,1.0,1.0,0.9756592124607881,0.975659212460791,4396.048886048419,4396.048886048419,2961.4511139515803,2961.4511139515803,asphalt,1.1575
8.91666666666669,66.26047185433518,18.405686626204215,39.84345556099098,1.8313201834374646,-127.16141166561627,-15.015984746919996,-10.643754143266312,40.30728882436941,4.727279175840192,0.04076787699318629,6380.426393542375,1,0,1.0,1.0,0.9756578598442059,0.9756578598442059,4396.062882202158,4396.062882202158,2961.437117797842,2961.437117797842,asphalt,1.1575
8.933333333333357,66.26290514958006,18.406362541550017,39.842056960248826,1.8311287105534169,-126.49736865012053,-15.138852759824127,-10.469446935122264,40.05573990429697,4.551697116916825,0.04058280947134563,6380.669490726657,1,0,1.0,1.0,0.975656513951048,0.975656513951048,4396.076814439803,4396.076814439803,2961.423185560197,2961.423185560197,asphalt,1.1575
8.950000000000024,66.2653274000361,18.407035388898915,39.84066481825899,1.8309381299640108,-125.83334887731873,-15.259690836820797,-10.293725631316605,39.8021643079094,4.379034939024442,0.04039858703606569,6380.911484152007,1,0,1.0,1.0,0.9756551747452061,0.9756551747452061,4396.0906830564145,4396.0906830564145,2961.4093169435855,2961.4093169435855,asphalt,1.1575
8.966666666666692,66.26773865612643,18.407705182257338,39.839279104523435,1.830748437382495,-125.16935223988281,-15.378482783552585,-10.116613927242675,39.54659603652214,4.209315963839044,0.04021520578646687,6381.152378860536,1,0,1.0,1.0,0.9756538421910472,0.9756538421910443,4396.10448834622,4396.10448834622,2961.395511653779,2961.395511653779,asphalt,1.1575
8.98333333333336,66.27013896804131,18.40837193556703,39.83789978869438,1.8305596285439487,-124.50537863099157,-15.495212682509587,-9.938135702533241,39.289069358475516,4.04256311619006,0.04003266183701726,6381.392179871045,1,0,1.0,1.0,0.9756525162529582,0.9756525162529582,4396.118230601782,4396.118230601782,2961.381769398218,2961.381769398218,asphalt,1.1575
9.000000000000027,66.27252838573926,18.40903566270535,39.836526840573214,1.8303716992050034,-123.84142794432796,-15.609864895109556,-9.75831501782883,39.02961880449885,3.878798921023314,0.03985095131668004,6381.630892179127,1,0,1.0,1.0,0.9756511968956109,0.9756511968956139,4396.131910114184,4396.131910114184,2961.3680898858156,2961.3680898858156,asphalt,1.1575
9.016666666666694,66.27490695894807,18.409696377485574,39.83516023011003,1.830184645143842,-123.1775000740767,-15.722424063740398,-9.577176111522768,38.768279163040404,3.718045500418114,0.03967007037829262,6381.86852075728,1,0,1.0,1.0,0.9756498840838975,0.9756498840838975,4396.1455271733585,4396.1455271733585,2961.3544728266406,2961.3544728266406,asphalt,1.1575
9.033333333333362,66.27727473716598,18.410354093657215,39.83379992740265,1.8299984621601468,-122.5135949149219,-15.832875113764828,-9.394743396483339,38.50508547556353,3.5603245706588136,0.03949001518918749,6382.10507055502,1,0,1.0,1.0,0.9756485777828625,0.9756485777828596,4396.159082067699,4396.159082067699,2961.3409179323003,2961.3409179323003,asphalt,1.1575
9.05000000000003,66.27963176966269,18.4110088249063,39.83244590269598,1.8298131460747462,-121.84971236204439,-15.94120325548688,-9.211041456753533,38.240073031809956,3.4056574393612467,0.039310781937160755,6382.340546498983,1,0,1.0,1.0,0.9756472779578063,0.9756472779578063,4396.172575084315,4396.172575084315,2961.327424915684,2961.327424915684,asphalt,1.1575
9.066666666666697,66.28197810548052,18.4116605848557,39.83109812638114,1.8296286927297896,-121.18585231111945,-16.04739398608003,-9.026095044228779,37.97327736503059,3.254065002654395,0.03913236682535626,6382.574953493037,1,0,1.0,1.0,0.9756459845741867,0.9756459845741824,4396.186006508908,4396.186006508908,2961.3139934910914,2961.3139934910914,asphalt,1.1575
9.083333333333364,66.28431379343539,18.412309387065385,39.82975656899474,1.8294450979883679,-120.52201465831432,-16.15143309147672,-8.839929075313158,37.70473424718466,3.1055677424176507,0.038954766077381464,6382.8082964183905,1,0,1.0,1.0,0.9756446975976982,0.9756446975976982,4396.19937662583,4396.19937662583,2961.300623374169,2961.300623374169,asphalt,1.1575
9.100000000000032,66.286638882118,18.412955245032776,39.82842120121796,1.8292623577345377,-119.85819930028579,-16.253306648219,-8.652568627554489,37.43447968410772,2.9601857235740274,0.03877797593389687,6383.040580133699,1,0,1.0,1.0,0.9756434169942625,0.975643416994261,4396.212685718154,4396.212685718154,2961.2873142818453,2961.2873142818453,asphalt,1.1575
9.1166666666667,66.28895341989477,18.41359817219299,39.827091993876024,1.8290804678731698,-119.19440613417774,-16.35300102527008,-8.464038936258792,37.16254991064922,2.817938591439674,0.03860199265261599,6383.271809475172,1,0,1.0,1.0,0.975642142729976,0.9756421427299775,4396.225934067604,4396.225934067604,2961.274065932396,2961.274065932396,asphalt,1.1575
9.133333333333367,66.291257454909,18.414238181919167,39.82576891793726,1.8288994243298973,-118.53063505761892,-16.450502885786563,-8.274365391084546,36.88898138578033,2.6788455691300195,0.03842681251001068,6383.501989256674,1,0,1.0,1.0,0.9756408747711292,0.9756408747711276,4396.239121954558,4396.239121954558,2961.2608780454416,2961.2608780454416,asphalt,1.1575
9.150000000000034,66.29355103508183,18.41487528752273,39.82445194451249,1.8287192230508613,-117.86688596872037,-16.545799188851113,-8.083573532617194,36.613810787672634,2.542925455022889,0.0382524317979005,6383.73112426984,1,0,1.0,1.0,0.975639613084212,0.9756396130842149,4396.252249658049,4396.252249658049,2961.247750341951,2961.247750341951,asphalt,1.1575
9.166666666666702,66.29583420811339,18.41550950225372,39.823141044854175,1.8285398600027623,-117.20315876607316,-16.638877191165395,-7.8916890489243805,36.33707500874829,2.4101966202789136,0.03807884683027396,6383.959219284172,1,0,1.0,1.0,0.9756383576359005,0.975638357635899,4396.265317455761,4396.265317455761,2961.2346825442382,2961.2346825442382,asphalt,1.1575
9.183333333333369,66.29810702148374,18.41614083930104,39.82183619035571,1.8283613311725802,-116.53945334874602,-16.729724448702974,-7.698737772092355,36.05881115070247,2.280677006419548,0.03790605393305668,6384.186279047147,1,0,1.0,1.0,0.9756371083931228,0.9756371083931228,4396.278325624227,4396.278325624227,2961.221674375772,2961.221674375772,asphalt,1.1575
9.200000000000037,66.300369522454,18.41676931179278,39.82053735255058,1.82818363256765,-115.87576961628298,-16.818328818322094,-7.504745674744009,35.77905651949866,2.1543841229630054,0.037734049450079965,6384.41230828432,1,0,1.0,1.0,0.9756358653228897,0.9756358653228897,4396.291274438312,4396.291274438312,2961.2087255616875,2961.2087255616875,asphalt,1.1575
9.216666666666704,66.30262175806735,18.417394932796483,39.819244503111854,1.8280067602153318,-115.2121074687011,-16.904678459338008,-7.309738866539021,35.49784862033748,2.0313350451184182,0.03756282974904934,6384.637311699431,1,0,1.0,1.0,0.9756346283925618,0.9756346283925633,4396.304164172174,4396.304164172174,2961.1958358278257,2961.1958358278257,asphalt,1.1575
9.233333333333372,66.30486377514995,18.418017715319433,39.81795761385127,1.827830710163061,-114.54846680648807,-16.988761835054756,-7.113743590656565,35.215225152599686,1.9115464115385037,0.03739239120619686,6384.8612939745,1,0,1.0,1.0,0.9756333975695635,0.975633397569562,4396.316995098113,4396.316995098113,2961.1830049018868,2961.1830049018868,asphalt,1.1575
9.250000000000039,66.30709562031217,18.418637672308936,39.816676656718435,1.8276554784782728,-113.88484753059994,-17.070567714256157,-6.916786220261057,34.93122400476415,1.795034422131034,0.03722273022077616,6385.084259769942,1,0,1.0,1.0,0.9756321728215458,0.9756321728215458,4396.329767487403,4396.329767487403,2961.1702325125966,2961.1702325125966,asphalt,1.1575
9.266666666666707,66.30931733994942,18.419254816652614,39.81540160380038,1.8274810612480963,-113.22124954245886,-17.15008517265582,-6.718893254951404,34.64588324930134,1.6818148359293812,0.03705384320483063,6385.306213724654,1,0,1.0,1.0,0.975630954116375,0.9756309541163735,4396.342481610036,4396.342481610036,2961.157518389963,2961.157518389963,asphalt,1.1575
9.283333333333374,66.31152898024324,18.419869161178678,39.814132427320565,1.827307454579354,-112.55767274395076,-17.227303594306033,-6.52009131719424,34.35924113754315,1.5719029690224093,0.03688572659257261,6385.527160456131,1,0,1.0,1.0,0.9756297414221219,0.9756297414221219,4396.355137734786,4396.355137734786,2961.1448622652138,2961.1448622652138,asphalt,1.1575
9.300000000000042,66.31373058716235,18.420480718656208,39.81286909963829,1.8271346545985887,-111.89411703742313,-17.302212672965304,-6.320407148741605,34.071336094529535,1.4653136925439743,0.0367183768275936,6385.747104560555,1,0,1.0,1.0,0.9756285347069302,0.9756285347069288,4396.3677361288865,4396.3677361288865,2961.132263871113,2961.132263871113,asphalt,1.1575
9.316666666666709,66.31592220646357,18.421089501795436,39.81161159324802,1.8269626574517313,-111.23058232568266,-17.374802413424426,-6.11986760703357,33.782206713832956,1.362061430722287,0.03655179037735934,6385.966050612906,1,0,1.0,1.0,0.9756273339393027,0.9756273339393058,4396.38027705874,4396.38027705874,2961.11972294126,2961.11972294126,asphalt,1.1575
9.333333333333377,66.31810388369284,18.42169552324801,39.81035988077859,1.8267914593041015,-110.56706851199316,-17.44506313279087,-5.918499661586254,33.49189175236102,1.262160158989386,0.036385963721272674,6386.184003167052,1,0,1.0,1.0,0.975626139087784,0.9756261390877853,4396.392760789143,4396.392760789143,2961.1072392108563,2961.1072392108563,asphalt,1.1575
9.350000000000044,66.32027566418625,18.422298795607293,39.80911393499255,1.8266210563402805,-109.90357550007315,-17.51298546173139,-5.7163303903657425,33.20043012513823,1.1656234021509575,0.03622089336005274,6386.400966755855,1,0,1.0,1.0,0.9756249501211776,0.9756249501211776,4396.405187583806,4396.405187583806,2961.0948124161937,2961.0948124161937,asphalt,1.1575
9.366666666666712,66.32243759307102,18.422899331408615,39.80787372878544,1.826451444764111,-109.24010319409375,-17.578560345672607,-5.513386976148379,32.90786090006743,1.0724642326167309,0.03605657580294519,6386.616945891268,1,0,1.0,1.0,0.9756237670083451,0.9756237670083451,4396.417557704897,4396.417557704897,2961.0824422951023,2961.0824422951023,asphalt,1.1575
9.383333333333379,66.32458971526636,18.42349714312954,39.80663923518516,1.826282620798315,-108.57665149867644,-17.641779045959513,-5.309696702867897,32.614223292671696,0.9826952686916761,0.035893007584775205,6386.831945064436,1,0,1.0,1.0,0.9756225897185756,0.9756225897185772,4396.4298714140095,4396.4298714140095,2961.07012858599,2961.07012858599,asphalt,1.1575
9.400000000000047,66.32673207548467,18.424092243190184,39.80541042735119,1.826114580684775,-107.91322031889088,-17.70263314097173,-5.105286951949911,32.31955666081732,0.8963286729282124,0.03573018525230509,6387.0459687457915,1,0,1.0,1.0,0.9756214182211294,0.9756214182211294,4396.44212897094,4396.44212897094,2961.0578710290592,2961.0578710290592,asphalt,1.1575
9.416666666666714,66.32886471823231,18.42468464395342,39.8041872785739,1.8259473206840744,-107.24980956025267,-17.7611145271973,-4.9001851986342295,32.02390049941869,0.8133761505396383,0.035568105366792224,6387.25902138515,1,0,1.0,1.0,0.9756202524855099,0.9756202524855099,4396.454330634397,4396.454330634397,2961.045669365603,2961.045669365603,asphalt,1.1575
9.433333333333382,66.33098768781072,18.4252743577252,39.802969762273975,1.825780837075626,-106.58641912872129,-17.817215420264017,-4.694419008285469,31.72729443512565,0.7338489478749776,0.03540676450739966,6387.471107411811,1,0,1.0,1.0,0.9756190924813608,0.9756190924813625,4396.466476661868,4396.466476661868,2961.033523338132,2961.033523338132,asphalt,1.1575
9.450000000000049,66.33310102831724,18.42586139675479,39.801757852001685,1.8256151261574676,-105.92304893069773,-17.870928355928058,-4.488016032692496,31.429778220994187,0.6577578509554319,0.03524615927034347,6387.682231234656,1,0,1.0,1.0,0.9756179381785807,0.9756179381785791,4396.478567309753,4396.478567309753,2961.021432690247,2961.021432690247,asphalt,1.1575
9.466666666666717,66.33520478364623,18.426445773235063,39.80055152143614,1.8254501842461859,-105.25969887302259,-17.922246191019873,-4.281004006357154,31.131391731141026,0.5851131840726229,0.035086286268892763,6387.892397242234,1,0,1.0,1.0,0.9756167895472316,0.9756167895472316,4396.4906028332325,4396.4906028332325,2961.009397166767,2961.009397166767,asphalt,1.1575
9.483333333333384,66.33729899748987,18.42702749930274,39.799350744384675,1.8252860076767645,-104.59636886297375,-17.971162104347137,-4.073410742772784,30.832174955382932,0.5159248084487942,0.03492714212654846,6388.101609802878,1,0,1.0,1.0,0.9756156465573905,0.9756156465573891,4396.502583485885,4396.502583485885,2960.997416514114,2960.997416514114,asphalt,1.1575
9.500000000000052,66.33938371333916,18.427606587038657,39.79815549478222,1.8251225928026589,-103.9330588082643,-18.017669597554743,-3.8652641306930136,30.532167993861417,0.4502021209591414,0.034768723490685716,6388.309873264775,1,0,1.0,1.0,0.9756145091795373,0.9756145091795373,4396.514509520713,4396.514509520713,2960.9854904792874,2960.9854904792874,asphalt,1.1575
9.516666666666719,66.34145897448495,18.428183048468043,39.7969657466906,1.8249599359954418,-103.26976861704047,-18.061762495941668,-3.656592130391351,30.231411051653556,0.387954052916425,0.0346110270172062,6388.51719195608,1,0,1.0,1.0,0.9756133773842213,0.9756133773842196,4396.526381189239,4396.526381189239,2960.97361881076,2960.97361881076,asphalt,1.1575
9.533333333333387,66.3435248240188,18.428756895560777,39.79578147429783,1.8247980336449034,-102.60649819787945,-18.10343494923466,-3.447422769912026,29.92994443336962,0.3291890689180145,0.0344540493807699,6388.723570185,1,0,1.0,1.0,0.9756122511421055,0.9756122511421055,4396.538198741647,4396.538198741647,2960.961801258353,2960.961801258353,asphalt,1.1575
9.550000000000054,66.34558130483386,18.429328140231625,39.79460265191757,1.8246368821588494,-101.9432474597873,-18.142681432318593,-3.237784141312615,29.627808537738293,0.27391516575550595,0.034297787274795155,6388.929012239896,1,0,1.0,1.0,0.9756111304241173,0.9756111304241173,4396.549962427216,4396.549962427216,2960.950037572783,2960.950037572783,asphalt,1.1575
9.566666666666721,66.34762845962592,18.429896794340532,39.79342925398837,1.8244764779630482,-101.28001631219693,-18.179496745923476,-3.0277043968989337,29.32504385218017,0.22213987138704233,0.034142237401226794,6389.1335223893675,1,0,1.0,1.0,0.9756100152012949,0.9756100152012949,4396.5616724938845,4396.5616724938845,2960.938327506115,2960.938327506115,asphalt,1.1575
9.583333333333389,66.34966633089428,18.430462869692857,39.792261255073086,1.824316817501131,-100.61680466496597,-18.213876017268,-2.8172117454526897,29.021690947370217,0.17387024397246298,0.03398739648503124,6389.337104882348,1,0,1.0,1.0,0.9756089054448924,0.9756089054448924,4396.5733291886245,4396.5733291886245,2960.9266708113746,2960.9266708113746,asphalt,1.1575
9.600000000000056,66.35169496094267,18.43102637803963,39.79109862985819,1.8241578972344639,-99.95361242837464,-18.245814700659515,-2.6063344484524102,28.717790471790014,0.1291128709713953,0.03383326126055408,6389.5397639482035,1,0,1.0,1.0,0.9756078011262893,0.9756078011262885,4396.584932757001,4396.584932757001,2960.9150672429982,2960.9150672429982,asphalt,1.1575
9.616666666666724,66.35371439188017,18.431587331077825,39.78994135315312,1.8239997136420707,-99.29043951312389,-18.275308578050453,-2.395100816288135,28.4133831462704,0.08787386830439697,0.03367982847834128,6389.741503796817,1,0,1.0,1.0,0.9756067022170257,0.9756067022170264,4396.596483443552,4396.596483443552,2960.9035165564483,2960.9035165564483,asphalt,1.1575
9.633333333333391,66.35572466562212,18.43214574045059,39.78878939988972,1.8238422632205322,-98.62728583033312,-18.302353759551032,-2.1835392044703683,28.108509758525344,0.05015887957724716,0.033527094911107724,6389.942328618683,1,0,1.0,1.0,0.9756056086888177,0.9756056086888177,4396.607981491595,4396.607981491595,2960.892018508405,2960.892018508405,asphalt,1.1575
9.650000000000059,66.35772582389109,18.432701617747522,39.7876427451215,1.823685542483935,-97.96415129153834,-18.32694668389827,-1.9716780098338151,27.803211157677694,0.01597307536847657,0.03337505733497892,6390.1422425850005,1,0,1.0,1.0,0.9756045205135672,0.9756045205135672,4396.619427143425,4396.619427143425,2960.8805728565744,2960.8805728565744,asphalt,1.1575
9.666666666666726,66.3597179082176,18.43325497450489,39.786501364023145,1.8235295479637195,-97.30103580869007,-18.34908411888121,-1.7595456667363782,27.49752824877758,-0.014678847419781281,0.0332237125516599,6390.34124984776,1,0,1.0,1.0,0.9756034376633418,0.9756034376633418,4396.630820640246,4396.630820640246,2960.8691793597536,2960.8691793597536,asphalt,1.1575
9.683333333333394,66.36170095994132,18.43380582220592,39.78536523188975,1.823374276208627,-96.6379392941513,-18.368763161722296,-1.5471706432539392,27.19150198731419,-0.04179266614754408,0.03307305737308752,6390.539354539836,1,0,1.0,1.0,0.9756023601102755,0.9756023601102755,4396.642162221787,4396.642162221787,2960.857837778213,2960.857837778213,asphalt,1.1575
9.700000000000061,66.36367502021166,18.434354172281015,39.78423432413626,1.8232197237845233,-95.97486166069551,-18.38598123941494,-1.3345814373714082,26.88517337372163,-0.06536463295927507,0.03292308862569371,6390.736560775075,1,0,1.0,1.0,0.9756012878267734,0.9756012878267727,4396.653452127006,4396.653452127006,2960.846547872993,2960.846547872993,asphalt,1.1575
9.716666666666729,66.36564012998882,18.434900036108004,39.783108616296865,1.8230658872744503,-95.31180282150474,-18.400736109017114,-1.1218065731705622,26.57858344787963,-0.08539147524266064,0.032773803150405456,6390.93287264839,1,0,1.0,1.0,0.9756002207853385,0.9756002207853385,4396.664690593583,4396.664690593583,2960.835309406417,2960.835309406417,asphalt,1.1575
9.733333333333396,66.3675963300447,18.43544342501242,39.7819880840244,1.8229127632783688,-94.64876269016752,-18.41302585790109,-0.9088745970151676,26.27177328360981,-0.10187039602382304,0.03262519780861339,6391.128294235841,1,0,1.0,1.0,0.9755991589587214,0.9755991589587205,4396.675877858295,4396.675877858295,2960.8241221417043,2960.8241221417043,asphalt,1.1575
9.750000000000064,66.3695436609637,18.435984350267695,39.78087270308965,1.8227603484132633,-93.98574118067691,-18.42284890395916,-0.6958140737338941,25.964783983168246,-0.11479907429892813,0.03247726946852936,6391.32282959473,1,0,1.0,1.0,0.9755981023196941,0.9755981023196945,4396.68701415645,4396.68701415645,2960.81298584355,2960.81298584355,asphalt,1.1575
9.766666666666731,66.37148216314361,18.436522823095448,39.779762449380826,1.8226086393128345,-93.32273820742864,-18.430203995765435,-0.48265358280152,25.657656671735054,-0.12417566530215647,0.03233001501882882,6391.516482763687,1,0,1.0,1.0,0.9755970508412416,0.9755970508412412,4396.698099722452,4396.698099722452,2960.8019002775472,2960.8019002775472,asphalt,1.1575
9.783333333333399,66.37341187679655,18.437058854665707,39.77865729890293,1.8224576326275257,-92.65975368521904,-18.43509021269364,-0.26942171451894026,25.350432491901735,-0.12999880071001488,0.03218343136012436,6391.709257762757,1,0,1.0,1.0,0.975596004496573,0.9755960044965727,4396.709134789749,4396.709134789749,2960.79086521025,2960.79086521025,asphalt,1.1575
9.800000000000066,66.37533284194976,18.437592456097153,39.7775572277771,1.822307325024472,-91.99678752924314,-18.43750696499092,-0.05614706619247431,25.043152598157047,-0.13226758878197328,0.03203751540752364,6391.901158593489,1,0,1.0,1.0,0.9755949632589379,0.9755949632589384,4396.720119590376,4396.720119590376,2960.7798804096233,2960.7798804096233,asphalt,1.1575
9.816666666666734,66.37724509844654,18.43812363845737,39.77646221224007,1.8221577131872706,-91.33383965509273,-18.43745399380767,0.15714176168701388,24.735858151372042,-0.13098161443742112,0.031892264090629396,6392.092189239018,1,0,1.0,1.0,0.9755939271018007,0.9755939271018002,4396.73105435547,4396.73105435547,2960.7689456445296,2960.7689456445296,asphalt,1.1575
9.833333333333401,66.37914868594699,18.43865241276305,39.77537222864359,1.822008793816109,-90.67090997875452,-18.43493137118335,0.37041616926468923,24.42859031328514,-0.1261409392689444,0.031747674354392075,6392.28235366416,1,0,1.0,1.0,0.9755928959987719,0.9755928959987723,4396.7419393150785,4396.7419393150785,2960.758060684921,2960.758060684921,asphalt,1.1575
9.850000000000069,66.38104364392903,18.439178789980286,39.774287253453835,1.8218605636274587,-90.0079984166081,-18.429939499988393,0.5836475611414926,24.121390240987843,-0.117746101491935,0.0316037431582572,6392.471655815489,1,0,1.0,1.0,0.9755918699236292,0.9755918699236297,4396.752774698223,4396.752774698223,2960.7472253017763,2960.7472253017763,asphalt,1.1575
9.866666666666736,66.38293001168915,18.439702781024764,39.77320726325076,1.8217130193540758,-89.34510488542416,-18.4224791138221,0.7968073501925746,23.814299081411885,-0.10579811583055027,0.031460467475312726,6392.6600996214265,1,0,1.0,1.0,0.9755908488502452,0.9755908488502453,4396.763560732708,4396.763560732708,2960.7364392672916,2960.7364392672916,asphalt,1.1575
9.883333333333404,66.38480782834324,18.440224396762012,39.77213223472758,1.8215661577449502,-88.6822293023625,-18.41255127686661,1.009866961383902,23.507357965818557,-0.09029847334005055,0.03131784429228901,6392.847688992329,1,0,1.0,1.0,0.9755898327527166,0.9755898327527164,4396.774297645438,4396.774297645438,2960.7257023545612,2960.7257023545612,asphalt,1.1575
9.900000000000071,66.38667713282754,18.44074364800765,39.771062144690106,1.8214199755651523,-88.01937158497019,-18.400157383697003,1.2227978355865379,23.200608004290913,-0.07124914116555006,0.031175870612116796,6393.0344278205675,1,0,1.0,1.0,0.9755888216052286,0.9755888216052289,4396.7849856621015,4396.7849856621015,2960.7150143378976,2960.7150143378976,asphalt,1.1575
9.916666666666739,66.38853796389935,18.441260545527598,39.76999697005623,1.8212744695957575,-87.35653165117975,-18.385299159047506,1.4355714333880814,22.894090280229594,-0.04865256223722556,0.031034543446253338,6393.220319980616,1,0,1.0,1.0,0.9755878153821024,0.9755878153821024,4396.79562500736,4396.79562500736,2960.704374992639,2960.704374992639,asphalt,1.1575
9.933333333333406,66.39039036013799,18.441775100038328,39.768936687855415,1.8211296366338703,-86.69370941930718,-18.367978657533868,1.6481592389007897,22.587845844853025,-0.02251165490203467,0.03089385982747217,6393.405369329131,1,0,1.0,1.0,0.9755868140578724,0.9755868140578726,4396.806215904915,4396.806215904915,2960.693784095085,2960.693784095085,asphalt,1.1575
9.950000000000074,66.39223435994552,18.44228732220709,39.76788127522793,1.8209854734923716,-86.03090480805021,-18.348198263331973,1.8605327635658453,22.281915711702663,0.007170187507994781,0.03075381679707334,6393.589579705041,1,0,1.0,1.0,0.9755858176071699,0.9755858176071697,4396.816758577374,4396.816758577374,2960.6832414226255,2960.6832414226255,asphalt,1.1575
9.966666666666741,66.39407000154765,18.442797222652125,39.7668307094245,1.820841976999918,-85.36811773648641,-18.325960689812685,2.072663549953303,21.97634085115408,0.04038909717083561,0.030614411415115228,6393.772954929624,1,0,1.0,1.0,0.9755848260048182,0.9755848260048183,4396.827253246387,4396.827253246387,2960.6727467536125,2960.6727467536125,asphalt,1.1575
9.983333333333409,66.39589732299453,18.443304811942923,39.765784967805565,1.8206991440008389,-84.70534812407132,-18.301268979133088,2.28452317555718,21.671162184934584,0.07714073233281465,0.030475640747624766,6393.955498806591,1,0,1.0,1.0,0.9755838392256433,0.9755838392256425,4396.8377001321915,4396.8377001321915,2960.662299867808,2960.662299867808,asphalt,1.1575
10.000000000000076,66.39771636216153,18.443810100600427,39.76474402784085,1.8205569713551384,-84.04259589063673,-18.274126501784025,2.496083256585226,21.36642058064811,0.11742027793016283,0.03033750188109252,6394.137215122173,1,0,1.0,1.0,0.9755828572447586,0.9755828572447589,4396.848099454384,4396.848099454384,2960.6519005456153,2960.6519005456153,asphalt,1.1575
10.016666666666744,66.39952715675022,18.444313099097283,39.76370786710873,1.8204154559382906,-83.37986095638874,-18.244536956094173,2.707315451742844,21.06215684630809,0.1612224462736678,0.03019999191479883,6394.318107645196,1,0,1.0,1.0,0.9755818800374524,0.9755818800374524,4396.858451431664,4396.858451431664,2960.641548568335,2960.641548568335,asphalt,1.1575
10.033333333333411,66.40132974428894,18.44481381785804,39.762676463295676,1.8202745946411882,-82.71714324190607,-18.212504367690606,2.9181914660106747,20.758411724879053,0.20854147779632665,0.030063107960813795,6394.498180127168,1,0,1.0,1.0,0.9755809075790219,0.9755809075790226,4396.86875628132,4396.86875628132,2960.6312437186793,2960.6312437186793,asphalt,1.1575
10.050000000000079,66.40312416213382,18.445312267259393,39.761649794195776,1.8201343843701445,-82.0544426681382,-18.178033088915974,3.128683054415353,20.455225888827673,0.2593711418638876,0.02992684714229199,6394.677436302355,1,0,1.0,1.0,0.975579939844962,0.9755799398449625,4396.879014219807,4396.879014219807,2960.620985780193,2960.620985780193,asphalt,1.1575
10.066666666666746,66.40491044746942,18.445808457630392,39.760627837710075,1.8199948220465858,-81.39175915640354,-18.141127798202405,3.3387620257929296,20.152639934683968,0.3137047376481623,0.02979120659858836,6394.8558798878685,1,0,1.0,1.0,0.9755789768108787,0.9755789768108795,4396.889225462424,4396.889225462424,2960.610774537575,2960.610774537575,asphalt,1.1575
10.083333333333414,66.40668863730967,18.446302399252687,39.75961057184609,1.8198559046073073,-80.72909262838775,-18.101793499402167,3.5484002465444737,19.8506943776134,0.3715350950629808,0.02965618348184762,6395.033514583737,1,0,1.0,1.0,0.9755780184526035,0.9755780184526027,4396.89939022377,4396.89939022377,2960.6006097762297,2960.6006097762297,asphalt,1.1575
10.100000000000081,66.40845876849859,18.44679410236072,39.75859797471728,1.8197176290041668,-80.06644300614195,-18.060035521075232,3.757569644383342,19.54942964600057,0.4328545757626536,0.029521774957856906,6395.210344072995,1,0,1.0,1.0,0.9755770647459701,0.9755770647459694,4396.909508717092,4396.909508717092,2960.590491282908,2960.590491282908,asphalt,1.1575
10.116666666666749,66.4102208777111,18.44728357714197,39.75759002454249,1.8195799922039844,-79.4038102120809,-18.015859515733823,3.966242212073651,19.248886076045206,0.4976550742027973,0.02938797820434047,6395.386372021754,1,0,1.0,1.0,0.9755761156670653,0.9755761156670646,4396.91958115487,4396.91958115487,2960.5804188451298,2960.5804188451298,asphalt,1.1575
10.133333333333416,66.41197500145378,18.44777083373716,39.75658669964536,1.8194429911885912,-78.74119416898131,-17.96927145904407,4.17439001115943,18.949103906371278,0.5659280187633717,0.029254790412664988,6395.56160207929,1,0,1.0,1.0,0.975575171192037,0.975575171192037,4396.929607748494,4396.929607748494,2960.5703922515054,2960.5703922515054,asphalt,1.1575
10.150000000000084,66.41372117606572,18.448255882240478,39.7555879784539,1.8193066229546788,-78.07859479998004,-17.920277648984854,4.381985175683992,18.650123272649747,0.6376643729337687,0.029122208787839554,6395.736037878114,1,0,1.0,1.0,0.9755742312972243,0.9755742312972243,4396.9395887084565,4396.9395887084565,2960.560411291543,2960.560411291543,asphalt,1.1575
10.166666666666751,66.41545943771924,18.448738732699788,39.75459383949991,1.8191708845137473,-77.41601202857244,-17.868884704963996,4.588999915899008,18.35198420223588,0.7128546365597827,0.028990230548515683,6395.909683034057,1,0,1.0,1.0,0.9755732959590504,0.9755732959590504,4396.94952424416,4396.94952424416,2960.55047575584,2960.55047575584,asphalt,1.1575
10.183333333333419,66.41718982242068,18.449219395116856,39.75360426141843,1.8190357728919522,-76.75344577861057,-17.815099566891913,4.795406521962813,18.054726608821667,0.7914888471522888,0.028858852924429357,6396.082541146341,1,0,1.0,1.0,0.9755723651541442,0.9755723651541442,4396.959414564236,4396.959414564236,2960.540585435763,2960.540585435763,asphalt,1.1575
10.200000000000086,66.41891236601124,18.449697879447566,39.75261922294718,1.8189012851301312,-76.09089597430147,-17.758929494212843,5.0011773676274585,17.758390287104167,0.8735565812574427,0.02872807316066428,6396.254615797666,1,0,1.0,1.0,0.9755714388591353,0.9755714388591347,4396.969259875908,4396.969259875908,2960.530740124091,2960.530740124091,asphalt,1.1575
10.216666666666754,66.42062710416765,18.450174195602123,39.751638702926094,1.8187674182836757,-75.42836254020557,-17.70038206489379,5.206284913914015,17.463014907470406,0.9590469558882084,0.028597888512535974,6396.425910554278,1,0,1.0,1.0,0.9755705170508946,0.9755705170508946,4396.979060385822,4396.979060385822,2960.5209396141777,2960.5209396141777,asphalt,1.1575
10.233333333333421,66.42233407240299,18.450648353445274,39.75066268029681,1.8186341694224555,-74.76584540123483,-17.639465174371345,5.410701712775644,17.168640010699587,1.0479486300170155,0.02846829624985503,6396.5964289660515,1,0,1.0,1.0,0.9755695997064481,0.9755695997064496,4396.988816299724,4396.988816299724,2960.5111837002755,2960.5111837002755,asphalt,1.1575
10.250000000000089,66.42403330606744,18.451120362796512,39.74969113410217,1.8185015356307666,-74.10334448265117,-17.576187034456506,5.61440041074798,16.875305002683287,1.1402498061293365,0.028339293654369158,6396.766174566563,1,0,1.0,1.0,0.9755686868027743,0.9755686868027743,4396.998527821887,4396.998527821887,2960.501472178112,2960.501472178112,asphalt,1.1575
10.266666666666756,66.42572484034908,18.4515902334303,39.748724043485694,1.81836951400718,-73.44085971006471,-17.510556172197685,5.817353752586303,16.583049149164335,1.2359382318379644,0.02821087802232114,6396.935150873171,1,0,1.0,1.0,0.9755677783172526,0.9755677783172556,4397.008195156393,4397.008195156393,2960.491804843606,2960.491804843606,asphalt,1.1575
10.283333333333424,66.42740871027458,18.452057975076272,39.74776138769091,1.8182381016645663,-72.77839100943218,-17.442581428702013,6.019534584889063,16.29191157049507,1.3350012015577712,0.028083046660185573,6397.103361387084,1,0,1.0,1.0,0.9755668742270983,0.9755668742270969,4397.017818505527,4397.017818505527,2960.482181494472,2960.482181494472,asphalt,1.1575
10.300000000000091,66.42908495070999,18.452523597419443,39.746803146061076,1.8181072957299178,-72.11593830705516,-17.372271957915125,6.22091585970725,16.001931236415707,1.4374255582407103,0.027955796887226825,6397.270809593447,1,0,1.0,1.0,0.9755659745098806,0.975565974509882,4397.027398071317,4397.027398071317,2960.4726019286823,2960.4726019286823,asphalt,1.1575
10.316666666666759,66.4307535963615,18.452987110100416,39.745849298038635,1.8179770933444501,-71.45350152957855,-17.299637225359632,6.421470638139162,15.713146960853436,1.543197695170823,0.02782912603635168,6397.437498961406,1,0,1.0,1.0,0.9755650791431774,0.9755650791431774,4397.036934054511,4397.036934054511,2960.4630659454883,2960.4630659454883,asphalt,1.1575
10.333333333333426,66.43241468177611,18.453448522715586,39.74489982316457,1.8178474916632714,-70.79108060398876,-17.22468700683239,6.621172093910074,15.425597396742985,1.6523035578190026,0.0277030314532567,6397.603432944188,1,0,1.0,1.0,0.9755641881047383,0.9755641881047383,4397.046426655021,4397.046426655021,2960.4535733449784,2960.4535733449784,asphalt,1.1575
10.350000000000094,66.43406824134249,18.45390784481736,39.74395470107802,1.8177184878554848,-70.12867545761223,-17.147431387060795,6.819993516936359,15.139321030869334,1.7647286457572566,0.0275775104930176,6397.768614979176,1,0,1.0,1.0,0.9755633013723929,0.9755633013723913,4397.055876071734,4397.055876071734,2960.444123928265,2960.444123928265,asphalt,1.1575
10.366666666666761,66.43571430929164,18.454365085914343,39.74301391151575,1.8175900791041364,-69.46628601811369,-17.067880758318267,7.017908316873582,14.85435617873324,1.8804580146322067,0.02745256052946843,6397.933048487978,1,0,1.0,1.0,0.9755624189241401,0.9755624189241414,4397.0652825027055,4397.0652825027055,2960.434717497294,2960.434717497294,asphalt,1.1575
10.383333333333429,66.4373529196976,18.454820255471557,39.7420774343117,1.8174622626060633,-68.8039122134946,-16.98604581899911,7.2148900266480975,14.570740979440265,1.9994762781975506,0.027328178939853842,6398.096736876507,1,0,1.0,0.9999999999999999,0.9755615407380984,0.9755615407380984,4397.07464614509,4397.07464614509,2960.4253538549096,2960.4253538549096,asphalt,1.1575
10.400000000000096,66.4389841064783,18.45527336291064,39.74114524939642,1.8173350355717413,-68.14155397209149,-16.901937572152963,7.410912305971706,14.288513390613964,2.1217676104052074,0.027204363121882125,6398.2596835350505,1,0,1.0,1.0,0.9755606667924832,0.9755606667924847,4397.083967195018,4397.083967195018,2960.4160328049816,2960.4160328049816,asphalt,1.1575
10.416666666666764,66.44060790339609,18.455724417610025,39.74021733679661,1.8172083952254363,-67.4792112225744,-16.815567323979028,7.60594894483888,14.007711183333942,2.247315747554863,0.027081110478377468,6398.421891838341,1,0,1.0,1.0,0.9755597970656337,0.9755597970656322,4397.093245847786,4397.093245847786,2960.406754152213,2960.406754152213,asphalt,1.1575
10.433333333333431,66.44222434405869,18.456173428905192,39.739293676634716,1.8170823388049007,-66.81688389394527,-16.726946682280285,7.799973867006131,13.728371937099405,2.3761039905016133,0.02695841842921709,6398.583365145636,1,0,1.0,1.0,0.9755589315360093,0.9755589315360093,4397.102482297731,4397.102482297731,2960.397517702269,2960.397517702269,asphalt,1.1575
10.450000000000099,66.44383346191975,18.45662040608882,39.73837424912829,1.8169568635615239,-66.15457191553631,-16.6360875548779,7.992961133453041,13.4505330348189,2.508115206921409,0.026836284406215327,6398.744106800781,1,0,1.0,1.0,0.9755580701822574,0.9755580701822587,4397.1116767384165,4397.1116767384165,2960.3883232615835,2960.3883232615835,asphalt,1.1575
10.466666666666766,66.44543529027963,18.457065358411008,39.73745903458965,1.8168319667600548,-65.49227521700847,-16.543002147986048,8.184884945824509,13.174231657826875,2.643331833633987,0.026714705849713027,6398.904120132288,1,0,1.0,1.0,0.9755572129830181,0.9755572129830166,4397.120829362254,4397.120829362254,2960.379170637745,2960.379170637745,asphalt,1.1575
10.483333333333434,66.4470298622861,18.45750829507947,39.73654801342531,1.816707645678651,-64.82999372834986,-16.44770296454739,8.375719649853764,12.899504780927773,2.781735878982977,0.02659368021284081,6399.063408453403,1,0,1.0,1.0,0.9755563599171163,0.9755563599171163,4397.129940360887,4397.129940360887,2960.370059639112,2960.370059639112,asphalt,1.1575
10.500000000000101,66.44861721093501,18.457949225259725,39.73564116613563,1.816583897608803,-64.16772737987412,-16.350202802529374,8.565439738765702,12.626389167468233,2.923308925272846,0.026473204964077013,6399.2219750621825,1,0,1.0,1.0,0.9755555109635325,0.9755555109635339,4397.139009925252,4397.139009925252,2960.360990074747,2960.360990074747,asphalt,1.1575
10.516666666666769,66.45019736907112,18.45838815807531,39.73473847331409,1.8164607198551304,-63.50547610221895,-16.25051475318169,8.754019856660081,12.354921364438116,3.0680321312623655,0.02635327757872119,6399.3798232415575,1,0,1.0,1.0,0.9755546661013176,0.9755546661013176,4397.148038245068,4397.148038245068,2960.3519617549314,2960.3519617549314,asphalt,1.1575
10.533333333333436,66.45177036938864,18.458825102607953,39.733839915647025,1.8163381097355609,-62.84323982634451,-16.148652199254993,8.941434801874157,12.085137697600986,3.215886234714246,0.02623389554912592,6399.536956259408,1,0,1.0,0.9999999999999999,0.9755538253097064,0.9755538253097094,4397.15702550954,4397.15702550954,2960.3429744904597,2960.3429744904597,asphalt,1.1575
10.550000000000104,66.45333624443204,18.459260067897787,39.7329454739133,1.8162160645811507,-62.18101848353195,-16.044628813181248,9.127659530324298,11.81707426665465,3.3668515550005966,0.026115056375317636,6399.693377368632,1,0,1.0,1.0,0.9755529885678538,0.9755529885678567,4397.165971906527,4397.165971906527,2960.334028093472,2960.334028093472,asphalt,1.1575
10.566666666666771,66.45489502659674,18.45969306294354,39.732055128983426,1.8160945817357808,-61.518812005381676,-15.938458555215876,9.312669158826145,11.550766940422438,3.5209079957638574,0.0259967575692599,6399.849089807217,1,0,1.0,1.0,0.9755521558553113,0.9755521558553127,4397.174877623505,4397.174877623505,2960.325122376494,2960.325122376494,asphalt,1.1575
10.583333333333439,66.45644674812975,18.460124096702707,39.73116886181946,1.8159736585565627,-60.85662032381217,-15.830155671541975,9.496438968392907,11.286251352075858,3.6780350476328407,0.02587899665400073,6400.004096798306,1,0,1.0,1.0,0.9755513271514747,0.9755513271514761,4397.1837428466015,4397.1837428466015,2960.316257153398,2960.316257153398,asphalt,1.1575
10.600000000000106,66.45799144113036,18.460553178091768,39.73028665347451,1.8158532924133304,-60.1944433710581,-15.719734692336877,9.678944407511315,11.023562894389215,3.8382117909935105,0.02576177116964118,6400.158401550268,1,0,1.0,1.0,0.9755505024360402,0.9755505024360419,4397.19256776156,4397.19256776156,2960.3074322384396,2960.3074322384396,asphalt,1.1575
10.616666666666774,66.45952913755096,18.460980315986376,39.72940848509201,1.8157334806887164,-59.53228107966898,-15.607210429801295,9.860161095394847,10.762736715026856,4.001416898814126,0.025645078661398202,6400.312007256769,1,0,1.0,1.0,0.9755496816887799,0.9755496816887813,4397.2013525529055,4397.2013525529055,2960.298647447094,2960.298647447094,asphalt,1.1575
10.633333333333441,66.46105986919748,18.461405519221522,39.72853433790548,1.815614220778279,-58.870133382507746,-15.49259797615132,10.040064825213777,10.503807711863654,4.167628639524363,0.025528916687278524,6400.46491709684,1,0,1.0,0.9999999999999999,0.9755488648895424,0.9755488648895441,4397.2100974045225,4397.2100974045225,2960.289902595477,2960.289902595477,asphalt,1.1575
10.650000000000109,66.46258366773031,18.461828796591753,39.72766419323807,1.8154955100901204,-58.208000212749106,-15.375912701573565,10.218631567301625,10.246810528339333,4.336824879948026,0.02541328281722599,6400.61713423494,1,0,1.0,1.0,0.9755480520182522,0.9755480520182463,4397.218802499141,4397.218802499141,2960.281197500858,2960.281197500858,asphalt,1.1575
10.666666666666776,66.46410056466483,18.462250156851344,39.726798032502074,1.8153773460450655,-57.54588150387816,-15.257170252143705,10.395837472337599,9.99177954884726,4.508983088288954,0.025298174633974213,6400.768661821029,1,0,1.0,0.9999999999999999,0.9755472430550527,0.9755472430550483,4397.227468019107,4397.227468019107,2960.272531980893,2960.272531980893,asphalt,1.1575
10.683333333333444,66.46561059137214,18.46266960871448,39.72593583719844,1.8152597260765337,-56.883777189688864,-15.13638654770871,10.571658874504612,9.738748894158313,4.6840803371697035,0.02518358972963597,6400.919502990635,1,0,1.0,1.0,0.975546437980071,0.975546437980074,4397.236094145418,4397.236094145418,2960.263905854581,2960.263905854581,asphalt,1.1575
10.700000000000111,66.4671137790797,18.46308716085547,39.725077588916434,1.8151426476303107,-56.22168720428254,-15.013577779733048,10.746072294622445,9.487752416880404,4.862093306722617,0.02506952570655585,6401.069660864921,1,0,1.0,1.0,0.975545636773623,0.9755456367736215,4397.244681058498,4397.244681058498,2960.255318941502,2960.255318941502,asphalt,1.1575
10.716666666666779,66.46861015887202,18.463502821908897,39.7242232693331,1.815026108164777,-55.559611482066536,-14.888760409109162,10.919054443255666,9.238823696954297,5.042998287732848,0.024955980182426174,6401.2191385507485,1,0,1.0,1.0,0.9755448394161551,0.9755448394161566,4397.2532289380615,4397.2532289380615,2960.2467710619385,2960.2467710619385,asphalt,1.1575
10.733333333333446,66.47009976169136,18.463916600469823,39.72337286021289,1.8149101051505774,-54.897549957752595,-14.76195116393249,11.090582223795884,8.991996037186256,5.226771184832908,0.024842950781760464,6401.367939140748,1,0,1.0,1.0,0.9755440458881531,0.9755440458881562,4397.261737962736,4397.261737962736,2960.2382620372637,2960.2382620372637,asphalt,1.1575
10.750000000000114,66.4715826183383,18.464328505093974,39.72252634340717,1.8147946360706717,-54.23550256635543,-14.633167037241362,11.260632735517962,8.74730245881817,5.413387519748325,0.02473043514271467,6401.516065713383,1,0,1.0,1.0,0.9755432561702444,0.9755432561702444,4397.270208310379,4397.270208310379,2960.2297916896205,2960.2297916896205,asphalt,1.1575
10.766666666666781,66.47305875947248,18.46473854429791,39.721683700853745,1.8146796984202844,-53.57346924319145,-14.502425284722047,11.42918327660973,8.504775697135697,5.602822434593958,0.024618430911118594,6401.6635213330155,1,0,1.0,1.0,0.9755424702431755,0.9755424702431785,4397.2786401581425,4397.2786401581425,2960.221359841857,2960.221359841857,asphalt,1.1575
10.783333333333449,66.47452821561318,18.465146726559215,39.72084491457657,1.8145652897068527,-52.911449923877115,-14.36974342237929,11.596211347174888,8.264448197115014,5.795050695220526,0.02450693574729712,6401.810309049975,1,0,1.0,1.0,0.9755416880877545,0.9755416880877575,4397.2870336821525,4397.2870336821525,2960.212966317847,2960.212966317847,asphalt,1.1575
10.800000000000116,66.47599101714005,18.46555306031668,39.7200099666852,1.8144514074499,-52.24944454432768,-14.235139224172615,11.761694652208623,8.026352109108762,5.990046694610908,0.024395947320954292,6401.956431900621,1,0,1.0,1.0,0.9755409096849424,0.9755409096849393,4397.295389057957,4397.295389057957,2960.2046109420417,2960.2046109420417,asphalt,1.1575
10.816666666666784,66.47744719429369,18.46595755397047,39.71917883937447,1.81433804918096,-51.58745304075558,-14.098630719618745,11.925611104545611,7.79051928457172,6.187784456325741,0.02428546331373127,6402.101892907405,1,0,1.0,1.0,0.9755401350157555,0.9755401350157584,4397.303706460082,4397.303706460082,2960.1962935399174,2960.1962935399174,asphalt,1.1575
10.833333333333451,66.47889677717633,18.466360215882315,39.71835151492384,1.8142252124435756,-50.92547534966915,-13.960236191360448,12.087938827779992,7.556981271826807,6.388237637997871,0.024175481414090427,6402.246695078943,1,0,1.0,1.0,0.975539364061372,0.9755393640613749,4397.311986062279,4397.311986062279,2960.188013937721,2960.188013937721,asphalt,1.1575
10.850000000000119,66.48033979575253,18.466761054375702,39.71752797569724,1.814112894793351,-50.26351140787127,-13.819974172702132,12.248656159156939,7.325769311871941,6.591379534875161,0.02406599932669451,6402.39084141007,1,0,1.0,1.0,0.9755385968030323,0.9755385968030293,4397.320228037661,4397.320228037661,2960.1797719623382,2960.1797719623382,asphalt,1.1575
10.866666666666786,66.48177627984965,18.467160077736015,39.71670820414256,1.8140010937975428,-49.60156115245778,-13.677863445112523,12.407741652435442,7.096914334228316,6.797183083411207,0.023957014763880125,6402.534334881914,1,0,1.0,1.0,0.9755378332220651,0.9755378332220681,4397.328432558315,4397.328432558315,2960.1715674416837,2960.1715674416837,asphalt,1.1575
10.883333333333454,66.48320625915866,18.46755729421074,39.715892182791116,1.8138898070353422,-48.93962452081621,-13.533923035694764,12.56517408072196,6.870446952830638,7.005620864903453,0.023848525449921,6402.677178461952,1,0,1.0,1.0,0.9755370733000167,0.9755370733000136,4397.336599795753,4397.336599795753,2960.1634002042474,2960.1634002042474,asphalt,1.1575
10.900000000000121,66.48462976323471,18.46795271200964,39.715079894257364,1.8137790320976954,-48.27770145062444,-13.38817221462428,12.720932439274517,6.646397461959867,7.21666510917823,0.023740529115912068,6402.819375104075,1,0,1.0,1.0,0.9755363170183381,0.9755363170183352,4397.3447299204545,4397.3447299204545,2960.1552700795446,2960.1552700795446,asphalt,1.1575
10.916666666666789,66.48604682149772,18.468346339304922,39.71427132123847,1.8136687665871,-47.61579187984907,-13.240630492554724,12.874995948276938,6.424795832218994,7.43028769832222,0.023633023510001294,6402.960927748654,1,0,1.0,1.0,0.9755355643587628,0.9755355643587658,4397.3528231022665,4397.3528231022665,2960.1471768977335,2960.1471768977335,asphalt,1.1575
10.933333333333456,66.48745746323304,18.468738184231402,39.713466446513785,1.8135590081178858,-46.95389574674443,-13.091317617992392,13.02734405558282,6.205671706552377,7.646460170459846,0.023526006384599896,6403.101839322602,1,0,1.0,1.0,0.9755348153030642,0.9755348153030612,4397.360879510324,4397.360879510324,2960.139120489676,2960.139120489676,asphalt,1.1575
10.950000000000124,66.48886171759212,18.469128254886698,39.71266525294461,1.8134497543158323,-46.292012989850946,-12.94025357463944,13.177956439428891,5.989054396309169,7.8651537235760625,0.02341947550576151,6403.242112739433,1,0,1.0,1.0,0.9755340698330007,0.9755340698330007,4397.368899312611,4397.368899312611,2960.1311006873884,2960.1311006873884,asphalt,1.1575
10.966666666666791,66.49025961359301,18.469516559331392,39.71186772347378,1.813341002818169,-45.63014354799374,-12.787458578706241,13.326813011117425,5.774972877351338,8.086339219384069,0.02331342864721364,6403.381750899328,1,0,1.0,0.9999999999999999,0.9755333279305894,0.9755333279305866,4397.376882676727,4397.376882676727,2960.1231173232727,2960.1231173232727,asphalt,1.1575
10.983333333333459,66.49165118012114,18.469903105589204,39.71107384112501,1.813232751273677,-44.96828736028147,-12.632953076193274,13.473893917667327,5.563455786206806,8.309987187237384,0.02320786359888416,6403.520756689197,1,0,1.0,1.0,0.9755325895779297,0.9755325895779297,4397.384829769437,4397.384829769437,2960.1151702305633,2960.1151702305633,asphalt,1.1575
11.000000000000126,66.49303644592979,18.47028790164716,39.71028358900276,1.8131249973425114,-44.30644436610493,-12.476757740142899,13.619179544433567,5.354531416268204,8.536067828085788,0.023102778153258896,6403.659132982736,1,0,1.0,1.0,0.9755318547570854,0.9755318547570883,4397.392740756415,4397.392740756415,2960.107259243585,2960.107259243585,asphalt,1.1575
11.016666666666794,66.49441543964075,18.470670955455763,39.70949695029175,1.8130177386960231,-43.6446145051355,-12.318893467861349,13.762650517694624,5.148227714037739,8.764551018474577,0.022998170119876704,6403.796882640493,1,0,1.0,1.0,0.9755311234503768,0.975531123450374,4397.400615802952,4397.400615802952,2960.0993841970467,2960.0993841970467,asphalt,1.1575
11.033333333333461,66.495788189745,18.471052274929164,39.708713908256435,1.8129109730169612,-42.98279771732415,-12.159381378111384,13.904287707207587,4.9445722754186665,8.995406314586623,0.022894037314244997,6403.934008509927,1,0,1.0,1.0,0.9755303956401247,0.9755303956401276,4397.408455073379,4397.408455073379,2960.0915449266204,2960.0915449266204,asphalt,1.1575
11.050000000000129,66.4971547246032,18.471431867945334,39.707934446240834,1.8128046979993222,-42.32099394289988,-11.998242808275917,14.044072228730588,4.743592342053859,9.228602956326663,0.022790377562955655,6404.0705134254695,1,0,1.0,1.0,0.9755296713088134,0.9755296713088164,4397.416258731446,4397.416258731446,2960.0837412685537,2960.0837412685537,asphalt,1.1575
11.066666666666796,66.4985150724464,18.47180974234622,39.70715854766791,1.8126989113481193,-41.65920312236847,-11.835499311493011,14.181985446512249,4.545314797711939,9.46410987144729,0.02268718870197972,6404.206400208585,1,0,1.0,1.0,0.9755289504389056,0.9755289504389029,4397.424026939686,4397.424026939686,2960.0759730603136,2960.0759730603136,asphalt,1.1575
11.083333333333464,66.49986926137653,18.472185905937923,39.7063861960394,1.8125936107795617,-40.99742519651117,-11.671172653762655,14.318008975747796,4.349766164721468,9.701895679716095,0.022584468578372707,6404.341671667829,1,0,1.0,1.0,0.9755282330130944,0.9755282330130914,4397.431759860441,4397.431759860441,2960.0682401395584,2960.0682401395584,asphalt,1.1575
11.100000000000131,66.50121731936707,18.472560366490853,39.70561737493525,1.8124887940208505,-40.33566010638337,-11.50528481102565,14.452124685001552,4.156972600453633,9.94192869712338,0.02248221505027459,6404.476330598912,1,0,1.0,1.0,0.9755275190140801,0.9755275190140801,4397.439457654963,4397.439457654963,2960.060542345037,2960.060542345037,asphalt,1.1575
11.116666666666799,66.50255927426369,18.472933131739914,39.70485206801332,1.8123844588102296,-39.67390779331334,-11.337857966215072,14.584314698595463,3.9669598938539172,10.184176940129914,0.02238042598435186,6404.610379784754,1,0,1.0,1.0,0.9755268084247307,0.9755268084247276,4397.447120483989,4397.447120483989,2960.0528795160108,2960.0528795160108,asphalt,1.1575
11.133333333333466,66.50389515378473,18.473304209384644,39.704090259008964,1.8122806028968332,-39.01216819890094,-11.168914506280622,14.714561398963363,3.7797534620231836,10.42860812995412,0.02227909925665017,6404.7438219955475,1,0,1.0,1.0,0.9755261012279007,0.9755261012278977,4397.454748507232,4397.454748507232,2960.0452514927674,2960.0452514927674,asphalt,1.1575
11.150000000000134,66.50522498552182,18.473673607089395,39.703331931734645,1.812177224040686,-38.35044126501623,-10.99847701918633,14.842847428970678,3.595378346848645,10.675189696898137,0.02217823275259434,6404.876659988817,1,0,1.0,1.0,0.9755253974065784,0.9755253974065813,4397.4623418837,4397.4623418837,2960.0376581163,2960.0376581163,asphalt,1.1575
11.166666666666801,66.50654879694056,18.47404133248349,39.7025770700796,1.812074320012549,-37.68872693379828,-10.826568290881962,14.969155694199245,3.413859211685133,10.92388878471222,0.022077824370398957,6405.008896509472,1,0,1.0,1.0,0.9755246969439418,0.9755246969439447,4397.469900772014,4397.469900772014,2960.0300992279854,2960.0300992279854,asphalt,1.1575
11.183333333333469,66.507866615381,18.47440739316139,39.70182565800931,1.8119718885940246,-37.02702514765392,-10.653211302248577,15.093469365196968,3.2352203380871223,11.174672254996807,0.02197787201509982,6405.140534289872,1,0,1.0,1.0,0.9755239998231517,0.9755239998231486,4397.477425329708,4397.477425329708,2960.0225746702918,2960.0225746702918,asphalt,1.1575
11.200000000000136,66.50917846805822,18.47477179668284,39.701077679565316,1.8118699275774002,-36.3653358492564,-10.478429226018607,15.215771879692033,3.0594856225919247,11.427506691641732,0.02187837360281719,6405.271576049885,1,0,1.0,1.0,0.9755233060274738,0.9755233060274738,4397.484915713672,4397.484915713672,2960.0150842863272,2960.0150842863272,asphalt,1.1575
11.216666666666804,66.510484382063,18.475134550573056,39.70033311886474,1.8117684347655996,-35.70365898154414,-10.30224542367089,15.336046944771345,2.886678573554477,11.682358405301976,0.02177932705819785,6405.402024496938,1,0,1.0,1.0,0.9755226155403026,0.9755226155403026,4397.492372080158,4397.492372080158,2960.0076279198415,2960.0076279198415,asphalt,1.1575
11.233333333333471,66.51178438436229,18.475495662322857,39.69959196009987,1.811667407972182,-35.04199448771954,-10.124683442301055,15.454278539022958,2.7168223080341374,11.939193437909339,0.02168073031697304,6405.531882326081,1,0,1.0,1.0,0.9755219283450863,0.9755219283450863,4397.499794584582,4397.499794584582,2960.000205415418,2960.000205415418,asphalt,1.1575
11.250000000000139,66.51307850179984,18.475855139388845,39.69885418753791,1.811566845021216,-34.38034231124763,-9.945767011467705,15.570450914642194,2.54993954873389,12.197977567219445,0.021582581322547867,6405.661152220041,1,0,1.0,1.0,0.9755212444253802,0.9755212444253802,4397.507183381718,4397.507183381718,2959.9928166182813,2959.9928166182813,asphalt,1.1575
11.266666666666806,66.5143667610968,18.476212989193552,39.69811978552049,1.8114667437472523,-33.71870239585493,-9.765520040014774,15.684548599501177,2.38605262099237,12.458676311393468,0.021484878029411902,6405.789836849284,1,0,1.0,1.0,0.9755205637648062,0.9755205637648062,4397.514538625511,4397.514538625511,2959.9854613744888,2959.9854613744888,asphalt,1.1575
11.283333333333474,66.51564918885217,18.4765692191256,39.69738873846342,1.8113671019952489,-33.057074685528065,-9.583966612870524,15.79655639918152,2.2251834498290823,12.72125493361397,0.021387618401433883,6405.917938872065,1,0,1.0,1.0,0.9755198863471298,0.9755198863471267,4397.521860469387,4397.521860469387,2959.9781395306118,2959.9781395306118,asphalt,1.1575
11.300000000000141,66.51692581154349,18.476923836539857,39.696661030856156,1.811267917620647,-32.39545912451276,-9.401130987823578,15.906459398969904,2.067353557043222,12.985678446734228,0.02129080041100906,6406.045460934488,1,0,1.0,1.0,0.9755192121561256,0.9755192121561256,4397.52914906588,4397.52914906588,2959.970850934119,2959.970850934119,asphalt,1.1575
11.316666666666809,66.51819665552735,18.477276848757597,39.695936647261604,1.8111691884890908,-31.733855657312375,-9.217037592276442,16.014242965816287,1.9125840583664533,13.25191161796043,0.021194422039911842,6406.172405670565,1,0,1.0,1.0,0.9755185411757373,0.9755185411757373,4397.536404566944,4397.536404566944,2959.9635954330556,2959.9635954330556,asphalt,1.1575
11.333333333333476,66.51946174703998,18.477628263066663,39.695215572315675,1.8110709124766058,-31.072264228686866,-9.031711019976923,16.119892750254493,1.7608956606700312,13.519918973566114,0.021098481281853765,6406.298775702267,1,0,1.0,1.0,0.9755178733898998,0.9755178733899013,4397.543627123699,4397.543627123699,2959.9563728763005,2959.9563728763005,asphalt,1.1575
11.350000000000144,66.52072111219773,18.477978086721592,39.69449779072695,1.810973087469421,-30.410684783651472,-8.845176027727893,16.223394688284912,1.6123086592266263,13.78966480363824,0.021002976136514917,6406.424573639582,1,0,1.0,1.0,0.9755172087827431,0.9755172087827403,4397.550816886754,4397.550816886754,2959.949183113246,2959.949183113246,asphalt,1.1575
11.366666666666811,66.52197477699767,18.478326326943797,39.69378328727631,1.8108757113638154,-29.74911726747549,-8.65745753207585,16.324735003219114,1.4668429350272059,14.06111316685422,0.020907904612101902,6406.549802080569,1,0,1.0,1.0,0.9755165473383726,0.975516547338371,4397.557974005754,4397.557974005754,2959.9420259942453,2959.9420259942453,asphalt,1.1575
11.383333333333479,66.52322276731816,18.478672990921712,39.693072046816575,1.8107787820663483,-29.087561625681182,-8.468580605978676,16.423900207486085,1.3245179521533252,14.334227895289304,0.020813264731316394,6406.674463611417,1,0,1.0,1.0,0.9755158890410779,0.9755158890410764,4397.565098629962,4397.565098629962,2959.934901370037,2959.934901370037,asphalt,1.1575
11.400000000000146,66.52446510891942,18.47901808581095,39.6923640542721,1.8106822974936287,-28.426017804042534,-8.278570475453089,16.520877104399894,1.1853527552051666,14.608972599253665,0.020719054520270674,6406.7985608064955,1,0,1.0,1.0,0.9755152338751997,0.9755152338751997,4397.572190907806,4397.572190907806,2959.9278090921935,2959.9278090921935,asphalt,1.1575
11.416666666666814,66.52570182744398,18.479361618734437,39.69165929463851,1.810586255572139,-27.76448574858395,-8.087452516202173,16.615652789888532,1.0493659667856639,14.885310672158553,0.02062527201701414,6406.922096228413,1,0,1.0,1.0,0.9755145818251098,0.9755145818251098,4397.57925098688,4397.57925098688,2959.9207490131193,2959.9207490131193,asphalt,1.1575
11.433333333333481,66.52693294841727,18.479703596782574,39.690957752982385,1.8104906542384624,-27.102965405579283,-7.895252250223501,16.70821465418372,0.9165757850410358,15.163205295410833,0.020531915268975354,6407.045072428067,1,0,1.0,1.0,0.9755139328753457,0.9755139328753427,4397.586279014394,4397.586279014394,2959.9137209856053,2959.9137209856053,asphalt,1.1575
11.450000000000149,66.52815849724827,18.480044027013406,39.69025941444069,1.8103954914390545,-26.44145672155045,-7.701995342398238,16.79855038347148,0.7869999812580509,15.442619443335305,0.020438982330404087,6407.167491944703,1,0,1.0,1.0,0.9755132870104846,0.9755132870104875,4397.593275136661,4397.593275136661,2959.9067248633387,2959.9067248633387,asphalt,1.1575
11.466666666666816,66.52937849922986,18.48038291645274,39.68956426422072,1.8103007651302945,-25.779959643266412,-7.507707597061733,16.88664796150319,0.6606558975183334,15.723515888124103,0.020346471269192534,6407.289357305965,1,0,1.0,1.0,0.9755126442151325,0.975512644215134,4397.6002394992865,4397.6002394992865,2959.899760500713,2959.899760500713,asphalt,1.1575
11.483333333333483,66.53059297953948,18.4807202720943,39.68887228759955,1.810206473278256,-25.118474117741933,-7.312414954556012,16.972495671167007,0.5375604444100145,16.005857204812536,0.02025438015493819,6407.410671027949,1,0,1.0,1.0,0.9755120044741025,0.9755120044740994,4397.607172247431,4397.607172247431,2959.8928277525692,2959.8928277525692,asphalt,1.1575
11.500000000000151,66.5318019632396,18.481056100899888,39.68818346992378,1.8101126138588592,-24.457000092236417,-7.116143487764653,17.056082096019406,0.41773009879702794,16.28960577628071,0.020162707072586272,6407.53143561526,1,0,1.0,1.0,0.9755113677722013,0.9755113677722013,4397.614073525417,4397.614073525417,2959.885926474583,2959.885926474583,asphalt,1.1575
11.516666666666818,66.53300547527832,18.48139040979953,39.68749779660911,1.8100191848577445,-23.7955375142528,-6.918919398630499,17.13739612177663,0.3011809016463348,16.574723798280253,0.020071450111345257,6407.65165356106,1,0,1.0,1.0,0.9755107340943056,0.9755107340943056,4397.6209434768,4397.6209434768,2959.8790565231993,2959.8790565231993,asphalt,1.1575
11.533333333333486,66.53420354048981,18.481723205691615,39.68681525314012,1.8099261842701955,-23.13408633153635,-6.7207690146566765,17.21642693776588,0.18792845591336277,16.86117328448548,0.01998060737491869,6407.771327347125,1,0,1.0,1.0,0.9755101034254693,0.9755101034254708,4397.627782244816,4397.627782244816,2959.872217755183,2959.872217755183,asphalt,1.1575
11.550000000000153,66.53539618359497,18.482054495443048,39.686135825069876,1.8098336101011394,-22.472646492073544,-6.521718785391364,17.293164038336073,0.07798792448593045,17.148916071568333,0.019890176968715423,6407.890459443898,1,0,1.0,1.0,0.9755094757506879,0.9755094757506909,4397.634589971673,4397.634589971673,2959.865410028326,2959.865410028326,asphalt,1.1575
11.566666666666821,66.5365834292018,18.48238428588939,39.685459498019505,1.8097414603649937,-21.811217944090938,-6.321795278896802,17.367597224227914,-0.028625971813075614,17.43791382429638,0.019800157012639374,6408.009052310537,1,0,1.0,1.0,0.9755088510551505,0.9755088510551505,4397.641366799068,4397.641366799068,2959.8586332009313,2959.8586332009313,asphalt,1.1575
11.583333333333488,66.53776530180599,18.482712583834996,39.684786257678034,1.8096497330858203,-21.14980063605405,-6.121025178202996,17.439716603903214,-0.13189895616401448,17.72812804065327,0.019710545632563026,6408.1271083949705,1,0,1.0,1.0,0.9755082293241106,0.9755082293241092,4397.648112868247,4397.648112868247,2959.8518871317524,2959.8518871317524,asphalt,1.1575
11.600000000000156,66.53894182579145,18.48303939605318,39.68411608980184,1.8095584262969928,-20.48839451666613,-5.9194352777465955,17.509512594833215,-0.2318171976295442,18.019520056980873,0.01962134096203272,6408.244630133948,1,0,1.0,1.0,0.9755076105428087,0.9755076105428072,4397.654828319303,4397.654828319303,2959.845171680696,2959.845171680696,asphalt,1.1575
11.616666666666823,66.54011302543083,18.48336472928634,39.683448980214564,1.8094675380415033,-19.82699953486722,-5.717052479795407,17.576975924745742,-0.3283673129741729,18.31205105314249,0.019532541147384563,6408.3616199530925,1,0,1.0,1.0,0.9755069946967021,0.9755069946967021,4397.661513292266,4397.661513292266,2959.838486707733,2959.838486707733,asphalt,1.1575
11.633333333333491,66.54127892488597,18.483688590246103,39.68278491480659,1.80937706637158,-19.165615639832943,-5.51390379085903,17.642097632831092,-0.4215363684240733,18.60568205770641,0.019444144339217928,6408.478080266954,1,0,1.0,1.0,0.9755063817711878,0.9755063817711862,4397.668167926075,4397.668167926075,2959.831832073925,2959.831832073925,asphalt,1.1575
11.650000000000158,66.54243954820853,18.48401098561348,39.6821238795349,1.809287009348815,-18.504242780973268,-5.3100163180860855,17.704869070906437,-0.5113118813669344,18.900373953149142,0.019356148698363995,6408.594013479055,1,0,1.0,1.0,0.9755057717518377,0.9755057717518377,4397.674792359282,4397.674792359282,2959.825207640717,2959.825207640717,asphalt,1.1575
11.666666666666826,66.54359491934038,18.484331922038994,39.681465860422456,1.8091973650440871,-17.842880907931622,-5.105417265648503,17.765281904538636,-0.5976818219916309,19.19608748107759,0.01926855239503311,6408.709421981947,1,0,1.0,1.0,0.975505164624307,0.975505164624307,4397.681386729739,4397.681386729739,2959.818613270261,2959.818613270261,asphalt,1.1575
11.683333333333493,66.54474506211412,18.48465140614281,39.680810843558206,1.8091081315375375,-17.181529970583732,-4.900133931113378,17.82332811412528,-0.6806346148675015,19.49278324746956,0.019181353604551532,6408.824308157258,1,0,1.0,1.0,0.9755045603742166,0.975504560374218,4397.687951174523,4397.687951174523,2959.8120488254763,2959.8120488254763,asphalt,1.1575
11.700000000000161,66.54589000025366,18.484969444514906,39.68015881509659,1.8090193069184666,-16.52018991903639,-4.694193701802837,17.878999995933896,-0.7601591404630323,19.790421727931793,0.01909455051418263,6408.938674375745,1,0,1.0,1.0,0.9755039589873489,0.9755039589873474,4397.694485830202,4397.694485830202,2959.805514169797,2959.805514169797,asphalt,1.1575
11.716666666666828,66.54702975737467,18.48528604371519,39.679509761257194,1.8089308892853102,-15.858860703626506,-4.487624051142432,17.932290163099065,-0.8362447366037504,20.088963272974922,0.019008141318863636,6409.05252299734,1,0,1.0,1.0,0.9755033604495784,0.9755033604495784,4397.700990832766,4397.700990832766,2959.799009167233,2959.799009167233,asphalt,1.1575
11.733333333333496,66.54816435698511,18.485601210273643,39.6788636683245,1.8088428767456382,-15.197542274920044,-4.280452534998527,17.983191546577462,-0.9088811998691436,20.38836811330459,0.018922124222910952,6409.165856371205,1,0,1.0,1.0,0.9755027647468077,0.9755027647468077,4397.7074663175,4397.7074663175,2959.7925336825,2959.7925336825,asphalt,1.1575
11.750000000000163,66.54929382248568,18.485914950690464,39.678220522647585,1.8087552674160277,-14.53623458371082,-4.072706788005163,18.03169739606058,-0.978058786928425,20.688596365128042,0.018836497435756883,6409.278676835782,1,0,1.0,1.0,0.9755021718650607,0.9755021718650607,4397.713912419173,4397.713912419173,2959.786087580827,2959.786087580827,asphalt,1.1575
11.766666666666831,66.5504181771703,18.486227271436196,39.67758031063971,1.8086680594220637,-13.874937581019513,-3.864414519880896,18.077801280845108,-1.043768215814974,20.98960803547549,0.018751259175360246,6409.390986718836,1,0,1.0,1.0,0.9755015817903613,0.9755015817903627,4397.72032927166,4397.72032927166,2959.779670728339,2959.779670728339,asphalt,1.1575
11.783333333333498,66.55153744422672,18.486538178951868,39.676943018778076,1.8085812508983377,-13.21365121809257,-3.6556035117360897,18.1214970906608,-1.1060006671392917,21.29136302753556,0.01866640767076433,6409.502788337512,1,0,1.0,1.0,0.9755009945088386,0.9755009945088386,4397.726717008387,4397.726717008387,2959.7732829916126,2959.7732829916126,asphalt,1.1575
11.800000000000166,66.5526516467369,18.486847679649138,39.67630863360348,1.8084948399882965,-12.55237544640119,-3.446301612371153,18.162779036455756,-1.1647477852403154,21.593821146004068,0.018581941157833626,6409.614083998379,1,0,1.0,1.0,0.9755004100067901,0.9755004100067916,4397.733075762393,4397.733075762393,2959.7669242376064,2959.7669242376064,asphalt,1.1575
11.816666666666833,66.55376080767745,18.487155779910402,39.675677141720065,1.8084088248442924,-11.891110217640177,-3.2365367345662177,18.201641651139,-1.2200016792749484,21.896942102445447,0.018497857879253843,6409.72487599748,1,0,1.0,1.0,0.9754998282704426,0.9754998282704426,4397.739405665693,4397.739405665693,2959.7605943343065,2959.7605943343065,asphalt,1.1575
11.833333333333501,66.55486494992029,18.48746248608897,39.675048529794914,1.808323203627532,-11.229855483727025,-3.0263368513627404,18.238079790280302,-1.271754924245664,22.20068552066612,0.0184141560879425,6409.835166620382,1,0,1.0,1.0,0.9754992492861811,0.9754992492861797,4397.745706849981,4397.745706849981,2959.7542931500184,2959.7542931500184,asphalt,1.1575
11.850000000000168,66.555964096233,18.487767804509165,39.674422784557876,1.80823797450795,-10.568611196800722,-2.8157299923375256,18.272088632767097,-1.3200005619660606,22.50501094209907,0.018330834044490985,6409.944958142221,1,0,1.0,1.0,0.9754986730404025,0.9754986730404025,4397.751979446181,4397.751979446181,2959.748020553818,2959.748020553818,asphalt,1.1575
11.866666666666836,66.55705826927932,18.488071741466477,39.673799892801135,1.8081531356642078,-9.907377309220783,-2.604744239869659,18.30366368141846,-1.364732101964238,22.80987783119892,0.018247890016311885,6410.054252827757,1,0,1.0,1.0,0.9754980995196859,0.9754980995196859,4397.758223584834,4397.758223584834,2959.7417764151655,2959.7417764151655,asphalt,1.1575
11.883333333333503,66.5581474916197,18.488374303227694,39.67317984137891,1.8080686852837453,-9.246153773566254,-2.3934077254008495,18.332800763556058,-1.4059435223238894,23.1152455808468,0.01816532227934431,6410.163052931412,1,0,1.0,1.0,0.975497528710536,0.9754975287105367,4397.764439395581,4397.764439395581,2959.735560604419,2959.735560604419,asphalt,1.1575
11.90000000000017,66.55923178571165,18.48867549603101,39.672562617207255,1.8079846215625268,-8.584940542634554,-2.181748625689675,18.359496031531986,-1.4436292704630032,23.421073517764267,0.018083129116348573,6410.271360697323,1,0,1.0,1.0,0.975496960599606,0.9754969605996053,4397.7706270075505,4397.7706270075505,2959.7293729924486,2959.7293729924486,asphalt,1.1575
11.916666666666838,66.56031117391032,18.488975326086198,39.67194820726366,1.8079009427052435,-7.923737569440591,-1.9697951590602194,18.38374596321346,-1.4777842638500713,23.727320907935592,0.018001308819464157,6410.379178359393,1,0,1.0,1.0,0.9754963951736532,0.9754963951736524,4397.77678654949,4397.77678654949,2959.7232134505102,2959.7232134505102,asphalt,1.1575
11.933333333333506,66.56138567846897,18.48927379957471,39.671336598586784,1.8078176469250853,-7.262544807215659,-1.7575755816456131,18.40554736242427,-1.5084038906577266,24.033946962037685,0.017919859691915008,6410.486508141335,1,0,1.0,1.0,0.9754958324194445,0.9754958324194453,4397.782918149371,4397.782918149371,2959.7170818506283,2959.7170818506283,asphalt,1.1575
11.950000000000173,66.56245532153932,18.48957092264981,39.67072777827621,1.8077347324437658,-6.601362209406436,-1.5451181836269579,18.424897359342946,-1.53548401035372,24.340910840876873,0.017838780036925073,6410.593352256713,1,0,1.0,1.0,0.9754952723238118,0.9754952723238118,4397.78902193453,4397.78902193453,2959.710978065469,2959.710978065469,asphalt,1.1575
11.96666666666684,66.56352012517218,18.489866701436714,39.67012173349205,1.8076521974914974,-5.940189729673971,-1.3324512854681374,18.441793410857645,-1.5590209542291713,24.648171660831924,0.01775806817136072,6410.699712908999,1,0,1.0,1.0,0.9754947148737216,0.9754947148737221,4397.795098031852,4397.795098031852,2959.7049019681476,2959.7049019681476,asphalt,1.1575
11.983333333333508,66.5645801113178,18.49016114203272,39.66951845145471,1.807570040306914,-5.27902732189269,-1.119603234147023,18.456233300877624,-1.5790115258640292,24.955688499302493,0.017677722418909525,6410.805592291613,1,0,1.0,1.0,0.9754941600561554,0.9754941600561551,4397.80114656758,4397.80114656758,2959.6988534324196,2959.6988534324196,asphalt,1.1575
12.000000000000176,66.56563530182633,18.490454250507316,39.66891791944455,1.8074882591370214,-4.6178749401493775,-0.9066023993835589,18.468215140601327,-1.5954530015296826,25.26342040016235,0.017597741109227627,6410.910992587971,1,0,1.0,1.0,0.9754936078581548,0.9754936078581544,4397.807167667317,4397.807167667317,2959.692832332682,2959.692832332682,asphalt,1.1575
12.016666666666843,66.56668571844847,18.49074603290235,39.66832012480171,1.8074068522372468,-3.9567325387422363,-0.6934771698652277,18.47773736874106,-1.6083431305286815,25.571326379216554,0.017518122582202977,6411.015915971531,1,0,1.0,1.0,0.975493058266853,0.975493058266853,4397.813161456154,4397.813161456154,2959.686838543845,2959.686838543845,asphalt,1.1575
12.03333333333351,66.5677313828356,18.491036495232112,39.66772505492568,1.8073258178712368,-3.295600072179767,-0.4802559494704061,18.484798751704172,-1.6176801354715242,25.879365429662,0.017438865183692087,6411.120364605842,1,0,1.0,1.0,0.9754925112695236,0.9754925112695236,4397.819128058796,4397.819128058796,2959.680871941204,2959.680871941204,asphalt,1.1575
12.050000000000178,66.56877231654052,18.491325643483478,39.667132697275086,1.8072451543110084,-2.6344774951799548,-0.2669671534900991,18.489398383730798,-1.623462712490484,26.187496527550472,0.017359967265520027,6411.224340644581,1,0,1.0,1.0,0.9754919668532978,0.9754919668532978,4397.825067598793,4397.825067598793,2959.674932401206,2959.674932401206,asphalt,1.1575
12.066666666666846,66.56980854101776,18.491613483616046,39.66654303936745,1.807164859836696,-1.9733647626690987,-0.05363920484855046,18.491535686988087,-1.6256900313904519,26.495678637253576,0.017281427192301635,6411.327846231611,1,0,1.0,1.0,0.975491425005612,0.975491425005612,4397.830980199826,4397.830980199826,2959.669019800174,2959.669019800174,asphalt,1.1575
12.083333333333513,66.57084007762413,18.491900021562255,39.66595606877868,1.8070849327367031,-1.3122618297810213,0.15969946967675727,18.49121041162095,-1.6243617357367832,26.80387071692876,0.017203243331209706,6411.430883501013,1,0,1.0,1.0,0.9754908857138281,0.9754908857138282,4397.836865984547,4397.836865984547,2959.6631340154527,2959.6631340154527,asphalt,1.1575
12.10000000000018,66.571866947619,18.4921852632275,39.66537177314307,1.8070053713074739,-0.6511686518559011,0.3730204432352287,18.488422635759303,-1.6194779428801414,27.11203172398575,0.017125414057943544,6411.533454577144,1,0,1.0,1.0,0.9754903489654523,0.9754903489654523,4397.84272507529,4397.84272507529,2959.6572749247093,2959.6572749247093,asphalt,1.1575
12.116666666666848,66.57288917216499,18.492469214490274,39.6647901401528,1.8069261738536704,0.009914815560518642,0.5862952926828985,18.483172765481807,-1.6110392439183436,27.42012062055265,0.01704793775758162,6411.63556157467,1,0,1.0,1.0,0.975489814747914,0.9754898147479135,4397.848557593426,4397.848557593426,2959.6514424065736,2959.6514424065736,asphalt,1.1575
12.133333333333516,66.5739067723282,18.492751881202278,39.66421115755782,1.8068473386879709,0.6709886167179722,0.799495602361298,18.47546153473616,-1.5990467035952185,27.728096378940986,0.016970812821170966,6411.737206598618,1,0,1.0,1.0,0.9754892830489538,0.9754892830489538,4397.854363660519,4397.854363660519,2959.645636339481,2959.645636339481,asphalt,1.1575
12.150000000000183,66.57491976907878,18.493033269188548,39.66363481316544,1.8067688641311181,1.3320527956626127,1.0125929678749366,18.46529000521586,-1.5835018601364976,28.035917987108924,0.01689403764743247,6411.838391744419,1,0,1.0,1.0,0.9754887538561192,0.9754887538561192,4397.860143396785,4397.860143396785,2959.6398566032144,2959.6398566032144,asphalt,1.1575
12.16666666666685,66.5759281832913,18.493313384247582,39.66306109484016,1.806690748511795,1.9931073962379793,1.2255589998669143,18.452659566193596,-1.5644067250227667,28.343544454122082,0.016817610642760883,6411.93911909795,1,0,1.0,1.0,0.9754882271571467,0.9754882271571469,4397.86589692225,4397.86589692225,2959.63410307775,2959.63410307775,asphalt,1.1575
12.183333333333518,66.57693203574523,18.493592232151453,39.66248999050337,1.8066129901665708,2.654152462086015,1.4383653277921533,18.437571934311144,-1.5417637826995143,28.650934815610995,0.016741530219519518,6412.039390735582,1,0,1.0,1.0,0.9754877029398972,0.9754877029398972,4397.871624356553,4397.871624356553,2959.6283756434464,2959.6283756434464,asphalt,1.1575
12.200000000000186,66.57793134712541,18.493869818645948,39.661921488132954,1.8065355874400562,3.315188036647855,1.6509836036877554,18.420029153325945,-1.515575990224324,28.958048139224726,0.0166657948003035,6412.1392087242175,1,0,1.0,1.0,0.9754871811921528,0.9754871811921525,4397.877325818374,4397.877325818374,2959.622674181626,2959.622674181626,asphalt,1.1575
12.216666666666853,66.57892613802241,18.494146149450668,39.66135557576313,1.806458538684622,3.9762141631648964,1.8633855059399878,18.40003359381427,-1.4858467768512589,29.264843530079727,0.016590402810265914,6412.2385751213415,1,0,1.0,1.0,0.9754866619018098,0.9754866619018099,4397.883001426005,4397.883001426005,2959.616998573995,2959.616998573995,asphalt,1.1575
12.23333333333352,66.57991642893295,18.49442123025915,39.66079224148421,1.8063818422604503,4.637230884679712,2.075542743047402,18.377587952831124,-1.4525800435525058,29.571280136203345,0.016515352688202256,6412.337491975061,1,0,1.0,1.0,0.9754861450569593,0.9754861450569589,4397.888651297548,4397.888651297548,2959.611348702452,2959.611348702452,asphalt,1.1575
12.250000000000188,66.58090224026044,18.494695066739013,39.660231473442096,1.806305496535586,5.298238244036944,2.2874270573795763,18.352695253526882,-1.415780162477343,29.87731715397121,0.01644064287290803,6412.435961324146,1,0,1.0,1.0,0.9754856306455562,0.9754856306455567,4397.89427554995,4397.89427554995,2959.6057244500494,2959.6057244500494,asphalt,1.1575
12.266666666666856,66.58188359231535,18.49496766453204,39.65967325983833,1.806229499885809,5.9592362838841915,2.4990102289310085,18.32535884472072,-1.3754519763485145,30.182913833537746,0.016366271817673805,6412.533985198075,1,0,1.0,1.0,0.9754851186557527,0.9754851186557527,4397.899874300159,4397.899874300159,2959.60012569984,2959.60012569984,asphalt,1.1575
12.283333333333523,66.58286050531561,18.495239029254336,39.659117588929696,1.8061538506946089,6.620225046673006,2.7102640790696357,18.29558240043092,-1.3316007977960926,30.48802948425917,0.016292237975790158,6412.63156561708,1,0,1.0,1.0,0.9754846090756177,0.9754846090756182,4397.905447664096,4397.905447664096,2959.5945523359037,2959.5945523359037,asphalt,1.1575
12.30000000000019,66.58383299938706,18.495509166496404,39.65856444902795,1.8060785473531078,7.281204574659854,2.9211604742795148,18.263369919362077,-1.2842324086289285,30.792623480108173,0.01621853981419008,6412.728704592186,1,0,1.0,1.0,0.9754841018935068,0.9754841018935064,4397.910995757747,4397.910995757747,2959.5890042422534,2959.5890042422534,asphalt,1.1575
12.316666666666858,66.58480109456389,18.4957780818233,39.658013828499435,1.8060035882600625,7.94217490990691,3.1316713298971486,18.228725724349342,-1.2333530590437853,31.09665526507964,0.016145175800659217,6412.825404125252,1,0,1.0,1.0,0.9754835970975949,0.9754835970975942,4397.916518695877,4397.916518695877,2959.5834813041224,2959.5834813041224,asphalt,1.1575
12.333333333333526,66.58576481078902,18.496045780774725,39.65746571576502,1.8059289718218619,8.603136094283073,3.3417686138409772,18.191654461759708,-1.1789694667722743,31.40008435858664,0.01607214441492033,6412.9216662090175,1,0,1.0,1.0,0.9754830946763563,0.9754830946763563,4397.9220165934485,4397.9220165934485,2959.577983406551,2959.577983406551,asphalt,1.1575
12.350000000000193,66.58672416791455,18.496312268865154,39.656920099299676,1.8058546964524274,9.264088169464753,3.5514243503335257,18.152161100850492,-1.1210888161657069,31.70287036084599,0.01599944414181209,6413.017492827141,1,0,1.0,1.0,0.9754825946180787,0.9754825946180794,4397.927489564137,4397.927489564137,2959.572510435862,2959.572510435862,asphalt,1.1575
12.36666666666686,66.58767918570223,18.49657755158395,39.65637696763226,1.8057807605732112,9.925031176936892,3.7606106236157424,18.110250933085045,-1.0597187572179922,32.0049729582527,0.01592707347384703,6413.112885954243,1,0,1.0,1.0,0.9754820969113496,0.9754820969113503,4397.932937721814,4397.932937721814,2959.567062278186,2959.567062278186,asphalt,1.1575
12.383333333333528,66.5886298838237,18.496841634395473,39.655836309345254,1.8057071626131214,10.585965157993828,3.9692995816530137,18.065929571405814,-0.9948674045267132,32.30635192874255,0.015855030906948286,6413.207847555948,1,0,1.0,1.0,0.9754816015445879,0.9754816015445886,4397.938361179129,4397.938361179129,2959.5616388208705,2959.5616388208705,asphalt,1.1575
12.400000000000196,66.58957628186113,18.497104522739203,39.65529811307462,1.8056339010085716,11.246890153740054,4.177463439832382,18.019202949464855,-0.926543336192529,32.60696714714211,0.015783314949828764,6413.302379588928,1,0,1.0,1.0,0.9754811085064626,0.975481108506462,4397.943760048927,4397.943760048927,2959.5562399510727,2959.5562399510727,asphalt,1.1575
12.416666666666863,66.59051839930751,18.497366222029864,39.65476236750939,1.8055609742033547,11.907806205091324,4.385074484650474,17.970077320811914,-0.8547555926570527,32.906778590505496,0.015711924115464626,6413.396484000935,1,0,1.0,1.0,0.9754806177856296,0.9754806177856272,4397.94913444309,4397.94913444309,2959.5508655569097,2959.5508655569097,asphalt,1.1575
12.43333333333353,66.59145625556698,18.497626737657495,39.65422906139143,1.8054883806485915,12.568713352775378,4.592105077391645,17.91855925804012,-0.7795136754793637,33.20574634343719,0.01564085692024264,6413.490162730853,1,0,1.0,1.0,0.9754801293707014,0.9754801293707007,4397.954484472858,4397.954484472858,2959.545515527141,2959.545515527141,asphalt,1.1575
12.450000000000198,66.59238986995541,18.497886074987616,39.653698183515296,1.8054161188028068,13.22961163733286,4.798527657795876,17.864655651889535,-0.7008275460513252,33.5038306034001,0.015570111891634042,6413.583417708732,1,0,1.0,1.0,0.9754796432505206,0.9754796432505214,4397.959810249409,4397.959810249409,2959.5401897505903,2959.5401897505903,asphalt,1.1575
12.466666666666866,66.59331926170071,18.49814423936131,39.6531697227279,1.8053441871318034,13.890501099118243,5.004314747715918,17.808373710308558,-0.6187076242518809,33.800991686008295,0.015499687564783926,6413.676250855828,1,0,1.0,1.0,0.9754791594139469,0.9754791594139469,4397.965111883279,4397.965111883279,2959.5348881167206,2959.5348881167206,asphalt,1.1575
12.483333333333533,66.59424444994326,18.49840123609535,39.65264366792821,1.8052725841086346,14.551381778300586,5.2094389547632005,17.74972095747338,-0.5331647870405153,34.09719003030367,0.015429582476542691,6413.768664084651,1,0,1.0,1.0,0.9754786778497345,0.9754786778497345,4397.97038948404,4397.97038948404,2959.529610515959,2959.529610515959,asphalt,1.1575
12.5000000000002,66.59516545373627,18.498657070482295,39.65212000806709,1.8052013082135807,15.212253714864598,5.413872975942051,17.688705232765596,-0.4442103669900707,34.392386204015814,0.015359795174845203,6413.860659298998,1,0,1.0,1.0,0.975478198547006,0.9754781985470075,4397.975643161589,4397.975643161589,2959.524356838411,2959.524356838411,asphalt,1.1575
12.516666666666868,66.59608229204623,18.49891174779062,39.65159873214693,1.8051303579340972,15.873116948611258,5.617589601271717,17.625334689708154,-0.35185615075912,34.68654090880439,0.015290324212742235,6413.952238393996,1,0,1.0,1.0,0.9754777214945837,0.9754777214945822,4397.980873024343,4397.980873024343,2959.5191269756565,2959.5191269756565,asphalt,1.1575
12.533333333333536,66.59699498375329,18.4991652732648,39.65107982922152,1.8050597317648398,16.53397151915883,5.820561717395719,17.559617794859708,-0.25611437750410365,34.979614985483344,0.015221168148400466,6414.043403256137,1,0,1.0,1.0,0.9754772466816143,0.9754772466816157,4397.986079181045,4397.986079181045,2959.513920818955,2959.513920818955,asphalt,1.1575
12.550000000000203,66.59790354765168,18.499417652125466,39.65056328839578,1.804989428207539,17.194817465943668,6.022762311178078,17.491563326667634,-0.15699773723144692,35.271569419226324,0.015152325551923695,6414.134155763326,1,0,1.0,1.0,0.9754767740972141,0.9754767740972141,4397.9912617396,4397.9912617396,2959.5087382603992,2959.5087382603992,asphalt,1.1575
12.56666666666687,66.59880800245,18.499668889569442,39.650049098825455,1.804919445771074,17.85565482822107,6.224164473285915,17.42118037427972,-0.05451936908988171,35.56236534475246,0.015083794990857768,6414.224497784914,1,0,1.0,1.0,0.9754763037305249,0.9754763037305264,4397.996420807403,4397.996420807403,2959.503579192596,2959.503579192596,asphalt,1.1575
12.583333333333538,66.5997083667718,18.49991899076994,39.64953724971696,1.8048497829713217,18.516483645066135,6.4247414017579745,17.348478336314898,0.05130714039679607,35.851964051491954,0.015015575049801555,6414.3144311817405,1,0,1.0,1.0,0.9754758355707621,0.9754758355707621,4398.001556491336,4398.001556491336,2959.498443508664,2959.498443508664,asphalt,1.1575
12.600000000000206,66.60060465915578,18.500167960876606,39.64902773032702,1.8047804383311814,19.177303955374583,6.624466405558584,17.273466919592924,0.1604677591562932,36.14032698873077,0.014947664311648623,6414.403957806171,1,0,1.0,0.9999999999999999,0.9754753696072177,0.9754753696072191,4398.006668897893,4398.006668897893,2959.4933311021064,2959.4933311021064,asphalt,1.1575
12.616666666666873,66.60149689805634,18.50041580501565,39.64852052996252,1.8047114103805504,19.838115797863605,6.823312908116601,17.196156137823422,0.2729480114534627,36.42741577073372,0.014880061370377007,6414.493079502137,1,0,1.0,1.0,0.9754749058292538,0.9754749058292538,4398.01175813306,4398.01175813306,2959.4882418669404,2959.4882418669404,asphalt,1.1575
12.63333333333354,66.60238510184378,18.50066252828994,39.64801563798023,1.8046426976562713,20.4989192110727,7.021254450848858,17.11655631025431,0.3887329798347692,36.71319218184522,0.014812764824227997,6414.581798105174,1,0,1.0,1.0,0.9754744442262149,0.9754744442262119,4398.0168243023045,4398.0168243023045,2959.4831756976946,2959.4831756976946,asphalt,1.1575
12.650000000000208,66.60326928880494,18.50090813577915,39.64751304378654,1.8045742987020827,21.15971423336447,7.218264696667653,17.034678060279877,0.5078073071313123,36.99761818156722,0.014745773278264096,6414.67011544246,1,0,1.0,1.0,0.9754739847875541,0.9754739847875541,4398.0218675105225,4398.0218675105225,2959.4781324894766,2959.4781324894766,asphalt,1.1575
12.666666666666876,66.60414947714332,18.50115263253981,39.64701273683736,1.804506212068593,21.820500902925517,7.4143174334718385,16.950532314008615,0.6301551985201386,37.28065590961336,0.014679085345221665,6414.758033332853,1,0,1.0,1.0,0.9754735275027641,0.9754735275027655,4398.0268878622865,4398.0268878622865,2959.473112137713,2959.473112137713,asphalt,1.1575
12.683333333333543,66.60502568497964,18.501396023605455,39.64651470663762,1.8044384363133066,22.481279257767184,7.609386577621016,16.864130298791125,0.7557604236435622,37.56226769093901,0.014612699643805627,6414.845553586935,1,0,1.0,1.0,0.9754730723614333,0.9754730723614348,4398.031885461656,4398.031885461656,2959.468114538344,2959.468114538344,asphalt,1.1575
12.70000000000021,66.60589793035213,18.501638313986703,39.64601894274128,1.8043709700004953,23.142049335726423,7.803446177392409,16.775483541708134,0.8846063187862099,37.8424160407462,0.01454661479783681,6414.932678007039,1,0,1.0,1.0,0.9754726193531608,0.9754726193531608,4398.036860412178,4398.036860412178,2959.463139587822,2959.463139587822,asphalt,1.1575
12.716666666666878,66.60676623121697,18.50187950867138,39.64552543475098,1.8043038117012251,23.802811174466594,7.9964704164199425,16.684603868019,1.0166757891094946,38.121063669463084,0.014480829437957254,6415.019408387297,1,0,1.0,1.0,0.9754721684675581,0.9754721684675596,4398.041812816822,4398.041812816822,2959.4581871831774,2959.4581871831774,asphalt,1.1575
12.733333333333546,66.60763060544862,18.502119612624615,39.645034172317835,1.8042369599933044,24.46356481147825,8.188433617115079,16.591503399570758,1.151951310943219,38.398173487697,0.014415342199924908,6415.1057465136755,1,0,1.0,1.0,0.9754717196944007,0.9754717196944007,4398.046742778367,4398.046742778367,2959.4532572216326,2959.4532572216326,asphalt,1.1575
12.750000000000213,66.60849107084019,18.50235863078894,39.64454514514119,1.8041704134612848,25.12431028407998,8.37931024406897,16.49619455316804,1.2904149341339968,38.67370861116069,0.014350151729729532,6415.191694164007,1,0,1.0,1.0,0.9754712730233975,0.975471273023399,4398.051650398756,4398.051650398756,2959.4483496012435,2959.4483496012435,asphalt,1.1575
12.76666666666688,66.60934764510392,18.50259656808442,39.64405834296839,1.8041041706963077,25.785047629419207,8.569074907435457,16.398690038904004,1.4320482844501807,38.947632365570925,0.014285256675066194,6415.277253108034,1,0,1.0,1.0,0.9754708284443905,0.9754708284443905,4398.056535779741,4398.056535779741,2959.443464220258,2959.443464220258,asphalt,1.1575
12.783333333333548,66.61020034587136,18.50283342940871,39.6435737555946,1.804038230296232,26.44577688447297,8.757702366294497,16.299002858452546,1.576832566042968,39.21990829151894,0.014220655693861772,6415.362425107445,1,0,1.0,1.0,0.9754703859472682,0.9754703859472669,4398.061399022562,4398.061399022562,2959.438600977438,2959.438600977438,asphalt,1.1575
12.800000000000216,66.61104919069392,18.503069219637197,39.64309137286241,1.8039725908655317,27.1064980860487,8.94516753199556,16.19714630332201,1.7247485639633555,39.490500149311906,0.014156347445748452,6415.447211915909,1,0,1.0,1.0,0.9754699455219075,0.9754699455219059,4398.066240227815,4398.066240227815,2959.4337597721847,2959.4337597721847,asphalt,1.1575
12.816666666666883,66.6118941970431,18.503303943623084,39.64261118466183,1.8039072510152465,27.767211270785065,9.131445471480554,16.093133953070634,1.875776646734606,39.75937192378501,0.01409233059973758,6415.531615279114,1,0,1.0,1.0,0.9754695071583191,0.9754695071583191,4398.071059495842,4398.071059495842,2959.4289405041577,2959.4289405041577,asphalt,1.1575
12.83333333333355,66.612735382311,18.5035376061975,39.64213318092987,1.8038422093628779,28.42791647515275,9.316511410585841,15.986979673483948,2.029896768979879,40.026487829083344,0.014028603831661712,6415.615636934804,1,0,1.0,1.0,0.9754690708465339,0.9754690708465339,4398.075856926472,4398.075856926472,2959.424143073528,2959.424143073528,asphalt,1.1575
12.850000000000218,66.61357276381054,18.50377021216959,39.64165735165041,1.80377746453262,29.088613735455088,9.500340737322933,15.878697614714408,2.187088474104673,40.29181231341305,0.013965165819058711,6415.699278612812,1,0,1.0,1.0,0.975468636576643,0.9754686365766475,4398.080632619147,4398.080632619147,2959.4193673808527,2959.4193673808527,asphalt,1.1575
12.866666666666886,66.61440635877588,18.50400176632663,39.64118368685406,1.8037130151550527,29.74930308782911,9.682909005137391,15.768302209383492,2.347330897033722,40.555310063761,0.0139020152488456,6415.782542035103,1,0,1.0,1.0,0.9754682043387042,0.9754682043387072,4398.085386672543,4398.085386672543,2959.4146133274567,2959.4146133274567,asphalt,1.1575
12.883333333333553,66.61523618436284,18.504232273434123,39.640712176617775,1.8036488598671434,30.409984568246095,9.864191936145547,15.655808170646514,2.510602767001972,40.816946010582534,0.013839150814760615,6415.865428915803,1,0,1.0,1.0,0.9754677741229261,0.9754677741229216,4398.090119185141,4398.090119185141,2959.409880814859,2959.409880814859,asphalt,1.1575
12.90000000000022,66.61606225764918,18.504461738235882,39.640242811064724,1.8035849973124236,31.07065821251238,10.04416542434858,15.5412304902204,2.6768824103992723,41.07668533245653,0.013776571214805244,6415.94794096124,1,0,1.0,1.0,0.9754673459195957,0.9754673459195943,4398.09483025523,4398.09483025523,2959.4051697447694,2959.4051697447694,asphalt,1.1575
12.916666666666888,66.61688459563497,18.504690165454157,39.639775580364045,1.8035214261406842,31.731324056270303,10.222805538823577,15.424584436374737,2.8461477536683923,41.33449346070719,0.013714275151244237,6416.03007986998,1,0,1.0,1.0,0.975466919718892,0.9754669197188905,4398.099519979946,4398.099519979946,2959.400480020053,2959.400480020053,asphalt,1.1575
12.933333333333556,66.61770321524297,18.504917559789714,39.63931047473059,1.8034581450081788,32.39198213499869,10.400088526891086,15.305885551886313,3.01837632625598,41.59033608399204,0.013652261338279459,6416.111847332855,1,0,1.0,1.0,0.9754664955111989,0.9754664955111959,4398.104188456554,4398.104188456554,2959.3958115434457,2959.3958115434457,asphalt,1.1575
12.950000000000223,66.61851813331901,18.50514392592195,39.638847484424815,1.803395152577421,33.05263248401384,10.575990817258809,15.185149651957445,3.1935452636160644,41.844179152855375,0.013590528488407472,6416.193245033007,1,0,1.0,1.0,0.9754660732869196,0.975466073286918,4398.108835781867,4398.108835781867,2959.3911642181324,2959.3911642181324,asphalt,1.1575
12.96666666666689,66.61932936663226,18.50536926850896,39.638386599752415,1.8033324475172336,33.713275138470145,10.750489023140997,15.06239282209838,3.371631310265701,42.09598888424667,0.013529075326061957,6416.274274645921,1,0,1.0,1.0,0.9754656530364254,0.975465653036424,4398.113462051867,4398.113462051867,2959.386537948132,2959.386537948132,asphalt,1.1575
12.983333333333558,66.62013693187565,18.50559359218768,39.637927811064195,1.8032700285027252,34.37391013336095,10.923559945353137,14.937631415974028,3.552610822892348,42.345731766003375,0.013467900577381897,6416.354937839457,1,0,1.0,1.0,0.9754652347501803,0.9754652347501803,4398.118067362279,4398.118067362279,2959.38193263772,2959.38193263772,asphalt,1.1575
13.000000000000226,66.62094084566618,18.50581690157394,39.63747110875587,1.8032078942151613,35.034537503519246,11.09518057538151,14.810882053215348,3.7364597735125638,42.59337456129734,0.01340700297703279,6416.435236273891,1,0,1.0,1.0,0.9754648184187555,0.9754648184187555,4398.122651808571,4398.122651808571,2959.3773481914277,2959.3773481914277,asphalt,1.1575
13.016666666666893,66.62174112454534,18.506039201262592,39.63701648326776,1.8031460433421178,35.695157283618386,11.26532809842726,14.682161617195646,3.9231537526815923,42.83888431304452,0.013346381264796037,6416.515171601943,1,0,1.0,1.0,0.9754644040327065,0.9754644040327096,4398.127215485572,4398.127215485572,2959.3727845144276,2959.3727845144276,asphalt,1.1575
13.03333333333356,66.62253778497934,18.506260495827593,39.63656392508459,1.8030844745772774,36.355769508172834,11.433979896424507,14.551487252772107,4.112667972753422,43.082228348277155,0.013286034186421602,6416.594745468815,1,0,1.0,1.0,0.9754639915827212,0.9754639915827212,4398.131758487915,4398.131758487915,2959.3682415120848,2959.3682415120848,asphalt,1.1575
13.050000000000228,66.62333084335954,18.506480789822092,39.63611342473552,1.8030231866205564,37.016374211538945,11.601113551032189,14.418876363992844,4.30497727119086,43.323374282478056,0.013225960491070055,6416.673959512225,1,0,1.0,1.0,0.9754635810593195,0.9754635810593195,4398.136280909338,4398.136280909338,2959.363719090662,2959.363719090662,asphalt,1.1575
13.066666666666896,66.62412031600277,18.506700087778547,39.63566497279362,1.8029621781778764,37.676971427915724,11.766706846599162,14.284346611769786,4.500056113925212,43.56229002387619,0.013166158938133776,6416.752815362445,1,0,1.0,1.0,0.9754631724533152,0.975463172453312,4398.140782843578,4398.140782843578,2959.359217156422,2959.359217156422,asphalt,1.1575
13.083333333333563,66.62490621915171,18.506918394208807,39.635218559875796,1.8029014479612397,38.33756119134551,11.930737773102221,14.147915911517716,4.697878598765078,43.79894377770323,0.013106628287857802,6416.83131464233,1,0,1.0,1.0,0.9754627657554374,0.9754627657554346,4398.145264383731,4398.145264383731,2959.354735616268,2959.354735616268,asphalt,1.1575
13.10000000000023,66.62568856897512,18.5071357136042,39.63477417664248,1.8028409946888067,38.99814353571467,12.093184529056638,14.009602430759738,4.89841845885384,44.03330405041035,0.013047367309866331,6416.9094589673505,1,0,1.0,1.0,0.9754623609565277,0.9754623609565277,4398.1497256226385,4398.1497256226385,2959.3502743773615,2959.3502743773615,asphalt,1.1575
13.116666666666898,66.62646738156828,18.50735205043563,39.63433181379766,1.802780817084691,39.65871849475436,12.25402552439882,13.86942458669956,5.101649066175373,44.26533965384483,0.012988374776341516,6416.987249945632,1,0,1.0,1.0,0.9754619580474213,0.9754619580474183,4398.154166652561,4398.154166652561,2959.3458333474387,2959.3458333474387,asphalt,1.1575
13.133333333333566,66.62724267295333,18.5075674091537,39.633891462088414,1.802720913878987,40.31928610204134,12.413239383340748,13.72740104376085,5.307543435107497,44.49501970938577,0.012929649469697324,6417.064689177988,1,0,1.0,1.0,0.9754615570189988,0.9754615570189988,4398.158587565313,4398.158587565313,2959.3414124346864,2959.3414124346864,asphalt,1.1575
13.150000000000233,66.62801445907952,18.507781794188755,39.633453112304736,1.8026612838077671,40.97984639099851,12.570804947195773,13.583550711094027,5.516074226022708,44.72231365203847,0.012871190171495073,6417.141778257948,1,0,1.0,1.0,0.9754611578622605,0.9754611578622633,4398.162988452452,4398.162988452452,2959.3370115475473,2959.3370115475473,asphalt,1.1575
13.1666666666669,66.62878275582364,18.50799520995101,39.6330167552795,1.8026019256130839,41.640399394895795,12.726701277175442,13.437892740050817,5.7272137489357124,44.947191234487015,0.012812995676085848,6417.218518771799,1,0,1.0,1.0,0.9754607605681956,0.9754607605681956,4398.167369405023,4398.167369405023,2959.3326305949768,2959.3326305949768,asphalt,1.1575
13.183333333333568,66.62954757899026,18.508207660830625,39.63258238188804,1.802542838042842,42.30094514685067,12.880907657156955,13.290446521626908,5.940933967197255,45.1696225311043,0.012755064775262781,6417.294912298609,1,0,1.0,1.0,0.975460365127815,0.9754603651278179,4398.171730513621,4398.171730513621,2959.3282694863788,2959.3282694863788,asphalt,1.1575
13.200000000000236,66.63030894431215,18.508419151197817,39.63214998304828,1.802484019850875,42.96148367982907,13.033403596420905,13.141231683873041,6.157206501233776,45.389577941919235,0.012697396274461425,6417.3709604102705,1,0,1.0,1.0,0.9754599715321823,0.9754599715321823,4398.176071868393,4398.176071868393,2959.323928131607,2959.323928131607,asphalt,1.1575
13.216666666666903,66.63106686745053,18.508629685402923,39.6317195497201,1.802425469796817,43.62201502664599,13.184168832358946,12.990268089274881,6.3760026323323755,45.607028196540305,0.012639988978264682,6417.446664671525,1,0,1.0,1.0,0.9754595797724758,0.9754595797724789,4398.180393559229,4398.180393559229,2959.3196064407707,2959.3196064407707,asphalt,1.1575
13.23333333333357,66.63182136399547,18.50883926777652,39.63129107290546,1.802367186646155,44.282539219966154,13.333183333151013,12.83757583210203,6.597293306470594,45.821944358035374,0.012582841700634617,6417.522026639998,1,0,1.0,1.0,0.9754591898398753,0.9754591898398725,4398.184695675571,4398.184695675571,2959.3153043244283,2959.3153043244283,asphalt,1.1575
13.250000000000238,66.63257244946615,18.509047902629487,39.630864543648016,1.8023091691701771,44.94305629230473,13.48042730041177,12.683175235726504,6.821049138190489,46.034297826766775,0.01252595325809125,6417.5970478662375,1,0,1.0,1.0,0.9754588017255394,0.9754588017255394,4398.18897830622,4398.18897830622,2959.3110216937803,2959.3110216937803,asphalt,1.1575
13.266666666666906,66.63332013931124,18.509255594253123,39.630439953033196,1.8022514161459728,45.6035662760281,13.625881171805922,12.52708684991109,7.0472404145165,46.24406034418148,0.01246932247568111,6417.671729893737,1,0,1.0,1.0,0.9754584154207867,0.9754584154207867,4398.193241539974,4398.193241539974,2959.306758460025,2959.306758460025,asphalt,1.1575
13.283333333333573,66.63406444890916,18.50946234691921,39.63001729218759,1.802193926356204,46.264069203354545,13.76952562363204,12.369331448067868,7.2758370989165675,46.451203996555776,0.01241294818271399,6417.746074258974,1,0,1.0,1.0,0.9754580309169053,0.9754580309169023,4398.197485464803,4398.197485464803,2959.302514535196,2959.302514535196,asphalt,1.1575
13.30000000000024,66.63480539356848,18.509668164880132,39.62959655227893,1.8021366985894096,46.92456510635481,13.911341573374587,12.20993002448732,7.506808835305998,46.65570121869396,0.01235682921105763,6417.82008249144,1,0,1.0,1.0,0.9754576482052935,0.9754576482052935,4398.201710168609,4398.201710168609,2959.298289831391,2959.298289831391,asphalt,1.1575
13.316666666666908,66.63554298852817,18.509873052368935,39.62917772451607,1.8020797316397783,47.58505401695287,14.051310182223785,12.048903791538375,7.7401249520935105,46.85752479758046,0.012300964401958936,6417.8937561136745,1,0,1.0,1.0,0.9754572672772946,0.9754572672772946,4398.205915738716,4398.205915738716,2959.294084261284,2959.294084261284,asphalt,1.1575
13.333333333333576,66.63627724895795,18.51007701359943,39.62876080014859,1.8020230243071467,48.24553596692659,14.189412857563005,11.88627417683976,7.975754466268955,47.05664787598507,0.012245352600928072,6417.967096641293,1,0,1.0,1.0,0.9754568881243645,0.9754568881243645,4398.210102262066,4398.210102262066,2959.289897737933,2959.289897737933,asphalt,1.1575
13.350000000000243,66.63700818995862,18.510280052766284,39.62834577046668,1.8019665753968983,48.90601098790851,14.32563125542334,11.72206282040304,8.213666087532147,47.25304395602074,0.012189992656033155,6418.040105583023,1,0,1.0,0.9999999999999999,0.9754565107379596,0.9754565107379625,4398.214269825152,4398.214269825152,2959.2857301748472,2959.2857301748472,asphalt,1.1575
13.36666666666691,66.63773582656235,18.510482174045098,39.62793262680085,1.8019103837201165,49.56647911138635,14.459947282905082,11.556291571747712,8.453828222462253,47.44668690265342,0.012134883424721465,6418.112784440731,1,0,1.0,1.0,0.9754561351096734,0.9754561351096734,4398.218418514273,4398.218418514273,2959.2815814857263,2959.2815814857263,asphalt,1.1575
13.383333333333578,66.638460173733,18.510683381592496,39.62752136052191,1.801854448093431,50.22694036870373,14.592343100565706,11.388982486988775,8.696208978727212,47.63755094716357,0.012080023764440284,6418.185134709461,1,0,1.0,1.0,0.9754557612309945,0.9754557612309945,4398.222548415089,4398.222548415089,2959.277451584911,2959.277451584911,asphalt,1.1575
13.400000000000245,66.6391812463664,18.51088367954622,39.62711196304066,1.8017987673390705,50.88739479106091,14.722801124774143,11.220157825897095,8.940776169332572,47.82561069055881,0.01202541254457401,6418.257157877455,1,0,1.0,0.9999999999999999,0.9754553890936326,0.9754553890936326,4398.226659613192,4398.226659613192,2959.273340386807,2959.273340386807,asphalt,1.1575
13.416666666666913,66.63989905929077,18.51108307202521,39.62670442580773,1.80174334028458,51.54784240951546,14.851304030030954,11.049840048933047,9.187497316909239,48.01084110693737,0.011971048634507042,6418.328855426196,1,0,1.0,1.0,0.9754550186891354,0.9754550186891354,4398.230752193282,4398.230752193282,2959.2692478067174,2959.2692478067174,asphalt,1.1575
13.43333333333358,66.6406136272669,18.511281563129693,39.62629874031334,1.8016881657632307,52.208283254982796,14.977834751254152,10.878051814253727,9.436339658039524,48.193217546801726,0.011916930912150292,6418.400228830431,1,0,1.0,1.0,0.9754546500092961,0.975454650009299,4398.234826240247,4398.234826240247,2959.265173759753,2959.265173759753,asphalt,1.1575
13.450000000000248,66.64132496498854,18.51147915694126,39.62589489808719,1.8016332426136872,52.86871735823688,15.102376486030337,10.704815974694224,9.687270147620923,48.372715740322136,0.011863058255414671,6418.471279558203,1,0,1.0,1.0,0.9754542830457664,0.9754542830457634,4398.238881838078,4398.238881838078,2959.261118161922,2959.261118161922,asphalt,1.1575
13.466666666666915,66.64203308708267,18.511675857522963,39.625492890698254,1.8015785696799582,53.52914474991108,15.224912696830893,10.53015557472329,9.940255463267066,48.54931180054961,0.011809429553295558,6418.542009070884,1,0,1.0,1.0,0.9754539177903849,0.9754539177903879,4398.2429190707035,4398.2429190707035,2959.257080929296,2959.257080929296,asphalt,1.1575
13.483333333333583,66.6427380081098,18.51187166891939,39.62509270975449,1.8015241458115479,54.18956546049854,15.345427113192896,10.354093847373836,10.195262009745226,48.72298222657787,0.011756043696493634,6418.612418823204,1,0,1.0,1.0,0.9754535542349672,0.9754535542349702,4398.246938021538,4398.246938021538,2959.253061978462,2959.253061978462,asphalt,1.1575
13.50000000000025,66.64343974256435,18.512066595156764,39.62469434690279,1.8014699698633547,54.84997952035288,15.463903733864514,10.176654211148676,10.452255923449805,48.89370390665387,0.011702899583383441,6418.682510263284,1,0,1.0,1.0,0.9754531923713813,0.9754531923713813,4398.250938773739,4398.250938773739,2959.2490612262604,2959.2490612262604,asphalt,1.1575
13.516666666666918,66.64413830487483,18.512260640243007,39.62429779382882,1.8014160406956714,55.51038695968897,15.58032682891456,9.99786026690189,10.711203076911202,49.06145412123651,0.011649996112339522,6418.752284832658,1,0,1.0,1.0,0.9754528321914419,0.9754528321914449,4398.254921409825,4398.254921409825,2959.245078590174,2959.245078590174,asphalt,1.1575
13.533333333333585,66.6448337094042,18.51245380816783,39.623903042256764,1.8013623571740072,56.17078780858356,15.694680941805965,9.817735794696263,10.97206908333948,49.22621054600314,0.011597332192820886,6418.821743966316,1,0,1.0,1.0,0.9754524736871857,0.9754524736871857,4398.258886012248,4398.258886012248,2959.2411139877513,2959.2411139877513,asphalt,1.1575
13.550000000000253,66.64552597045022,18.51264610290284,39.623510083949014,1.8013089181692648,56.831182096975795,15.806950891432878,9.636304750637194,11.234819301202197,49.387951254803376,0.011544906734286542,6418.890889092723,1,0,1.0,1.0,0.9754521168505653,0.9754521168505653,4398.26283266282,4398.26283266282,2959.2371673371795,2959.2371673371795,asphalt,1.1575
13.56666666666692,66.64621510224568,18.512837528401576,39.62311891070612,1.801255722557487,57.49156985466808,15.917121774121133,9.453591263683487,11.499418838835814,49.54665472256002,0.011492718655574663,6418.959721633856,1,0,1.0,1.0,0.9754517616736428,0.9754517616736428,4398.26676144316,4398.26676144316,2959.2332385568393,2959.2332385568393,asphalt,1.1575
13.583333333333588,66.64690111895874,18.513028088599647,39.62272951436659,1.8012027692202128,58.151951111326284,16.02517896559181,9.269619632435482,11.765832559090054,49.70229982811645,0.011440766878081376,6419.028243005228,1,0,1.0,1.0,0.9754514081484755,0.9754514081484755,4398.2706724345035,4398.2706724345035,2959.2293275654956,2959.2293275654956,asphalt,1.1575
13.600000000000255,66.64758403469314,18.51321778741476,39.62234188680687,1.801150057044172,58.81232589648077,16.131108122887643,9.084414321900919,12.03402508400461,49.85486585703036,0.011389050327466066,6419.09645461592,1,0,1.0,1.0,0.9754510562671365,0.9754510562671379,4398.2745657176365,4398.2745657176365,2959.225434282363,2959.225434282363,asphalt,1.1575
13.616666666666923,66.64826386348862,18.51340662874684,39.62195601994099,1.8010975849210555,59.472694239527044,16.23489518626205,8.89799996023897,12.303960799517561,50.00433250431333,0.011337567933651371,6419.164357868612,1,0,1.0,1.0,0.9754507060217522,0.9754507060217538,4398.278441372895,4398.278441372895,2959.2215586271045,2959.2215586271045,asphalt,1.1575
13.63333333333359,66.64894061932114,18.513594616478095,39.62157190572027,1.8010453517479488,60.133056169726046,16.336526381030474,8.710401335482883,12.575603860204891,50.150679877115884,0.011286318635939097,6419.231954159607,1,0,1.0,1.0,0.9754503574045723,0.9754503574045693,4398.282299480489,4398.282299480489,2959.217700519511,2959.217700519511,asphalt,1.1575
13.650000000000258,66.64961431610317,18.5137817544731,39.62118953613343,1.8009933564271279,60.793411716205,16.435988219383855,8.521643392241675,12.848918194050455,50.29388849735775,0.011235301373631046,6419.299244878872,1,0,1.0,1.0,0.9754500104077269,0.9754500104077225,4398.286140119985,4398.286140119985,2959.2138598800143,2959.2138598800143,asphalt,1.1575
13.666666666666925,66.650284967684,18.51396804657889,39.62080890320616,1.8009415978657797,61.453760907958134,16.533267502163966,8.331751228381279,13.123867507245782,50.43393930430289,0.011184515094555536,6419.366231410051,1,0,1.0,1.0,0.9754496650235921,0.975449665023589,4398.2899633708885,4398.2899633708885,2959.2100366291115,2959.2100366291115,asphalt,1.1575
13.683333333333593,66.65095258785,18.514153496625,39.62042999900107,1.8008900749764598,62.114103773846935,16.62835132060037,8.140750091685634,13.400415289019065,50.57081365707905,0.011133958747393535,6419.432915130507,1,0,1.0,1.0,0.9754493212443988,0.9754493212443971,4398.293769312059,4398.293769312059,2959.2062306879398,2959.2062306879398,asphalt,1.1575
13.70000000000026,66.651617190325,18.514338108423612,39.62005281561749,1.8008387866765585,62.774440342601224,16.72122705800883,7.948665376498132,13.678524816492711,50.704493337141415,0.011083631290205176,6419.499297411345,1,0,1.0,1.0,0.9754489790624886,0.97544897906249,4398.297558022106,4398.297558022106,2959.202441977893,2959.202441977893,asphalt,1.1575
13.716666666666928,66.6522787887704,18.514521885769557,39.61967734519133,1.8007877318887324,63.43477064281927,16.81188239145084,7.755522620343848,13.958159159568762,50.83496055068011,0.01103353168105059,6419.565379617438,1,0,1.0,1.0,0.9754486384703122,0.9754486384703136,4398.301329579505,4398.301329579505,2959.198670420494,2959.198670420494,asphalt,1.1575
13.733333333333595,66.65293739678566,18.51470483244046,39.61930357989497,1.8007369095405499,64.09509470296881,16.900305293354215,7.561347500533067,14.239281185841602,50.9621979309712,0.010983658886516423,6419.631163107463,1,0,1.0,1.0,0.9754482994601229,0.9754482994601229,4398.305084061837,4398.305084061837,2959.1949159381625,2959.1949159381625,asphalt,1.1575
13.750000000000263,66.65359302790841,18.514886952196782,39.618931511936914,1.8006863185647437,64.7554125513874,16.986484033094367,7.366165830746467,14.521853565537253,51.086188540670925,0.010934011876599925,6419.6966492339225,1,0,1.0,1.0,0.9754479620245091,0.9754479620245091,4398.308821546874,4398.308821546874,2959.1911784531253,2959.1911784531253,asphalt,1.1575
13.76666666666693,66.65424569561486,18.515068248781905,39.61856113356177,1.8006359578987288,65.41572421628331,17.070407178536176,7.1700035576025,14.805838776478609,51.206915874052775,0.010884589625561603,6419.761839343175,1,0,1.0,1.0,0.9754476261559288,0.9754476261559288,4398.3125421117475,4398.3125421117475,2959.187457888252,2959.187457888252,asphalt,1.1575
13.783333333333598,66.65489541331998,18.515248725922216,39.618192437049835,1.8005858264851362,66.07602972573572,17.152063597536202,6.972886757207357,15.091199109075959,51.32436385918722,0.010835391111072568,6419.826734775466,1,0,1.0,1.0,0.9754472918469245,0.9754472918469245,4398.316245833268,4398.316245833268,2959.183754166731,2959.183754166731,asphalt,1.1575
13.800000000000265,66.65554219437784,18.51542838732718,39.61782541471726,1.8005359232714055,66.73632910769565,17.23144245940507,6.774841631688028,15.377896671342135,51.43851686006373,0.010786415320183096,6419.891336864951,1,0,1.0,1.0,0.9754469590900535,0.9754469590900551,4398.319932787991,4398.319932787991,2959.180067212009,2959.180067212009,asphalt,1.1575
13.816666666666933,66.65618605208192,18.515607236689423,39.617460058915604,1.8004862472099898,67.39662238998633,17.308533236329808,6.575894505708868,15.665893393931624,51.54935967865488,0.010737661240796115,6419.955646939727,1,0,1.0,1.0,0.9754466278779323,0.9754466278779339,4398.32360305202,4398.32360305202,2959.1763969479794,2959.1763969479794,asphalt,1.1575
13.8333333333336,66.65682699966527,18.515785277684795,39.61709636203191,1.8004367972582265,68.05690960030395,17.383325704755965,6.3760718229721665,15.955151035202942,51.65687755692219,0.010689127864225156,6420.0196663218585,1,0,1.0,1.0,0.9754462982031645,0.9754462982031661,4398.327256701142,4398.327256701142,2959.172743298858,2959.172743298858,asphalt,1.1575
13.850000000000268,66.65746505030091,18.515962513972475,39.61673431648833,1.8003875723781861,68.71719076621815,17.455809946729353,6.17540014270318,16.245631186303648,51.76105617876352,0.010640814190310266,6420.083396327405,1,0,1.0,1.0,0.9754459700584119,0.9754459700584134,4398.330893810691,4398.330893810691,2959.169106189309,2959.169106189309,asphalt,1.1575
13.866666666666935,66.65810021710203,18.516138949195007,39.61637391474216,1.8003385715369775,69.37746591517259,17.525976351197198,5.9739061361200605,16.53729527627729,51.86188167190164,0.01059271921974414,6420.14683826645,1,0,1.0,0.9999999999999999,0.9754456434364277,0.9754456434364263,4398.33451445594,4398.33451445594,2959.1654855440597,2959.1654855440597,asphalt,1.1575
13.883333333333603,66.65873251312226,18.516314586978407,39.61601514928548,1.8002897937063143,70.03773507448574,17.59381561526856,5.771616582889193,16.830104577191612,51.95934060971397,0.010544841960893336,6420.209993443124,1,0,1.0,1.0,0.9754453183299919,0.9754453183299904,4398.338118711648,4398.338118711648,2959.161881288351,2959.161881288351,asphalt,1.1575
13.90000000000027,66.65936195135605,18.516489430932236,39.61565801264501,1.8002412378628465,70.69799827135114,17.659318745433858,5.568558367566385,17.124020209287323,52.053420013002906,0.010497181423829716,6420.272863155642,1,0,1.0,1.0,0.9754449947317868,0.9754449947317868,4398.341706651998,4398.341706651998,2959.158293348002,2959.158293348002,asphalt,1.1575
13.916666666666938,66.65998854473877,18.516663484649655,39.61530249738211,1.8001929029879828,71.35825553283821,17.722477058743298,5.364758476024381,17.419003146146807,52.144107351706836,0.010449736626299,6420.335448696317,1,0,1.0,1.0,0.9754446726347419,0.9754446726347419,4398.345278351362,4398.345278351362,2959.1547216486374,2959.1547216486374,asphalt,1.1575
13.933333333333605,66.66061230614709,18.516836751707523,39.61494859609235,1.8001447880678132,72.01850688589276,17.783282183944138,5.160243991867183,17.715014219882,52.2313905465514,0.010402506588604865,6420.3977513515965,1,0,1.0,1.0,0.9754443520316972,0.9754443520317002,4398.348833883347,4398.348833883347,2959.151166116653,2959.151166116653,asphalt,1.1575
13.950000000000273,66.66123324839923,18.51700923566645,39.614596301405534,1.8000968920931857,72.67875235733757,17.841726062576544,4.955042092831655,18.012014126340826,52.315257970640886,0.010355490333608941,6420.459772402083,1,0,1.0,1.0,0.9754440329155346,0.9754440329155362,4398.352373321301,4398.352373321301,2959.147626678699,2959.147626678699,asphalt,1.1575
13.96666666666694,66.66185138425523,18.517180940070897,39.61424560598566,1.800049214059783,73.33899197387274,17.89780095002797,4.749180047176863,18.30996343033144,52.3956984509895,0.010308686893552022,6420.521513122567,1,0,1.0,1.0,0.9754437152791187,0.9754437152791201,4398.355896738315,4398.355896738315,2959.1441032616844,2959.1441032616844,asphalt,1.1575
13.983333333333608,66.66246672641722,18.51735186844923,39.61389650253066,1.8000017529678423,73.99922576207666,17.95149941654588,4.542685210061676,18.60882257086362,52.47270126999237,0.0102620953006749,6420.582974782052,1,0,1.0,1.0,0.975443399115471,0.975443399115468,4398.359404207225,4398.359404207225,2959.1405957927736,2959.1405957927736,asphalt,1.1575
14.000000000000275,66.66307928752967,18.517522024313795,39.613548983772084,1.7999545078221806,74.65945374840639,18.00281434820871,4.335585019911045,18.908551866406604,52.546256166836045,0.010215714594892233,6420.644158643774,1,0,1.0,1.0,0.975443084417575,0.975443084417575,4398.362895800356,4398.362895800356,2959.137104199644,2959.137104199644,asphalt,1.1575
14.016666666666943,66.6636890801796,18.517691411160996,39.61320304247484,1.799907477632297,75.31967595919815,18.051738947854922,4.127906994771495,19.209111520162672,52.616353338848285,0.010169543816118676,6420.70506596524,1,0,1.0,1.0,0.9754427711785051,0.9754427711785051,4398.366371589643,4398.366371589643,2959.133628410357,2959.133628410357,asphalt,1.1575
14.03333333333361,66.66429611689695,18.517860032471376,39.61285867143744,1.799860661412474,75.97989242066784,18.098266735970057,3.9196787286562857,19.510461625355777,52.682983442787034,0.010123582013648047,6420.76569799824,1,0,1.0,1.0,0.9754424593912782,0.9754424593912752,4398.3698316470245,4398.3698316470245,2959.130168352975,2959.130168352975,asphalt,1.1575
14.050000000000278,66.6649004101548,18.518027891709668,39.61251586349168,1.7998140581814466,76.6401031589117,18.142391551531627,3.7109278878807492,19.812562170534513,52.74613759606841,0.010077828237626818,6420.826055988889,1,0,1.0,1.0,0.9754421490489916,0.9754421490489931,4398.373276043798,4398.373276043798,2959.1267239562017,2959.1267239562017,asphalt,1.1575
14.066666666666945,66.6655019723696,18.518194992324887,39.6121746115024,1.7997676669624794,77.300308199907,18.1841075528118,3.5016822073882374,20.115373044888734,52.80580737793344,0.01003228154502267,6420.886141177635,1,0,1.0,1.0,0.9754418401448783,0.975441840144876,4398.376704851195,4398.376704851195,2959.1232951488037,2959.1232951488037,asphalt,1.1575
14.083333333333613,66.66610081590139,18.518361337750385,39.61183490836735,1.7997214867834677,77.96050756951225,18.22340921813771,3.291969487067234,20.41885404357911,52.8619848305535,0.009986940994508586,6420.945954799304,1,0,1.0,1.0,0.9754415326719905,0.9754415326719905,4398.380118139809,4398.380118139809,2959.11988186019,2959.11988186019,asphalt,1.1575
14.10000000000028,66.66669695305418,18.51852693140394,39.61149674701711,1.7996755166768357,78.62070129346799,18.26029134660936,3.08181758806006,20.722964873078904,52.914662460074354,0.00994180565072611,6421.005498083107,1,0,1.0,1.0,0.97544122662358,0.9754412266235792,4398.3835159801665,4398.3835159801665,2959.116484019833,2959.116484019833,asphalt,1.1575
14.116666666666948,66.66729039607615,18.51869177668782,39.61116012041487,1.79962975567941,79.28088939739736,18.294749058774958,2.871254429063702,21.027665156527288,52.96383323759844,0.009896874585137994,6421.064772252684,1,0,1.0,1.0,0.9754409219929103,0.9754409219929095,4398.38689844241,4398.38689844241,2959.11310155759,2959.11310155759,asphalt,1.1575
14.133333333333615,66.66788115715985,18.518855876988848,39.61082502155616,1.7995842028326474,79.94107190680647,18.32677779726364,2.6603079826232254,21.332914439093432,53.0094906001056,0.009852146865796385,6421.123778526113,1,0,1.0,1.0,0.975440618773245,0.9754406187732458,4398.390265596232,4398.390265596232,2959.109734403767,2959.109734403767,asphalt,1.1575
14.150000000000283,66.66846924844252,18.519019235678478,39.61049144346911,1.7995388571823563,80.60124884708499,18.35637332737552,2.449006271418286,21.638672193350764,53.05162845131181,0.00980762157269055,6421.182518115945,1,0,1.0,1.0,0.9754403169578235,0.9754403169578227,4398.3936175112,4398.3936175112,2959.1063824887988,2959.1063824887988,asphalt,1.1575
14.16666666666695,66.66905468200629,18.51918185611286,39.61015937921375,1.7994937177788484,81.26142024350683,18.38353173762891,2.2373773645432022,21.944897824660533,53.09024116246604,0.009763297785809755,6421.240992229226,1,0,1.0,1.0,0.9754400165400496,0.9754400165400489,4398.396954256367,4398.396954256367,2959.1030457436323,2959.1030457436323,asphalt,1.1575
14.183333333333618,66.66963746987852,18.519343741632923,39.60982882188223,1.799448783676761,81.92158612123053,18.40824944026477,2.025449373781117,22.25155067656412,53.12532357308506,0.009719174592817126,6421.299202067525,1,0,1.0,1.0,0.9754397175132822,0.9754397175132822,4398.400275900657,4398.400275900657,2959.099724099343,2959.099724099343,asphalt,1.1575
14.200000000000285,66.67021762403193,18.519504895564427,39.609499764598525,1.799404053935286,82.58174650529979,18.430523171708156,1.813250449872707,22.55859003618326,53.15687099162601,0.00967525108137579,6421.3571488269545,1,0,1.0,0.9999999999999999,0.9754394198709502,0.9754394198709495,4398.403582512673,4398.403582512673,2959.0964174873266,2959.0964174873266,asphalt,1.1575
14.216666666666953,66.670795156385,18.519665321218053,39.60917220051843,1.7993595276178393,83.2419014206441,18.450349992986787,1.6008087787799605,22.86597513962754,53.18487919609677,0.009631526345970087,6421.4148336982,1,0,1.0,1.0,0.9754391236064528,0.9754391236064514,4398.406874160571,4398.406874160571,2959.093125839429,2959.093125839429,asphalt,1.1575
14.23333333333362,66.67137007880197,18.519825021889435,39.608846122829185,1.7993152037922895,83.90205089207916,18.467727290106524,1.388152577945494,23.173665177408395,53.2093444346041,0.009587999484494958,6421.47225786654,1,0,1.0,1.0,0.9754388287132799,0.9754388287132788,4398.410150912249,4398.410150912249,2959.0898490877503,2959.0898490877503,asphalt,1.1575
14.250000000000288,66.67194240309341,18.51998400085928,39.60852152474941,1.799271081530703,84.56219494430755,18.482652774383844,1.175310092547924,23.481619299858945,53.230263425839226,0.009544669599961253,6421.529422511874,1,0,1.0,1.0,0.975438535184937,0.9754385351849372,4398.413412835222,4398.413412835222,2959.0865871647775,2959.0865871647775,asphalt,1.1575
14.266666666666955,66.67251214101624,18.5201422613934,39.6081983995291,1.7992271599097522,85.22233360191893,18.495124482735132,0.962309591753777,23.789796622558903,53.24763335950113,0.009501535795379823,6421.586328808749,1,0,1.0,1.0,0.9754382430149142,0.9754382430149146,4398.416659996875,4398.416659996875,2959.0833400031247,2959.0833400031247,asphalt,1.1575
14.283333333333623,66.67307930427398,18.520299806742774,39.60787674044948,1.7991834380101042,85.88246688939101,18.5051407779229,0.7491793649664374,24.098156231763852,53.26145189665724,0.009458597184845985,6421.642977926378,1,0,1.0,1.0,0.9754379521968023,0.975437952196802,4398.419892464209,4398.419892464209,2959.080107535791,2959.080107535791,asphalt,1.1575
14.30000000000029,66.67364390451716,18.520456640143657,39.60755654082257,1.799139914916828,86.54259483108972,18.512700348758795,0.5359477180726222,24.406657189838196,53.27171717004165,0.009415852880749753,6421.699371028669,1,0,1.0,1.0,0.9754376627241866,0.9754376627241874,4398.423110303776,4398.423110303776,2959.0768896962236,2959.0768896962236,asphalt,1.1575
14.316666666666958,66.67420595334336,18.5206127648176,39.60723779399136,1.7990965897192162,87.20271745126992,18.517802210263405,0.32264296968688916,24.71525854069104,53.27842778429066,0.009373302001449701,6421.755509274248,1,0,1.0,1.0,0.9754373745907402,0.9754373745907402,4398.426313582193,4398.426313582193,2959.0736864178066,2959.0736864178066,asphalt,1.1575
14.333333333333625,66.67476546229757,18.520768183971548,39.606920493329206,1.7990534615107852,87.86283477407585,18.52044570378287,0.10929344739466665,25.023919315214247,53.28158281611589,0.00933094367042031,6421.8113938164815,1,0,1.0,1.0,0.9754370877901729,0.9754370877901728,4398.429502365371,4398.429502365371,2959.0704976346287,2959.0704976346287,asphalt,1.1575
14.350000000000293,66.67532244287241,18.520922900797892,39.60660463224037,1.7990105293893262,88.52294682354152,18.520630497062243,-0.10407251600567785,25.332598536722056,53.28118181441453,0.009288777011988714,6421.8670258035045,1,0,1.0,1.0,0.9754368023159704,0.9754368023159706,4398.4326767188995,4398.4326767188995,2959.0673232810996,2959.0673232810996,asphalt,1.1575
14.36666666666696,66.67587690650835,18.52107691847454,39.606290204159315,1.7989677924567267,89.18305362359145,18.51835658427564,-0.31742658626127906,25.641255226391397,53.27722480031713,0.009246801157303253,6421.92240637824,1,0,1.0,1.0,0.9754365181620726,0.9754365181620722,4398.435836708562,4398.435836708562,2959.0641632914367,2959.0641632914367,asphalt,1.1575
14.383333333333628,66.67642886459399,18.521230240164996,39.605977202550854,1.798925249819175,89.84315519804086,18.513624286013126,-0.5307404314231705,25.949848408702326,53.26971226717267,0.00920501524348083,6421.977536678426,1,0,1.0,1.0,0.975436235322155,0.975436235322155,4398.438982399502,4398.438982399502,2959.061017600498,2959.061017600498,asphalt,1.1575
14.400000000000295,66.67697832846622,18.521382869018392,39.60566562090986,1.7988829005869804,90.50325157059652,18.50643424922438,-0.7439857256041831,26.258337116877744,53.25864518047106,0.009163418404227741,6422.032417836634,1,0,1.0,1.0,0.9754359537899348,0.9754359537899348,4398.442113856345,4398.442113856345,2959.0578861436547,2959.0578861436547,asphalt,1.1575
14.416666666666963,66.67752530941051,18.521534808169587,39.60535545276129,1.7988407438743206,91.1633427648572,18.496787447119143,-0.9571341527358369,26.566680398321747,53.24402497770292,0.009122009786040053,6422.0870509803,1,0,1.0,1.0,0.9754356735593025,0.9754356735593025,4398.445231143785,4398.445231143785,2959.054768856214,2959.054768856214,asphalt,1.1575
14.43333333333363,66.67806981866119,18.521686060739217,39.605046691659645,1.7987987787999018,91.82342880431383,18.484685179024442,-1.1701574103237202,26.874837320055864,53.22585356815684,0.009080788530297923,6422.141437231744,1,0,1.0,1.0,0.9754353946241023,0.9754353946241023,4398.448334326132,4398.448334326132,2959.0516656738682,2959.0516656738682,asphalt,1.1575
14.450000000000298,66.67861186740153,18.521836629833757,39.604739331189315,1.798757004486247,92.48350971235037,18.470129070198652,-1.3830272132008636,27.18276697415246,53.20413333265405,0.00903975379202393,6422.195577708192,1,0,1.0,1.0,0.9754351169782614,0.9754351169782616,4398.451423467499,4398.451423467499,2959.0485765325006,2959.0485765325006,asphalt,1.1575
14.466666666666965,66.67915146676414,18.521986518545592,39.60443336496425,1.798715420060002,93.14358551224407,18.45312107160238,-1.5957152972786162,27.490428483164596,53.17886712322053,0.008998904721977397,6422.249473521802,1,0,1.0,1.0,0.975434840615574,0.975434840615574,4398.454498631426,4398.454498631426,2959.0455013685732,2959.0455013685732,asphalt,1.1575
14.483333333333633,66.67968862783114,18.522135729953096,39.60412878662776,1.7986740246520352,93.80365622716607,18.433663459626235,-1.8081934232945323,27.797781005551627,53.15005826269668,0.008958240477738855,6422.3031257796865,1,0,1.0,0.9999999999999999,0.9754345655300127,0.975434565530013,4398.45755988126,4398.45755988126,2959.0424401187397,2959.0424401187397,asphalt,1.1575
14.5000000000003,66.68022336163436,18.522284267120654,39.60382558985247,1.7986328173969304,94.46372188018204,18.4117588357755,-2.0204333805567707,28.1047837410998,53.11771054428455,0.008917760223710047,6422.356535583932,1,0,1.0,1.0,0.9754342917155796,0.9754342917155794,4398.460607280219,4398.460607280219,2959.039392719781,2959.039392719781,asphalt,1.1575
14.516666666666968,66.6807556791556,18.522432133098775,39.60352376834001,1.798591797433597,95.12378249425217,18.38741012631178,-2.232406990684497,28.41139593633715,53.081828231032674,0.008877463120882112,6422.409704031628,1,0,1.0,1.0,0.975434019166229,0.975434019166229,4398.463640891136,4398.463640891136,2959.0363591088644,2959.0363591088644,asphalt,1.1575
14.533333333333635,66.68128559132684,18.52257933092412,39.60322331582114,1.7985509639047101,95.78383809223233,18.36062058185163,-2.4440861113438204,28.71757688994199,53.04241605525864,0.008837348343888607,6422.462632214885,1,0,1.0,1.0,0.9754337478760369,0.9754337478760369,4398.466660776523,4398.466660776523,2959.0333392234766,2959.0333392234766,asphalt,1.1575
14.550000000000303,66.68181310903047,18.522725863619574,39.60292422605548,1.7985103159570668,96.44388869687394,18.331393776922262,-2.6554426399787445,29.023285958144264,52.99947921790943,0.008797415059689229,6422.51532122086,1,0,1.0,1.0,0.975433477839014,0.9754334778390136,4398.469666998702,4398.469666998702,2959.030333001297,2959.030333001297,asphalt,1.1575
14.56666666666697,66.68233824309954,18.522871734194315,39.602626492831334,1.7984698527414593,97.10393433082481,18.299733609474387,-2.8664485175366723,29.328482560119006,52.95302338785965,0.008757662450591397,6422.567772131775,1,0,1.0,0.9999999999999999,0.9754332090492323,0.9754332090492319,4398.472659619545,4398.472659619545,2959.027340380454,2959.027340380454,asphalt,1.1575
14.583333333333638,66.68286100431796,18.523016945643878,39.60233010996554,1.7984295734123938,97.76397501662962,18.265644300352243,-3.07707573218793,29.633126183371296,52.90305470114772,0.008718089693786624,6422.619986024948,1,0,1.0,1.0,0.9754329415008772,0.9754329415008779,4398.475638700796,4398.475638700796,2959.024361299204,2959.024361299204,asphalt,1.1575
14.600000000000305,66.68338140342075,18.52316150095021,39.60203507130349,1.7983894771285507,98.42401077673009,18.229130392720855,-3.28729632303886,29.937176389111908,52.84957976015012,0.008678695974992934,6422.671963972804,1,0,1.0,1.0,0.9754326751880376,0.9754326751880376,4398.478604303939,4398.478604303939,2959.02139569606,2959.02139569606,asphalt,1.1575
14.616666666666973,66.68389945109422,18.52330540308173,39.601741370718955,1.7983495630524766,99.0840416334657,18.19019675145068,-3.497082383837965,30.240592817622943,52.79260563269388,0.008639480481633655,6422.723707042907,1,0,1.0,1.0,0.9754324101048484,0.9754324101048477,4398.4815564900155,4398.4815564900155,2959.018443509984,2959.018443509984,asphalt,1.1575
14.63333333333364,66.68441515797623,18.5234486549934,39.60144900211385,1.7983098303503577,99.74406760907432,18.148848562459666,-3.7064060666746257,30.543335193612823,52.73213985110729,0.008600442403690067,6422.775216297978,1,0,1.0,0.9999999999999999,0.9754321462455374,0.9754321462455389,4398.484495319806,4398.484495319806,2959.0155046801938,2959.0155046801938,asphalt,1.1575
14.650000000000308,66.68492853465642,18.523591259626784,39.60115795941805,1.7982702781924762,100.4040887256923,18.1050913320128,-3.915239585669908,30.84536333155981,52.668190411209146,0.008561580939669966,6422.826492795915,1,0,1.0,1.0,0.975431883604342,0.9754318836043427,4398.487420853964,4398.487420853964,2959.012579146036,2959.012579146036,asphalt,1.1575
14.666666666666975,66.68543959167633,18.523733219910092,39.600868236589406,1.79823090575288,101.06410500535519,18.058930885979297,-4.1235552206589565,31.14663714104346,52.600765771236475,0.008522895288081145,6422.877537589819,1,0,1.0,1.0,0.9754316221756104,0.9754316221756096,4398.49033315295,4398.49033315295,2959.009666847049,2959.009666847049,asphalt,1.1575
14.683333333333643,66.68594833952979,18.523874538758275,39.600579827613515,1.798191712209587,101.72411646999797,18.010373369047496,-4.331325320864488,31.44711663206324,52.52987485071104,0.008484384650842003,6422.928351728015,1,0,1.0,1.0,0.975431361953461,0.9754313619534604,4398.493232276523,4398.493232276523,2959.0067677234774,2959.0067677234774,asphalt,1.1575
14.70000000000031,66.686454788663,18.524015219073053,39.600292726503824,1.7981526967441765,102.38412314145589,17.95942524389756,-4.53852230856093,31.74676192034359,52.45552702924472,0.008446048232428893,6422.97893625407,1,0,1.0,1.0,0.9754311029322877,0.9754311029322877,4398.496118284563,4398.496118284563,2959.003881715437,2959.003881715437,asphalt,1.1575
14.716666666666978,66.68695894947477,18.52415526374299,39.60000692730113,1.7981138585421212,103.04412504146467,17.9060932903321,-4.745118682728686,32.04553323262483,52.377732145283865,0.00840788524499203,6423.029292206822,1,0,1.0,1.0,0.9754308451064877,0.9754308451064877,4398.498991236572,4398.498991236572,2959.0010087634278,2959.0010087634278,asphalt,1.1575
14.733333333333645,66.6874608323168,18.524294675643556,39.59972242407368,1.7980751967928632,103.70412219166072,17.85038460436489,-4.951087022698055,32.34339091193904,52.296500494792916,0.008369894902386932,6423.079420620394,1,0,1.0,1.0,0.9754305884702861,0.9754305884702853,4398.501851191664,4398.501851191664,2958.998148808336,2958.998148808336,asphalt,1.1575
14.750000000000313,66.68796044749382,18.524433457637173,39.59943921091714,1.7980367106893052,104.36411461358229,17.792306597267668,-5.156399991782337,32.64029542287042,52.2118428298774,0.008332076419321766,6423.129322524219,1,0,1.0,1.0,0.9754303330181825,0.9754303330181817,4398.504698208826,4398.504698208826,2958.995301791174,2958.995301791174,asphalt,1.1575
14.76666666666698,66.68845780526385,18.52457161257329,39.59915728195413,1.797998399428242,105.02410232866923,17.731866994575327,-5.361030340899625,32.93620735679928,52.1237703573464,0.008294429019031213,6423.178998943063,1,0,1.0,1.0,0.9754300787446362,0.9754300787446378,4398.507532346852,4398.507532346852,2958.9924676531477,2958.9924676531477,asphalt,1.1575
14.783333333333648,66.68895291583841,18.524709143288447,39.598876631334335,1.7979602622101845,105.68408535826377,17.66907383504948,-5.564950912182821,33.23108743712895,52.032294737214954,0.008256951924749956,6423.228450897042,1,0,1.0,1.0,0.9754298256439649,0.9754298256439635,4398.510353663831,4398.510353663831,2958.9896463361692,2958.9896463361692,asphalt,1.1575
14.800000000000315,66.6894457893827,18.524846052606307,39.598597253234416,1.7979222982393068,106.34406372361096,17.6039354696006,-5.768134642577391,33.52489652449514,51.93742808114622,0.008219644364828582,6423.277679401648,1,0,1.0,1.0,0.9754295737107636,0.9754295737107636,4398.513162218236,4398.513162218236,2958.986837781764,2958.986837781764,asphalt,1.1575
14.816666666666983,66.68993643601586,18.524982343337737,39.59831914185778,1.7978845067234472,107.00403744585908,17.536460560168887,-5.970554567426384,33.81759562195678,51.83918295083398,0.008182505567617682,6423.326685467767,1,0,1.0,1.0,0.9754293229394714,0.9754293229394714,4398.515958067708,4398.515958067708,2958.984041932292,2958.984041932292,asphalt,1.1575
14.83333333333365,66.69042486581108,18.525118018280857,39.59804229143439,1.797846886874159,107.66400654606005,17.466658078564006,-6.172183824042253,34.10914588016779,51.73757235632541,0.008145534773404961,6423.375470101699,1,0,1.0,1.0,0.975429073324662,0.9754290733246634,4398.518741269951,4398.518741269951,2958.981258730049,2958.981258730049,asphalt,1.1575
14.850000000000318,66.69091108879597,18.525253080221102,39.59776669622084,1.7978094379067613,108.32397104516981,17.394537305263828,-6.372995655264985,34.399508602529146,51.63260975428452,0.008108731215656917,6423.4240343051815,1,0,1.0,1.0,0.9754288248608518,0.9754288248608518,4398.521511882284,4398.521511882284,2958.9784881177156,2958.9784881177156,asphalt,1.1575
14.866666666666985,66.6913951149526,18.525387531931276,39.59749235050013,1.7977721590399824,108.98393096404898,17.32010782817238,-6.57296341300609,34.68864525032048,51.524309046196464,0.00807209413721921,6423.4723790754115,1,0,1.0,1.0,0.9754285775426431,0.97542857754264,4398.524269961835,4398.524269961835,2958.975730038165,2958.975730038165,asphalt,1.1575
14.883333333333653,66.69187695421783,18.52552137617162,39.5972192485816,1.7977350494962658,109.64388632346312,17.243379541337106,-6.772060561777975,34.976517447810465,51.41268457651282,0.008035622784348107,6423.52050540506,1,0,1.0,1.0,0.9754283313646211,0.9754283313646211,4398.527015565346,4398.527015565346,2958.972984434654,2958.972984434654,asphalt,1.1575
14.90000000000032,66.69235661648351,18.525654615689863,39.596947384800494,1.7976981085016428,110.30383714408329,17.16436264362569,-6.97026068220824,35.263086987345574,51.29775113073834,0.007999316405857826,6423.5684142823,1,0,1.0,1.0,0.9754280863214774,0.9754280863214787,4398.529748749431,4398.529748749431,2958.9702512505687,2958.9702512505687,asphalt,1.1575
14.916666666666988,66.69283411159654,18.52578725322126,39.596676753518324,1.7976613352858082,110.96378344648626,17.083067637362525,-7.167537474538414,35.54831583441619,51.179523933459244,0.00796317425226789,6423.616106690823,1,0,1.0,0.9999999999999999,0.9754278424078495,0.9754278424078511,4398.5324695704485,4398.5324695704485,2958.967530429551,2958.967530429551,asphalt,1.1575
14.933333333333655,66.69330944935926,18.525919291488684,39.59640734912235,1.797624729081867,111.62372525115525,16.999505326925128,-7.363864762106697,35.83216613269966,51.05801864631327,0.007927195580066382,6423.663583609858,1,0,1.0,1.0,0.9754275996183892,0.9754275996183878,4398.535178084243,4398.535178084243,2958.9648219157566,2958.9648219157566,asphalt,1.1575
14.950000000000323,66.69378263952956,18.526050733202656,39.596139166025665,1.797588289126613,112.28366257848012,16.91368681730057,-7.559216494814236,36.1146002090796,50.93325136590205,0.007891379648299335,6423.710846014195,1,0,1.0,1.0,0.9754273579478887,0.9754273579478858,4398.537874346852,4398.537874346852,2958.9621256531477,2958.9621256531477,asphalt,1.1575
14.96666666666699,66.69425369182109,18.52618158106141,39.595872198666996,1.7975520146602755,112.94359544875789,16.82562351260217,-7.7535667525744625,36.39558057864055,50.805238621645685,0.007855725716865436,6423.757894874207,1,0,1.0,1.0,0.97542711739101,0.9754271173910085,4398.540558413607,4398.540558413607,2958.9594415863926,2958.9594415863926,asphalt,1.1575
14.983333333333658,66.69472261590344,18.526311837750956,39.59560644151075,1.7975159049266964,113.60352388219312,16.735327114546692,-7.946889748745068,36.67506994963766,50.673997373580136,0.007820233055042536,6423.804731155861,1,0,1.0,1.0,0.975426877942585,0.975426877942585,4398.543230340097,4398.543230340097,2958.9567696599033,2958.9567696599033,asphalt,1.1575
15.000000000000325,66.69518942140243,18.52644150594512,39.595341889046715,1.7974799591732042,114.26344789889838,16.642809620892155,-8.139159833542134,36.95303122844052,50.539545010097555,0.007784900931255834,6423.851355820752,1,0,1.0,1.0,0.9754266395973745,0.9754266395973745,4398.54589018114,4398.54589018114,2958.95410981886,2958.95410981886,asphalt,1.1575
