t,speed_kmh,speed_ms,yaw_rate,sideslip,heading,vx,vy,pos_x,pos_y,accel_long,rpm,gear,shift_cut,grip_FL,grip_FR,grip_RL,grip_RR,load_FL,load_FR,load_RL,load_RR,surface_type,surface_mu
0.016666666666666666,0.21285427422764427,0.059126187285456745,0.0,0.0,0.0,0.0,0.059126187285456745,0.0,0.0006278838697810682,3.4288856010188855,1000.0,1,0,0.0011418706303379573,0.0011418706303379573,0.6794306369283909,0.6794306369283909,4140.8860049229,4140.8860049229,3216.6139950771003,3216.6139950771003,asphalt,1.1575
0.03333333333333333,0.41777591350983473,0.11604886486384297,0.0,0.0,0.0,0.0,0.11604886486384297,0.0,0.002206733773178299,3.407262401200363,1000.0,1,0,0.0025927338184758156,0.0025927338184758156,0.6778803799003996,0.6778803799003996,4142.514494762576,4142.514494762576,3214.985505237424,3214.985505237424,asphalt,1.1575
0.05,0.6214051640336148,0.172612545564893,0.0,0.0,0.0,0.0,0.172612545564893,0.0,0.00473055252761727,3.3857725226882063,1000.0,1,0,0.0040333173739245465,0.0040333173739245465,0.6763383915764738,0.6763383915764738,4144.13294462195,4144.13294462195,3213.36705537805,3213.36705537805,asphalt,1.1575
0.06666666666666667,0.8237499956815837,0.22881944324488435,0.0,0.0,0.0,0.0,0.22881944324488435,0.0,0.00819337992980105,3.364415182109355,1000.0,1,0,0.005463700119220371,0.005463700119220371,0.674804637566239,0.674804637566239,4145.741413484812,4145.741413484812,3211.7585865151873,3211.7585865151873,asphalt,1.1575
0.08333333333333333,1.02481833148809,0.2846717587466917,0.0,0.0,0.0,0.0,0.2846717587466917,0.0,0.012589292538391937,3.3431896001990857,1000.0,1,0,0.006883960194475899,0.006883960194475899,0.6732790835123139,0.6732790835123139,4147.339960025742,4147.339960025742,3210.1600399742583,3210.1600399742583,asphalt,1.1575
0.09999999999999999,1.2246180478851676,0.3401716799681021,0.0,0.0,0.0,0.0,0.3401716799681021,0.0,0.01791240345783336,3.3220950017859385,1000.0,1,0,0.0082941750642831,0.0082941750642831,0.6717616950916612,0.6717616950916612,4148.928642611235,4148.928642611235,3208.5713573887647,3208.5713573887647,asphalt,1.1575
0.11666666666666665,1.4231569749475652,0.3953213819298792,0.0,0.0,0.0,0.0,0.3953213819298792,0.0,0.024156862123307737,3.301130615776664,1000.0,1,0,0.00969442152453407,0.00969442152453407,0.6702524380169199,0.6702524380169199,4150.507519300845,4150.507519300845,3206.9924806991544,3206.9924806991544,asphalt,1.1575
0.13333333333333333,1.6204428966368716,0.4501230268435754,0.0,0.0,0.0,0.0,0.4501230268435754,0.0,0.03131685408682613,3.280295675141036,1000.0,1,0,0.011084775709160829,0.011084775709160829,0.6687512780377253,0.6687512780377253,4152.076647848314,4152.076647848314,3205.4233521516862,3205.4233521516862,asphalt,1.1575
0.15,1.8164835510447304,0.5045787641790918,0.0,0.0,0.0,0.0,0.5045787641790918,0.0,0.039386600804445476,3.259589416896751,1000.0,1,0,0.01246531309679517,0.01246531309679517,0.6672581809420095,0.6672581809420095,4153.636085702712,4153.636085702712,3203.863914297288,3203.863914297288,asphalt,1.1575
0.16666666666666666,2.0112866306351456,0.5586907307319848,0.0,0.0,0.0,0.0,0.5586907307319848,0.0,0.048360359424609166,3.2390110820942386,1000.0,1,0,0.013836108517349694,0.013836108517349694,0.6657731125572881,0.6657731125572881,4155.185890009582,4155.185890009582,3202.314109990417,3202.314109990417,asphalt,1.1575
0.18333333333333332,2.204859782485872,0.61246105069052,0.0,0.0,0.0,0.0,0.61246105069052,0.0,0.05823242257760676,3.2185599158013556,1000.0,1,0,0.015197236158521149,0.015197236158521149,0.6642960387519289,0.6642960387519289,4156.726117612082,4156.726117612082,3200.773882387918,3200.773882387918,asphalt,1.1575
0.19999999999999998,2.3972106085288933,0.6658918357024703,0.0,0.0,0.0,0.0,0.6658918357024703,0.0,0.06899711816614865,3.198235167088237,1000.0,1,0,0.016548769572216987,0.016548769572216987,0.6628269254364079,0.6628269254364079,4158.256825052133,4158.256825052133,3199.2431749478665,3199.2431749478665,asphalt,1.1575
0.21666666666666665,2.5883466657899823,0.7189851849416617,0.0,0.0,0.0,0.0,0.7189851849416617,0.0,0.08064880915705132,3.178036089011975,1000.0,1,0,0.01789078168090643,0.01789078168090643,0.6613657385645447,0.6613657385645447,4159.778068571566,4159.778068571566,3197.721931428434,3197.721931428434,asphalt,1.1575
0.2333333333333333,2.7782754666273464,0.7717431851742629,0.0,0.0,0.0,0.0,0.7717431851742629,0.0,0.09318189337402917,3.157961938601286,1000.0,1,0,0.019223344783896847,0.019223344783896847,0.6599124441347262,0.6599124441347262,4161.289904113268,4161.289904113268,3196.210095886732,3196.210095886732,asphalt,1.1575
0.24999999999999997,2.9670044789693497,0.8241679108248193,0.0,0.0,0.0,0.0,0.8241679108248193,0.0,0.10659080329158828,3.138011976841213,1000.0,1,0,0.020546530563536523,0.020546530563536523,0.6584670081911129,0.6584670081911129,4162.792387322346,4162.792387322346,3194.707612677653,3194.707612677653,asphalt,1.1575
0.26666666666666666,3.154541126551318,0.8762614240420328,0.0,0.0,0.0,0.0,0.8762614240420328,0.0,0.12087000583001835,3.1181854686577815,1000.0,1,0,0.021860410091344894,0.021860410091344894,0.6570293968248286,0.6570293968248286,4164.28557354727,4164.28557354727,3193.2144264527296,3193.2144264527296,asphalt,1.1575
0.2833333333333333,3.34089278915142,0.9280257747642833,0.0,0.0,0.0,0.0,0.9280257747642833,0.0,0.13601400215147808,3.0984816829025963,1000.0,1,0,0.02316505383407115,0.02316505383407115,0.6555995761751368,0.6555995761751368,4165.769517841034,4165.769517841034,3191.730482158965,3191.730482158965,asphalt,1.1575
0.3,3.5260668028256252,0.9794630007848959,0.0,0.0,0.0,0.0,0.9794630007848959,0.0,0.15201732745717003,3.0788998923374677,1000.0,1,0,0.024460531659682223,0.024460531659682223,0.6541775124305973,0.6541775124305973,4167.244274962308,4167.244274962308,3190.2557250376913,3190.2557250376913,asphalt,1.1575
0.31666666666666665,3.7100704601417407,1.0305751278171502,0.0,0.0,0.0,0.0,1.0305751278171502,0.0,0.16887455078560065,3.0594393736190106,1000.0,1,0,0.025746912843280997,0.025746912843280997,0.6527631718302132,0.6527631718302132,4168.709899376604,4168.709899376604,3188.7901006233956,3188.7901006233956,asphalt,1.1575
0.3333333333333333,3.892911010412518,1.0813641695590328,0.0,0.0,0.0,0.0,1.0813641695590328,0.0,0.1865802748119208,3.0400994072832432,1000.0,1,0,0.027024266072955883,0.027024266072955883,0.6513565206645567,0.6513565206645567,4170.16644525743,4170.16644525743,3187.3335547425695,3187.3335547425695,asphalt,1.1575
0.35,4.0745956599278355,1.1318321277577321,0.0,0.0,0.0,0.0,1.1318321277577321,0.0,0.2051291356483432,3.0208792777299998,1000.0,1,0,0.028292659455562474,0.028292659455562474,0.6499575252768833,0.6499575252768833,4171.613966487455,4171.613966487455,3185.886033512544,3185.886033512544,asphalt,1.1575
0.36666666666666664,4.255131572185956,1.1819809922738767,0.0,0.0,0.0,0.0,1.1819809922738767,0.0,0.22451580264563195,3.0017782732076626,1000.0,1,0,0.029552160522438357,0.029552160522438357,0.6485661520642277,0.6485661520642277,4173.052516659668,4173.052516659668,3184.4474833403315,3184.4474833403315,asphalt,1.1575
0.3833333333333333,4.434525868123852,1.2318127411455144,0.0,0.0,0.0,0.0,1.2318127411455144,0.0,0.24473497819565987,2.982795685797548,1000.0,1,0,0.03080283623505187,0.03080283623505187,0.647182367478487,0.647182367478487,4174.482149078541,4174.482149078541,3183.0178509214584,3183.0178509214584,asphalt,1.1575
0.39999999999999997,4.612785626346609,1.2813293406518358,0.0,0.0,0.0,0.0,1.2813293406518358,0.0,0.2657813975350298,2.9639308113985585,1000.0,1,0,0.03204475299058572,0.03204475299058572,0.645806138027486,0.645806138027486,4175.902916761189,4175.902916761189,3181.5970832388102,3181.5970832388102,asphalt,1.1575
0.41666666666666663,4.789917883355888,1.3305327453766356,0.0,0.0,0.0,0.0,1.3305327453766356,0.0,0.28764982854975474,2.9451829497115156,1000.0,1,0,0.03327797662745622,0.03327797662745622,0.644437430276032,0.644437430276032,4177.314872438555,4177.314872438555,3180.1851275614454,3180.1851275614454,asphalt,1.1575
0.4333333333333333,4.965929633777476,1.3794248982715211,0.0,0.0,0.0,0.0,1.3794248982715211,0.0,0.3103350715809936,2.9265514042239182,1000.0,1,0,0.03450257243076949,0.03450257243076949,0.6430762108469469,0.6430762108469469,4178.718068556539,4178.718068556539,3178.7819314434605,3178.7819314434605,asphalt,1.1575
0.44999999999999996,5.140827830587886,1.4280077307188572,0.0,0.0,0.0,0.0,1.4280077307188572,0.0,0.3338319592318374,2.9080354821941157,1000.0,1,0,0.035718605137714486,0.035718605137714486,0.6417224464220933,0.6417224464220933,4180.112557277205,4180.112557277205,3177.387442722794,3177.387442722794,asphalt,1.1575
0.4666666666666666,5.314619385340041,1.476283162594456,0.0,0.0,0.0,0.0,1.476283162594456,0.0,0.3581353561751418,2.8896344946360664,1000.0,1,0,0.03692613894289492,0.03692613894289492,0.6403761037433762,0.6403761037433762,4181.498390479914,4181.498390479914,3176.001609520086,3176.001609520086,asphalt,1.1575
0.4833333333333333,5.4873111683880245,1.5242531023300068,0.0,0.0,0.0,0.0,1.5242531023300068,0.0,0.38324015896240193,2.8713477563036705,1000.0,1,0,0.03812523750359983,0.03812523750359983,0.6390371496137384,0.6390371496137384,4182.875619762506,4182.875619762506,3174.6243802374934,3174.6243802374934,asphalt,1.1575
0.49999999999999994,5.658910009110889,1.5719194469752469,0.0,0.0,0.0,0.0,1.5719194469752469,0.0,0.409141295833665,2.853174585675262,1000.0,1,0,0.03931596394501412,0.03931596394501412,0.637705550898136,0.637705550898136,4184.244296442472,4184.244296442472,3173.2557035575282,3173.2557035575282,asphalt,1.1575
0.5166666666666666,5.829422696135552,1.6192840822598755,0.0,0.0,0.0,0.0,1.6192840822598755,0.0,0.4358337265284763,2.835114304938209,1000.0,1,0,0.04049838086537002,0.04049838086537002,0.6363812745244991,0.6363812745244991,4185.604471558102,4185.604471558102,3171.8955284418976,3171.8955284418976,asphalt,1.1575
0.5333333333333333,5.998855977558742,1.6663488826552062,0.0,0.0,0.0,0.0,1.6663488826552062,0.0,0.46331244209785444,2.81716623997319,1000.0,1,0,0.041672550341039505,0.041672550341039505,0.6350642874846832,0.6350642874846832,4186.956195869684,4186.956195869684,3170.543804130316,3170.543804130316,asphalt,1.1575
0.55,6.167216561168028,1.7131157114355633,0.0,0.0,0.0,0.0,1.7131157114355633,0.0,0.49157246471729155,2.799329720338797,1000.0,1,0,0.042838533931569646,0.042838533931569646,0.6337545568353959,0.6337545568353959,4188.29951986063,4188.29951986063,3169.200480139369,3169.200480139369,asphalt,1.1575
0.5666666666666668,6.334511114661903,1.7595864207394174,0.0,0.0,0.0,0.0,1.7595864207394174,0.0,0.520608847500774,2.7816040792560237,1000.0,1,0,0.043996392684660234,0.043996392684660234,0.6324520496991208,0.6324520496991208,4189.634493738683,4189.634493738683,3167.865506261317,3167.865506261317,asphalt,1.1575
0.5833333333333335,6.50074626586895,1.805762851630264,0.0,0.0,0.0,0.0,1.805762851630264,0.0,0.550416674315819,2.7639886535927616,1000.0,1,0,0.04514618714108562,0.04514618714108562,0.6311567332650186,0.6311567332650186,4190.961167437056,4190.961167437056,3166.5388325629438,3166.5388325629438,asphalt,1.1575
0.6000000000000002,6.66592860296607,1.8516468341572416,0.0,0.0,0.0,0.0,1.8516468341572416,0.0,0.5809910595995239,2.7464827838480765,1000.0,1,0,0.04628797733956079,0.04628797733956079,0.6298685747898178,0.6298685747898178,4192.279590615621,4192.279590615621,3165.220409384379,3165.220409384379,asphalt,1.1575
0.6166666666666669,6.830064674695776,1.8972401874154932,0.0,0.0,0.0,0.0,1.8972401874154932,0.0,0.6123271481756226,2.7290858141369156,1000.0,1,0,0.04742182282155293,0.04742182282155293,0.6285875415986876,0.6285875415986876,4193.589812662048,4193.589812662048,3163.9101873379514,3163.9101873379514,asphalt,1.1575
0.6333333333333336,6.993160990582564,1.9425447196062677,0.0,0.0,0.0,0.0,1.9425447196062677,0.0,0.6444201150725449,2.7117970921745993,1000.0,1,0,0.0485477826360384,0.0485477826360384,0.6273136010861016,0.6273136010861016,4194.8918826929985,4194.8918826929985,3162.608117307001,3162.608117307001,asphalt,1.1575
0.6500000000000004,7.155224021148349,1.9875622280967638,0.0,0.0,0.0,0.0,1.9875622280967638,0.0,0.6772651653424759,2.694615969261207,1000.0,1,0,0.04966591534420676,0.04966591534420676,0.6260467207166861,0.6260467207166861,4196.185849555286,4196.185849555286,3161.3141504447135,3161.3141504447135,asphalt,1.1575
0.6666666666666671,7.3162601981269715,2.0322944994797143,0.0,0.0,0.0,0.0,2.0322944994797143,0.0,0.7108575338814093,2.67754180026607,1000.0,1,0,0.0507762790241121,0.0507762790241121,0.6247868680260482,0.6247868680260482,4197.471761827023,4197.471761827023,3160.028238172976,3160.028238172976,asphalt,1.1575
0.6833333333333338,7.476275914677775,2.076743309632715,0.0,0.0,0.0,0.0,2.076743309632715,0.0,0.7451924852501909,2.66057394361237,1000.0,1,0,0.05187893127527199,0.05187893127527199,0.6235340106216007,0.6235340106216007,4198.749667818811,4198.749667818811,3158.7503321811887,3158.7503321811887,asphalt,1.1575
0.7000000000000005,7.635277525598252,2.120910423777292,0.0,0.0,0.0,0.0,2.120910423777292,0.0,0.7802653134965493,2.6437117612616845,1000.0,1,0,0.05297392922321564,0.05297392922321564,0.6222881161833603,0.6222881161833603,4200.019615574873,4200.019615574873,3157.480384425127,3157.480384425127,asphalt,1.1575
0.7166666666666672,7.793271347535773,2.164797596537715,0.0,0.0,0.0,0.0,2.164797596537715,0.0,0.8160713419781072,2.6269546186983206,1000.0,1,0,0.05406132952398084,0.05406132952398084,0.6210491524647468,0.6210491524647468,4201.2816528742505,4201.2816528742505,3156.218347125749,3156.218347125749,asphalt,1.1575
0.733333333333334,7.9502636591983755,2.2084065719995487,0.0,0.0,0.0,0.0,2.2084065719995487,0.0,0.8526059231863709,2.610301884914392,1000.0,1,0,0.05514118836856112,0.05514118836856112,0.6198170872933583,0.6198170872933583,4202.535827231955,4202.535827231955,3154.964172768044,3154.964172768044,asphalt,1.1575
0.7500000000000007,8.106260701564626,2.2517390837679514,0.0,0.0,0.0,0.0,2.2517390837679514,0.0,0.8898644385716927,2.593752932393514,1000.0,1,0,0.05621356148730386,0.05621356148730386,0.6185918885717325,0.6185918885717325,4203.782185900117,4203.782185900117,3153.7178140998826,3153.7178140998826,asphalt,1.1575
0.7666666666666674,8.261268678092563,2.294796855025712,0.0,0.0,0.0,0.0,2.294796855025712,0.0,0.927842298369203,2.577307137096092,1000.0,1,0,0.05727850415425924,0.05727850415425924,0.617373524278099,0.617373524278099,4205.020775869143,4205.020775869143,3152.479224130856,3152.479224130856,asphalt,1.1575
0.7833333333333341,8.41529375492772,2.3375815985910333,0.0,0.0,0.0,0.0,2.3375815985910333,0.0,0.9665349414257048,2.560963878443765,1000.0,1,0,0.058336071191480994,0.058336071191480994,0.6161619624671213,0.6161619624671213,4206.251643868909,4206.251643868909,3151.2483561310905,3151.2483561310905,asphalt,1.1575
0.8000000000000008,8.568342061110206,2.380095016975057,0.0,0.0,0.0,0.0,2.380095016975057,0.0,1.0059378350275323,2.544722539303841,1000.0,1,0,0.05938631697328022,0.05938631697328022,0.6149571712706147,0.6149571712706147,4207.474836369882,4207.474836369882,3150.0251636301173,3150.0251636301173,asphalt,1.1575
0.8166666666666675,8.720419688780881,2.4223388024391337,0.0,0.0,0.0,0.0,2.4223388024391337,0.0,1.0460464747293619,2.5285825059738443,1000.0,1,0,0.06042929543043187,0.06042929543043187,0.6137591188982602,0.6137591188982602,4208.69039958429,4208.69039958429,3148.809600415709,3148.809600415709,asphalt,1.1575
0.8333333333333343,8.871532693386598,2.464314637051833,0.0,0.0,0.0,0.0,2.464314637051833,0.0,1.0868563841839765,2.512543168166488,1000.0,1,0,0.06146506005433498,0.06146506005433498,0.6125677736383035,0.6125677736383035,4209.898379467288,4209.898379467288,3147.601620532712,3147.601620532712,asphalt,1.1575
0.850000000000001,9.021687093884529,2.5060241927457025,0.0,0.0,0.0,0.0,2.5060241927457025,0.0,1.1283631149729783,2.4966039189941114,1000.0,1,0,0.062493663901127476,0.062493663901127476,0.6113831038582366,0.6113831038582366,4211.098821718087,4211.098821718087,3146.401178281913,3146.401178281913,asphalt,1.1575
0.8666666666666677,9.170888872945564,2.547469131373768,0.0,0.0,0.0,0.0,2.547469131373768,0.0,1.1705622464384438,2.4807641549533344,1000.0,1,0,0.06351515959575527,0.06351515959575527,0.610205078005476,0.610205078005476,4212.29177178115,4212.29177178115,3145.2082282188494,3145.2082282188494,asphalt,1.1575
0.8833333333333344,9.319143977156807,2.5886511047657796,0.0,0.0,0.0,0.0,2.5886511047657796,0.0,1.2134493855155173,2.4650232759098145,1000.0,1,0,0.06452959933599796,0.06452959933599796,0.6090336646080117,0.6090336646080117,4213.477274847285,4213.477274847285,3144.022725152715,3144.022725152715,asphalt,1.1575
0.9000000000000011,9.466458317223129,2.6295717547842026,0.0,0.0,0.0,0.0,2.6295717547842026,0.0,1.2570201665659408,2.4493806850829003,1000.0,1,0,0.06553703489644916,0.06553703489644916,0.6078688322750646,0.6078688322750646,4214.655375854848,4214.655375854848,3142.8446241451516,3142.8446241451516,asphalt,1.1575
0.9166666666666679,9.612837768167838,2.6702327133799546,0.0,0.0,0.0,0.0,2.6702327133799546,0.0,1.3012702512125125,2.4338357890303897,1000.0,1,0,0.06653751763245452,0.06653751763245452,0.6067105496977114,0.6067105496977114,4215.8261194908555,4215.8261194908555,3141.673880509144,3141.673880509144,asphalt,1.1575
0.9333333333333346,9.75828816953239,2.710635602647886,0.0,0.0,0.0,0.0,2.710635602647886,0.0,1.3461953281744734,2.4183879976333955,1000.0,1,0,0.06753109848400601,0.06753109848400601,0.605558785649515,0.605558785649515,4216.989550192167,4216.989550192167,3140.510449807832,3140.510449807832,asphalt,1.1575
0.9500000000000013,9.902815325575235,2.75078203488201,0.0,0.0,0.0,0.0,2.75078203488201,0.0,1.3917911131038143,2.403036724080785,1000.0,1,0,0.06851782797959487,0.06851782797959487,0.6044135089871226,0.6044135089871226,4218.145712146585,4218.145712146585,3139.3542878534145,3139.3542878534145,asphalt,1.1575
0.966666666666668,10.04642500546971,2.7906736126304748,0.0,0.0,0.0,0.0,2.7906736126304748,0.0,1.4380533484225029,2.387781384854577,1000.0,1,0,0.06949775624002164,0.06949775624002164,0.6032746886508717,0.6032746886508717,4219.294649294039,4219.294649294039,3138.2053507059604,3138.2053507059604,asphalt,1.1575
0.9833333333333347,10.18912294350104,2.8303119287502887,0.0,0.0,0.0,0.0,2.8303119287502887,0.0,1.4849778031606218,2.3726213997139567,1000.0,1,0,0.0704709329821659,0.0704709329821659,0.6021422936653694,0.6021422936653694,4220.43640532771,4220.43640532771,3137.0635946722896,3137.0635946722896,asphalt,1.1575
1.0000000000000013,10.330914839262432,2.8696985664617864,0.0,0.0,0.0,0.0,2.8696985664617864,0.0,1.5325602727954177,2.3575561916809917,1000.0,1,0,0.0714374075227148,0.0714374075227148,0.6010162931400639,0.6010162931400639,4221.571023695159,4221.571023695159,3135.928976304841,3135.928976304841,asphalt,1.1575
1.016666666666668,10.47180635785025,2.908835099402847,0.0,0.0,0.0,0.0,2.908835099402847,0.0,1.5807965790912553,2.3425851870248593,1000.0,1,0,0.07239722878185126,0.07239722878185126,0.5998966562698083,0.5998966562698083,4222.698547599488,4222.698547599488,3134.801452400511,3134.801452400511,asphalt,1.1575
1.0333333333333345,10.611803130058288,2.9477230916828576,0.0,0.0,0.0,0.0,2.9477230916828576,0.0,1.6296825699404716,2.327707815246818,1000.0,1,0,0.07335044528690265,0.07335044528690265,0.5987833523354045,0.5987833523354045,4223.819020000458,4223.819020000458,3133.6809799995413,3133.6809799995413,asphalt,1.1575
1.0500000000000012,10.75091075257114,2.986364097936428,0.0,0.0,0.0,0.0,2.986364097936428,0.0,1.6792141192051289,2.312923509065712,1000.0,1,0,0.07429710517594998,0.07429710517594998,0.5976763507041458,0.5976763507041458,4224.9324836156475,4224.9324836156475,3132.567516384352,3132.567516384352,asphalt,1.1575
1.0666666666666678,10.889137187436367,3.0247603298434353,0.0,0.0,0.0,0.0,3.0247603298434353,0.0,1.7293871293366012,2.298391656381753,1000.0498420960438,1,0,0.07523725620139926,0.07523725620139926,0.5966044004488521,0.5966044004488521,4226.038980921534,4226.038980921534,3131.461019078465,3131.461019078465,asphalt,1.1575
1.0833333333333344,11.026708246579494,3.062974512938748,0.0,0.0,0.0,0.0,3.062974512938748,0.0,1.7801980062367146,2.2907099459625258,1002.2095965819144,1,0,0.07617787013722546,0.07617787013722546,0.596691936820203,0.596691936820203,4226.800962447092,4226.800962447092,3130.6990375529067,3130.6990375529067,asphalt,1.1575
1.100000000000001,11.164140288397965,3.101150080110546,0.0,0.0,0.0,0.0,3.101150080110546,0.0,1.8316452100390757,2.2913304162600667,1006.9480796438866,1,0,0.0771285076773827,0.0771285076773827,0.5981440634776525,0.5981440634776525,4226.894853682011,4226.894853682011,3130.6051463179892,3130.6051463179892,asphalt,1.1575
1.1166666666666676,11.3018547545828,3.139404098495222,0.0,0.0,0.0,0.0,3.139404098495222,0.0,1.8837293580770988,2.2982739676937314,1013.6635110728395,1,0,0.07808980675443675,0.07808980675443675,0.6006387011182259,0.6006387011182259,4226.479713616352,4226.479713616352,3131.020286383648,3131.020286383648,asphalt,1.1575
1.1333333333333342,11.440172418032365,3.1778256716756568,0.0,0.0,0.0,0.0,3.1778256716756568,0.0,1.9364527176952695,2.310028966024724,1021.8962193128903,1,0,0.07906222263113058,0.07906222263113058,0.6039290414743536,0.6039290414743536,4225.677191020434,4225.677191020434,3131.8228089795657,3131.8228089795657,asphalt,1.1575
1.1500000000000008,11.57933739999551,3.2164826111098637,0.0,0.0,0.0,0.0,3.2164826111098637,0.0,1.9898188118857774,2.3254467404084167,1031.2969227739009,1,0,0.08004608755684255,0.08004608755684255,0.6078271530052674,0.6078271530052674,4224.579842507217,4224.579842507217,3132.9201574927824,3132.9201574927824,asphalt,1.1575
1.1666666666666674,11.719535751109113,3.255426597530309,0.0,0.0,0.0,0.0,3.255426597530309,0.0,2.043832119926915,2.3436587860330604,1041.601584282258,1,0,0.08104165272477966,0.08104165272477966,0.6121907777255601,0.6121907777255601,4223.257736682889,4223.257736682889,3134.24226331711,3134.24226331711,asphalt,1.1575
1.183333333333334,11.860909745826602,3.2946971516185006,0.0,0.0,0.0,0.0,3.2946971516185006,0.0,2.0984978512675023,2.3640116684023837,1052.611631215936,1,0,0.08204911747525402,0.08204911747525402,0.6169128327468844,0.6169128327468844,4221.763655985337,4221.763655985337,3135.736344014663,3135.736344014663,asphalt,1.1575
1.2000000000000006,12.003568821034325,3.3343246725095343,0.0,0.0,0.0,0.0,3.3343246725095343,0.0,2.1538217755780926,2.3860161990604567,1064.1785048530905,1,0,0.08306864936823874,0.08306864936823874,0.6219131499748548,0.6219131499748548,4220.137164885397,4220.137164885397,3137.3628351146026,3137.3628351146026,asphalt,1.1575
1.2166666666666672,12.147597904717284,3.3743327513103565,0.0,0.0,0.0,0.0,3.3743327513103565,0.0,2.20981009565197,2.409308004438202,1076.19166806765,1,0,0.08410039777083518,0.08410039777083518,0.6271320345122376,0.6271320345122376,4218.407770975106,4218.407770975106,3139.0922290248936,3139.0922290248936,asphalt,1.1575
1.2333333333333338,12.293063726958975,3.4147399241552705,0.0,0.0,0.0,0.0,3.4147399241552705,0.0,2.26646935283687,2.4336171122299888,1088.5693518460037,1,0,0.08514450288217394,0.08514450288217394,0.632525279943064,0.632525279943064,4216.597366615428,4216.597366615428,3140.9026333845723,3140.9026333845723,asphalt,1.1575
1.2500000000000004,12.440019579869706,3.4555609944082515,0.0,0.0,0.0,0.0,3.4555609944082515,0.0,2.3238063570473284,2.458744620882989,1101.2514542081415,1,0,0.0862011015842423,0.0862011015842423,0.6380603372011766,0.6380603372011766,4214.722104442982,4214.722104442982,3142.777895557018,3142.777895557018,asphalt,1.1575
1.266666666666667,12.58850889140537,3.4968080253903806,0.0,0.0,0.0,0.0,3.4968080253903806,0.0,2.381828135265652,2.484544894708307,1114.1941190299444,1,0,0.08727033111404019,0.08727033111404019,0.6437133880857842,0.6437133880857842,4212.793830492481,4212.793830492481,3144.706169507519,3144.706169507519,asphalt,1.1575
1.2833333333333337,12.738567896698239,3.5384910824161775,0.0,0.0,0.0,0.0,3.5384910824161775,0.0,2.440541893887072,2.510912042676665,1127.365617751373,1,0,0.0883523312644997,0.0883523312644997,0.6494671223777754,0.6494671223777754,4210.821173844075,4210.821173844075,3146.678826155924,3146.678826155924,asphalt,1.1575
1.3000000000000003,12.890227625998136,3.580618784999482,0.0,0.0,0.0,0.0,3.580618784999482,0.0,2.4999549913855312,2.5377696989161436,1140.7432357007028,1,0,0.08944724561188615,0.08944724561188615,0.655309058261181,0.655309058261181,4208.810371159649,4208.810371159649,3148.689628840351,3148.689628840351,asphalt,1.1575
1.3166666666666669,13.043515377539997,3.6231987159833325,0.0,0.0,0.0,0.0,3.6231987159833325,0.0,2.5600749186394913,2.565063334282982,1154.310928842829,1,0,0.09055522211575064,0.09055522211575064,0.6612302795843011,0.6612302795843011,4206.765887716578,4206.765887716578,3150.7341122834214,3150.7341122834214,asphalt,1.1575
1.3333333333333335,13.198455803966688,3.66623772332408,0.0,0.0,0.0,0.0,3.66623772332408,0.0,2.6209092849179534,2.5927544983236928,1168.0575683220213,1,0,0.09167641332872911,0.09167641332872911,0.6672244910671702,0.6672244910671702,4204.6908830394705,4204.6908830394705,3152.8091169605286,3152.8091169605286,asphalt,1.1575
1.35,13.355071710118182,3.7097421416994947,0.0,0.0,0.0,0.0,3.7097421416994947,0.0,2.682465808030393,2.620816526308438,1181.9756312646207,1,0,0.09281097637618321,0.09281097637618321,0.6732873147135645,0.6732873147135645,4202.587558447021,4202.587558447021,3154.912441552978,3154.912441552978,asphalt,1.1575
1.3666666666666667,13.513384636208736,3.7537179545024264,0.0,0.0,0.0,0.0,3.7537179545024264,0.0,2.7447523075260296,2.649231352939907,1196.0602287861548,1,0,0.0939590728113237,0.0939590728113237,0.679415768277407,0.679415768277407,4200.457415296583,4200.457415296583,3157.042584703416,3157.042584703416,asphalt,1.1575
1.3833333333333333,13.673415282150474,3.798170911708465,0.0,0.0,0.0,0.0,3.798170911708465,0.0,2.807776700115955,2.6779871581729964,1210.3083876257997,1,0,0.09512086841370282,0.09512086841370282,0.6856078804700682,0.6856078804700682,4198.301446005418,4198.301446005418,3159.1985539945813,3159.1985539945813,asphalt,1.1575
1.4,13.83518381483392,3.8431066152316444,0.0,0.0,0.0,0.0,3.8431066152316444,0.0,2.8715469967080445,2.7070766358757936,1224.7185216836406,1,0,0.09629653297311812,0.09629653297311812,0.6918624083891083,0.6918624083891083,4196.120274698049,4196.120274698049,3161.379725301951,3161.379725301951,asphalt,1.1575
1.4166666666666665,13.998710089576345,3.8885305804378736,0.0,0.0,0.0,0.0,3.8885305804378736,0.0,2.9360713006064176,2.736495726601973,1239.2900451098865,1,0,0.09748624008357205,0.09748624008357205,0.6981786310093051,0.6981786310093051,4193.914260275345,4193.914260275345,3163.5857397246546,3163.5857397246546,asphalt,1.1575
1.4333333333333331,14.164013808932012,3.9344482802588923,0.0,0.0,0.0,0.0,3.9344482802588923,0.0,3.001357806547698,2.7662426946448093,1254.023090432662,1,0,0.0986901669604864,0.0986901669604864,0.7045561990105799,0.7045561990105799,4191.683571576207,4191.683571576207,3165.8164284237923,3165.8164284237923,asphalt,1.1575
1.4499999999999997,14.33111463602305,3.9808651766730696,0.0,0.0,0.0,0.0,3.9808651766730696,0.0,3.0674148003356043,2.7963174593269713,1268.9183042768677,1,0,0.09990849428703553,0.09990849428703553,0.710995026139855,0.710995026139855,4189.4282419075425,4189.4282419075425,3168.071758092457,3168.071758092457,asphalt,1.1575
1.4666666666666663,14.500032275026715,4.027786743062976,0.0,0.0,0.0,0.0,4.027786743062976,0.0,3.1342506589013,2.8267211131615255,1283.9767001346554,1,0,0.10114140609095149,0.10114140609095149,0.7174952110495453,0.7174952110495453,4187.148208391404,4187.148208391404,3170.351791608595,3170.351791608595,asphalt,1.1575
1.483333333333333,14.670786528080304,4.075218480022307,0.0,0.0,0.0,0.0,4.075218480022307,0.0,3.2018738506652817,2.857455576717882,1299.1995528863536,1,0,0.10238908965052286,0.10238908965052286,0.7240569813912424,0.7240569813912424,4184.843340191947,4184.843340191947,3172.6566598080517,3172.6566598080517,asphalt,1.1575
1.4999999999999996,14.843397335358889,4.12316592648858,0.0,0.0,0.0,0.0,4.12316592648858,0.0,3.2702929361119604,2.8885233530012044,1314.5883237241703,1,0,0.10365173542714086,0.10365173542714086,0.7306806540795028,0.7306806540795028,4182.513458637167,4182.513458637167,3174.9865413628327,3174.9865413628327,asphalt,1.1575
1.5166666666666662,15.017884803227844,4.17163466756329,0.0,0.0,0.0,0.0,4.17163466756329,0.0,3.3395165685137784,2.919927353893854,1330.1446071011778,1,0,0.10492953702113533,0.10492953702113533,0.7373666072429083,0.7373666072429083,4180.158351463739,4180.158351463739,3177.3416485362604,3177.3416485362604,asphalt,1.1575
1.5333333333333328,15.194269224008597,4.220630340002388,0.0,0.0,0.0,0.0,4.220630340002388,0.0,3.4095534947603214,2.951670778496762,1345.8700935494437,1,0,0.10622269114756157,0.10622269114756157,0.744115260575114,0.744115260575114,4177.77778282297,4177.77778282297,3179.722217177029,3179.722217177029,asphalt,1.1575
1.5499999999999994,15.372571089896894,4.270158636082471,0.0,0.0,0.0,0.0,4.270158636082471,0.0,3.4804125562612436,2.9837570286295545,1361.7665438650795,1,0,0.10753139762875158,0.10753139762875158,0.7509270616872952,0.7509270616872952,4175.371500247589,4175.371500247589,3182.1284997524103,3182.1284997524103,asphalt,1.1575
1.566666666666666,15.55281110284485,4.320225306345791,0.0,0.0,0.0,0.0,4.320225306345791,0.0,3.5521026899014045,3.0161896507630814,1377.8357713838257,1,0,0.1088558594007731,0.1088558594007731,0.7578024767204006,0.7578024767204006,4172.939239452816,4172.939239452816,3184.5607605471832,3184.5607605471832,asphalt,1.1575
1.5833333333333326,15.735010181689969,4.370836161580547,0.0,0.0,0.0,0.0,4.370836161580547,0.0,3.6246329290334027,3.0489722966271415,1394.0796299752833,1,0,0.11019628253132009,0.11019628253132009,0.764741983959414,0.764741983959414,4170.480727604622,4170.480727604622,3187.019272395378,3187.019272395378,asphalt,1.1575
1.5999999999999992,15.919189467433423,4.421997074287062,0.0,0.0,0.0,0.0,4.421997074287062,0.0,3.6980124044974882,3.082108696905337,1410.5000060481432,1,0,0.11155287624693332,0.11155287624693332,0.7717460695463868,0.7717460695463868,4167.995685511589,4167.995685511589,3189.5043144884103,3189.5043144884103,asphalt,1.1575
1.6166666666666658,16.105370327296747,4.473713979804652,0.0,0.0,0.0,0.0,4.473713979804652,0.0,3.7722503456621883,3.11560264402452,1427.0988133442552,1,0,0.11292585296782058,0.11292585296782058,0.7788152246474211,0.7788152246474211,4165.483829067167,4165.483829067167,3192.016170932833,3192.016170932833,asphalt,1.1575
1.6333333333333324,16.29348043236739,4.525966786768719,0.0,0.0,0.0,0.0,4.525966786768719,0.0,3.847355972771093,3.1431962729233476,1443.877989652468,1,0,0.11431542834887502,0.11431542834887502,0.7848455475109293,0.7848455475109293,4162.944870174875,4162.944870174875,3194.5551298251244,3194.5551298251244,asphalt,1.1575
1.649999999999999,16.48233123394625,4.578425342762848,0.0,0.0,0.0,0.0,4.578425342762848,0.0,3.923335044627583,3.150133872657932,1460.8388747062256,1,0,0.11565901770424873,0.11565901770424873,0.7877246012213089,0.7877246012213089,4162.387158370086,4162.387158370086,3195.1128416299134,3195.1128416299134,asphalt,1.1575
1.6666666666666656,16.67160719420786,4.6310019983910715,0.0,0.0,0.0,0.0,4.6310019983910715,0.0,4.000189650877785,3.1573070939519,1477.9773361247555,1,0,0.11700529820879264,0.11700529820879264,0.7906542576505439,0.7906542576505439,4161.852085033515,4161.852085033515,3195.6479149664838,3195.6479149664838,asphalt,1.1575
1.6833333333333322,16.861321800508698,4.683700500141305,0.0,0.0,0.0,0.0,4.683700500141305,0.0,4.077921799291401,3.164697709341553,1495.2828730054302,1,0,0.11835546569582615,0.11835546569582615,0.7936216971232316,0.7936216971232316,4161.30027470932,4161.30027470932,3196.1997252906804,3196.1997252906804,asphalt,1.1575
1.6999999999999988,17.051487247091003,4.736524235303056,0.0,0.0,0.0,0.0,4.736524235303056,0.0,4.156533556428156,3.1722827395433484,1512.7419231421,1,0,0.11970957825267538,0.11970957825267538,0.7966233416564844,0.7966233416564844,4160.733396715965,4160.733396715965,3196.7666032840343,3196.7666032840343,asphalt,1.1575
1.7166666666666655,17.242114292651994,4.789476192403332,0.0,0.0,0.0,0.0,4.789476192403332,0.0,4.236027041166568,3.1800380300936837,1530.340092984621,1,0,0.12106767776292267,0.12106767776292267,0.7996554364098452,0.7996554364098452,4160.153263549107,4160.153263549107,3197.3467364508924,3197.3467364508924,asphalt,1.1575
1.733333333333332,17.43321227346647,4.842558964851797,0.0,0.0,0.0,0.0,4.842558964851797,0.0,4.316404418054121,3.1879403317971367,1548.063461138878,1,0,0.12242979482555989,0.12242979482555989,0.8027143719665022,0.8027143719665022,4159.561650595431,4159.561650595431,3197.9383494045683,3197.9383494045683,asphalt,1.1575
1.7499999999999987,17.624789202837853,4.895774778566071,0.0,0.0,0.0,0.0,4.895774778566071,0.0,4.397667890987883,3.1959684081416384,1565.8992783696526,1,0,0.12379595231109511,0.12379595231109511,0.8057968553201716,0.8057968553201716,4158.960197494002,4158.960197494002,3198.5398025059967,3198.5398025059967,asphalt,1.1575
1.7666666666666653,17.816851912500223,4.949125531250062,0.0,0.0,0.0,0.0,4.949125531250062,0.0,4.479819697489512,3.204103525794011,1583.8362841250091,1,0,0.12516616790707527,0.12516616790707527,0.8088999850593347,0.8088999850593347,4158.350361633161,4158.350361633161,3199.1496383668386,3199.1496383668386,asphalt,1.1575
1.7833333333333319,18.009406208388143,5.002612835663372,0.0,0.0,0.0,0.0,5.002612835663372,0.0,4.562862103684117,3.212329567637653,1601.8647876821713,1,0,0.1265404559199937,0.1265404559199937,0.8120212680372876,0.8120212680372876,4157.73340387276,4157.73340387276,3199.7665961272387,3199.7665961272387,asphalt,1.1575
1.7999999999999985,18.202457024386963,5.056238062329712,0.0,0.0,0.0,0.0,5.056238062329712,0.0,4.646797399998816,3.220632926963418,1619.976612133639,1,0,0.12791882853440145,0.12791882853440145,0.815158602203117,0.815158602203117,4157.110393249504,4157.110393249504,3200.3896067504957,3200.3896067504957,asphalt,1.1575
1.816666666666665,18.39600856501006,5.110002379169461,0.0,0.0,0.0,0.0,5.110002379169461,0.0,4.7316278975433494,3.2290022858523315,1638.1649651267217,1,0,0.12930129667920937,0.12930129667920937,0.8183102416046247,0.8183102416046247,4156.482222017004,4156.482222017004,3201.0177779829955,3201.0177779829955,asphalt,1.1575
1.8333333333333317,18.590064432645068,5.163906786845852,0.0,0.0,0.0,0.0,5.163906786845852,0.0,4.817355925107541,3.237428342983719,1656.4242769113087,1,0,0.13068787061243173,0.13068787061243173,0.8214747536836086,0.8214747536836086,4155.849625505176,4155.849625505176,3201.6503744948236,3201.6503744948236,asphalt,1.1575
1.8499999999999983,18.784627737924627,5.217952149423507,0.0,0.0,0.0,0.0,5.217952149423507,0.0,4.903983826699168,3.2459035307016393,1674.750030537779,1,0,0.13207856030627255,0.13207856030627255,0.8246509750291505,0.8246509750291505,4155.213203396528,4155.213203396528,3202.286796603472,3202.286796603472,asphalt,1.1575
1.866666666666665,18.97970119350303,5.272139220417508,0.0,0.0,0.0,0.0,5.272139220417508,0.0,4.991513959544493,3.2544217443509638,1693.138598634741,1,0,0.1334733756923832,0.1334733756923832,0.8278379691402423,0.8278379691402423,4154.573440420819,4154.573440420819,3202.9265595791803,3202.9265595791803,asphalt,1.1575
1.8833333333333315,19.17528719246962,5.326468664574895,0.0,0.0,0.0,0.0,5.326468664574895,0.0,5.079948692477929,3.2629780959945975,1711.5870944279777,1,0,0.1348723268106247,0.1348723268106247,0.8310349880551346,0.8310349880551346,4153.9307253858715,4153.9307253858715,3203.569274614128,3203.569274614128,asphalt,1.1575
1.8999999999999981,19.371387873081872,5.380941075856075,0.0,0.0,0.0,0.0,5.380941075856075,0.0,5.169290404654498,3.271568697714713,1730.0932403734437,1,0,0.13627542389245298,0.13627542389245298,0.8342414386358381,0.8342414386358381,4153.285368045107,4153.285368045107,3204.214631954892,3204.214631954892,asphalt,1.1575
1.9166666666666647,19.56800517164603,5.435556992123897,0.0,0.0,0.0,0.0,5.435556992123897,0.0,5.259541484527019,3.280190475508178,1748.6552551556647,1,0,0.13768267740100573,0.13768267740100573,0.837456853646981,0.837456853646981,4152.637613662451,4152.637613662451,3204.8623863375483,3204.8623863375483,asphalt,1.1575
1.9333333333333313,19.765140865335965,5.490316907037768,0.0,0.0,0.0,0.0,5.490316907037768,0.0,5.350704329038381,3.2888410123573664,1767.2717582851326,1,0,0.13909409804340642,0.13909409804340642,0.8406808673955185,0.8406808673955185,4151.987655344815,4151.987655344815,3205.512344655185,3205.512344655185,asphalt,1.1575
1.949999999999998,19.962796606604382,5.545221279612329,0.0,0.0,0.0,0.0,5.545221279612329,0.0,5.442781342987144,3.297518417803289,1785.9416907272634,1,0,0.14050969676601036,0.14050969676601036,0.8439131955045559,0.8439131955045559,4151.335644326161,4151.335644326161,3206.1643556738386,3206.1643556738386,asphalt,1.1575
1.9666666666666646,20.160973950656963,5.600270541849156,0.0,0.0,0.0,0.0,5.600270541849156,0.0,5.535774938531894,3.3062212207984487,1804.664249647906,1,0,0.1419294847398922,0.1419294847398922,0.8471536183140159,0.8471536183140159,4150.681698438582,4150.681698438582,3206.8183015614172,3206.8183015614172,asphalt,1.1575
1.9833333333333312,20.359674377262277,5.655465104795077,0.0,0.0,0.0,0.0,5.655465104795077,0.0,5.629687534805969,3.3149482825403,1823.4388352894139,1,0,0.14335347334142384,0.14335347334142384,0.8504019673888115,0.8504019673888115,4150.0259090197205,4150.0259090197205,3207.4740909802786,3207.4740909802786,asphalt,1.1575
1.9999999999999978,20.558899307976876,5.71080536332691,0.0,0.0,0.0,0.0,5.71080536332691,0.0,5.724521557619541,3.323698726133273,1842.265008079941,1,0,0.14478167413108917,0.14478167413108917,0.8536581146420468,0.8536581146420468,4149.368346497097,4149.368346497097,3208.1316535029027,3208.1316535029027,asphalt,1.1575
2.0166666666666644,20.758650119687037,5.766291699913065,0.0,0.0,0.0,0.0,5.766291699913065,0.0,5.820279439230486,3.332471880234067,1861.1424542509621,1,0,0.1462140988324765,0.1462140988324765,0.8569219636279106,0.8569219636279106,4148.709064869979,4148.709064869979,3208.790935130021,3208.790935130021,asphalt,1.1575
2.033333333333331,20.95892815521049,5.821924487558469,0.0,0.0,0.0,0.0,5.821924487558469,0.0,5.9169636181692,3.341267234173202,1880.070958446159,1,0,0.14765075931258423,0.14765075931258423,0.8601934426141373,0.8601934426141373,4148.0481052836,4148.0481052836,3209.4518947163992,3209.4518947163992,asphalt,1.1575
2.0499999999999976,21.159734731564836,5.877704092101343,0.0,0.0,0.0,0.0,5.877704092101343,0.0,6.014576539105548,3.3500844024143817,1899.0503820195217,1,0,0.14909166756403333,0.14909166756403333,0.8634724991001362,0.8634724991001362,4147.385498863545,4147.385498863545,3210.1145011364542,3210.1145011364542,asphalt,1.1575
2.066666666666664,21.3610711463935,5.933630873998194,0.0,0.0,0.0,0.0,5.933630873998194,0.0,6.113120652748595,3.3589230965414885,1918.080645925052,1,0,0.1505368356894219,0.1505368356894219,0.8667590955001151,0.8667590955001151,4146.721268952314,4146.721268952314,3210.778731047686,3210.778731047686,asphalt,1.1575
2.083333333333331,21.562938682943432,5.989705189706509,0.0,0.0,0.0,0.0,5.989705189706509,0.0,6.212598415771788,3.3677831032763805,1937.161717286042,1,0,0.15198627588783717,0.15198627588783717,0.8700532057584489,0.8700532057584489,4146.0554328662565,4146.0554328662565,3211.444567133743,3211.444567133743,asphalt,1.1575
2.0999999999999974,21.7653386139092,6.045927392752556,0.0,0.0,0.0,0.0,6.045927392752556,0.0,6.313012290757779,3.3766642672992475,1956.2935988948911,1,0,0.15344000044341802,0.15344000044341802,0.8733548127064784,0.8733548127064784,4145.388003269963,4145.388003269963,3212.111996730037,3212.111996730037,asphalt,1.1575
2.116666666666664,21.96827220439296,6.1022978345536,0.0,0.0,0.0,0.0,6.1022978345536,0.0,6.414364746158422,3.385566477869446,1975.4763210341928,1,0,0.1548980217157714,0.1548980217157714,0.8766639060059099,0.8766639060059099,4144.7189892476335,4144.7189892476335,3212.7810107523665,3212.7810107523665,asphalt,1.1575
2.1333333333333306,22.171740714177442,6.158816865049289,0.0,0.0,0.0,0.0,6.158816865049289,0.0,6.516658256266415,3.394489658442126,1994.7099351275479,1,0,0.1563603521320388,0.1563603521320388,0.87998048055397,0.87998048055397,4144.0483971351605,4144.0483971351605,3213.451602864839,3213.451602864839,asphalt,1.1575
2.1499999999999972,22.37574539946674,6.215484833185205,0.0,0.0,0.0,0.0,6.215484833185205,0.0,6.619895301195883,3.403433758634975,2013.994508826325,1,0,0.15782700418038426,0.15782700418038426,0.8833045352505398,0.8833045352505398,4143.376231164413,4143.376231164413,3214.1237688355864,3214.1237688355864,asphalt,1.1575
2.166666666666664,22.5802875142161,6.27230208728225,0.0,0.0,0.0,0.0,6.27230208728225,0.0,6.724078366869784,3.4123987480311513,2033.3301222188325,1,0,0.1592979904046969,0.1592979904046969,0.8866360720479002,0.8866360720479002,4142.702493960581,4142.702493960581,3214.7975060394187,3214.7975060394187,asphalt,1.1575
2.1833333333333305,22.785368311145216,6.329268975318115,0.0,0.0,0.0,0.0,6.329268975318115,0.0,6.82920994501253,3.4213846114125346,2052.716864913615,1,0,0.16077332340031114,0.16077332340031114,0.8899750952203302,0.8899750952203302,4142.027186925043,4142.027186925043,3215.472813074957,3215.472813074957,asphalt,1.1575
2.199999999999997,22.990989042508428,6.38638584514123,0.0,0.0,0.0,0.0,6.38638584514123,0.0,6.935292533146577,3.4303913451024926,2072.1548338012108,1,0,0.16225301581057602,0.16225301581057602,0.8933216108041452,0.8933216108041452,4141.350310529275,4141.350310529275,3216.1496894707243,3216.1496894707243,asphalt,1.1575
2.2166666666666637,23.1971509606787,6.443653044632972,0.0,0.0,0.0,0.0,6.443653044632972,0.0,7.04232863459201,3.4394189541653475,2091.64413134084,1,0,0.16373708032412043,0.16373708032412043,0.8966756261694865,0.8966756261694865,4140.67186453996,4140.67186453996,3216.8281354600394,3216.8281354600394,asphalt,1.1575
2.2333333333333303,23.403855318589255,6.501070921830348,0.0,0.0,0.0,0.0,6.501070921830348,0.0,7.150320758468424,3.448467450270698,2111.1848642520436,1,0,0.16522552967268656,0.16522552967268656,0.9000371496936437,0.9000371496936437,4139.99184819101,4139.99184819101,3217.5081518089896,3217.5081518089896,asphalt,1.1575
2.249999999999997,23.61110337006669,6.558639825018525,0.0,0.0,0.0,0.0,6.558639825018525,0.0,7.25927141969851,3.457536850063363,2130.7771425178466,1,0,0.16671837662943229,0.16671837662943229,0.9034061905123423,0.9034061905123423,4139.310260314523,4139.310260314523,3218.1897396854765,3218.1897396854765,asphalt,1.1575
2.2666666666666635,23.81889637008156,6.616360102800433,0.0,0.0,0.0,0.0,6.616360102800433,0.0,7.369183139012942,3.4666271739276766,2150.4210786269487,1,0,0.16821563400759398,0.16821563400759398,0.9067827583309254,0.9067827583309254,4138.6270994406605,4138.6270994406605,3218.8729005593395,3218.8729005593395,asphalt,1.1575
2.28333333333333,24.027109968517802,6.674197213477167,0.0,0.0,0.0,0.0,6.674197213477167,0.0,7.480058244199787,3.470298034717203,2170.116786041681,1,0,0.16970839241186536,0.16970839241186536,0.9092736500404801,0.9092736500404801,4138.152317468764,4138.152317468764,3219.3476825312364,3219.3476825312364,asphalt,1.1575
2.2999999999999967,24.235273699557176,6.732020472099215,0.0,0.0,0.0,0.0,6.732020472099215,0.0,7.5918972210501465,3.468861409094899,2189.863776151396,1,0,0.17117752526076033,0.17117752526076033,0.9110360828312389,0.9110360828312389,4138.261466201589,4138.261466201589,3219.2385337984106,3219.2385337984106,asphalt,1.1575
2.3166666666666633,24.4433533884578,6.789820385682722,0.0,0.0,0.0,0.0,6.789820385682722,0.0,7.704699674479324,3.4674816345751935,2209.658974924675,1,0,0.1726461617407204,0.1726461617407204,0.9128070930596275,0.9128070930596275,4138.36625168951,4138.36625168951,3219.1337483104894,3219.1337483104894,asphalt,1.1575
2.33333333333333,24.651352235321387,6.847597843144829,0.0,0.0,0.0,0.0,6.847597843144829,0.0,7.818465224793014,3.4661529084979747,2229.4972185442657,1,0,0.17411431270676295,0.17411431270676295,0.9145858048093541,0.9145858048093541,4138.46708024132,4138.46708024132,3219.0329197586793,3219.0329197586793,asphalt,1.1575
2.3499999999999965,24.859273054736718,6.905353626315755,0.0,0.0,0.0,0.0,6.905353626315755,0.0,7.933193506012613,3.4648685605886698,2249.372484203601,1,0,0.17558198215247603,0.17558198215247603,0.9163712119644036,0.9163712119644036,4138.564444067124,4138.564444067124,3218.935555932876,3218.935555932876,asphalt,1.1575
2.366666666666663,25.06711825584496,6.963088404401378,0.0,0.0,0.0,0.0,6.963088404401378,0.0,8.048884164016515,3.4636218563629484,2269.2786474399327,1,0,0.17704916977876164,0.17704916977876164,0.9181622991241127,0.9181622991241127,4138.658852412372,4138.658852412372,3218.8411475876283,3218.8411475876283,asphalt,1.1575
2.3833333333333298,25.274889856874058,7.0208027380205715,0.0,0.0,0.0,0.0,7.0208027380205715,0.0,8.165536854695992,3.4624064527741893,2289.209914261392,1,0,0.17851587273542674,0.17851587273542674,0.9199581101247704,0.9199581101247704,4138.750791769032,4138.750791769032,3218.7492082309677,3218.7492082309677,asphalt,1.1575
2.3999999999999964,25.482589518125124,7.07849708836809,0.0,0.0,0.0,0.0,7.07849708836809,0.0,8.283151242236345,3.4612166294859747,2309.161043066342,1,0,0.17998208678101293,0.17998208678101293,0.9217577827710166,0.9217577827710166,4138.84070495503,4138.84070495503,3218.65929504497,3218.65929504497,asphalt,1.1575
2.416666666666663,25.690218583237467,7.136171828677074,0.0,0.0,0.0,0.0,7.136171828677074,0.0,8.401726997577581,3.4600473793556574,2329.127434330085,1,0,0.1814478070372989,0.1814478070372989,0.9235605623761617,0.9235605623761617,4138.928982126189,4138.928982126189,3218.571017873811,3218.571017873811,asphalt,1.1575
2.4333333333333296,25.897778122488482,7.1938272562468,0.0,0.0,0.0,0.0,7.1938272562468,0.0,8.521263797073736,3.4588944140413957,2349.1051402767007,1,0,0.18291302846451796,0.18291302846451796,0.9253658025368127,0.9253658025368127,4139.01595906575,4139.01595906575,3218.4840409342487,3218.4840409342487,asphalt,1.1575
2.449999999999996,26.10526897449012,7.251463604025033,0.0,0.0,0.0,0.0,7.251463604025033,0.0,8.641761321348973,3.457754121547154,2369.0908289630756,1,0,0.18437774614677777,0.18437774614677777,0.9271729586864466,0.9271729586864466,4139.101919672659,4139.101919672659,3218.39808032734,3218.39808032734,asphalt,1.1575
2.466666666666663,26.312691784338448,7.3090810512051245,0.0,0.0,0.0,0.0,7.3090810512051245,0.0,8.76321925433695,3.456623499447531,2389.0817250182045,1,0,0.1858419554506715,0.1858419554506715,0.9289815780020166,0.9289815780020166,4139.187100652229,4139.187100652229,3218.312899347771,3218.312899347771,asphalt,1.1575
2.4833333333333294,26.52004703734912,7.366679732596977,0.0,0.0,0.0,0.0,7.366679732596977,0.0,8.885637282484183,3.4555000786771473,2409.07554102117,1,0,0.18730565210105093,0.18730565210105093,0.930791287903173,0.930791287903173,4139.2716971469345,4139.2716971469345,3218.228302853065,3218.228302853065,asphalt,1.1575
2.499999999999996,26.727335088171284,7.424259746714245,0.0,0.0,0.0,0.0,7.424259746714245,0.0,9.009015094096238,3.4543818468561938,2429.0704079714633,1,0,0.1887688322042996,0.1887688322042996,0.9326017844918157,0.9326017844918157,4139.35586853853,4139.35586853853,3218.14413146147,3218.14413146147,asphalt,1.1575
2.5166666666666626,26.934556185456678,7.481821162626855,0.0,0.0,0.0,0.0,7.481821162626855,0.0,9.133352378805707,3.4532671762158174,2449.0648096608106,1,0,0.19023149223979174,0.19023149223979174,0.9344128216927783,0.9344128216927783,4139.439743978064,4139.439743978064,3218.0602560219354,3218.0602560219354,asphalt,1.1575
2.533333333333329,27.14171049246512,7.539364025684756,0.0,0.0,0.0,0.0,7.539364025684756,0.0,9.258648827142489,3.4521547586847134,2469.057523402046,1,0,0.19169362903336898,0.19169362903336898,0.9362242014786384,0.9362242014786384,4139.523427412438,4139.523427412438,3217.9765725875623,3217.9765725875623,asphalt,1.1575
2.549999999999996,27.34879810407864,7.596888362244067,0.0,0.0,0.0,0.0,7.596888362244067,0.0,9.384904130188907,3.4510435491200298,2489.0475680918644,1,0,0.19315523972194248,0.19315523972194248,0.9380357653247189,0.9380357653247189,4139.60700200866,4139.60700200866,3217.892997991339,3217.892997991339,asphalt,1.1575
2.5666666666666624,27.555819060717454,7.654394183532626,0.0,0.0,0.0,0.0,7.654394183532626,0.0,9.512117979304438,3.4499327167141303,2509.0341596911694,1,0,0.19461632171499244,0.19461632171499244,0.939847386898323,0.939847386898323,4139.690533959163,4139.690533959163,3217.8094660408365,3217.8094660408365,asphalt,1.1575
2.583333333333329,27.76277335963164,7.711881488786567,0.0,0.0,0.0,0.0,7.711881488786567,0.0,9.640290065907116,3.4488216040852393,2529.0166736994306,1,0,0.19607687265651244,0.19607687265651244,0.9416589659059313,0.9416589659059313,4139.7740756976655,4139.7740756976655,3217.7259243023336,3217.7259243023336,asphalt,1.1575
2.5999999999999956,27.969660964001314,7.769350267778142,0.0,0.0,0.0,0.0,7.769350267778142,0.0,9.769420081300721,3.4477096932788243,2548.9946139411823,1,0,0.1975368903894318,0.1975368903894318,0.9434704229819088,0.9434704229819088,4139.857668579591,4139.857668579591,3217.6423314204085,3217.6423314204085,asphalt,1.1575
2.6166666666666623,28.17648181022768,7.826800502841023,0.0,0.0,0.0,0.0,7.826800502841023,0.0,9.899507716538734,3.446596577811718,2568.9675868809036,1,0,0.19899637292353825,0.19899637292353825,0.9452816954871909,0.9452816954871909,4139.941345091604,4139.941345091604,3217.5586549083955,3217.5586549083955,asphalt,1.1575
2.633333333333329,28.383235813744612,7.884232170484615,0.0,0.0,0.0,0.0,7.884232170484615,0.0,10.030552662317659,3.4454819398862924,2588.935280674981,1,0,0.2004553184073026,0.2004553184073026,0.947092734086141,0.947092734086141,4140.025130656202,4140.025130656202,3217.4748693437973,3217.4748693437973,asphalt,1.1575
2.6499999999999955,28.58992287362992,7.941645242674977,0.0,0.0,0.0,0.0,7.941645242674977,0.0,10.16255460889369,3.4443655319574162,2608.8974482154035,1,0,0.20191372510360509,0.20191372510360509,0.9489034999781304,0.9489034999781304,4140.109045094214,4140.109045094214,3217.390954905786,3217.390954905786,asphalt,1.1575
2.666666666666662,28.796542876249458,7.9990396878470715,0.0,0.0,0.0,0.0,7.9990396878470715,0.0,10.295513246017835,3.443247161914016,2628.853893492982,1,0,0.2033715913691375,0.2033715913691375,0.9507139626728532,0.9507139626728532,4140.193103802232,4140.193103802232,3217.3068961977674,3217.3068961977674,asphalt,1.1575
2.6833333333333287,29.003095698126387,8.056415471701774,0.0,0.0,0.0,0.0,8.056415471701774,0.0,10.429428262885626,3.4421266812327644,2648.804460691646,1,0,0.2048289156371392,0.2048289156371392,0.9525240982124682,0.9525240982124682,4140.277318695045,4140.277318695045,3217.222681304954,3217.222681304954,asphalt,1.1575
2.6999999999999953,29.209581208192887,8.113772557831357,0.0,0.0,0.0,0.0,8.113772557831357,0.0,10.564299348098254,3.441003975556498,2668.7490255097655,1,0,0.20628569640306146,0.20628569640306146,0.9543338877577926,0.9543338877577926,4140.361698956377,4140.361698956377,3217.1383010436225,3217.1383010436225,asphalt,1.1575
2.716666666666662,29.415999269551936,8.17111090820887,0.0,0.0,0.0,0.0,8.17111090820887,0.0,10.700126189632691,3.4398789572269095,2688.6874882838915,1,0,0.207741932212783,0.207741932212783,0.9561433164687585,0.9561433164687585,4140.446251633886,4140.446251633886,3217.0537483661133,3217.0537483661133,asphalt,1.1575
2.7333333333333285,29.622349740851927,8.22843048356998,0.0,0.0,0.0,0.0,8.22843048356998,0.0,10.8369084748188,3.438751559399549,2708.619768561887,1,0,0.20919762165296513,0.20919762165296513,0.9579523726214649,0.9579523726214649,4140.530982109358,4140.530982109358,3216.9690178906417,3216.9690178906417,asphalt,1.1575
2.749999999999995,29.828632477356525,8.285731243710146,0.0,0.0,0.0,0.0,8.285731243710146,0.0,10.974645890321904,3.4376217314107294,2728.5458008350593,1,0,0.21065276334323652,0.21065276334323652,0.9597610469141097,0.9597610469141097,4140.615894468412,4140.615894468412,3216.884105531587,3216.884105531587,asphalt,1.1575
2.7666666666666617,30.0348473317753,8.34301314771536,0.0,0.0,0.0,0.0,8.34301314771536,0.0,11.113338122129594,3.436489435149923,2748.4655311925294,1,0,0.2121073559298683,0.2121073559298683,0.9615693319232708,0.9615693319232708,4140.700991790724,4140.700991790724,3216.799008209275,3216.799008209275,asphalt,1.1575
2.7833333333333283,30.240994154907288,8.400276154140913,0.0,0.0,0.0,0.0,8.400276154140913,0.0,11.25298485554183,3.435354642223416,2768.378914706256,1,0,0.21356139808070285,0.21356139808070285,0.9633772216790891,0.9633772216790891,4140.78627637677,4140.78627637677,3216.71372362323,3216.71372362323,asphalt,1.1575
2.799999999999995,30.44707279613853,8.457520221149592,0.0,0.0,0.0,0.0,8.457520221149592,0.0,11.393585775163587,3.4342173317450886,2788.285913392657,1,0,0.2150148884810841,0.2150148884810841,0.9651847113343582,0.9651847113343582,4140.87174992488,4140.87174992488,3216.6282500751204,3216.6282500751204,asphalt,1.1575
2.8166666666666615,30.653083103826084,8.514745306618357,0.0,0.0,0.0,0.0,8.514745306618357,0.0,11.535140564899443,3.43307748861875,2808.1864946276605,1,0,0.21646782583063007,0.21646782583063007,0.9669917969072587,0.9669917969072587,4140.957413668674,4140.957413668674,3216.5425863313258,3216.5425863313258,asphalt,1.1575
2.833333333333328,30.859024925593786,8.571951368220496,0.0,0.0,0.0,0.0,8.571951368220496,0.0,11.677648907949719,3.4319351022033118,2828.080629917182,1,0,0.2179202088406567,0.2179202088406567,0.9687984750819545,0.9687984750819545,4141.043268483976,4141.043268483976,3216.456731516024,3216.456731516024,asphalt,1.1575
2.8499999999999948,31.06489810855971,8.629138363488808,0.0,0.0,0.0,0.0,8.629138363488808,0.0,11.82111048680775,3.4307901652836392,2847.9682939453965,1,0,0.21937203623214288,0.21937203623214288,0.9706047430542922,0.9706047430542922,4141.129314971518,4141.129314971518,3216.3706850284816,3216.3706850284816,asphalt,1.1575
2.8666666666666614,31.27070249951086,8.686306249864128,0.0,0.0,0.0,0.0,8.686306249864128,0.0,11.965524983258081,3.4296426732728946,2867.8494638395387,1,0,0.22082330673412998,0.22082330673412998,0.9724105984126262,0.9724105984126262,4141.215553520772,4141.215553520772,3216.284446479228,3216.284446479228,asphalt,1.1575
2.883333333333328,31.476325178701,8.743423660750278,0.0,0.0,0.0,0.0,8.743423660750278,0.0,12.110891913521042,3.4229527181034314,2887.724118603056,1,0,0.22226582703208453,0.22226582703208453,0.973290246647776,0.973290246647776,4141.450710435496,4141.450710435496,3216.049289564504,3216.049289564504,asphalt,1.1575
2.8999999999999946,31.68112662926096,8.800312952572488,0.0,0.0,0.0,0.0,8.800312952572488,0.0,12.257208570650441,3.407612043114767,2907.5916549230465,1,0,0.22365360418041982,0.22365360418041982,0.9729266254696937,0.9729266254696937,4142.606022263236,4142.606022263236,3214.893977736763,3214.893977736763,asphalt,1.1575
2.916666666666661,31.885011104488676,8.856947529024632,0.0,0.0,0.0,0.0,8.856947529024632,0.0,12.40447072736636,3.3923634615629794,2927.4482483380675,1,0,0.2250344941244929,0.2250344941244929,0.9725684638220251,0.9725684638220251,4143.754365042222,4143.754365042222,3213.745634957778,3213.745634957778,asphalt,1.1575
2.933333333333328,32.08798402571901,8.913328896033057,0.0,0.0,0.0,0.0,8.913328896033057,0.0,12.552674154163535,3.3772041085094884,2947.28705478058,1,0,0.2264085371816584,0.2264085371816584,0.972215373825372,0.972215373825372,4144.895939943355,4144.895939943355,3212.604060056645,3212.604060056645,asphalt,1.1575
2.9499999999999944,32.2900506243366,8.969458506760168,0.0,0.0,0.0,0.0,8.969458506760168,0.0,12.701814646093654,3.362130696908565,2967.0999267930038,1,0,0.22777576972550848,0.22777576972550848,0.9718669036449697,0.9718669036449697,4146.030989411772,4146.030989411772,3211.4690105882273,3211.4690105882273,asphalt,1.1575
2.966666666666661,32.491215931316916,9.025337758699143,0.0,0.0,0.0,0.0,9.025337758699143,0.0,12.851888021848168,3.347139889778532,2986.878507407513,1,0,0.22913622577372508,0.22913622577372508,0.9715225928899244,0.9715225928899244,4147.159765320937,4147.159765320937,3210.340234679062,3210.340234679062,asphalt,1.1575
2.9833333333333276,32.69148478281933,9.080967995227592,0.0,0.0,0.0,0.0,9.080967995227592,0.0,13.0028901228424,3.3322285133752416,3006.6148603675088,1,0,0.23048993802850778,0.23048993802850778,0.9711820044356955,0.9711820044356955,4148.28251041387,4148.28251041387,3209.2174895861294,3209.2174895861294,asphalt,1.1575
2.9999999999999942,32.89086183449698,9.136350509582494,0.0,0.0,0.0,0.0,9.136350509582494,0.0,13.154816812352847,3.317393667464188,3026.3017997374286,1,0,0.23183693854100632,0.23183693854100632,0.9708447409672937,0.9708447409672937,4149.399448389589,4149.399448389589,3208.10055161041,3208.10055161041,asphalt,1.1575
3.016666666666661,33.08935157984472,9.191486549956865,0.0,0.0,0.0,0.0,9.191486549956865,0.0,13.307663974733757,3.3026327707020187,3045.93302949156,1,0,0.23317725912045617,0.23317725912045617,0.9705104518719712,0.9705104518719712,4150.510779481143,4150.510779481143,3206.9892205188567,3206.9892205188567,asphalt,1.1575
3.0333333333333274,33.286958369695284,9.246377324915356,0.0,0.0,0.0,0.0,9.246377324915356,0.0,13.46142751472277,3.287943566594862,3065.5031672356686,1,0,0.2345109315724269,0.2345109315724269,0.9701788342558237,0.9701788342558237,4151.61667940648,4151.61667940648,3205.8833205935193,3205.8833205935193,asphalt,1.1575
3.049999999999994,33.48368643116177,9.301024008656048,0.0,0.0,0.0,0.0,9.301024008656048,0.0,13.616103356835655,3.2733241068345365,3085.0077010701266,1,0,0.23583798782482873,0.23583798782482873,0.9698496305782917,0.9698496305782917,4152.717300287296,4152.717300287296,3204.782699712703,3204.782699712703,asphalt,1.1575
3.0666666666666607,33.6795398850999,9.355427745861084,0.0,0.0,0.0,0.0,9.355427745861084,0.0,13.771687444844707,3.2587727228992946,3104.4429113842957,1,0,0.2371584599819567,0.2371584599819567,0.9695226245220614,0.9695226245220614,4153.812772622259,4153.812772622259,3203.6872273777403,3203.6872273777403,asphalt,1.1575
3.0833333333333273,33.87452276165881,9.409589656016335,0.0,0.0,0.0,0.0,9.409589656016335,0.0,13.928175741332536,3.2442879927867807,3123.8057776900864,1,0,0.23847238033402288,0.23847238033402288,0.9691976361205558,0.9691976361205558,4154.903207733093,4154.903207733093,3202.596792266906,3202.596792266906,asphalt,1.1575
3.099999999999994,34.06863901379495,9.463510837165265,0.0,0.0,0.0,0.0,9.463510837165265,0.0,14.085564227311975,3.2298687070486665,3143.0938827674277,1,0,0.23977978134056147,0.23977978134056147,0.9688745167663007,0.9688745167663007,4155.988700326487,4155.988700326487,3201.511299673513,3201.511299673513,asphalt,1.1575
3.1166666666666605,34.26189252880418,9.517192369112273,0.0,0.0,0.0,0.0,9.517192369112273,0.0,14.243848901902757,3.2155138365374114,3162.3053212142277,1,0,0.24108069559982098,0.24108069559982098,0.9685531444595926,0.9685531444595926,4157.069330963191,4157.069330963191,3200.430669036809,3200.430669036809,asphalt,1.1575
3.133333333333327,34.45428713802542,9.570635316118173,0.0,0.0,0.0,0.0,9.570635316118173,0.0,14.403025782056243,3.2012225031066066,3181.438616131645,1,0,0.2423751558119336,0.2423751558119336,0.9682334194857204,0.9682334194857204,4158.145168322367,4158.145168322367,3199.3548316776323,3199.3548316776323,asphalt,1.1575
3.1499999999999937,34.645826624915614,9.623840729143225,0.0,0.0,0.0,0.0,9.623840729143225,0.0,14.563090902320278,3.1869939537880043,3200.492645547749,1,0,0.24366319474075007,0.24366319474075007,0.9679152606004638,0.9679152606004638,4159.2162712099835,4159.2162712099835,3198.2837287900165,3198.2837287900165,asphalt,1.1575
3.1666666666666603,34.836514731709144,9.676809647696984,0.0,0.0,0.0,0.0,9.676809647696984,0.0,14.724040314637255,3.1728275385283666,3219.4665788827137,1,0,0.24494484517716814,0.24494484517716814,0.9675986017379339,0.9675986017379339,4160.282690299299,4160.282690299299,3197.2173097007,3197.2173097007,asphalt,1.1575
3.183333333333327,35.026355164869514,9.729543101352643,0.0,0.0,0.0,0.0,9.729543101352643,0.0,14.88587008816945,3.158722691310061,3238.3598230063462,1,0,0.2462201399055494,0.2462201399055494,0.9672833892162143,0.9672833892162143,4161.344469612299,4161.344469612299,3196.1555303877003,3196.1555303877003,asphalt,1.1575
3.1999999999999935,35.2153515995252,9.782042110979221,0.0,0.0,0.0,0.0,9.782042110979221,0.0,15.048576309146577,3.144678914345036,3257.1719770418545,1,0,0.2474891116739471,0.2474891116739471,0.9669695793963787,0.9669695793963787,4162.401647763372,4162.401647763372,3195.0983522366273,3195.0983522366273,asphalt,1.1575
3.21666666666666,35.40350768306071,9.834307689739086,0.0,0.0,0.0,0.0,9.834307689739086,0.0,15.2121550807314,3.1306957649857736,3275.9027948980474,1,0,0.24875179316831966,0.24875179316831966,0.9666571367419182,0.9666571367419182,4163.454258992223,4163.454258992223,3194.0457410077765,3194.0457410077765,asphalt,1.1575
3.2333333333333267,35.59082703801159,9.886340843892109,0.0,0.0,0.0,0.0,9.886340843892109,0.0,15.376602522899873,3.1167728449695176,3294.552154478115,1,0,0.2500082169906327,0.2500082169906327,0.9663460322238224,0.9663460322238224,4164.502334013692,4164.502334013692,3192.997665986307,3192.997665986307,asphalt,1.1575
3.2499999999999933,35.77731326439026,9.938142573441738,0.0,0.0,0.0,0.0,9.938142573441738,0.0,15.541914772333039,3.10290979165174,3313.1200325589098,1,0,0.25125841564052304,0.25125841564052304,0.9660362420193052,0.9660362420193052,4165.545900712134,4165.545900712134,3191.9540992878656,3191.9540992878656,asphalt,1.1575
3.26666666666666,35.962969941549495,9.989713872652636,0.0,0.0,0.0,0.0,9.989713872652636,0.0,15.708087982318274,3.0891062708997197,3331.6064844226053,1,0,0.2525024215001725,0.2525024215001725,0.9657277464564807,0.9657277464564807,4166.5849847048285,4166.5849847048285,3190.915015295171,3190.915015295171,asphalt,1.1575
3.2833333333333266,36.14780062967249,10.04105573046458,0.0,0.0,0.0,0.0,10.04105573046458,0.0,15.875118322658091,3.075361971363151,3350.0116274290076,1,0,0.25374026682196976,0.25374026682196976,0.9654205291630358,0.9654205291630358,4167.619609796824,4167.619609796824,3189.880390203176,3189.880390203176,asphalt,1.1575
3.299999999999993,36.33180887096251,10.092169130822919,0.0,0.0,0.0,0.0,10.092169130822919,0.0,16.043001979584925,3.061676599875369,3368.3356278269507,1,0,0.2549719837185609,0.2549719837185609,0.9651145763826232,0.9651145763826232,4168.649798346491,4168.649798346491,3188.850201653509,3188.850201653509,asphalt,1.1575
3.3166666666666598,36.514998190592216,10.143055052942282,0.0,0.0,0.0,0.0,10.143055052942282,0.0,16.211735155680714,3.048049877777146,3386.578690208734,1,0,0.25619760415493037,0.25619760415493037,0.964809876428066,0.964809876428066,4169.675571557955,4169.675571557955,3187.824428442045,3187.824428442045,asphalt,1.1575
3.3333333333333264,36.69737209746112,10.193714471516977,0.0,0.0,0.0,0.0,10.193714471516977,0.0,16.381314069800304,3.0344815379886825,3404.7410491079377,1,0,0.2574171599421794,0.2574171599421794,0.964506419245539,0.964506419245539,4170.69694971419,4170.69694971419,3186.8030502858096,3186.8030502858096,asphalt,1.1575
3.349999999999993,36.87893408480058,10.24414835688905,0.0,0.0,0.0,0.0,10.24414835688905,0.0,16.55173495699792,3.020971322682726,3422.8229623262087,1,0,0.25863068273270395,0.25863068273270395,0.964204196068328,0.964204196068328,4171.713952362345,4171.713952362345,3185.7860476376545,3185.7860476376545,asphalt,1.1575
3.3666666666666596,37.059687630657955,10.294357675182765,0.0,0.0,0.0,0.0,10.294357675182765,0.0,16.72299406845606,3.0075189814436953,3440.824705648319,1,0,0.2598382040165191,0.2598382040165191,0.9639031991425413,0.9639031991425413,4172.726598460729,4172.726598460729,3184.7734015392707,3184.7734015392707,asphalt,1.1575
3.383333333333326,37.23963619828503,10.344343388412508,0.0,0.0,0.0,0.0,10.344343388412508,0.0,16.89508767141636,2.9941242698126302,3458.746568667467,1,0,0.26103975511854777,0.26103975511854777,0.9636034215102549,0.9636034215102549,4173.7349064947,4173.7349064947,3183.765093505299,3183.765093505299,asphalt,1.1575
3.399999999999993,37.418783236451205,10.394106454569778,0.0,0.0,0.0,0.0,10.394106454569778,0.0,17.06801204911202,2.980786948140377,3476.5888514953062,1,0,0.26223536719666035,0.26223536719666035,0.9633048568385851,0.9633048568385851,4174.738894568258,4174.738894568258,3182.7611054317417,3182.7611054317417,asphalt,1.1575
3.4166666666666594,37.59713217969718,10.44364782769366,0.0,0.0,0.0,0.0,10.44364782769366,0.0,17.241763500701516,2.9675067806850564,3494.3518621747917,1,0,0.26342507124033104,0.26342507124033104,0.9630074992852101,0.9630074992852101,4175.738580476168,4175.738580476168,3181.761419523832,3181.761419523832,asphalt,1.1575
3.433333333333326,37.77468644854207,10.492968457928352,0.0,0.0,0.0,0.0,10.492968457928352,0.0,17.41633834120333,2.954283534904789,3512.03591464973,1,0,0.26460889806980326,0.26460889806980326,0.9627113433927074,0.9627113433927074,4176.733981760453,4176.733981760453,3180.7660182395466,3180.7660182395466,asphalt,1.1575
3.4499999999999926,37.95144944965394,10.54206929157054,0.0,0.0,0.0,0.0,10.54206929157054,0.0,17.591732901431545,2.941116980902194,3529.641327174218,1,0,0.26578687833564546,0.26578687833564546,0.962416384005746,0.962416384005746,4177.725115754793,4177.725115754793,3179.774884245207,3179.774884245207,asphalt,1.1575
3.4666666666666592,38.1274245759917,10.590951271108803,0.0,0.0,0.0,0.0,10.590951271108803,0.0,17.767943527932147,2.9280068909899626,3547.168421068835,1,0,0.26695904251862956,0.26695904251862956,0.9621226162062487,0.9621226162062487,4178.711999619207,4178.711999619207,3178.7880003807927,3178.7880003807927,asphalt,1.1575
3.483333333333326,38.30261520692451,10.639615335256808,0.0,0.0,0.0,0.0,10.639615335256808,0.0,17.944966582919903,2.914953039351076,3564.61751974962,1,0,0.26812542092985575,0.26812542092985575,0.9618300352627359,0.9618300352627359,4179.694650367244,4179.694650367244,3177.8053496327557,3177.8053496327557,asphalt,1.1575
3.4999999999999925,38.477024708333914,10.688062418981643,0.0,0.0,0.0,0.0,10.688062418981643,0.0,18.12279844421574,2.901955201775337,3581.9889479712338,1,0,0.2692860437110739,0.2692860437110739,0.9615386365908103,0.9615386365908103,4180.673084887266,4180.673084887266,3176.8269151127333,3176.8269151127333,asphalt,1.1575
3.516666666666659,38.650656432702085,10.736293453528356,0.0,0.0,0.0,0.0,10.736293453528356,0.0,18.301435505184575,2.8890131554504705,3599.283031238003,1,0,0.2704409408351789,0.2704409408351789,0.9612484157222658,0.9612484157222658,4181.647319958766,4181.647319958766,3175.8526800412333,3175.8526800412333,asphalt,1.1575
3.5333333333333257,38.82350561835188,10.784307116208856,0.0,0.0,0.0,0.0,10.784307116208856,0.0,18.480874156243324,2.8759051754643394,3616.5000936883553,1,0,0.2715893081321096,0.2715893081321096,0.9609237432789464,0.9609237432789464,4182.62970055296,4182.62970055296,3174.87029944704,3174.87029944704,asphalt,1.1575
3.5499999999999923,38.99556991654074,10.832102754594649,0.0,0.0,0.0,0.0,10.832102754594649,0.0,18.661110762671992,2.8628453961566436,3633.640426056546,1,0,0.2727315869261853,0.2727315869261853,0.9606002987885279,0.9606002987885279,4183.612827316712,4183.612827316712,3173.887172683287,3173.887172683287,asphalt,1.1575
3.566666666666659,39.166852789028745,10.879681330285763,0.0,0.0,0.0,0.0,10.879681330285763,0.0,18.842141700754905,2.8498432105368465,3650.704260123449,1,0,0.2738681367530279,0.2738681367530279,0.9602782405138418,0.9602782405138418,4184.591618109947,4184.591618109947,3172.9083818900526,3172.9083818900526,asphalt,1.1575
3.5833333333333255,39.33735768099906,10.927043800277517,0.0,0.0,0.0,0.0,10.927043800277517,0.0,19.023963362755254,2.8368983396660497,3667.6917955099766,1,0,0.2749989879327873,0.2749989879327873,0.959957556635239,0.959957556635239,4185.5660938005985,4185.5660938005985,3171.9339061994015,3171.9339061994015,asphalt,1.1575
3.599999999999992,39.5070880208063,10.974191116890639,0.0,0.0,0.0,0.0,10.974191116890639,0.0,19.20657215683748,2.8240105028339713,3684.603221739544,1,0,0.27612417056581967,0.27612417056581967,0.9596382349464936,0.9596382349464936,4186.536275500657,4186.536275500657,3170.963724499343,3170.963724499343,asphalt,1.1575
3.6166666666666587,39.67604722004017,11.021124227788935,0.0,0.0,0.0,0.0,11.021124227788935,0.0,19.389964506989468,2.8111794217889496,3701.4387312318713,1,0,0.2772437145574254,0.2772437145574254,0.9593202634946609,0.9593202634946609,4187.502184200423,4187.502184200423,3169.9978157995765,3169.9978157995765,asphalt,1.1575
3.6333333333333253,39.844238673765645,11.067844076046013,0.0,0.0,0.0,0.0,11.067844076046013,0.0,19.574136852945575,2.7984048230179326,3718.1985263761862,1,0,0.2783576496337081,0.2783576496337081,0.9590036309265824,0.9590036309265824,4188.463840566283,4188.463840566283,3169.036159433717,3169.036159433717,asphalt,1.1575
3.649999999999992,40.0116657608509,11.114351600236361,0.0,0.0,0.0,0.0,11.114351600236361,0.0,19.759085650111057,2.7856864387862856,3734.8828228262446,1,0,0.2794660053514933,0.2794660053514933,0.9586883266482815,0.9586883266482815,4189.421264843028,4189.421264843028,3168.0787351569707,3168.0787351569707,asphalt,1.1575
3.6666666666666585,40.17833184432708,11.160647734535301,0.0,0.0,0.0,0.0,11.160647734535301,0.0,19.94480736948812,2.77302400741533,3751.491850459662,1,0,0.2805688111043042,0.2805688111043042,0.9583743408689276,0.9583743408689276,4190.374476821515,4190.374476821515,3167.1255231784853,3167.1255231784853,asphalt,1.1575
3.683333333333325,40.3442402717468,11.206733408818556,0.0,0.0,0.0,0.0,11.206733408818556,0.0,20.131298497603655,2.7604172731105336,3768.025852959961,1,0,0.2816660961258322,0.2816660961258322,0.9580616645767155,0.9580616645767155,4191.323495844583,4191.323495844583,3166.1765041554168,3166.1765041554168,asphalt,1.1575
3.6999999999999917,40.509394375522284,11.25260954875619,0.0,0.0,0.0,0.0,11.25260954875619,0.0,20.31855553643854,2.7478659855449905,3784.485086647309,1,0,0.2827578894917731,0.2827578894917731,0.9577502894780291,0.9577502894780291,4192.268340835088,4192.268340835088,3165.231659164912,3165.231659164912,asphalt,1.1575
3.7166666666666583,40.67379747323414,11.29827707589837,0.0,0.0,0.0,0.0,11.29827707589837,0.0,20.50657500335849,2.7353698993346143,3800.869818957664,1,0,0.2838442201207361,0.2838442201207361,0.957440207919369,0.957440207919369,4193.209030333847,4193.209030333847,3164.2909696661523,3164.2909696661523,asphalt,1.1575
3.733333333333325,40.83745286790699,11.343736907751941,0.0,0.0,0.0,0.0,11.343736907751941,0.0,20.69535343104615,2.722928773481783,3817.1803268176295,1,0,0.2849251167745891,0.2849251167745891,0.9571314128045408,0.9571314128045408,4194.145582541482,4194.145582541482,3163.354417458517,3163.354417458517,asphalt,1.1575
3.7499999999999916,41.0003638482523,11.38898995784786,0.0,0.0,0.0,0.0,11.38898995784786,0.0,20.884887367434466,2.7105423708356113,3833.4168950610606,1,0,0.2860006080585517,0.2860006080585517,0.956823897514137,0.956823897514137,4195.078015359417,4195.078015359417,3162.421984640583,3162.421984640583,asphalt,1.1575
3.766666666666658,41.16253368888029,11.43403713580008,0.0,0.0,0.0,0.0,11.43403713580008,0.0,21.07517337564102,2.6982104575944277,3849.579814967254,1,0,0.2870707224211794,0.2870707224211794,0.9565176558313627,0.9565176558313627,4196.006346428187,4196.006346428187,3161.4936535718125,3161.4936535718125,asphalt,1.1575
3.7833333333333248,41.32396565048415,11.478879347356708,0.0,0.0,0.0,0.0,11.478879347356708,0.0,21.266208033903297,2.6859328028666596,3865.6693829582923,1,0,0.2881354881543529,0.2881354881543529,0.9562126818759802,0.9562126818759802,4196.930593161745,4196.930593161745,3160.5694068382545,3160.5694068382545,asphalt,1.1575
3.7999999999999914,41.48466297999988,11.52351749444441,0.0,0.0,0.0,0.0,11.52351749444441,0.0,21.457987935514716,2.6737091782850086,3881.685899466903,1,0,0.28919493339333685,0.28919493339333685,0.9559089700468973,0.9559089700468973,4197.850772777335,4197.850772777335,3159.649227222665,3159.649227222665,asphalt,1.1575
3.816666666666658,41.6446289107453,11.567952475207026,0.0,0.0,0.0,0.0,11.567952475207026,0.0,21.650509688761367,2.6615393576803115,3897.6296679707343,1,0,0.29024908611692146,0.29024908611692146,0.9556065149732095,0.9556065149732095,4198.766902321171,4198.766902321171,3158.733097678829,3158.733097678829,asphalt,1.1575
3.8333333333333246,41.80386666254133,11.612185184039259,0.0,0.0,0.0,0.0,11.612185184039259,0.0,21.84376991685931,2.6494231168065596,3913.5009941804497,1,0,0.29129797414767233,0.29129797414767233,0.9553053114730102,0.9553053114730102,4199.678998690047,4199.678998690047,3157.8210013099524,3157.8210013099524,asphalt,1.1575
3.849999999999991,41.9623794418187,11.656216511616304,0.0,0.0,0.0,0.0,11.656216511616304,0.0,22.037765257892385,2.6373602331115364,3929.300185365029,1,0,0.2923416251522834,0.2923416251522834,0.9550053545191146,0.9550053545191146,4200.58707864932,4200.58707864932,3156.9129213506803,3156.9129213506803,asphalt,1.1575
3.866666666666658,42.120170441712204,11.700047344920057,0.0,0.0,0.0,0.0,11.700047344920057,0.0,22.232492364750538,2.625350485549234,3945.0275497964385,1,0,0.29338006664201594,0.29338006664201594,0.9547066392108658,0.9547066392108658,4201.491158847909,4201.491158847909,3156.0088411520906,3156.0088411520906,asphalt,1.1575
3.8833333333333244,42.27723364659843,11.74367601294401,0.0,0.0,0.0,0.0,11.74367601294401,0.0,22.42794789442548,2.6127806179708557,3960.6833962962273,1,0,0.29441332597323694,0.29441332597323694,0.9542996858928336,0.9542996858928336,4202.391255830389,4202.391255830389,3155.1087441696104,3155.1087441696104,asphalt,1.1575
3.899999999999991,42.43303028344523,11.786952856512563,0.0,0.0,0.0,0.0,11.786952856512563,0.0,22.62412718876105,2.5869345494560037,3976.2678798728234,1,0,0.29538041178249974,0.29538041178249974,0.9517609732517506,0.9517609732517506,4204.120857476552,4204.120857476552,3153.379142523447,3153.379142523447,asphalt,1.1575
3.9166666666666576,42.587283947195075,11.829801096443076,0.0,0.0,0.0,0.0,11.829801096443076,0.0,22.82102329468767,2.5612963739625627,3991.778890427562,1,0,0.2963216884226479,0.2963216884226479,0.9493024467331235,0.9493024467331235,4206.0526580514215,4206.0526580514215,3151.447341948578,3151.447341948578,asphalt,1.1575
3.9333333333333242,42.74000717509887,11.872224215305241,0.0,0.0,0.0,0.0,11.872224215305241,0.0,23.018629105042873,2.53586797581022,4007.2108522285926,1,0,0.2972525365517894,0.2972525365517894,0.9468587116537186,0.9468587116537186,4207.968729500689,4207.968729500689,3149.5312704993103,3149.5312704993103,asphalt,1.1575
3.949999999999991,42.89121265909065,11.914225738636292,0.0,0.0,0.0,0.0,11.914225738636292,0.0,23.216937571135738,2.510652231992765,4022.5564252951003,1,0,0.29817308330308806,0.29817308330308806,0.9444304025565287,0.9444304025565287,4209.86886779735,4209.86886779735,3147.63113220265,3147.63113220265,asphalt,1.1575
3.9666666666666575,43.040913275799426,11.955809243277617,0.0,0.0,0.0,0.0,11.955809243277617,0.0,23.415941703564865,2.48565227099391,4037.807793689836,1,0,0.29908345893453286,0.29908345893453286,0.9420181936587899,0.9420181936587899,4211.7528386184895,4211.7528386184895,3145.7471613815096,3145.7471613815096,asphalt,1.1575
3.983333333333324,43.18912208420005,11.996978356722236,0.0,0.0,0.0,0.0,11.996978356722236,0.0,23.615634573075376,2.4608710385051324,4052.957424144283,1,0,0.29998379420990734,0.29998379420990734,0.9396227324764578,0.9396227324764578,4213.620414895003,4213.620414895003,3143.8795851049967,3143.8795851049967,asphalt,1.1575
3.9999999999999907,43.33585230511814,12.037736751421704,0.0,0.0,0.0,0.0,12.037736751421704,0.0,23.81600931134846,2.436311063171246,4067.9984789258747,1,0,0.3008742187883851,0.3008742187883851,0.937244603690796,0.937244603690796,4215.47139759021,4215.47139759021,3142.0286024097895,3142.0286024097895,asphalt,1.1575
4.016666666666658,43.502536427553885,12.084037896542746,0.8335521110491158,0.1419917517258051,0.007028368069464923,0.03142923894227158,12.083997024495693,0.0002661909517592454,24.017121344003048,2.740233024793639,4082.9343304419085,1,0,0.5004243630394324,0.505114489107275,1.0,1.0,4190.056999525267,4190.056999525267,3167.443000474733,3167.443000474733,asphalt,1.1575
4.033333333333324,43.659415143529316,12.127615317647031,2.8228323213768753,0.4535672479545724,0.04028068552348457,0.1045299262128112,12.127164828901801,0.0015034594817374485,24.218976898265726,2.4907678123271637,4097.8439586156355,1,0,0.7716300017370884,0.7916060100574293,1.0,1.0,4206.29604614638,4206.29604614638,3151.203953853619,3151.203953853619,asphalt,1.1575
4.049999999999991,43.8008129982841,12.166892499523362,5.737860701621426,0.8733379600717387,0.11672467060905481,0.21023164762721247,12.165076068372684,0.0043120329031188925,24.421497807694408,2.2090224626371935,4112.758586779901,1,0,1.0,1.0,1.0,1.0,4231.153623105931,4231.153623105931,3126.3463768940683,3126.3463768940683,asphalt,1.1575
4.0666666666666575,43.949457330763884,12.208182591878856,8.925678167036342,1.2817757826471996,0.24554142178245197,0.3253914917438808,12.20384540109201,0.009014634765121467,24.624648030441662,2.474652348095816,4127.602746061858,1,0,1.0,1.0,1.0,1.0,4217.444130123433,4217.444130123433,3140.0558698765667,3140.0558698765667,asphalt,1.1575
4.083333333333324,44.11153221129591,12.253203392026641,12.09695641161419,1.638026895613493,0.42739629501083026,0.4416131477416737,12.245242798495866,0.01564649801354303,24.828474630512268,2.6369081513240644,4142.328373101084,1,0,1.0,0.9999999999999999,1.0,1.0,4203.196045587414,4203.196045587414,3154.303954412585,3154.303954412585,asphalt,1.1575
4.099999999999991,44.280475118868466,12.300131977463463,15.199711863064376,1.9469625838943232,0.6614493072398153,0.559774722163877,12.28738779901756,0.02423451473974898,25.03300103629477,2.7129978210830075,4156.985612672684,1,0,0.9999999999999999,1.0,1.0,1.0,4196.060825493278,4196.060825493278,3161.4391745067214,3161.4391745067214,asphalt,1.1575
4.116666666666657,44.45160313368936,12.347667537135933,18.19621149296691,2.2136417227541667,0.9461495150639421,0.6806134393432103,12.32889528521619,0.034818945554928864,25.238224802442367,2.7256980254105656,4171.651425288833,1,0,1.0,1.0,1.0,1.0,4194.021157934851,4194.021157934851,3163.4788420651485,3163.4788420651485,asphalt,1.1575
4.133333333333324,44.62129588180819,12.394804411613386,21.059732060616657,2.4428001339685292,1.2794346618222583,0.8046653093260645,12.368657572352703,0.04745026186298374,25.44412349926095,2.687123244568994,4186.386265694488,1,0,1.0,1.0,1.0,1.0,4196.018288929013,4196.018288929013,3161.4817110709864,3161.4817110709864,asphalt,1.1575
4.149999999999991,44.786555286379844,12.44070980177218,23.772617575178987,2.638678753404249,1.6588938175512482,0.9322629936110526,12.405730372801665,0.062185739401032884,25.650658034011748,2.604479438699201,4201.217011877451,1,0,1.0,1.0,1.0,1.0,4201.444229778654,4201.444229778654,3156.055770221346,3156.055770221346,asphalt,1.1575
4.166666666666657,44.944798438728036,12.48466623298001,26.324627072934437,2.8049660777381726,2.081901092248791,1.0635505820415199,12.439282580130994,0.07908620764470539,25.857774794640395,2.4828871471289915,4216.132904451093,1,0,1.0,1.0,1.0,1.0,4209.887152446186,4209.887152446186,3147.612847553814,3147.612847553814,asphalt,1.1575
4.183333333333324,45.09376488539925,12.526045801499793,28.711389421344137,2.9448059740307113,2.545723012781304,1.198507242075969,12.468576655415085,0.0982131451540868,26.065407306097608,2.3266755177972698,4231.087777533173,1,0,1.0,1.0,1.0,1.0,4221.011828889654,4221.011828889654,3136.4881711103462,3136.4881711103462,asphalt,1.1575
4.19999999999999,45.23147536905628,12.564298713626743,30.932961715452787,3.0608441075701425,3.0476011687049085,1.3369749853938653,12.49296202082091,0.119626217376964,26.273477711402187,2.1398811499589954,4246.005167525407,1,0,1.0,1.0,1.0,1.0,4234.510800719749,4234.510800719749,3122.989199280251,3122.989199280251,asphalt,1.1575
4.216666666666657,45.3594027074603,12.599834085405638,32.99665627418057,3.156532345475166,3.5848428648585835,1.4790681715102727,12.512720580424347,0.143383929723256,26.481903880699345,2.0371295095084463,4260.784731400613,1,0,1.0,1.0,1.0,1.0,4244.915122289164,4244.915122289164,3112.584877710836,3112.584877710836,asphalt,1.1575
4.233333333333324,45.483095846159635,12.634193290599898,34.91131268667216,3.235422985158408,4.1549210206739,1.6251169464420756,12.529239203344561,0.16955142887330632,26.690625602223,1.9768405088895236,4275.322588415066,1,0,1.0,1.0,1.0,1.0,4249.277801110148,4249.277801110148,3108.2221988898514,3108.2221988898514,asphalt,1.1575
4.24999999999999,45.60220649560488,12.667279582112467,36.68526131775295,3.2990032490698478,4.755431707953264,1.774861453495947,12.542321907537602,0.19819190713324414,26.899587165425853,1.9071284391321797,4289.54678606156,1,0,1.0,1.0,1.0,1.0,4254.353413244065,4254.353413244065,3103.1465867559336,3103.1465867559336,asphalt,1.1575
4.266666666666657,45.716245138463066,12.698956982906408,38.32828436578081,3.3486517108586833,5.384131688644229,1.9280367976305994,12.551740220411261,0.22936421759491596,27.108728876178997,1.8295845789548082,4303.413008489047,1,0,1.0,1.0,1.0,1.0,4260.048281549395,4260.048281549395,3097.4517184506044,3097.4517184506044,asphalt,1.1575
4.2833333333333234,45.824821349172915,12.72911704143692,39.85002036671718,3.385580516552915,6.038939623848152,2.084369467426515,12.557301643978292,0.2631226978269425,27.317987611630137,1.7457060798831492,4316.892283960825,1,0,1.0,1.0,1.0,1.0,4266.246254516223,4266.246254516223,3091.253745483776,3091.253745483776,asphalt,1.1575
4.29999999999999,45.92763119562221,12.75767533211728,41.259751563656444,3.410866425649746,6.717931312649875,2.243584307374977,12.558845860006981,0.2995171023807648,27.52729738097933,1.6567931083271503,4329.96354575097,1,0,1.0,1.0,1.0,1.0,4272.845861606089,4272.845861606089,3084.6541383939107,3084.6541383939107,asphalt,1.1575
4.316666666666657,46.02444456860874,12.78456793572465,42.566283795638114,3.4254740807261235,7.419332406387641,2.4054091213169673,12.556240849165167,0.3385926259685528,27.736589821149543,1.5639562937009543,4342.609441652392,1,0,1.0,1.0,1.0,1.0,4279.7601375937265,4279.7601375937265,3077.739862406273,3077.739862406273,asphalt,1.1575
4.333333333333323,46.115093602254255,12.809748222848404,43.777887165622175,3.430273378227569,8.141509787209944,2.56957757841342,12.549379291474255,0.3803899848788858,27.94579463046943,1.4681355834319731,4354.814167885363,1,0,1.0,1.0,1.0,1.0,4286.9153478249655,4286.9153478249655,3070.5846521750336,3070.5846521750336,asphalt,1.1575
4.34999999999999,46.19946251565648,12.8331840321268,44.902275967848574,3.426052597517783,8.882962390011894,2.7358309570960193,12.538175360738474,0.4249455341273711,28.15483994639773,1.3701225794436311,4366.5625158889225,1,0,0.9999999999999999,0.9999999999999999,0.9999999999999999,0.9999999999999999,4294.249336938291,4294.249336938291,3063.250663061708,3063.250663061708,asphalt,1.1575
4.3666666666666565,46.2774789038646,12.854855251073499,45.94661298187032,3.4135285314130277,9.642311959430058,2.903919113503964,12.52256193070245,0.47229140517629536,28.363652674125742,1.2705823567372931,4377.8396062881375,1,0,0.9999999999999999,1.0,0.9999999999999999,1.0,4301.709861198622,4301.709861198622,3055.7901388013775,3055.7901388013775,asphalt,1.1575
4.383333333333323,46.34910636297567,12.87475176749324,46.91752818849457,3.3933545088947517,10.418294038998548,3.07360094284974,12.502488165108716,0.5224556542269708,28.572158772667144,1.1700730266949222,4388.63097864315,1,0,1.0,1.0,1.0,0.9999999999999999,4309.253068791736,4309.253068791736,3048.2469312082635,3048.2469312082635,asphalt,1.1575
4.39999999999999,46.4143382808899,12.89287174469164,47.8211454525743,3.3661269293983502,11.209749361860856,3.2446445151255268,12.477917446254157,0.575462414618306,28.780283504371578,1.06906252591628,4398.9228352358705,1,0,1.0,1.0,1.0,0.9999999999999999,4316.842184561904,4316.842184561904,3040.6578154380954,3040.6578154380954,asphalt,1.1575
4.416666666666656,46.47319261849452,12.909220171804034,48.663113085208394,3.3323907313791405,12.015615730750635,3.4168270053290533,12.448825593595817,0.6313320492213664,28.98795165299715,0.9679427024832421,4408.7023218966815,1,0,1.0,1.0,1.0,1.0,4324.446401789527,4324.446401789527,3033.0535982104725,3033.0535982104725,asphalt,1.1575
4.433333333333323,46.525707520461424,12.923807644572618,49.44863576022564,3.2926440805898824,12.834920423973186,3.589934496659457,12.415199327582624,0.6900813002665123,29.19508771470221,0.8670410149181862,4417.957782964644,1,0,1.0,1.0,1.0,1.0,4332.039960235856,4332.039960235856,3025.4600397641443,3025.4600397641443,asphalt,1.1575
4.4499999999999895,46.571937616809166,12.936649338002546,50.18250626920244,3.247342470142418,13.666773133131915,3.763761707338164,12.37703493995297,0.7517234350426585,29.401616065631185,0.7666302242314771,4426.678960993484,1,0,1.0,1.0,1.0,1.0,4339.601382285703,4339.601382285703,3017.8986177142965,3017.8986177142965,asphalt,1.1575
4.466666666666656,46.61195089915037,12.94776413865288,50.86913624018281,3.196902362034009,14.510359420143267,3.938111673504841,12.334337138135574,0.816268386552648,29.60746110919047,0.6669364420397983,4434.857131777818,1,0,1.0,1.0,1.0,1.0,4347.112839233051,4347.112839233051,3010.387160766949,3010.387160766949,asphalt,1.1575
4.483333333333323,46.64582607617788,12.957173910049411,51.51258534586745,3.1417044586309246,15.36493467092336,4.112795408867326,12.287118037199162,0.8837228886202011,29.812547405632454,0.5681458485774726,4442.4851764842115,1,0,1.0,1.0,1.0,1.0,4354.559623090511,4354.559623090511,3002.940376909489,3002.940376909489,asphalt,1.1575
4.499999999999989,46.673650330460866,12.964902869572462,52.11658877340843,3.082096665626463,16.229818517951447,4.287631554248868,12.235396277704197,0.954090605205651,30.016799786175536,0.47041033833082224,4449.557598369649,1,0,1.0,1.0,1.0,0.9999999999999999,4361.929703495926,4361.929703495926,2995.570296504073,2995.570296504073,asphalt,1.1575
4.516666666666656,46.695517412983534,12.970977059162093,52.68458287662364,3.018396790406396,17.104389701764717,4.462446025388492,12.179196251797725,1.0273722538540258,30.22014345357,0.3738522991008608,4456.070493905639,1,0,1.0,0.9999999999999999,1.0,1.0,4369.213353314804,4369.213353314804,2988.286646685195,2988.286646685195,asphalt,1.1575
4.533333333333323,46.71152602341665,12.975423895393515,53.2197290189543,2.9508950082996415,17.98808134109352,4.637071664324527,12.11854742306468,1.1035657233049716,30.422504070759135,0.2785686864298498,4462.021488501085,1,0,1.0,1.0,1.0,1.0,4376.402830000362,4376.402830000362,2981.0971699996376,2981.0971699996376,asphalt,1.1575
4.549999999999989,46.72177843332976,12.978271787036045,53.72493566512495,2.87985612170338,18.88037658203958,4.811347897783262,12.053483728145666,1.1826661853618323,30.623807839070555,0.18463452002151826,4467.409646326362,1,0,1.0,1.0,1.0,1.0,4383.492102581495,4383.492102581495,2974.0078974185053,2974.0078974185053,asphalt,1.1575
4.566666666666656,46.726379316889194,12.979549810246999,54.20287880593561,2.805521632128452,19.7808045979647,4.9851204047890665,11.984043050091175,1.2646662011609588,30.823981567193655,0.09210590124453688,4472.2353625415835,1,0,1.0,1.0,1.0,1.0,4390.476616360301,4390.476616360301,2967.0233836396987,2967.0233836396987,asphalt,1.1575
4.583333333333322,46.725434759440546,12.979287433177928,54.65602081311717,2.7281116418897695,20.688936913308748,5.1582407949441285,11.910266754965006,1.3495558220108175,31.02295273204873,0.0010226296046766947,4476.5002448585465,1,0,1.0,1.0,1.0,1.0,4397.353089102207,4397.353089102207,2960.1469108977926,2960.1469108977926,asphalt,1.1575
4.599999999999989,46.719051419070595,12.977514283075164,55.08662782541612,2.6478265998706196,21.604384026223304,5.330566298328253,11.832199284433429,1.437322684989145,31.2206495325247,-0.0885895200384823,4480.206990009546,1,0,1.0,1.0,1.0,1.0,4404.119333802479,4404.119333802479,2953.3806661975214,2953.3806661975214,asphalt,1.1575
4.616666666666656,46.70733582004203,12.974259950011676,55.49678576653801,2.564848904141269,22.526792306592554,5.501959467637337,11.749887798058024,1.527952103498616,31.417000936952082,-0.17671680998319061,4483.359259457169,1,0,1.0,1.0,1.0,1.0,4410.774104096195,4410.774104096195,2946.725895903805,2946.725895903805,asphalt,1.1575
4.633333333333322,46.69039376009369,12.969553822248248,55.888415092397345,2.4793443729676428,23.455841147659246,5.672287892949237,11.663381859807885,1.6214271529893025,31.611936725081453,-0.26335580170808726,4485.961557602168,1,0,1.0,1.0,1.0,1.0,4417.316959130772,4417.316959130772,2940.183040869227,2940.183040869227,asphalt,1.1575
4.649999999999989,46.668329816154255,12.963424948931737,56.263284360563055,2.3914635947548835,24.39124035105189,5.841423929338339,11.572733163965168,1.7177287520608722,31.80538752525336,-0.34851183427292654,4488.0191148426475,1,0,1.0,1.0,1.0,1.0,4423.748145290176,4423.748145290176,2933.751854709824,2933.751854709824,asphalt,1.1575
4.666666666666655,46.64124693514453,12.955901926429036,56.623022709601294,2.3013431666416784,25.332727726503236,6.009244437432252,11.477995296149809,1.8168357391597962,31.997284847371077,-0.43219769150312004,4489.5377771001895,1,0,1.0,1.0,1.0,1.0,4430.068492599179,4430.068492599179,2927.431507400821,2927.431507400821,asphalt,1.1575
4.683333333333322,46.60924609833156,12.9470128050921,56.96913133063288,2.209106830733827,26.280066888956483,6.175630536901633,11.379223525658809,1.9187249450872907,32.187561112221296,-0.5144324345668849,4490.523902840754,1,0,1.0,1.0,1.0,1.0,4436.279323978363,4436.279323978363,2921.220676021636,2921.220676021636,asphalt,1.1575
4.699999999999989,46.572426049214705,12.93678501367075,57.30299400807734,2.1148665163102556,27.233045237071412,6.340467372789654,11.27647462572084,2.0233712615326716,32.37614967762877,-0.5952403799933847,4490.984268160058,1,0,1.0,1.0,1.0,1.0,4442.38237579116,4442.38237579116,2915.1176242088404,2915.1176242088404,asphalt,1.1575
4.716666666666655,46.53088307622027,12.925245298950076,57.6258868013795,2.0187232957279138,28.191472098371015,6.5036438945164035,11.169806718620988,2.13074770584449,32.56298486187801,-0.6746502058882697,4490.925980153952,1,0,1.0,1.0,1.0,1.0,4448.379728335696,4448.379728335696,2909.120271664303,2909.120271664303,asphalt,1.1575
4.733333333333322,46.4847108425982,12.912419678499498,57.93898693456887,1.9207682611858947,29.15517702741486,6.665052647333162,11.059279142963085,2.2408254822484195,32.748001964787754,-0.7526941712947632,4490.3563985347555,1,0,1.0,1.0,1.0,1.0,4454.273745115623,4454.273745115623,2903.2262548843773,2903.2262548843773,asphalt,1.1575
4.7499999999999885,46.43400025688044,12.89833340468901,58.24338095581122,1.8210833289760642,30.124008244449396,6.824589575950642,10.944952340615387,2.3535740397165834,32.93113728678113,-0.8294074355208636,4489.283065267051,1,0,1.0,0.9999999999999999,1.0,1.0,4460.067019863318,4460.067019863318,2897.432980136682,2897.432980136682,asphalt,1.1575
4.766666666666655,46.378839378102825,12.883010938361895,58.54007222468418,1.7197419773456901,31.097831202975442,6.982153840022978,10.826887761134529,2.4689611266879563,33.11232814625639,-0.9048274658071875,4487.713641866425,1,0,1.0,1.0,1.0,1.0,4465.762330414595,4465.762330414595,2891.737669585404,2891.737669585404,asphalt,1.1575
4.783333333333322,46.319313350726155,12.866475930757264,58.82998778073937,1.616809923623084,32.07652727559175,7.137647641134878,10.705147781686984,2.586952842833799,33.291512895528605,-0.9789935230315905,4485.655853919222,1,0,0.9999999999999999,1.0,1.0,1.0,4471.362598636157,4471.362598636157,2886.137401363843,2886.137401363843,asphalt,1.1575
4.799999999999988,46.255504364836476,12.848751212454577,59.11398464299394,1.5123457458154355,33.059992548324345,7.2909760609123895,10.579795640689635,2.7075136880559287,33.468630935581785,-1.051946216292663,4483.117442330469,1,0,1.0,1.0,0.9999999999999999,0.9999999999999999,4476.870855697837,4476.870855697837,2880.6291443021623,2880.6291443021623,asphalt,1.1575
4.816666666666655,46.18749163776928,12.829858788269243,59.39285558631429,1.4064014534684304,34.04813671444103,7.442046909857524,10.45089538357406,2.830606608899072,33.64362272984331,-1.1237271182497466,4480.10612078221,1,0,1.0,1.0,1.0,1.0,4482.290212059,4482.290212059,2875.2097879409994,2875.2097879409994,asphalt,1.1575
4.8333333333333215,46.115351413798926,12.809819837166367,59.667334437204154,1.2990230121912696,35.04088205947941,7.590770586493117,10.31851181924467,2.956193042551737,33.816429817167524,-1.1943784339612762,4476.629538878872,1,0,1.0,0.9999999999999999,1.0,1.0,4487.623831608607,4487.623831608607,2869.8761683913926,2869.8761683913926,asphalt,1.1575
4.849999999999988,46.03915697897168,12.788654716381023,59.938100928276796,1.1902508258871265,36.03816252989194,7.737059946395952,10.182710485950686,3.08423295860306,33.98699482419331,-1.2639427167664508,4472.695250464685,1,0,1.0,0.9999999999999999,1.0,1.0,4492.8749094589,4492.8749094589,2864.625090541099,2864.625090541099,asphalt,1.1575
4.866666666666655,45.958978688544995,12.766382969040276,60.20578514766717,1.0801201803942426,37.03992287833418,7.880830180692933,10.043557625427406,3.214684898715991,34.15526147722042,-1.3324626254548377,4468.310686616421,1,0,1.0,1.0,0.9999999999999999,1.0,4498.046652947278,4498.046652947278,2859.453347052722,2859.453347052722,asphalt,1.1575
4.883333333333321,45.87488400483419,12.743023334676165,60.470971616815056,0.968661651932785,38.04611787919678,8.021998703596173,9.901120164284572,3.3475060143701265,34.32117461373153,-1.399980717602034,4463.483132839575,1,0,1.0,1.0,1.0,0.9999999999999999,4503.142265449804,4503.142265449804,2854.3577345501963,2854.3577345501963,asphalt,1.1575
4.899999999999988,45.78693754356545,12.718593762101515,60.73420302741495,0.8559014834653776,39.05671160851205,8.160485048557748,9.755465701730134,3.482652102820455,34.48468019367125,-1.4665392745148154,4458.219710025126,1,0,1.0,1.0,0.9999999999999999,1.0,4508.164932653567,4508.164932653567,2849.335067346432,2849.335067346432,asphalt,1.1575
4.9166666666666545,45.69520112709521,12.693111424193113,60.99598366587347,0.7418619318178015,40.07167678285243,8.296210772632886,9.606662502817082,3.620077641411382,34.645725310579046,-1.5321801537250224,4452.527358755386,1,0,1.0,1.0,1.0,1.0,4513.117810973551,4513.117810973551,2844.382189026448,2844.382189026448,asphalt,1.1575
4.933333333333321,45.59973384308641,12.66659273419067,61.25678255133225,0.6265615881636686,41.09099415228682,8.429099368651116,9.454779496490506,3.759735820378653,34.80425820266049,-1.596944665440816,4446.41282657969,1,0,1.0,1.0,0.9999999999999999,1.0,4518.004017835814,4518.004017835814,2839.495982164185,2839.495982164185,asphalt,1.1575
4.949999999999988,45.50059210743353,12.63905336317598,61.517036311193664,0.5100156742561195,42.11465194287337,8.55907618480762,9.299886277792279,3.9015785742652547,34.96022826387011,-1.6608734697599914,4439.882657912876,1,0,0.9999999999999999,1.0,1.0,1.0,4522.826623578735,4522.826623578735,2834.6733764212645,2834.6733764212645,asphalt,1.1575
4.966666666666654,45.39782973040469,12.610508258445746,61.777151816121155,0.39223631658845676,43.14264534454462,8.686068351301575,9.142053113652617,4.045556612071053,35.11358605506894,-1.7240064918175335,4432.943186240865,1,0,0.9999999999999999,1.0,1.0,1.0,4527.588644754,4527.588644754,2829.9113552459994,2829.9113552459994,asphalt,1.1575
4.983333333333321,45.29149798512451,12.580971662534585,62.03750859466541,0.273232800479778,44.174976040588824,8.810004713663954,8.981350951762055,4.191619446249872,35.264283315311424,-1.7863828523623226,4425.600528347801,1,0,1.0,0.9999999999999999,1.0,1.0,4532.293038632325,4532.293038632325,2825.206961367674,2825.206961367674,asphalt,1.1575
4.999999999999988,45.18164567765605,12.550457132682237,62.29846104598497,0.15301180591565003,45.211651775248804,8.930815772433839,8.817851432074676,4.339715420661937,35.41227297330807,-1.8480408115576097,4417.860580307612,1,0,1.0,1.0,1.0,1.0,4536.942698743884,4536.942698743884,2820.5573012561163,2820.5573012561163,asphalt,1.1575
5.016666666666654,45.06831921805836,12.518977560571768,62.56034046757516,0.03157762681987422,46.252685956251355,9.04843362885953,8.651626900544393,4.489791737584084,35.557509159103574,-1.9090177240484252,4409.729015009573,1,0,1.0,1.0,0.9999999999999999,1.0,4541.540451300126,4541.540451300126,2815.9595486998737,2815.9595486998737,asphalt,1.1575
5.033333333333321,44.95156269189901,12.486545192194168,62.82345691348726,-0.09106762470446442,47.29809728934701,9.162791936318131,8.48275042474142,4.641794483874948,35.69994721600397,-1.969350003579109,4401.211281012193,1,0,1.0,0.9999999999999999,1.0,0.9999999999999999,4546.089052364995,4546.089052364995,2811.4109476350045,2811.4109476350045,asphalt,1.1575
5.049999999999987,44.83141793179043,12.453171647719564,63.08810089719916,-0.21492382775290525,48.34790944218473,9.273825857164866,8.311295811036132,4.795668656387406,35.83954371278068,-2.0290730956462255,4392.312602542533,1,0,0.9999999999999999,0.9999999999999999,1.0,1.0,4550.591185657738,4550.591185657738,2806.908814342262,2806.908814342262,asphalt,1.1575
5.066666666666654,44.70792458859674,12.418867941276872,63.35454495208387,-0.3399926743181236,49.4021507350678,9.381472024740855,8.13733762307299,4.951358186715906,35.976256456174774,-2.088221456857582,4383.037980479031,1,0,1.0,1.0,1.0,1.0,4555.049460882369,4555.049460882369,2802.4505391176303,2802.4505391176303,asphalt,1.1575
5.083333333333321,44.581120202024636,12.383644500562399,63.623045061307614,-0.4662775021139209,50.46085385634298,9.485668510285072,7.96095120128842,5.108805965362008,36.11004450372031,-2.14682853981472,4373.392194174932,1,0,1.0,1.0,1.0,1.0,4559.466412496007,4559.466412496007,2798.033587503992,2798.033587503992,asphalt,1.1575
5.099999999999987,44.45104027037108,12.34751118621419,63.893841967961365,-0.5937831374237382,51.52405560036036,9.586354794513142,7.782212683254001,5.2679538653973665,36.240868176901856,-2.2049267825093466,4363.379803996715,1,0,1.0,1.0,1.0,1.0,4563.844498832603,4563.844498832603,2793.655501167397,2793.655501167397,asphalt,1.1575
5.116666666666654,44.31771831924993,12.310477310902757,64.16716237529191,-0.7225157469549733,52.59179662611139,9.68347174364168,7.601199024650303,5.4287427656996075,36.3686890746578,-2.2625476013239165,4353.005154467587,1,0,1.0,1.0,1.0,1.0,4568.186101514898,4568.186101514898,2789.3138984851016,2789.3138984851016,asphalt,1.1575
5.13333333333332,44.18118596916386,12.272551658101072,64.44322004603329,-0.8524826977588292,53.6641212348088,9.776961589652673,7.417988020697771,5.591112573833039,36.49347008723829,-2.319721386844691,4342.272377920184,1,0,1.0,1.0,1.0,1.0,4572.493525091857,4572.493525091857,2785.006474908143,2785.006474908143,asphalt,1.1575
5.149999999999987,44.041473001824954,12.233742500506931,64.72221680905113,-0.9836924243410393,54.74107716481279,9.866767914607328,7.2326583278891965,5.7550022486428585,36.61517541042364,-2.3764775017991724,4331.185398575271,1,0,1.0,1.0,1.0,1.0,4576.768996848205,4576.768996848205,2780.7310031517954,2780.7310031517954,asphalt,1.1575
5.166666666666654,43.89860742515953,12.194057618099869,65.00434348078632,-1.1161543021526847,55.822715402438035,9.952835638833237,7.045289485884197,5.920349822628485,36.733770560106784,-2.432844280516804,4319.747936974594,1,0,1.0,0.9999999999999999,1.0,1.0,4581.014666739032,4581.014666739032,2776.485333260968,2776.485333260968,asphalt,1.1575
5.18333333333332,43.752615536960185,12.153504315822273,65.28978070832355,-1.2498785267035444,56.90909000729317,10.03511101282225,6.855961939439586,6.0870924241588735,36.84922238724124,-2.488849029370215,4307.963514706155,1,0,1.0,1.0,1.0,1.0,4585.232607408195,4585.232607408195,2772.2673925918048,2772.2673925918048,asphalt,1.1575
5.199999999999987,43.603521987171895,12.112089440881082,65.57869974030224,-1.3848759975898608,58.00025795091194,10.113541612689453,6.6647570602612225,6.255166299590067,36.96149909315381,-2.544518027751508,4295.835459369227,1,0,1.0,1.0,1.0,1.0,4589.424814254485,4589.424814254485,2768.0751857455152,2768.0751857455152,asphalt,1.1575
5.2166666666666535,43.45134983881862,12.06981939967184,65.87126313133317,-1.5211582067733618,59.09627896753301,10.18807633905577,6.471757168672714,6.424506835342914,37.0705702452198,-2.59987652916152,4283.366909734462,1,0,1.0,1.0,1.0,1.0,4593.593205514269,4593.593205514269,2763.9067944857306,2763.9067944857306,asphalt,1.1575
5.23333333333332,43.296120627594526,12.026700174331813,66.16762538507584,-1.6587371304863185,60.19721541597526,10.25866541922825,6.2770455550046265,6.595048579996649,37.1764067928965,-2.654948762067164,4270.560821061601,1,0,0.9999999999999999,1.0,1.0,1.0,4597.7396223324085,4597.7396223324085,2759.7603776675905,2759.7603776675905,asphalt,1.1575
5.249999999999987,43.13785442015789,11.982737338932749,66.46793354066816,-1.7976251241718453,61.303132151634465,10.325260412562727,6.080706500614716,6.766725266452127,37.278981084109475,-2.709757930210941,4257.419970543601,1,0,1.0,1.0,1.0,1.0,4601.865828797999,4601.865828797999,2755.6341712020003,2755.6341712020003,asphalt,1.1575
5.266666666666653,42.97656987117878,11.937936075327439,66.77232770677452,-1.9378348198998907,62.41409640770345,10.38781421890374,5.882825298455291,6.939469834216602,37.3782668819846,-2.7643262121023326,4243.946962851654,1,0,1.0,1.0,1.0,1.0,4605.973511923309,4605.973511923309,2751.526488076691,2751.526488076691,asphalt,1.1575
5.28333333333332,42.81228427920137,11.892301188667048,67.08094154713052,-2.0793790257249474,63.530177684782714,10.4462810900058,5.683488273108244,7.113214451860357,37.47423938191737,-2.818674759453188,4230.144235760489,1,0,1.0,1.0,1.0,1.0,4610.064281547349,4610.064281547349,2747.43571845265,2747.43571845265,asphalt,1.1575
5.2999999999999865,42.64501364139115,11.845837122608653,67.39390272110784,-2.2222706264740166,64.65144764811038,10.50061664384883,5.482782800211786,7.287890539693944,37.56687522896994,-2.872823694337967,4216.014065837764,1,0,1.0,0.9999999999999999,1.0,1.0,4614.139670147986,4614.139670147986,2743.3603298520134,2743.3603298520134,asphalt,1.1575
5.316666666666653,42.47477270724445,11.798547974234568,67.7113332824966,-2.366522485475458,65.77798003169612,10.550777881768624,5.280797325205411,7.463428792713425,37.65615253558495,-2.9267921049130052,4201.55857418522,1,0,1.0,1.0,1.0,1.0,4618.201132548123,4618.201132548123,2739.2988674518765,2739.2988674518765,asphalt,1.1575
5.33333333333332,42.30157503134426,11.750437508706737,68.03335003940673,-2.5121473467524047,66.90985054869243,10.596723208330499,5.077621381321372,7.6397592038598034,37.74205089960396,-2.9805980395114773,4186.7797322226725,1,0,1.0,1.0,1.0,1.0,4622.250045503218,4622.250045503218,2735.2499544967823,2735.2499544967823,asphalt,1.1575
5.349999999999986,42.12543302525139,11.701509173680941,68.36006487791776,-2.659157737221062,68.04713680738362,10.638412453881035,4.873345606751907,7.816811087637637,37.82455142257727,-3.034258498979341,4171.6793675089575,1,0,1.0,0.9999999999999999,1.0,1.0,4626.287707159147,4626.287707159147,2731.2122928408517,2731.2122928408517,asphalt,1.1575
5.366666666666653,41.9463580086249,11.651766113506916,68.6915850518564,-2.807565868444088,69.18991823221342,10.675806899719001,4.668061760921789,7.994513104136891,37.90363672835067,-3.08778942713289,4156.259169596553,1,0,1.0,1.0,1.0,1.0,4630.315336370725,4630.315336370725,2727.1846636292744,2727.1846636292744,asphalt,1.1575
5.3833333333333195,41.764360259669296,11.601211183241471,69.02801344085525,-2.957383537496416,70.33827598930836,10.708869305832023,4.461862739795539,8.172793283501086,37.979290981913344,-3.1412056992104453,4140.520695918998,1,0,1.0,1.0,1.0,1.0,4634.334071871845,4634.334071871845,2723.1659281281545,2723.1659281281545,asphalt,1.1575
5.399999999999986,41.579449065009555,11.549846962502654,69.36944877863553,-3.10862202651049,71.49229291599048,10.737563941150544,4.254842590147769,8.351579050884013,38.05149990849031,-3.1945211082367564,4124.465377712216,1,0,1.0,1.0,1.0,1.0,4638.344971289704,4638.344971289704,2719.1550287102964,2719.1550287102964,asphalt,1.1575
5.416666666666653,41.39163276909772,11.49767576919381,69.71598585326767,-3.2612920004674346,72.65205345380012,10.761856616275029,4.047096522723894,8.530797251936487,38.120250812861116,-3.247748349190971,4108.094525972739,1,0,1.0,1.0,1.0,1.0,4642.349009996806,4642.349009996806,2715.1509900031942,2715.1509900031942,asphalt,1.1575
5.433333333333319,41.200918823257545,11.444699673127095,70.06771568098628,-3.4154034028053495,73.81764358457914,10.781714718636195,3.838720924216694,8.710374178863972,38.185532598885764,-3.300899000927018,4091.4093374573563,1,0,1.0,1.0,1.0,1.0,4646.347079793418,4646.347079793418,2711.152920206582,2711.152920206582,asphalt,1.1575
5.449999999999986,41.00731383447558,11.390920509576551,70.42472565497803,-3.57096534841425,74.98915076918861,10.7971072500513,3.6298133679820763,8.890235597095181,38.24733578921707,-3.3539835057560197,4074.410900730178,1,0,1.0,1.0,1.0,1.0,4650.339987417257,4650.339987417257,2707.1600125827417,2707.1600125827417,asphalt,1.1575
5.466666666666653,40.81082361404953,11.336339892791536,70.78709967041188,-3.727986013584325,76.16666388845707,10.808004866642394,3.4204726234149456,9.070306772601294,38.30565254517789,-3.4070111466455444,4057.100202264288,1,0,1.0,1.0,1.0,1.0,4654.328452873825,4654.328452873825,2703.1715471261746,2703.1715471261746,asphalt,1.1575
5.483333333333319,40.611453226206145,11.280959229501706,71.15491822684815,-3.886472522470996,77.35027318597605,10.814379921084559,3.210798663903243,9.250512499904765,38.36047668677989,-3.4599900219785695,4039.478132606294,1,0,1.0,1.0,1.0,1.0,4658.313107584734,4658.313107584734,2699.186892415266,2699.186892415266,asphalt,1.1575
5.499999999999986,40.40920703680323,11.224779732445342,71.52825850903862,-4.04643082963182,78.54007021237548,10.816206507153938,3.0008926732751586,9.430777130816287,38.41180371285921,-3.51292701783251,4021.545492613029,1,0,1.0,1.0,1.0,1.0,4662.294492350018,4662.294492350018,2695.205507649981,2695.205507649981,asphalt,1.1575
5.516666666666652,40.20408876223142,11.167802433953172,71.90719444701693,-4.207865598184449,79.7361477707296,10.813460506546509,2.7908570506511614,9.611024603937883,38.4596308213032,-3.5658277777437775,4003.302999770492,1,0,0.9999999999999999,1.0,1.0,1.0,4666.27305512219,4666.27305512219,2691.226944877809,2691.226944877809,asphalt,1.1575
5.533333333333319,39.99610151863357,11.110028199620437,72.29179675627611,-4.370780073122136,80.93859986275537,10.80611963793926,2.58079541360892,9.791178474969737,38.503956929340504,-3.61869666993357,3984.75129460587,1,0,1.0,1.0,1.0,1.0,4670.249148589396,4670.249148589396,2687.2508514106034,2687.2508514106034,asphalt,1.1575
5.549999999999986,39.78524787156118,11.051457742100329,72.68213295873413,-4.535175949313389,82.14752163547973,10.79416350826553,2.3708125995654057,9.971161947857789,38.544782693865415,-3.671536751968034,3965.890947204136,1,0,0.9999999999999999,1.0,1.0,1.0,4674.223027566219,4674.223027566219,2683.2769724337813,2683.2769724337813,asphalt,1.1575
5.566666666666652,39.57146220297491,10.992072834159696,73.07815586232853,-4.701035236163522,83.36300847436965,10.777555878804746,2.1610077442510107,10.150897787670166,38.58211048480635,-3.7266935034912763,3946.722459675388,1,0,1.0,1.0,1.0,1.0,4678.305425037237,4678.305425037237,2679.194574962763,2679.194574962763,asphalt,1.1575
5.583333333333319,39.354605532716995,10.931834870199165,73.4799334344363,-4.868320209527081,84.58515532731097,10.756242628977102,1.9514758865735833,10.330307844774971,38.61594422975124,-3.7829413522473487,3927.245978422369,1,0,1.0,1.0,1.0,1.0,4682.536563120611,4682.536563120611,2674.963436879388,2674.963436879388,asphalt,1.1575
5.599999999999985,39.13467735324453,10.87074370923459,73.88757628547698,-5.037023128103075,85.81405948530517,10.730207895796275,1.7423281277803824,10.509313516461788,38.646289632188065,-3.8390983060574513,3907.460715240911,1,0,1.0,1.0,1.0,0.9999999999999999,4686.761061468834,4686.761061468834,2670.7389385311653,2670.7389385311653,asphalt,1.1575
5.616666666666652,38.91168167891632,10.808800466365643,74.30114714642573,-5.207134485600471,87.04981936201135,10.699439331912345,1.533677118703044,10.687835979806339,38.67315426567168,-3.8951610619542976,3887.3652367235413,1,0,1.0,1.0,0.9999999999999999,0.9999999999999999,4690.978545337279,4690.978545337279,2666.521454662721,2666.521454662721,asphalt,1.1575
5.633333333333319,38.685622228052544,10.74600617445904,74.72070448014821,-5.378642389714938,88.29253437216245,10.663926860054456,1.325636686623049,10.865796229663152,38.69654759354091,-3.9511250067209858,3866.957862786397,1,0,1.0,0.9999999999999999,1.0,1.0,4695.188696676304,4695.188696676304,2662.311303323695,2662.311303323695,asphalt,1.1575
5.649999999999985,38.456502476238555,10.682361798955153,75.1463024329429,-5.551532366956534,89.54230485999346,10.623662734928962,1.118321822311482,11.043115117141454,38.71648098839403,-4.006983946766383,3846.2369101324666,1,0,1.0,1.0,1.0,1.0,4699.391079960455,4699.391079960455,2658.1089200395445,2658.1089200395445,asphalt,1.1575
5.666666666666652,38.22432571228113,10.617868253411425,75.57799075968126,-5.725787158120495,90.7992320265432,10.578641607482824,0.9118486646562574,11.219713389137977,38.732967751323386,-4.062730039687068,3825.2008319916317,1,0,0.9999999999999999,1.0,1.0,1.0,4703.585136934743,4703.585136934743,2653.9148630652567,2653.9148630652567,asphalt,1.1575
5.6833333333333185,37.989095096269274,10.552526415630354,76.01581473019884,-5.901386503651672,92.06341785551331,10.52886059130578,0.7063344826811823,11.395511728963296,38.74602313086687,-4.118353729245854,3803.8482912517993,1,0,0.9999999999999999,1.0,0.9999999999999999,1.0,4707.770181678983,4707.770181678983,2649.729818321017,2649.729818321017,asphalt,1.1575
5.699999999999985,37.75081371962529,10.486337144340359,76.45981501721346,-6.078306918103441,93.33496503737392,10.474319331054003,0.5018976547870575,11.570430798096059,38.755664341631025,-4.173843681729892,3782.178192054037,1,0,1.0,1.0,0.9999999999999999,1.0,4711.945395807312,4711.945395807312,2645.5546041926877,2645.5546041926877,asphalt,1.1575
5.716666666666652,37.50948466713638,10.41930129642677,76.91002756603618,-6.256521452884984,94.61397689141123,10.41502007279726,0.29865764505654985,11.744391279097755,38.76191058253776,-4.229186722382963,3760.189686585618,1,0,1.0,0.9999999999999999,1.0,1.0,4716.109823692812,4716.109823692812,2641.3901763071876,2641.3901763071876,asphalt,1.1575
5.733333333333318,37.26511108102419,10.351419744728942,77.36648344632059,-6.435999446468086,95.9005572854168,10.350967736201845,0.09673497646993104,11.917313919719195,38.764783054644155,-4.284367771192308,3737.8821680686524,1,0,0.9999999999999999,1.0,1.0,1.0,4720.2623676551375,4720.2623676551375,2637.2376323448625,2637.2376323448625,asphalt,1.1575
5.749999999999985,37.01769622715413,10.282693396431704,77.82920868607391,-6.616706261195062,97.1948105527199,10.282169988465538,-0.10374879911962379,12.089119578228363,38.76430497848232,-4.339369777646738,3715.2552570277203,1,0,1.0,1.0,1.0,0.9999999999999999,4724.40178307476,4724.40178307476,2633.0982169252397,2633.0982169252397,asphalt,1.1575
5.7666666666666515,36.7672435635132,10.213123212087,78.29822408813276,-6.798603005797116,98.49684140627151,10.208637319920296,-0.30267113440304366,12.25972926998803,38.76050161086372,-4.39417365434025,3692.3087852748185,1,0,1.0,1.0,1.0,1.0,4728.526673422842,4728.526673422842,2628.9733265771583,2628.9733265771583,asphalt,1.1575
5.783333333333318,36.51375681110283,10.142710225306342,78.7735450292901,-6.981646242689368,99.80675484948797,10.130383121214503,-0.4999085235781942,12.42906421530998,38.753400261089745,-4.448758209505144,3669.042780283897,1,0,1.0,1.0,0.9999999999999999,1.0,4732.635485206405,4732.635485206405,2624.864514793594,2624.864514793594,asphalt,1.1575
5.799999999999985,36.25724002740377,10.071455563167714,79.25518124225158,-7.1657876790688,101.12465608356798,10.047423761980536,-0.6953365430140923,12.59704588861119,38.743030306507976,-4.503100078636635,3645.457451466054,1,0,1.0,1.0,1.0,1.0,4736.726502842407,4736.726502842407,2620.7734971575924,2620.7734971575924,asphalt,1.1575
5.816666666666651,35.997697682575826,9.999360467382173,79.74313658059496,-7.350973840792765,102.45065041099816,9.959778670885402,-0.8888298957740174,12.7635960688957,38.72942320735066,-4.55717365550953,3621.5531791079816,1,0,1.0,1.0,1.0,0.9999999999999999,4740.79784347945,4740.79784347945,2616.702156520549,2616.702156520549,asphalt,1.1575
5.833333333333318,35.7351347385593,9.926426316266472,80.23740876691232,-7.5371457279687375,103.78484313496574,9.86747041695307,-1.0802624601565787,12.928636891584054,38.71261252078951,-4.610951022954879,3597.330506266787,1,0,1.0,1.0,1.0,1.0,4744.847451794341,4744.847451794341,2612.652548205658,2612.652548205658,asphalt,1.1575
5.8499999999999845,35.46955673124617,9.85265464756838,80.73798912432694,-7.724238451134245,105.12733945440037,9.770524792036811,-1.2695073424146972,13.092090901710248,38.69263391413817,-4.664401883828901,3572.7901336310956,1,0,1.0,1.0,1.0,1.0,4748.873094793835,4748.873094793835,2608.6269052061643,2608.6269052061643,asphalt,1.1575
5.866666666666651,35.20096985589006,9.778047182191683,81.24486229159717,-7.912180846853737,106.47824435436974,9.66897089430894,-1.4564369338125438,13.25388110850401,38.66952517713103,-4.717493492678102,3547.932917197609,1,0,1.0,1.0,1.0,1.0,4752.872356659563,4752.872356659563,2604.6276433404364,2604.6276433404364,asphalt,1.1575
5.883333333333318,34.92938105592352,9.702605848867645,81.75800592204861,-8.100895071504576,107.83766249155852,9.562841212623683,-1.6409229721795706,13.413931041373855,38.643326233204526,-4.770190588667589,3522.7598685304224,1,0,1.0,1.0,1.0,1.0,4756.842633676536,4756.842633676536,2600.6573663234635,2600.6573663234635,asphalt,1.1575
5.899999999999984,34.65479811535019,9.626332809819496,82.27739036661333,-8.290296171968489,109.205698074563,9.452171711596726,-1.8228366081187706,13.572164807303876,38.61407914970416,-4.822455330409952,3497.27215733798,1,0,1.0,1.0,1.0,1.0,4760.781129291868,4760.781129291868,2596.7188707081314,2596.7188707081314,asphalt,1.1575
5.916666666666651,34.377229754877554,9.549230487465987,82.80297834130147,-8.480291631890404,110.58245473874099,9.33700191723252,-2.002048476023032,13.728507149674442,38.58182814693825,-4.874247233413911,3471.471116099828,1,0,1.0,1.0,1.0,1.0,4764.684849356579,4764.684849356579,2592.81515064342,2592.81515064342,asphalt,1.1575
5.933333333333318,34.09668573195341,9.47130159220928,83.334724579486,-8.670780892107626,111.96803541536033,9.217375002917574,-2.1784287700487903,13.882883508514102,38.54661960599657,-4.925523110924388,3445.3582464893193,1,0,0.9999999999999999,1.0,1.0,1.0,4768.550597607356,4768.550597607356,2588.9494023926427,2588.9494023926427,asphalt,1.1575
5.949999999999984,33.81317694486496,9.392549151351378,83.8725754694474,-8.861654843799359,113.3625421947985,9.093337875584977,-2.3518473251899676,14.035220082186733,38.508502075249815,-4.976237019063348,3418.9352273607988,1,0,1.0,1.0,1.0,1.0,4772.374971453984,4772.374971453984,2585.1250285460164,2585.1250285460164,asphalt,1.1575
5.966666666666651,33.52671554105446,9.312976539181793,84.41646867770025,-9.052795292849629,114.76607618355199,8.964941261842355,-2.5221737035872254,14.185443890514675,38.46752627544355,-5.026340207234483,3392.2039240952236,1,0,1.0,1.0,1.0,1.0,4776.15435814345,4776.15435814345,2581.3456418565497,2581.3456418565497,asphalt,1.1575
5.983333333333317,33.23731502979759,9.232587508277108,84.96633275871196,-9.244074393866164,116.1787373548255,8.832239793842543,-2.689277286197675,14.333482839334941,38.42374510329786,-5.075781074893797,3365.1663991234363,1,0,0.9999999999999999,1.0,1.0,1.0,4779.884931381949,4779.884931381949,2577.6150686180504,2577.6150686180504,asphalt,1.1575
5.999999999999984,32.944990399381545,9.151386222050428,85.52208675172123,-9.43535405224921,117.600624392481,8.695292094663538,-2.8530273699381485,14.47926578648181,38.377213633522416,-5.124505135923698,3337.8249234696264,1,0,1.0,1.0,1.0,1.0,4783.5626485027515,4783.5626485027515,2573.9373514972476,2573.9373514972476,asphalt,1.1575
6.016666666666651,32.64975823890668,9.069377288585187,86.08363976547753,-9.62648529266096,119.03183452813975,8.554160862952184,-3.013293270400668,14.622722609185073,38.32798911915446,-5.17245499193308,3310.181989177844,1,0,1.0,1.0,1.0,1.0,4787.183248281621,4787.183248281621,2570.3167517183792,2570.3167517183792,asphalt,1.1575
6.033333333333317,32.351636864819355,8.986565795783154,86.65089055184637,-9.817307592212831,120.47246337124704,8.408912956574511,-3.169944430221614,14.763784272869003,38.27613099012615,-5.219570316064193,3282.2403225014455,1,0,1.0,1.0,1.0,1.0,4790.7422495094315,4790.7422495094315,2566.757750490568,2566.757750490568,asphalt,1.1575
6.049999999999984,32.05064645226222,8.902957347850617,87.22372706936773,-10.007648176659917,121.92260473192285,8.259619475005277,-3.3228505331658926,14.902382901332725,38.22170084996623,-5.265787848959178,3254.0028977488673,1,0,1.0,1.0,1.0,1.0,4794.234950447575,4794.234950447575,2563.265049552424,2563.265049552424,asphalt,1.1575
6.06666666666665,31.746809171301095,8.818558103139193,87.80202603801115,-10.197321277884217,123.38235043644619,8.106355840180244,-3.471881623963809,15.03845184828808,38.16476247054044,-5.3110414088362745,3225.472951689381,1,0,1.0,1.0,1.0,1.0,4797.656429306388,4797.656429306388,2559.843570693611,2559.843570693611,asphalt,1.1575
6.083333333333317,31.440149328053234,8.73337481334812,88.3856524865477,-10.386127350951252,124.85179013523889,7.949201875527565,-3.6169082339108884,15.171925770226448,38.105381784734575,-5.355261917812442,3196.6539984295155,1,0,1.0,0.9999999999999999,1.0,1.0,4801.001545902131,4801.001545902131,2556.498454097869,2556.498454097869,asphalt,1.1575
6.099999999999984,31.130693510698052,8.647414864082792,88.97445929415531,-10.573852249055694,126.33101110324394,7.7882418828898405,-3.757801512209036,15.302740700581168,38.043626876984376,-5.398377446896916,3167.5498446750275,1,0,0.9999999999999999,1.0,1.0,1.0,4804.264944671485,4804.264944671485,2553.235055328514,2553.235055328514,asphalt,1.1575
6.11666666666665,30.818470740296405,8.560686316749,89.56828672809485,-10.760266354727976,127.8200980326203,7.623564717046715,-3.8944333629905676,15.43083412514736,37.979567971557124,-5.440313282408482,3138.1646052947317,1,0,1.0,1.0,1.0,1.0,4807.441059242249,4807.441059242249,2550.05894075775,2550.05894075775,asphalt,1.1575
6.133333333333317,30.503512626275633,8.47319795174323,90.16696197954032,-10.945123665767913,129.3191328177101,7.455263857549907,-4.0266765879240625,15.556145058716174,37.91327741849113,-5.480992016937591,3108.502719101445,1,0,1.0,0.9999999999999999,1.0,1.0,4810.524118787979,4810.524118787979,2546.975881212021,2546.975881212021,asphalt,1.1575
6.1499999999999835,30.185853526350392,8.38495931287511,90.77029869992687,-11.128160834512203,130.82819433227158,7.28343747758948,-4.154405034251718,15.67861412287574,37.84482967710173,-5.5203336684054705,3078.5689647618688,1,0,1.0,1.0,1.0,1.0,4813.5081564254615,4813.5081564254615,2543.9918435745385,2543.9918435745385,asphalt,1.1575
6.16666666666665,29.865530710540675,8.295980752927965,91.37809654049468,-11.3090961592421,132.34735819901442,7.108188509622995,-4.277493748050939,15.798183624926475,37.774301296965234,-5.55825583132787,3048.3684767414543,1,0,1.0,1.0,1.0,1.0,4816.387019952448,4816.387019952448,2541.1129800475514,2541.1129800475514,asphalt,1.1575
6.183333333333317,29.542584528811346,8.206273480225374,91.99014069806765,-11.48762852680841,133.87669655152175,6.92962470751948,-4.395819132446856,15.914797637854244,37.70177089629648,-5.594673864995201,3017.906761182297,1,0,1.0,1.0,1.0,1.0,4819.154385267608,4819.154385267608,2538.345614732392,2538.345614732392,asphalt,1.1575
6.199999999999983,29.21705858168579,8.115849606023831,92.60620147051941,-11.66343630591688,135.4162777886972,6.747858704999739,-4.5092591104256154,16.028402081300907,37.62731913764119,-5.629501124074636,2987.1897116016967,1,0,1.0,1.0,1.0,1.0,4821.8037728713225,4821.8037728713225,2535.696227128677,2535.696227128677,asphalt,1.1575
6.21666666666665,28.888999892970038,8.024722192491677,93.22603382585915,-11.836176190998563,136.96616632193985,6.563008070195641,-4.617693291808727,16.13894480346867,37.551028700810654,-5.662649238074238,2956.2236242862123,1,0,1.0,1.0,1.0,1.0,4824.328567911147,4824.328567911147,2533.1714320888523,2533.1714320888523,asphalt,1.1575
6.2333333333333165,28.55845908345141,7.9329053009587245,93.84937698943328,-12.005481997219013,138.52642231531996,6.3751953562066594,-4.721003143843485,16.24637566389216,37.47298425299521,-5.694028447276054,2925.015213240483,1,0,1.0,1.0,1.0,1.0,4826.722044322454,4826.722044322454,2530.777955677546,2530.777955677546,asphalt,1.1575
6.249999999999983,28.225490544091684,7.840414040025467,94.4759540544058,-12.170963407995064,140.09710141910978,6.184548147605655,-4.819072164740421,16.350646617010906,37.393272416002745,-5.723548004214223,2893.571624531546,1,0,1.0,1.0,1.0,1.0,4828.977393714369,4828.977393714369,2528.5226062856304,2528.5226062856304,asphalt,1.1575
6.26666666666665,27.890109176262964,7.747252548961934,95.10542888151551,-12.332207183473345,141.6782541831955,5.99119001519495,-4.911778115838043,16.451711740584713,37.3119817790879,-5.752824301005006,2861.9004484735556,1,0,1.0,1.0,1.0,1.0,4831.158107903519,4831.158107903519,2526.3418920964814,2526.3418920964814,asphalt,1.1575
6.283333333333316,27.55224213413556,7.653400592815434,95.73756952337479,-12.488780108825779,143.26992612559192,5.795231707150479,-4.9989829060065185,16.54952697022757,37.22920318856129,-5.781438735917845,2830.009533425331,1,0,1.0,1.0,1.0,1.0,4833.348984292105,4833.348984292105,2524.151015707894,2524.151015707894,asphalt,1.1575
6.299999999999983,27.211946417687294,7.558874004913137,96.37210678965845,-12.64020818226162,144.87215914671233,5.596816296743219,-5.080573152968185,16.644050440863392,37.14502952635594,-5.80789919088204,2797.906437482568,1,0,1.0,1.0,1.0,1.0,4835.379826238026,4835.379826238026,2522.120173761974,2522.120173761974,asphalt,1.1575
6.3166666666666496,26.869293497591038,7.463692638219732,97.00869638783807,-12.785985269622435,146.48498962746257,5.39609417008189,-5.156440197018062,16.735242760452515,37.05955550379334,-5.832117079059245,2765.5986050297774,1,0,1.0,1.0,1.0,1.0,4837.243681467595,4837.243681467595,2520.256318532405,2520.256318532405,asphalt,1.1575
6.333333333333316,26.524359276146253,7.367877576707293,97.64697590657707,-12.92557342274074,148.10844802191653,5.19322099363049,-5.226478326431831,16.823067098354198,36.97287761269942,-5.854006661288196,2733.093731162202,1,0,1.0,1.0,1.0,1.0,4838.934047164934,4838.934047164934,2518.565952835066,2518.565952835066,asphalt,1.1575
6.349999999999983,26.177224187536396,7.271451163204555,98.28656473175276,-13.058401354173201,149.7425585544129,4.988357745269944,-5.290584941580112,16.90748927365499,36.885094074553656,-5.873485897175215,2700.399986780888,1,0,1.0,1.0,1.0,1.0,4840.444675763983,4840.444675763983,2517.0553242360165,2517.0553242360165,asphalt,1.1575
6.366666666666649,25.827973266103943,7.174437018362206,98.92706404696989,-13.183862918322365,151.3873389160434,4.781670746862476,-5.348660710780376,16.988477844028452,36.79630478698435,-5.890477824139779,2667.5261465617136,1,0,1.0,1.0,1.0,1.0,4841.769673670619,4841.769673670619,2515.73032632938,2515.73032632938,asphalt,1.1575
6.383333333333316,25.476696169942958,7.076860047206377,99.56805695176932,-13.301315624433105,153.04279996234297,4.573331700449771,-5.400609714227373,17.066004195172088,36.706611267785426,-5.90491223500571,2634.4816526897635,1,0,1.0,1.0,1.0,1.0,4842.903621367926,4842.903621367926,2514.5963786320744,2514.5963786320744,asphalt,1.1575
6.399999999999983,25.123487144111987,6.9787464289199965,100.20910872591571,-13.410079215338932,154.70894541442956,4.363517731177166,-5.446339571571542,17.14004263091288,36.61611659669821,-5.91672772418967,2601.2766363454784,1,0,1.0,1.0,1.0,1.0,4843.841719762203,4843.841719762203,2513.6582802377966,2513.6582802377966,asphalt,1.1575
6.416666666666649,24.768444903133805,6.880123584203835,100.84976727611468,-13.509434357361782,156.38577156639633,4.152411441206595,-5.485761547575176,17.21057046413631,36.52492535528724,-5.925874198297265,2567.921911306129,1,0,1.0,1.0,1.0,1.0,4844.579969433577,4844.579969433577,2512.920030566422,2512.920030566422,asphalt,1.1575
6.433333333333316,24.41167240605604,6.781020112793344,101.48956381256359,-13.598621502378037,158.0732670024722,3.9402009804359555,-5.518790628740992,17.27756810878016,36.43314356534692,-5.932315982148566,2534.428948695689,1,0,1.0,1.0,1.0,1.0,4845.115391897957,4845.115391897957,2512.384608102042,2512.384608102042,asphalt,1.1575
6.449999999999982,24.053276488517728,6.681465691254925,102.12801381822096,-13.676840004464697,159.7714123284128,3.72708014195578,-5.545345561717099,17.341019173252658,36.34087862641567,-5.936035700856763,2500.8098381681325,1,0,1.0,1.0,1.0,1.0,4845.446305402366,4845.446305402366,2512.0536945976332,2512.0536945976332,asphalt,1.1575
6.466666666666649,23.693367303978285,6.581490917771745,102.76461839561127,-13.743247603305525,161.48017992285108,3.513248493101736,-5.565348841396229,17.400910555795896,36.24823925315597,-5.937039189859377,2467.077238130942,1,0,1.0,1.0,1.0,1.0,4845.572672662015,4845.572672662015,2511.927327337985,2511.927327337985,asphalt,1.1575
6.483333333333316,23.33205750896317,6.481127085823103,103.39886610745023,-13.796960428601418,163.1995337160611,3.298911557092265,-5.578726632581396,17.45723254253751,36.15533541360043,-5.935361789377822,2433.2443156316135,1,0,1.0,1.0,1.0,1.0,4845.496545079287,4845.496545079287,2512.0034549207126,2512.0034549207126,asphalt,1.1575
6.499999999999982,22.96946110246665,6.380405861796291,104.0302354731458,-13.837053740296065,164.9294290059825,3.0842810661789457,-5.585408603321206,17.509978909282484,36.06227826959043,-5.931076536308524,2399.3246749552454,1,0,1.0,1.0,1.0,1.0,4845.22263860504,4845.22263860504,2512.2773613949594,2512.2773613949594,asphalt,1.1575
6.516666666666649,22.60569179375358,6.279358831598216,104.65819835079596,-13.862563708432027,166.66981232472205,2.869575315945634,-5.5853276396363745,17.559147028531935,35.96918012118163,-5.924305005760928,2365.3322725854923,1,0,1.0,1.0,1.0,1.0,4844.759092549737,4844.759092549737,2512.740907450262,2512.740907450262,asphalt,1.1575
6.5333333333333155,22.240860719650925,6.178016866569702,105.28222453562209,-13.872490670307345,168.42062137357792,2.655019663445524,-5.578419398928099,17.604737983838724,35.876154357418514,-5.915231928563216,2331.2813147557204,1,0,1.0,1.0,1.0,1.0,4844.118487746543,4844.118487746543,2513.381512253457,2513.381512253457,asphalt,1.1575
6.549999999999982,21.875073251999854,6.076409236666626,105.90178806029215,-13.865804509134467,170.181785051669,2.440847231909661,-5.564621640500496,17.64675669451834,35.78331541677774,-5.90412531089072,2297.186132141831,1,0,1.0,1.0,1.0,1.0,4843.319240456764,4843.319240456764,2514.180759543235,2514.180759543235,asphalt,1.1575
6.566666666666649,21.508424511250862,5.97456236423635,106.51637592250445,-13.841453126354786,171.95322361370506,2.22729991638619,-5.54387324229329,17.685212055089405,35.69077876189452,-5.891364771480951,2263.061024048847,1,0,1.0,1.0,1.0,1.0,4842.387553865389,4842.387553865389,2515.1124461346108,2515.1124461346108,asphalt,1.1575
6.583333333333315,21.140993003432772,5.872498056509103,107.1255003448721,-13.798375517454282,173.7348490082438,2.014629836116482,-5.516112765991326,17.72011709589313,35.598660875160896,-5.877482495477011,2228.9200613283147,1,0,1.0,1.0,1.0,1.0,4841.360219506129,4841.360219506129,2516.13978049387,2516.13978049387,asphalt,1.1575
6.599999999999982,20.772831470800064,5.7702309641111285,107.7287162849819,-13.735521875121513,175.52656547219726,1.80310146610351,-5.4812763552043435,17.751489174613265,35.507079284836685,-5.863224173160049,2194.7768326171863,1,0,1.0,1.0,1.0,1.0,4840.288754008542,4840.288754008542,2517.2112459914574,2517.2112459914574,asphalt,1.1575
6.6166666666666485,20.40399911817194,5.667777532825538,108.3250310183068,-13.652035591602225,177.32826792955717,1.5930129570308056,-5.439302517817327,17.779350289280124,35.41615260327574,-5.847531911948423,2160.6441112749185,1,0,1.0,0.9989092824166905,1.0,1.0,4839.245707356871,4839.245707356871,2518.2542926431283,2518.2542926431283,asphalt,1.1575
6.633333333333315,20.043640675761683,5.567677965489356,108.78375239735328,-13.576275900343097,179.1387424582962,1.3881576078665816,-5.391850923673411,17.803757352079145,35.32598612493638,-5.664057767989874,2126.5349604858766,1,0,1.0,0.9155374661135769,1.0,1.0,4828.416808635308,4828.416808635308,2529.083191364691,2529.083191364691,asphalt,1.1575
6.649999999999982,19.695889787596055,5.4710804965544595,109.03972953856868,-13.518670468323249,-179.04527911790538,1.1901195062728342,-5.340069040805324,17.824821884333534,35.23665578245112,-5.493827281411896,2092.4873789436156,1,0,1.0,0.8417615811708093,1.0,1.0,4815.3499932404675,4815.3499932404675,2542.1500067595325,2542.1500067595325,asphalt,1.1575
6.666666666666648,19.35928550082165,5.377579305783791,109.11399460077344,-13.472704300116357,-177.22695237008233,0.9984052852135055,-5.2840842230656975,17.842652233369357,35.14823241697131,-5.335814596764195,2058.578869180977,1,0,0.9999999999999999,0.7755401603769173,1.0,1.0,4803.2591071779925,4803.2591071779925,2554.240892822007,2554.240892822007,asphalt,1.1575
6.683333333333315,19.03265428460408,5.286848412390023,109.02426751084504,-13.432560415134724,-175.40911723363027,0.8126131590434196,-5.224023926949452,17.857349504955614,35.06078475184729,-5.187287845287827,2024.9029708498078,1,0,1.0,0.7157320059251755,1.0,1.0,4791.929509167198,4791.929509167198,2565.5704908328007,2565.5704908328007,asphalt,1.1575
6.6999999999999815,18.71506150110486,5.1986281947513495,108.78543853958973,-13.39301921000738,-173.59434843744933,0.632415759216816,-5.160017966515029,17.869008903313304,34.974379363409625,-5.045967982630302,1991.5526902493634,1,0,1.0,0.6613733876432611,1.0,1.0,4781.181736307617,4781.181736307617,2576.318263692382,2576.318263692382,asphalt,1.1575
6.716666666666648,18.405770736616148,5.1127140935044855,108.41002773048916,-13.349376521749294,-171.7849977777159,0.4575462447655737,-5.092199606832033,17.877720823553226,34.88908062953113,-4.909970504892129,1958.6120570576902,1,0,1.0,0.6116526748891813,1.0,1.0,4770.86705549184,4770.86705549184,2586.6329445081597,2586.6329445081597,asphalt,1.1575
6.733333333333315,18.104210415981758,5.028947337772711,107.9085724703304,-13.297372341626968,-169.98322949846116,0.28778665755154237,-5.020706142150379,17.883571736478274,34.8049506654971,-4.777752349158746,1926.1526414549314,1,0,1.0,0.5658882462421488,1.0,1.0,4760.863367132022,4760.863367132022,2596.6366328679774,2596.6366328679774,asphalt,1.1575
6.749999999999981,17.80994633921251,4.947207316447919,107.28995413280595,-13.233129521678011,-168.1910498603801,0.12295818657655777,-4.945679075341386,17.886644899594984,34.72204925453189,-4.648064517236534,1894.2329575785,1,0,1.0,0.5235093681133878,1.0,1.0,4751.071533854483,4751.071533854483,2606.4284661455163,2606.4284661455163,asphalt,1.1575
6.766666666666648,17.522659042642914,4.867405289623031,106.56167306043912,-13.153101718154508,-166.4103318148094,-0.037086944058851004,-4.867263996541655,17.887020923118758,34.640433778584516,-4.519910424370082,1862.8994223079956,1,0,1.0,0.4840397425905155,1.0,1.0,4741.412142334033,4741.412142334033,2616.087857665967,2616.087857665967,asphalt,1.1575
6.783333333333315,17.242125096955142,4.78947919359865,105.73007973367967,-13.054029787766302,-164.64283556044643,-0.19247220633493228,-4.78561024276977,17.88477821545359,34.56015915351531,-4.392509671267533,1832.1880377095454,1,0,1.0,0.4470834403428517,1.0,1.0,4731.822680066548,4731.822680066548,2625.677319933452,2625.677319933452,asphalt,1.1575
6.799999999999981,16.968201621616558,4.713389339337932,104.80056877209557,-12.932905869660512,-162.8902256423614,-0.3433023252864168,-4.700870406386184,17.879993328964662,34.48127777161036,-4.265266781257395,1802.1262965753235,1,0,1.0,0.4123129588926571,1.0,1.0,4722.255094770308,4722.255094770308,2635.244905229692,2635.244905229692,asphalt,1.1575
6.816666666666648,16.700813428279666,4.639114841188796,103.77774138893851,-12.786944431458345,-161.15408515298597,-0.48966783773634015,-4.613199748376908,17.87274122374417,34.403839453345576,-4.13774438295917,1772.7350264111524,1,0,1.0,0.3794591791140786,1.0,1.0,4712.673697992677,4712.673697992677,2644.8263020073227,2644.8263020073227,asphalt,1.1575
6.833333333333314,16.439942311289418,4.566650642024838,102.66554104920606,-12.613559619259576,-159.43592751032912,-0.6316488025907783,-4.522755562319447,17.863095464415768,34.32789140949693,-4.00964031661708,1744.0300250093342,1,0,1.0,0.3483030335773081,1.0,1.0,4703.053373416877,4703.053373416877,2654.4466265831225,2654.4466265831225,asphalt,1.1575
6.849999999999981,16.185618087048507,4.496005024180141,101.46736633889523,-12.410348320919335,-157.73720621739048,-0.7693177900637658,-4.429696526325982,17.851128362764523,34.25347821402003,-3.8807681752335554,1716.0234261268408,1,0,1.0,0.318668751261215,1.0,1.0,4693.378052313019,4693.378052313019,2664.1219476869805,2664.1219476869805,asphalt,1.1575
6.866666666666648,15.939520662774832,4.427644628548564,100.17376823517853,-12.182397987492452,-156.05940505748262,-0.9022734589085671,-4.334736388993467,17.836914244447186,34.180638091822935,-3.7104050771623776,1688.7248521213269,1,0,0.9774134702423937,0.2910662420269032,1.0,1.0,4681.711264753515,4681.711264753515,2675.788735246484,2675.788735246484,asphalt,1.1575
6.883333333333314,15.70469652021583,4.362415700059953,98.76458636095275,-11.940792748007555,-154.40437850096438,-1.029844704416397,-4.239114367991865,17.820540753175734,34.109387692135485,-3.526906093499136,1662.1472829164645,1,0,0.9458406142678952,0.2678238513187324,1.0,1.0,4667.723792506507,4667.723792506507,2689.7762074934917,2689.7762074934917,asphalt,1.1575
6.899999999999981,15.480443026809148,4.300123063002541,97.25221631842832,-11.68057624183584,-152.7739294288945,-1.1524477700010096,-4.142815768820291,17.802093340606003,34.039737997861856,-3.3516864924089163,1636.3169307367396,1,0,0.9165897172153229,0.24827203842756593,1.0,0.9999999999999999,4654.410767442256,4654.410767442256,2703.089232557744,2703.089232557744,asphalt,1.1575
6.916666666666647,15.266182992432185,4.240606386786718,95.64780828804695,-11.397399046022981,-151.16965816595766,-1.2704406930608465,-4.045827847681037,17.78165098784105,33.97170046849865,-3.1824157505602813,1611.266487824244,1,0,0.8891007766903359,0.23171376924816692,0.9999999999999999,1.0,4641.584329976863,4641.584329976863,2715.915670023137,2715.915670023137,asphalt,1.1575
6.933333333333314,15.061538493576919,4.183760692660255,93.96027115813908,-11.087733770321758,-149.5930033435496,-1.3841205813909296,-3.9481722036429785,17.759287368446074,33.90528640704568,-3.0173424218393308,1587.027777984702,1,0,0.8629436460319067,0.21761207463639992,0.9999999999999999,1.0,4629.102984156667,4629.102984156667,2728.397015843333,2728.397015843333,asphalt,1.1575
6.949999999999981,14.86628601777576,4.1295238938266,92.19680996709722,-10.748727888106917,-148.0452734699399,-1.4937403799588458,-3.8498970462812645,17.735071683045778,33.84050647030021,-2.8551538696725487,1563.6283568224046,1,0,0.8377884868611953,0.20555320749293923,1.0,1.0,4616.860629218254,4616.860629218254,2740.6393707817456,2740.6393707817456,asphalt,1.1575
6.966666666666647,14.680322566128188,4.077867379480052,90.36333776093213,-10.378091838278161,-146.5276708953708,-1.5995214598953535,-3.7510709755964027,17.70906925954354,33.77737029195455,-2.694866605727455,1541.0904015502144,1,0,0.8133829140021778,0.1952180248041787,1.0,1.0,4604.7777912614965,4604.7777912614965,2752.7222087385035,2752.7222087385035,asphalt,1.1575
6.983333333333314,14.503640091241717,4.02878891423381,88.46479170216098,-9.974015180814751,-145.04130994416911,-1.701663073459036,-3.6517780463603193,17.681341977352,33.71588619570524,-2.5357402536793217,1519.4308248647774,1,0,0.7895343446816605,0.18635985687797746,1.0,1.0,4592.794752933682,4592.794752933682,2764.705247066318,2764.705247066318,asphalt,1.1575
6.9999999999999805,14.336306318039263,3.982307310566462,86.50537639011446,-9.535104976502062,-143.5872305627398,-1.8003494713263195,-3.5521139194690994,17.651948559293732,33.65606097906291,-2.3772095319109,1498.6619708518353,1,0,0.7660964139797599,0.17878747660145003,1.0,1.0,4580.866134507176,4580.866134507176,2776.6338654928236,2776.6338654928236,asphalt,1.1575
7.016666666666647,14.178450492976664,3.9384584702712955,84.48875212953678,-9.060341738731529,-142.16640850593356,-1.895755290391138,-3.4521829327261506,17.620944763585427,33.597899751529546,-2.2188297992491357,1478.7925220110565,1,0,0.7429585624303752,0.17235206409967202,0.9999999999999999,1.0,4568.95657162323,4568.95657162323,2788.543428376769,2788.543428376769,asphalt,1.1575
7.033333333333314,14.030252983030993,3.8972924952863868,82.41818193983208,-8.5490492886857,-140.77976283121887,-1.9880496776539676,-3.352095952235787,17.58838349972005,33.5414058133022,-2.060232597806788,1459.8284167354414,1,0,0.7200380996628563,0.16693729483683095,1.0,1.0,4557.037206491545,4557.037206491545,2800.462793508455,2800.462793508455,asphalt,1.1575
7.04999999999998,13.891937934312493,3.858871648420137,80.29664815014077,-8.000875664814258,-139.4281612720614,-2.0773995082928765,-3.2519688931361657,17.55431488546134,33.486580562687095,-1.9010882966718512,1441.7736808377645,1,0,0.6972742069179484,0.1624518671242378,1.0,1.0,4545.082763574141,4545.082763574141,2812.4172364258593,2812.4172364258593,asphalt,1.1575
7.066666666666647,13.763574847654008,3.8232152354594464,78.12661809612689,-7.415766759771892,-138.11242667139476,-2.16394227807106,-3.1518769890060527,17.51878648621754,33.43342378139127,-1.7465709850114663,1424.6311047701852,1,0,0.6745656166892035,0.15880095365749322,1.0,0.9999999999999999,4533.3665791469675,4533.3665791469675,2824.133420853032,2824.133420853032,asphalt,1.1575
7.0833333333333135,13.645285656741587,3.790357126872663,75.9105472415246,-6.79403510222281,-136.83334209860692,-2.2478114923930237,-3.051909343984555,17.481843770550466,33.38193407506478,-1.5915054115081162,1408.4020665374073,1,0,0.651880057332496,0.15590785631470308,1.0,1.0,4521.731572639683,4521.731572639683,2835.768427360317,2835.768427360317,asphalt,1.1575
7.09999999999998,13.53740322699016,3.760389785275044,73.65088927773934,-6.136214779138817,-135.59164925506644,-2.3291753053293154,-2.9521981190707685,17.44352955603568,33.33210799910719,-1.434856533218074,1393.0862397012318,1,0,0.629227926655405,0.1537382474034085,1.0,1.0,4509.984880426012,4509.984880426012,2847.5151195739877,2847.5151195739877,asphalt,1.1575
7.116666666666647,13.440294795725384,3.7334152210348286,71.35011620180553,-5.443136928146542,-134.3880489257674,-2.408209102582816,-2.852878919774165,17.40388378255093,33.28393987263725,-1.2761733982222268,1378.6826611012305,1,0,0.6066039772539196,0.15226216479636523,1.0,1.0,4498.094439917269,4498.094439917269,2859.405560082731,2859.405560082731,asphalt,1.1575
7.133333333333313,13.354365079408764,3.709545855391323,69.01079722888393,-4.715950716451267,-133.22319977155115,-2.4850969813027004,-2.754092127502482,17.36294337861148,33.23742170677834,-1.1148847614080282,1365.190690564127,1,0,0.5840117821996232,0.15145785132171355,1.0,1.0,4486.019818276448,4486.019818276448,2871.480181723552,2871.480181723552,asphalt,1.1575
7.14999999999998,13.28006149330259,3.6889059703618305,66.63567274345803,-3.9561450749376914,-132.09771595535577,-2.5600337771652955,-2.655984623062406,17.320742095408654,33.19254310792617,-0.950259127020523,1352.6107106954603,1,0,0.5614638745007323,0.15131135975642224,1.0,1.0,4473.709336068174,4473.709336068174,2883.7906639318253,2883.7906639318253,asphalt,1.1575
7.1666666666666465,13.217881704580888,3.6716338068280243,64.22774534075376,-3.16557875084754,-131.01216336909863,-2.6332274135463813,-2.558712215156344,17.277310303858165,33.149291145157704,-0.7813561447881412,1340.9446852202868,1,0,0.5389825497931018,0.15181668817081162,1.0,1.0,4461.096595920746,4461.096595920746,2896.403404079253,2896.403404079253,asphalt,1.1575
7.183333333333313,13.16838397064835,3.657884436291208,61.79039804161491,-2.3465217673344045,-129.96705407548671,-2.704901687844088,-2.462442975656422,17.232674748091128,33.10765016803968,-0.6069662198625991,1330.1966669375095,1,0,0.5166014126846049,0.15297644472326363,0.9999999999999999,1.0,4448.096186695788,4448.096186695788,2909.4038133042122,2909.4038133042122,asphalt,1.1575
7.19999999999998,13.132200831561239,3.6478335643225663,59.32755384853881,-1.501713129877862,-128.9628383708818,-2.7752996051265875,-2.3673617836702707,17.186858246939547,33.06760155673048,-0.4255349241630313,1320.3733287245066,1,0,0.49436781557967463,0.15480309163311876,0.9999999999999999,1.0,4434.598309168096,4434.598309168096,2922.901690831903,2922.901690831903,asphalt,1.1575
7.216666666666646,13.110056784679848,3.6416824401888466,56.84389719855651,-0.634442115062691,-127.99989357630334,-2.8446873438425793,-2.2736765185403227,17.13987933335501,33.02912337985286,-0.23506917838069796,1311.4845812423343,1,0,0.4723464231429832,0.15732086933770253,1.0,1.0,4420.4620798803535,4420.4620798803535,2937.0379201196465,2937.0379201196465,asphalt,1.1575
7.233333333333313,13.102790463260884,3.6396640175724677,54.34518765321858,0.2513359978527948,-127.07850822441209,-2.91335886116458,-2.181626527819456,17.09175182099256,32.992189926409786,-0.033024423371088574,1303.5443373861683,1,0,0.4506242377027079,0.16056854798939096,0.9999999999999999,0.9999999999999999,4405.507390482447,4405.507390482447,2951.992609517553,2951.992609517553,asphalt,1.1575
7.24999999999998,13.11138132382722,3.6420503677297833,51.83871073104639,1.15083409938383,-126.1988596600836,-2.9816409526023233,-2.091494229216366,17.042484288861615,32.9567710652045,0.18382110903164772,1296.5714843794954,1,0,0.429317532489757,0.16460317522625226,1.0,0.9999999999999999,4389.505600791235,4389.505600791235,2967.994399208764,2967.994399208764,asphalt,1.1575
7.266666666666646,13.136979390380043,3.649160941772234,49.33393126971399,2.058195784929738,-125.36098211833132,-3.0498981440843873,-2.0036209446066957,16.992079482141847,32.922831368367085,0.41948131414613954,1290.5911270112101,1,0,0.4085812218461203,0.16950493381641663,1.0,1.0,4372.170402007643,4372.170402007643,2985.3295979923564,2985.3295979923564,asphalt,1.1575
7.283333333333313,13.180933119118988,3.6613703108663853,46.8434398633575,2.9661594098320747,-124.56472099440953,-3.1185358729213553,-1.918428148927254,16.940533646372533,32.890328916006375,0.6788018284152031,1285.6361642344275,1,0,0.3886211321224534,0.1753829591967461,1.0,1.0,4353.15269141552,4353.15269141552,3004.34730858448,3004.34730858448,asphalt,1.1575
7.299999999999979,13.244802876102328,3.6791119100284244,44.384302511551745,3.8655982339757364,-123.80966728623663,-3.1879985953026746,-1.83644477261397,16.88783585538511,32.859213683604246,0.9672731369946419,1281.7492436575453,1,0,0.36970911666211675,0.18238119486356177,1.0,1.0,4332.0487487141645,4332.0487487141645,3025.4512512858346,3025.4512512858346,asphalt,1.1575
7.316666666666646,13.330332582775728,3.7028701618821467,41.97990079466055,4.744936759333092,-123.09506449195693,-3.25875620785674,-1.758338822159221,16.833967481072225,32.829425424209695,1.2903027878838103,1278.9850771981542,1,0,0.3521992796272642,0.190681470820721,1.0,1.0,4308.441648471294,4308.441648471294,3049.0583515287058,3049.0583515287058,asphalt,1.1575
7.333333333333313,13.43932680032797,3.733146333424436,39.662183462012415,5.589533956266684,-122.41968022885213,-3.331267399962506,-1.6849448230453588,16.778902111579985,32.8008910487578,1.6513942991230834,1277.4129418459845,1,0,0.33653939488630996,0.20049699806528432,0.9999999999999999,0.9999999999999999,4282.012795567761,4282.012795567761,3075.487204432239,3075.487204432239,asphalt,1.1575
7.349999999999979,13.57335059029363,3.770375163970453,37.47372821044429,6.381351354373468,-121.78164094982836,-3.405904778705589,-1.617263588743546,16.72260645880547,32.77352179262726,2.0485636959767106,1277.1188384815837,1,0,0.32326329242522145,0.2120428246140681,1.0,1.0,4252.774624439983,4252.774624439983,3104.7253755600163,3104.7253755600163,asphalt,1.1575
7.366666666666646,13.733172763958368,3.8147702122106577,35.46789122357017,7.099631240820718,-121.17824899914305,-3.482833699467909,-1.5563872248963058,16.665042999945978,32.74721108785012,2.4690706640699034,1278.2061303979044,1,0,0.3129387776693711,0.22546416530391292,1.0,1.0,4221.443973076887,4221.443973076887,3136.056026923112,3136.056026923112,asphalt,1.1575
7.383333333333312,13.918004116726356,3.86611225464621,33.70395462392305,7.723645555367049,-120.60584474320666,-3.561873403576225,-1.5032903320456497,16.606174900453272,32.72183501409128,2.8853631968709337,1280.7925706200642,1,0,0.3060447810775099,0.24071500114378896,1.0,1.0,4189.808210086,4189.808210086,3167.691789913999,3167.691789913999,asphalt,1.1575
7.399999999999979,14.124906478121053,3.9235851328114038,32.23480607951224,8.237917325732898,-120.05982649212767,-3.6424357463768056,-1.4584862453705638,16.545972607005446,32.69725771947934,3.258920304542734,1285.0010577529115,1,0,0.3027912705060047,0.25743335709506915,1.0,1.0,4160.6359076692115,4160.6359076692115,3196.8640923307885,3196.8640923307885,asphalt,1.1575
7.416666666666646,14.348991616572198,3.985831004603388,31.090392601327,8.63786878136294,-119.53492964759558,-3.7236540933568065,-1.4217063657045192,16.4844195776012,32.67334265158133,3.5556328140375726,1290.9427126781181,1,0,0.30298010375463535,0.27493198358889154,1.0,1.0,4136.711893880559,4136.711893880559,3220.788106119441,3220.788106119441,asphalt,1.1575
7.433333333333312,14.584593439449101,4.051275955402528,30.267453945123933,8.931755240812311,-119.02573170427108,-3.804676311423107,-1.3918602775129876,16.421513977222475,32.64996649641836,3.7623344101805856,1298.6950385519808,1,0,0.30603249238026514,0.292382379754283,1.0,1.0,4119.488445656738,4119.488445656738,3238.011554343261,3238.011554343261,asphalt,1.1575
7.449999999999979,14.826054860524133,4.118348572367815,29.732797161404008,9.136649079130672,-118.52718724489797,-3.8847455381763876,-1.367313814434222,16.35726655045045,32.62703018061546,3.861667916199849,1308.282697407211,1,0,0.3111103731279307,0.3090077263244583,0.9907168283456048,1.0,4109.59379423326,4109.59379423326,3247.9062057667393,3247.9062057667393,asphalt,1.1575
7.4666666666666455,15.067782494514706,4.185495137365196,29.43536041736365,9.272630544683832,-118.03501331889542,-3.9630805953824098,-1.346239852110726,16.29170273342837,32.60446462570007,3.8924568935101433,1319.6658021565302,1,0,0.31736568263922516,0.3242446463487166,0.9799414495800097,1.0,4106.891967857891,4106.891967857891,3250.608032142108,3250.608032142108,asphalt,1.1575
7.483333333333312,15.30894705897156,4.252485294158767,29.324616717325235,9.359858403207799,-117.54579085003874,-4.040068163582673,-1.327207749616578,16.224847981874493,32.582227436738684,3.90978313750189,1332.7358631136874,1,0,0.3244807893707089,0.3382400713821814,0.9769104537203583,1.0,4105.397554433804,4105.397554433804,3252.102445566196,3252.102445566196,asphalt,1.1575
7.499999999999979,15.549536967407152,4.319315824279764,29.358093318982252,9.413342089813886,-117.05686230860566,-4.116138323907223,-1.3091579310136026,16.156720165603854,32.56029604276147,3.920851622186632,1347.337708325046,1,0,0.33200372734012396,0.3509961423560239,0.978843268371733,1.0,4104.484543837254,4104.484543837254,3253.0154561627455,3253.0154561627455,asphalt,1.1575
7.516666666666645,15.789732873168104,4.386036909213362,29.50197890507651,9.443684892484468,-116.56618699433604,-4.1916366169753525,-1.2913180244282672,16.08733086607471,32.538662443239225,3.929845810722128,1363.2953950966828,1,0,0.3396663142883364,0.3626206010282308,0.9840377390760392,1.0,4103.789383378508,4103.789383378508,3253.710616621491,3253.710616621491,asphalt,1.1575
7.533333333333312,16.029783147649724,4.452717541013812,29.73009675354055,9.458220507491703,-116.07220648924974,-4.266829091251012,-1.2731311818136262,16.0166867464444,32.51732917826824,3.938971797337274,1380.43037337251,1,0,0.3473231697857517,0.3732671225962285,0.9914504316776136,1.0,4103.1155181866225,4103.1155181866225,3254.3844818133766,3254.3844818133766,asphalt,1.1575
7.5499999999999785,16.269920885988228,4.519422468330063,30.022456785396116,9.461954339863299,-115.57373201207905,-4.341909176946881,-1.2541946206195664,15.944790778386242,32.49630638609189,3.9480332759050896,1398.5730974179924,1,0,0.3549063291114566,0.3830998435922169,1.0,1.0,4102.367874105079,4102.367874105079,3255.1321258949206,3255.1321258949206,asphalt,1.1575
7.566666666666645,16.50915102577607,4.5858752849377975,30.360819595225383,9.458310319920502,-115.06988278152767,-4.416694235021248,-1.2341248572706875,15.871646030218669,32.475610499419886,3.9277235731628934,1417.5693285256057,1,0,0.36222209904231106,0.39209492216608266,1.0,1.0,4103.372485574971,4103.372485574971,3254.127514425029,3254.127514425029,asphalt,1.1575
7.583333333333312,16.746788173334707,4.651885603704085,30.73215227357625,9.449624800398963,-114.5600377729653,-4.491047918102929,-1.2126533994726885,15.797259401162776,32.45526347661379,3.905220384978989,1437.2784241612721,1,0,0.3693361383389159,0.4004621992442438,1.0,1.0,4105.04692579653,4105.04692579653,3252.45307420347,3252.45307420347,asphalt,1.1575
7.599999999999978,16.982846325949843,4.7174573127638455,31.12603338735446,9.438016548150728,-114.04375480674497,-4.56500758722087,-1.1895836357167064,15.72163769935299,32.43529068133978,3.8812673500653716,1457.570290328005,1,0,0.37629134358767113,0.40835956726521766,1.0,1.0,4106.822422312751,4106.822422312751,3250.677577687249,3250.677577687249,asphalt,1.1575
7.616666666666645,17.217342995695653,4.782595276582126,31.534791658526924,9.424868397707687,-113.52074614709045,-4.638589133318498,-1.1647782758298693,15.644787269206759,32.41572037529494,3.8571059340322478,1478.3276891000883,1,0,0.3830813046764788,0.4158788900574771,1.0,1.0,4108.6396741791905,4108.6396741791905,3248.860325820809,3248.860325820809,asphalt,1.1575
7.6333333333333115,17.450296781710087,4.847304661586135,31.954374722232426,9.410581978921254,-112.9908075235652,-4.711784188701697,-1.1381793537643194,15.56671449003734,32.39658210884243,3.832970201754833,1499.4474734030287,1,0,0.389743874062115,0.4231079977108575,1.0,1.0,4110.455008100972,4110.455008100972,3247.0449918990275,3247.0449918990275,asphalt,1.1575
7.649999999999978,17.681720515868044,4.911589032185567,32.381715820211895,9.395424107695082,-112.45379157597222,-4.784577307364177,-1.1097417766946125,15.487425956038264,32.3779062583752,3.808843209885282,1520.8407101632183,1,0,0.39630990675346206,0.43011422107360786,1.0,1.0,4112.2692293199125,4112.2692293199125,3245.2307706800875,3245.2307706800875,asphalt,1.1575
7.666666666666645,17.911621518856887,4.97545042190469,32.81448914782914,9.379573036885928,-111.90959406333387,-4.856947463126147,-1.0794295906931777,15.406928578788193,32.359723852686024,3.7846943002838884,1542.4319319347637,1,0,0.40280494979638387,0.43695072643818705,1.0,1.0,4114.084473520972,4114.084473520972,3243.4155264790274,3243.4155264790274,asphalt,1.1575
7.683333333333311,18.140002486850936,5.0388895796808155,33.25092627711139,9.363149074053604,-111.35814349650299,-4.928869260093082,-1.0472134515586484,15.32522966716493,32.34206644825145,3.760488826176669,1564.157885070121,1,0,0.40924978506085646,0.4436592300874729,1.0,1.0,4115.90331622979,4115.90331622979,3241.59668377021,3241.59668377021,asphalt,1.1575
7.699999999999978,18.366862337121887,5.101906204756079,33.689678969310634,9.346234727687323,-110.79939332947004,-5.000313822556942,-1.0130689009512475,15.242336990545997,32.32496603788907,3.736193071325289,1585.966065895415,1,0,0.4156610562073554,0.4502722580852755,1.0,1.0,4117.728332149492,4117.728332149492,3239.7716678505067,3239.7716678505067,asphalt,1.1575
7.716666666666645,18.592196948748985,5.164499152430273,34.12971654035109,9.328887887032153,-110.23331606392647,-5.071249447822573,-0.9769751959043054,15.158258829742731,32.30845498211083,3.7117765291089455,1607.8132255452638,1,0,0.4220518981891699,0.4568150029909568,1.0,1.0,4119.5618846224925,4119.5618846224925,3237.9381153775075,3237.9381153775075,asphalt,1.1575
7.733333333333311,18.815999782991362,5.226666606386489,34.570248932770006,9.311150397525621,-109.65989878674264,-5.141642086236979,-0.938914517595879,15.073004018926172,32.292565955847174,3.6872127394597953,1629.6639488759763,1,0,0.4284325233672364,0.4633068330228367,1.0,1.0,4121.406041556457,4121.406041556457,3236.093958443542,3236.093958443542,asphalt,1.1575
7.749999999999978,19.0382623894386,5.2884062192884995,35.01066891943976,9.2930536113784,-109.07913978295738,-5.211455696383447,-0.8988714395517301,14.986581980906067,32.27733190552768,3.6624793662129207,1651.489363148846,1,0,0.43481074269750114,0.4697625085784167,1.0,1.0,4123.262558722035,4123.262558722035,3234.237441277965,3234.237441277965,asphalt,1.1575
7.766666666666644,19.258974812354886,5.349715225654135,35.45050856557931,9.2746219626473,-108.49104595808255,-5.280652510561472,-0.8568325730832704,14.899002757463249,32.26278601309104,3.6375579014772086,1673.2660002512098,1,0,0.44119241509593216,0.47619315645433863,1.0,1.0,4125.132896879189,4125.132896879189,3232.367103120811,3232.367103120811,asphalt,1.1575
7.783333333333311,19.478125913595157,5.41059053155421,35.88940633904091,9.255875259756495,-107.89563087109677,-5.34919323598024,-0.8127863337232726,14.810277035954927,32.248961664583966,3.612433212999875,1694.9748165097685,1,0,0.4475818264269046,0.4826070459287504,1.0,1.0,4127.018253912067,4127.018253912067,3230.4817460879326,3230.4817460879326,asphalt,1.1575
7.799999999999978,19.695703627605806,5.471028785446057,36.327082192985614,9.236830150438882,-107.29291322956996,-5.417037209958649,-0.7667227902591468,14.720416173065892,32.235892421751515,3.5870930519046595,1716.6003626556865,1,0,0.453982003917418,0.48901020435408793,1.0,1.0,4128.919601655105,4128.919601655105,3228.580398344895,3228.580398344895,asphalt,1.1575
7.816666666666644,19.911695162069883,5.5310264339083,36.76331863429645,9.21750105608901,-106.68291573550636,-5.484142522254759,-0.7186335701799507,14.629432216329818,32.22361199552793,3.5615275813696456,1738.130090415833,1,0,0.4603949737099351,0.49540690372235385,1.0,1.0,4130.83772199909,4130.83772199909,3226.6622780009097,3226.6622780009097,asphalt,1.1575
7.833333333333311,20.1260871555487,5.590579765430194,37.19794629947793,9.19790076822495,-106.0656641981077,-5.550466113936312,-0.6685118036970298,14.537337923866442,32.21215422068268,3.535728954406707,1759.5537795826692,1,0,0.46682196973299295,0.5018000441169014,1.0,1.0,4132.773239673757,4132.773239673757,3224.726760326242,3224.726760326242,asphalt,1.1575
7.849999999999977,20.33886580138177,5.649684944828269,37.63083293514842,9.17804083127748,-105.4411868502383,-5.615963859553859,-0.616352094183287,14.444146782652236,32.20155303111119,3.5096909507652896,1780.863068928359,1,0,0.4732636017311084,0.5081914551618028,1.0,1.0,4134.726650685493,4134.726650685493,3222.7733493145065,3222.7733493145065,asphalt,1.1575
7.866666666666644,20.550016945277758,5.708338040354932,38.06187495785985,9.157931791217404,-104.80951382075462,-5.680590637489487,-0.5621505067417196,14.349873025550067,32.19184243542067,3.483408673235715,1802.051075086048,1,0,0.4797199895539506,0.5145821325208496,1.0,1.0,4136.698346248224,4136.698346248224,3220.8016537517756,3220.8016537517756,asphalt,1.1575
7.883333333333311,20.75952616249503,5.766535045137507,38.49099097381097,9.13758336051305,-104.17067672639286,-5.744300392008012,-0.505904569237749,14.2545316472567,32.18305649257052,3.4568782987359725,1823.1120849382337,1,0,0.486190869901315,0.5209724231264343,1.0,1.0,4138.688632486385,4138.688632486385,3218.811367513614,3218.811367513614,asphalt,1.1575
7.899999999999977,20.96737881925573,5.824271894237703,38.91811679205001,9.117004531202074,-103.52470835557901,-5.807046189575765,-0.44761328190842564,14.158138419278652,32.175229287402054,3.430096877491877,1844.0413087551399,1,0,0.4926756807953919,0.5273621700526361,1.0,1.0,4140.697746389627,4140.697746389627,3216.8022536103717,3216.8022536103717,asphalt,1.1575
7.916666666666644,21.17356012202805,5.881544478341125,39.34320157888122,9.09620365588571,-102.87164242306766,-5.86878027132249,-0.3872771328659819,14.06070990401168,32.1683949059438,3.403062173080116,1864.8346830850264,1,0,0.4991736281824493,0.5337508257014135,1.0,1.0,4142.725868558144,4142.725868558144,3214.7741314418554,3214.7741314418554,asphalt,1.1575
7.9333333333333105,21.378055157507738,5.93834865486326,39.7662048865645,9.07518850885417,-102.21151337926506,-5.929454103024813,-0.3248981176284289,13.96226346797323,32.16258741041439,3.3757725364083058,1885.4887140793908,1,0,0.5056837382874687,0.5401375401605837,1.0,1.0,4144.773133271015,4144.773133271015,3212.726866728985,3212.726866728985,asphalt,1.1575
7.949999999999977,21.58084892549582,5.994680257082171,40.18709435347464,9.053966334773893,-101.54435626185027,-5.9890184236293385,-0.2604797613618399,13.862817294218173,32.15784081387029,3.3482268073842647,1906.0003534679838,1,0,0.5122048986720792,0.5465212301434877,1.0,1.0,4146.839636359856,4146.839636359856,3210.6603636401437,3210.6603636401437,asphalt,1.1575
7.966666666666644,21.78192636637097,6.050535101769714,40.605843921137115,9.03254388939983,-100.87020658016766,-6.047423293070214,-0.19402714289310757,13.762390393954046,32.15418905446335,3.320424238882538,1926.3669007504998,1,0,0.5187358903760644,0.5529006327653317,1.0,1.0,4148.925441310929,4148.925441310929,3208.5745586890707,3208.5745586890707,asphalt,1.1575
7.98333333333331,21.981272384465832,6.1059089956849535,41.02243245000571,9.010927474955514,-100.1891002250479,-6.104618139942384,-0.12554691980617544,13.661002617361433,32.15166596928608,3.292364438455664,1946.5859263374418,1,0,0.5252754130492477,0.5592743474955932,1.0,1.0,4151.030583953081,4151.030583953081,3206.469416046919,3206.469416046919,asphalt,1.1575
7.999999999999977,22.178871868352864,6.160797741209129,41.436842643465226,8.98912297172845,-99.50107339838578,-6.160551809448014,-0.055047354108163055,13.558674663617417,32.150305267792106,3.264047324025512,1966.6552113601422,1,0,0.5318221045916606,0.5656408689016263,1.0,1.0,4153.155076028978,4153.155076028978,3204.3449239710208,3204.3449239710208,asphalt,1.1575
8.016666666666644,22.374709708810133,6.215197141336148,41.84906021053333,8.967135866778905,-98.80616255808594,-6.215172611926051,0.017461661929176406,13.455428090114216,32.15014050478666,3.2354730904977202,1986.572700694929,1,0,0.5383745565044287,0.5719986122281228,1.0,1.0,4155.2989078916935,4155.2989078916935,3202.2010921083065,3202.2010921083065,asphalt,1.1575
8.033333333333312,22.56877081505453,6.269103004181814,42.259073213733764,8.94497128028828,-98.10440437497351,-6.268428372193648,0.09196858006486108,13.35128532086076,32.15120505298738,3.206642184840831,2006.3364664280807,1,0,0.5449313258994242,0.5783459334084348,1.0,1.0,4157.462050522903,4157.462050522903,3200.0379494770964,3200.0379494770964,asphalt,1.1575
8.04999999999998,22.761040129689427,6.322511147135952,42.66687156083982,8.922633989865112,-97.39583569902807,-6.3202664798662305,0.16846017077547107,13.246269654051929,32.15353207516045,3.1775552876662516,2025.944679546236,1,0,0.5514909449126093,0.5846811447520409,1.0,1.0,4159.644457027934,4159.644457027934,3197.8555429720664,3197.8555429720664,asphalt,1.1575
8.066666666666647,22.951502642704753,6.37541740075132,43.0724466085554,8.900128453015313,-96.6804935328858,-6.3706339407752886,0.24692149854686257,13.140405268787797,32.15715449584097,3.14821329976553,2045.395588090226,1,0,0.5580519281040979,0.5910025272767806,1.0,1.0,4161.846063732006,4161.846063732006,3195.653936267994,3195.653936267994,asphalt,1.1575
8.083333333333314,23.14014340478432,6.427817612440089,43.47579085339581,8.877458827927244,-95.95841501101069,-6.419477429565838,0.32733589795467605,13.033717230923713,32.162104972649466,3.118617332393754,2064.6875003761206,1,0,0.5646127783001764,0.5973083404394183,1.0,1.0,4164.066790974041,4164.066790974041,3193.433209025958,3193.433209025958,asphalt,1.1575
8.099999999999982,23.326947540111117,6.479707650030866,43.87689769056961,8.854628992696396,-95.2296373832871,-6.466743343526331,0.409684950695549,12.92623149803099,32.16841586721948,3.088768700352844,2083.818772180836,1,0,0.5711719912316168,0.6035968298499417,1.0,1.0,4166.306543673366,4166.306543673366,3191.193456326634,3191.193456326634,asphalt,1.1575
8.11666666666665,23.511900258812133,6.531083405225592,44.27576122593541,8.831642563102184,-94.49419800206124,-6.512377857680513,0.49394846371426726,12.817974923447277,32.176119215753516,3.058668917154037,2102.7877970240584,1,0,0.5777280592433262,0.6098662334239842,1.0,1.0,4168.565211728554,4168.565211728554,3188.934788271446,3188.934788271446,asphalt,1.1575
8.133333333333317,23.694986869147336,6.5819407969853705,44.67237612940985,8.808502909046156,-93.75213431187157,-6.5563269811520515,0.5801044485590879,12.70897525939551,32.18524669922716,3.0283196916895605,2121.592998864598,1,0,0.5842794742885248,0.616114786325937,1.0,1.0,4170.842670292506,4170.842670292506,3186.6573297074933,3186.6573297074933,asphalt,1.1575
8.149999999999984,23.876192789518644,6.63227577486629,45.066737520761194,8.785213169757084,-93.00348384127452,-6.598536614797455,0.6681291020870099,12.599261159150211,32.19582961326296,2.997722925993358,2140.2328266768995,1,0,0.5908247303720814,0.6223407249758193,1.0,1.0,4173.138779958848,4173.138779958848,3184.361220041151,3184.361220041151,asphalt,1.1575
8.166666666666652,24.0555035603534,6.682084322320389,45.45884088070614,8.76177626786773,-92.24828419630215,-6.638952610090185,0.7579967886321471,12.488862178230178,32.207898837697854,2.9668807137606734,2158.705750489954,1,0,0.5973623255700663,0.628542290331454,1.0,1.0,4175.453386885274,4175.453386885274,3182.0466131147255,3182.0466131147255,asphalt,1.1575
8.18333333333332,24.232883865446052,6.73135662929057,45.84766611409216,8.738430677225475,-91.48658135241912,-6.677511672004057,0.849705796698882,12.377808848041663,32.22148501767478,2.934798593981327,2177.010251715762,1,0,0.6038723398908149,0.6347049973346253,1.0,1.0,4177.841926412852,4177.841926412852,3179.6580735871476,3179.6580735871476,asphalt,1.1575
8.199999999999987,24.40830575178901,6.780084931052502,46.23262124930004,8.715306042275481,-90.71843877451795,-6.714153193576939,0.9432383396924698,12.266132774081301,32.23661873125519,2.9025941899008956,2195.144680188111,1,0,0.6103410713779344,0.6408257752721449,1.0,1.0,4180.263484866719,4180.263484866719,3177.2365151332806,3177.2365151332806,asphalt,1.1575
8.216666666666654,24.581764231545144,6.828267842095873,46.61395947058208,8.692333823569173,-89.94391824630675,-6.748825840376448,1.0385525984117379,12.153866450406518,32.25332993420703,2.870359466325283,2213.107154410535,1,0,0.6167766373640187,0.6469103552370408,1.0,1.0,4182.686553430686,4182.686553430686,3174.8134465693133,3174.8134465693133,asphalt,1.1575
8.233333333333322,24.75325321488363,6.875903670801009,46.99188235924977,8.6694617807017,-89.16307789176365,-6.781478300961206,1.1356070375473626,12.0410432260878,32.27164788914832,2.8380590511601156,2230.8957370284343,1,0,0.6231815205860373,0.6529588253619771,1.0,1.0,4185.113963403026,4185.113963403026,3172.386036596973,3172.386036596973,asphalt,1.1575
8.24999999999999,24.922765544671634,6.922990429075454,47.36655163730946,8.646649903310788,-88.37597290242432,-6.812059317271006,1.2343598904094426,11.927697304974831,32.29160116458381,2.805666165380103,2248.5085611539607,1,0,0.6295572474335043,0.6589707453751745,1.0,1.0,4187.547875715345,4187.547875715345,3169.9521242846545,3169.9521242846545,asphalt,1.1575
8.266666666666657,25.090293270436803,6.969525908454667,47.73809738992712,8.623867467675906,-87.58265611346324,-6.840517792807463,1.334768787058401,11.81386374367252,32.3132176270439,2.773160752545536,2265.943886426162,1,0,0.6359046371598227,0.6649453092435029,1.0,1.0,4189.989913431903,4189.989913431903,3167.5100865680965,3167.5100865680965,asphalt,1.1575
8.283333333333324,25.255827866466895,7.015507740685249,48.10662452993774,8.601090819725945,-86.78317846162616,-6.866802895273585,1.4367904708331543,11.699578447772216,32.33652442797737,2.740528013135446,2283.200114559252,1,0,0.6422239850545518,0.6708814601855181,1.0,1.0,4192.441279403724,4192.441279403724,3165.0587205962747,3165.0587205962747,asphalt,1.1575
8.299999999999992,25.41936040603272,7.0609334461202,48.47221789522912,8.578301701017356,-85.9775893501053,-6.890864154185454,1.5403805825512284,11.5848781664254,32.361547986647935,2.707757275366802,2300.275783184934,1,0,0.6485151988251965,0.6767779733071215,1.0,1.0,4194.90284688883,4194.90284688883,3162.5971531111695,3162.5971531111695,asphalt,1.1575
8.31666666666666,25.58088170120615,7.105800472557264,48.83494627903754,8.555485981534098,-85.16593693991503,-6.912651554059786,1.645493496781394,11.469800485337398,32.388313969994,2.6748411240129855,2317.169549480374,1,0,0.6547779002740762,0.6826335147902964,1.0,1.0,4197.375229439612,4197.375229439612,3160.1247705603873,3160.1247705603873,asphalt,1.1575
8.333333333333327,25.740382415687566,7.150106226579879,49.1948656246811,8.532632698013643,-84.34826838306388,-6.932115623773286,1.7520821984184034,11.354383818248609,32.416847270192775,2.641774727067414,2333.880170343469,1,0,0.6610115012156487,0.6884466841448053,1.0,1.0,4199.858834892936,4199.858834892936,3157.641165107063,3157.641165107063,asphalt,1.1575
8.349999999999994,25.897853156434902,7.193848099009695,49.5520215640783,8.509733322272114,-83.52463000952174,-6.949207522640828,1.8600981906602478,11.238667396961237,32.447171980504415,2.6085553142257822,2350.4064828719893,1,0,0.6672152602597252,0.6942160442602509,1.0,1.0,4202.3539071637,4202.3539071637,3155.1460928363,3155.1460928363,asphalt,1.1575
8.366666666666662,26.053284548614883,7.237023485726357,49.90645143946155,8.48678120309348,-82.69506747742122,-6.963879123691548,1.9694914276451922,11.122691259961163,32.47931136984691,2.5751817719608994,2366.7473870376857,1,0,0.6733883253696794,0.6999401426987526,1.0,1.0,4204.860558674013,4204.860558674013,3152.639441325987,3152.639441325987,asphalt,1.1575
8.38333333333333,26.20666729740319,7.279629804834219,50.258185916992694,8.463771139428502,-81.85962589393951,-6.976083094548142,2.080210266629388,11.006496239677332,32.513287856457644,2.5416543282418758,2382.901831324494,1,0,0.6795297658349033,0.7056175267207755,1.0,1.0,4207.3787955842845,4207.3787955842845,3150.121204415715,3150.121204415715,asphalt,1.1575
8.399999999999997,26.35799223938597,7.321664510940547,50.60725027729292,8.440699053194676,-81.0183499127498,-6.985772976242398,2.192201435810064,10.89012394841503,32.54912298092527,2.5079743062892845,2398.8688014556706,1,0,0.6856385963565902,0.7112467538454568,1.0,1.0,4209.908537483922,4209.908537483922,3147.5914625160776,3147.5914625160776,asphalt,1.1575
8.416666666666664,26.507250385712084,7.363125107142245,50.953665449548446,8.417561737834017,-80.17128381271162,-6.992903260233044,2.305410014823951,10.7736167629946,32.58683737882069,2.4741439315641145,2414.6473119912753,1,0,0.6917137952497262,0.7168263992434389,1.0,1.0,4212.449632810512,4212.449632810512,3145.0503671894867,3145.0503671894867,asphalt,1.1575
8.433333333333332,26.654432958676466,7.404009155187907,51.29744884159802,8.394356664656858,-79.31847156151157,-6.997429463832211,2.419779425650032,10.65701780812335,32.62645075311401,2.440166179899279,2430.236400418533,1,0,0.6977543182481752,0.722355060894337,1.0,1.0,4215.001870970758,4215.001870970758,3142.4981290292408,3142.4981290292408,asphalt,1.1575
8.45,26.799531423050134,7.444314284180592,51.63861500730031,8.371081833395795,-78.45995686721187,-6.999308204194676,2.5352514321755732,10.540370938525474,32.667981846532015,2.406044657477864,2445.6351233076994,1,0,0.7037591090177903,0.7278313631760217,1.0,1.0,4217.564991908062,4217.564991908062,3139.9350080919367,3139.9350080919367,asphalt,1.1575
8.466666666666667,26.94253751318849,7.484038198107914,51.97717618380225,8.347735656689345,-77.59578322006904,-6.998497270979336,2.6517661470863416,10.423720719852783,32.71144841398635,2.3717835055263237,2460.8425541170445,1,0,0.7097271071986373,0.7332539593607038,1.0,1.0,4220.138693691068,4220.138693691068,3137.361306308932,3137.361306308932,asphalt,1.1575
8.483333333333334,27.08344325672843,7.523178682424564,52.313142724532945,8.32431687068988,-76.72599392651414,-6.994955697754557,2.7692620450471015,10.307112408397568,32.75686719518311,2.337387324230278,2475.8577822723005,1,0,0.7156572545876407,0.7386215333548172,1.0,1.0,4222.7226385628555,4222.7226385628555,3134.7773614371436,3134.7773614371436,asphalt,1.1575
8.500000000000002,27.22224099551222,7.561733609864505,52.64652344841234,8.300824465856296,-75.85063213681273,-6.988643832187328,2.8876759813705735,10.190591929628054,32.80425388751028,2.302861111637995,2490.6799132002757,1,0,0.721548499916644,0.7439328009198387,1.0,1.0,4225.316457791661,4225.316457791661,3132.1835422083377,3132.1835422083377,asphalt,1.1575
8.51666666666667,27.35892340424177,7.599700945622714,52.977325921565445,8.277257633396944,-74.969740867627,-6.979523405029854,3.006943215549513,10.07420585556659,32.853623119287676,2.2682102142797333,2505.3080690527377,1,0,0.7273998025653642,0.7491865105402453,1.0,1.0,4227.919755584295,4227.919755584295,3129.5802444157052,3129.5802444157052,asphalt,1.1575
8.533333333333337,27.4934835072614,7.637078752017055,53.305556684522266,8.253615723893422,-74.08336302046509,-6.967557597895511,3.1269974391609137,9.958001381030632,32.904988423455194,2.2334402869729075,2519.7413899094554,1,0,0.7332101354625421,0.7543814440536445,1.0,1.0,4230.532112266073,4230.532112266073,3126.967887733926,3126.967887733926,asphalt,1.1575
8.550000000000004,27.625914693784797,7.673865192717999,53.63122143526678,8.229898215441514,-73.19154139681612,-6.952711109798301,3.247770807753548,9.84202629875699,32.95836221176808,2.1985572598498493,2533.9790352957566,1,0,0.7389784873647695,0.7595164171222144,1.0,1.0,4233.153086884138,4233.153086884138,3124.3469131158618,3124.3469131158618,asphalt,1.1575
8.566666666666672,27.75621073181723,7.710058536615897,53.954325176426735,8.206104689259188,-72.29431871061729,-6.934950222415522,3.369193976407794,9.726328973430276,33.01375574956226,2.1635673110748854,2548.020185889217,1,0,0.7447038646548637,0.7645902795989314,1.0,1.0,4235.7822193565935,4235.7822193565935,3121.7177806434056,3121.7177806434056,asphalt,1.1575
8.58333333333334,27.88436578097288,7.745657161381356,54.27487233325161,8.182234811177906,-71.39173759858,-6.914242864021702,3.491196138715678,9.610958314637461,33.07117913114826,2.128476844070235,2561.8640453222856,1,0,0.7503852927663759,0.7696019158243289,1.0,1.0,4238.41903226266,4238.41903226266,3119.08096773734,3119.08096773734,asphalt,1.1575
8.600000000000007,28.010374404347292,7.780659556763137,54.59286684771896,8.158288317790847,-70.48384062880437,-6.8905586720325385,3.613705068973769,9.495963748771219,33.130641255888555,2.0932924683094,2575.509842013322,1,0,0.7560218173143105,0.7745502448769437,1.0,1.0,4241.063032348217,4241.063032348217,3116.4369676517817,3116.4369676517817,asphalt,1.1575
8.616666666666674,28.13423157957285,7.815064327659125,54.90831225306831,8.134265006304492,-69.57067030803447,-6.863869054090274,3.736647167415204,9.381395189905998,33.19214980500988,2.0580209829545737,2588.9568309786437,1,0,0.7616125049925339,0.7794342207920834,1.0,1.0,4243.713711805196,4243.713711805196,3113.7862881948035,3113.7862881948035,asphalt,1.1575
8.633333333333342,28.25593270916033,7.8488701969889805,55.221211732230515,8.110164727351016,-68.65226908784288,-6.834147247616232,3.859947508332376,9.267303009671853,33.25571121919986,2.022669362767857,2602.2042955935835,1,0,0.7671564442836285,0.7842528327577829,1.0,1.0,4246.370549370403,4246.370549370403,3111.1294506295967,3111.1294506295967,asphalt,1.1575
8.65000000000001,28.375473630209385,7.882076008391495,55.53156816295598,8.085987380178944,-67.72867936998338,-6.8013683777519915,3.983529890960534,9.153738006152428,33.32133067703445,1.9872447458360654,2615.251549282133,1,0,0.7726527460160401,0.7890051052928494,1.0,1.0,4249.033011279698,4249.033011279698,3108.4669887203017,3108.4669887203017,asphalt,1.1575
8.666666666666677,28.49285062355494,7.914680728765261,55.839384151913514,8.061732909767272,-66.79994351110903,-6.765509513607515,4.107316893006236,9.040751371834771,33.38901207428125,1.9517544227601746,2628.0979371232866,1,0,0.7781005437948912,0.7936900984093047,1.0,1.0,4251.700552106482,4251.700552106482,3105.7994478935175,3105.7994478935175,asphalt,1.1575
8.683333333333344,28.60806042240388,7.946683450667744,56.14466205960395,8.037401305502442,-65.86610382701984,-6.726549722732503,4.231229926714441,8.92839466064009,33.458758004121435,1.9162058270220683,2640.7428373683156,1,0,0.7834989943270091,0.7983069077600844,1.0,1.0,4254.372615506195,4254.372615506195,3103.127384493805,3103.127384493805,asphalt,1.1575
8.700000000000012,28.721100220506035,7.97808339458501,56.447404017589975,8.0129926011352,-64.92720259657678,-6.684470123725921,4.3551892973748725,8.816719754065916,33.53056973833177,1.8806065263071048,2653.185662867532,1,0,0.7888472776557011,0.8028546647716539,1.0,1.0,4257.048634885587,4257.048634885587,3100.451365114413,3100.451365114413,asphalt,1.1575
8.71666666666668,28.831967679895545,8.008879911082095,56.74761193926742,7.988506875792151,-63.98328206539764,-6.639253936898202,4.479114264172781,8.70577882647164,33.60444720946621,1.8449642146015321,2665.425862407953,1,0,0.7941445973175675,0.8073325367607874,1.0,1.0,4259.728034010491,4259.728034010491,3097.771965989509,3097.771965989509,asphalt,1.1575
8.733333333333347,28.940660938232,8.039072482842222,57.04528752518037,7.963944255862963,-63.034384449431236,-6.590886532900671,4.602923103292035,8.595624309540716,33.680388994075244,1.8092867049240624,2677.462921965185,1,0,0.7993901804309417,0.81173972703455,1.0,1.0,4262.410227563258,4262.410227563258,3095.0897724367414,3095.0897724367414,asphalt,1.1575
8.750000000000014,29.04717861576551,8.06866072660153,57.34043226370327,7.939304917620646,-62.08055193849219,-6.539355479237451,4.726533173179794,8.486308855954345,33.75839229699968,1.773581922572447,2689.296365873924,1,0,0.804583277723463,0.8160754749723076,1.0,1.0,4265.094621659536,4265.094621659536,3092.4053783404634,3092.4053783404634,asphalt,1.1575
8.766666666666682,29.151519821945584,8.097644394984885,57.63304742776765,7.914589090460491,-61.121826699826514,-6.484650584576243,4.849860981882378,8.377885302312771,33.83845293677378,1.7378578988038385,2700.925757922032,1,0,0.8097231635048433,0.8203390560886605,1.0,1.0,4267.780614331185,4267.780614331185,3089.7193856688154,3089.7193856688154,asphalt,1.1575
8.78333333333335,29.253684161690433,8.126023378247343,57.9231340681939,7.88979706066565,-60.15825088176769,-6.426763940775989,4.972822256361456,8.27040663134173,33.920565332171414,1.7021227648645265,2712.3507023733523,1,0,0.8148091355897845,0.8245297820764256,1.0,1.0,4270.46759598145,4270.46759598145,3087.0324040185487,3087.0324040185487,asphalt,1.1575
8.800000000000017,29.353671741330338,8.153797705925093,58.210693004093486,7.864929175625312,-59.18986661753493,-6.365689962551362,5.095332013698633,8.16392593342298,34.00472248992735,1.6663847463181014,2723.5708449243334,1,0,0.8198405151751521,0.8286470008289357,1.0,1.0,4273.154949816423,4273.154949816423,3084.3450501835764,3084.3450501835764,asphalt,1.1575
8.816666666666684,29.451483174236603,8.180967548399057,58.495724810730096,7.8399858484453135,-58.21671602921829,-6.301425424696365,5.217304634094957,8.058496367489054,34.09091599366402,1.6306521576191813,2734.5858735993156,1,0,0.8248166466746607,0.8326900964408452,1.0,1.0,4275.842052257614,4275.842052257614,3081.6579477423847,3081.6579477423847,asphalt,1.1575
8.833333333333352,29.547119586145925,8.207533218373868,58.77822980516583,7.814967562902144,-57.23884123198973,-6.233969496791946,5.338653935570097,7.9541711213237365,34.17913599405282,1.5949333968985968,2745.3955195889944,1,0,0.8297368975141,0.8366584891871661,1.0,1.0,4278.528273337621,4278.528273337621,3078.971726662379,3078.971726662379,asphalt,1.1575
8.85000000000002,29.640582620188297,8.233495172274527,59.05820802996864,7.789874878700121,-56.256284338573735,-6.1633237753254315,5.459293250263831,7.8510033713109735,34.26937120023721,1.5592369409310436,2755.999558036202,1,0,0.8346006578895735,0.8405516354801639,0.9999999999999999,1.0,4281.212977082059,4281.212977082059,3076.2870229179407,3076.2870229179407,asphalt,1.1575
8.866666666666687,29.731874441625788,8.258854011562718,59.33565923521555,7.764708436998713,-55.26908746400774,-6.089492313152758,5.579135502240384,7.749046241676016,34.361608872543265,1.5235713402574902,2766.3978087727437,1,0,0.8394073404910662,0.844369027804053,1.0,1.0,4283.895521878907,4283.895521878907,3073.6044781210926,3073.6044781210926,asphalt,1.1575
8.883333333333354,29.82099774230827,8.283610483974519,59.61058285899452,7.739468966182271,-54.277292730718074,-6.012481646237866,5.698093286693836,7.648352763263828,34.45583481650174,1.4879452144397476,2776.590137010639,1,0,0.8441563801933532,0.8481101946275305,1.0,1.0,4286.575260837616,4286.575260837616,3070.924739162383,3070.924739162383,asphalt,1.1575
8.900000000000022,29.9079557448517,8.307765484681028,59.8829780065806,7.71415728784865,-53.280942273935175,-5.932300817607208,5.816078950450573,7.548975831900758,34.552033378203845,1.452367247448052,2786.5764539907386,1,0,0.8488472337161653,0.8517747002942629,1.0,0.9999999999999999,4289.251542138734,4289.251542138734,3068.248457861265,3068.248457861265,asphalt,1.1575
8.91666666666669,29.99275220654382,8.331320057373283,60.15284342844108,7.6887743229976095,-52.280078247468126,-5.848961398461142,5.933004673662566,7.450968166386518,34.65018744101126,1.4168461831432921,2796.356717591347,1,0,0.8534793792554612,0.85536214489174,0.9999999999999999,1.0,4291.923709374939,4291.923709374939,3065.576290625061,3065.576290625061,asphalt,1.1575
8.933333333333357,30.075391422981788,8.354275395272719,60.42017749720776,7.663321098401155,-51.274742829856805,-5.762477506387927,6.048782552582985,7.354382266164416,34.750278423639166,1.3813908208734915,2805.9309328991567,1,0,0.8580523160874949,0.8588721640988406,1.0,0.9999999999999999,4294.591101884468,4294.591101884468,3062.9088981155314,3062.9088981155314,asphalt,1.1575
8.950000000000024,30.15587823144599,8.37663284206833,60.68497818374085,7.637798753140671,-50.264978230917166,-5.672865820630179,6.163324683313678,7.259270368718662,34.85228627962905,1.3460100111529982,2815.2991527445283,1,0,0.8625655641474904,0.8623044290127418,1.0,1.0,4297.253055077315,4297.253055077315,3060.2469449226846,3060.2469449226846,asphalt,1.1575
8.966666666666692,30.234218014013837,8.398393892781622,60.947243032398795,7.612208545298327,-49.250826698694404,-5.580145594357883,6.27654324641199,7.165684406748359,34.95618949822653,1.310712651439303,2824.461478202898,1,0,0.8670186635843931,0.8656586459556049,1.0,1.0,4299.908900754969,4299.908900754969,3057.5910992450304,3057.5910992450304,asphalt,1.1575
8.98333333333336,30.31041670041739,8.419560194560386,61.206969135620504,7.586551858788553,-48.23233052683489,-5.484338663906469,6.388350592242596,7.073675965168509,35.06196510667708,1.2755076819844646,2833.4180590638716,1,0,0.8714111742937104,0.868934556262083,1.0,1.0,4302.557967423335,4302.557967423335,3054.942032576664,3054.942032576664,asphalt,1.1575
9.000000000000027,30.38448077064835,8.440133547402318,61.46415310792027,7.560830210320043,-47.20953206238861,-5.385469454942934,6.498659326958347,6.983296237989,35.16958867395108,1.2404040817764894,2842.169094269384,1,0,0.875742675429786,0.8721319360481001,1.0,1.0,4305.199580599977,4305.199580599977,3052.3004194000227,3052.3004194000227,asphalt,1.1575
