t,speed_kmh,speed_ms,yaw_rate,sideslip,heading,vx,vy,pos_x,pos_y,accel_long,rpm,gear,shift_cut,grip_FL,grip_FR,grip_RL,grip_RR,load_FL,load_FR,load_RL,load_RR,surface_type,surface_mu
0.016666666666666666,0.09712663694343997,0.02697962137317777,0.0,0.0,0.0,0.0,0.02697962137317777,0.0,0.0002963658547234576,1.3980521426529464,1000.0,1,0,0.0,0.0,0.31890659750386496,0.31890659750386496,4294.004256804784,4294.004256804784,3063.4957431952157,3063.4957431952157,asphalt,1.1575
0.03333333333333333,0.18100974079375343,0.05028048355382039,0.0,0.0,0.0,0.0,0.05028048355382039,0.0,0.0009887435424104142,1.3980514195484568,1000.0,1,0,0.0,0.0,0.318906602159072,0.318906602159072,4294.004301523854,4294.004301523854,3063.495698476145,3063.495698476145,asphalt,1.1575
0.05,0.26489278199737504,0.07358132833260417,0.0,0.0,0.0,0.0,0.07358132833260417,0.0,0.0020694687629847887,1.3980501828328717,1000.0,1,0,0.0,0.0,0.318906610834729,0.318906610834729,4294.004384864358,4294.004384864358,3063.4956151356414,3063.4956151356414,asphalt,1.1575
0.06666666666666667,0.348775729737701,0.09688214714936139,0.0,0.0,0.0,0.0,0.09688214714936139,0.0,0.0035385411372471465,1.39804843250794,1000.0,1,0,0.0,0.0,0.3189066235308241,0.3189066235308241,4294.004506826177,4294.004506826177,3063.495493173822,3063.495493173822,asphalt,1.1575
0.08333333333333333,0.4326585531982608,0.12018293144396133,0.0,0.0,0.0,0.0,0.12018293144396133,0.0,0.0053959601433289615,1.3980461685761614,1000.0,1,0,0.0,0.0,0.31890664024734044,0.31890664024734044,4294.004667409138,4294.004667409138,3063.4953325908614,3063.4953325908614,asphalt,1.1575
0.09999999999999999,0.516541221562762,0.14348367265632278,0.0,0.0,0.0,0.0,0.14348367265632278,0.0,0.007641725116693359,1.3980433910407863,1000.0,1,0,0.0,0.0,0.31890666098425535,0.31890666098425535,4294.004866613011,4294.004866613011,3063.495133386989,3063.495133386989,asphalt,1.1575
0.11666666666666665,0.600423704015136,0.16678436222642667,0.0,0.0,0.0,0.0,0.16678436222642667,0.0,0.010275835250136077,1.398040099905835,1000.0,1,0,0.0,0.0,0.31890668574154013,0.31890668574154013,4294.005104437506,4294.005104437506,3063.4948955624936,3063.4948955624936,asphalt,1.1575
0.13333333333333333,0.6843059697395834,0.1900849915943287,0.0,0.0,0.0,0.0,0.1900849915943287,0.0,0.01329828959378663,1.3980362951760705,1000.0,1,0,0.0,0.0,0.31890671451916114,0.31890671451916114,4294.005380882281,4294.005380882281,3063.4946191177182,3063.4946191177182,asphalt,1.1575
0.15,0.7681879879206184,0.21338555220017177,0.0,0.0,0.0,0.0,0.21338555220017177,0.0,0.01670908705510969,1.3980319768570082,1000.0,1,0,0.0,0.0,0.3189067473170787,0.3189067473170787,4294.005695946935,4294.005695946935,3063.4943040530643,3063.4943040530643,asphalt,1.1575
0.16666666666666666,0.8520697277431153,0.2366860354841987,0.0,0.0,0.0,0.0,0.2366860354841987,0.0,0.020508226398906662,1.398027144954923,1000.0,1,0,0.0,0.0,0.31890678413524765,0.31890678413524765,4294.00604963101,4294.00604963101,3063.4939503689898,3063.4939503689898,asphalt,1.1575
0.18333333333333332,0.935951158392353,0.2599864328867647,0.0,0.0,0.0,0.0,0.2599864328867647,0.0,0.024695706247317487,1.3980217994768562,1000.0,1,0,0.0,0.0,0.31890682497361716,0.31890682497361716,4294.006441933991,4294.006441933991,3063.4935580660085,3063.4935580660085,asphalt,1.1575
0.19999999999999998,1.0198322490540603,0.28328673584835007,0.0,0.0,0.0,0.0,0.28328673584835007,0.0,0.02927152507982266,1.398015940430568,1000.0,1,0,0.0,0.0,0.31890686983213107,0.31890686983213107,4294.006872855308,4294.006872855308,3063.493127144692,3063.493127144692,asphalt,1.1575
0.21666666666666665,1.1037129689144616,0.30658693580957264,0.0,0.0,0.0,0.0,0.30658693580957264,0.0,0.034235681233245406,1.3980095678246318,1000.0,1,0,0.0,0.0,0.31890691871072724,0.31890691871072724,4294.007342394332,4294.007342394332,3063.4926576056673,3063.4926576056673,asphalt,1.1575
0.2333333333333333,1.1875932871603216,0.3298870242112004,0.0,0.0,0.0,0.0,0.3298870242112004,0.0,0.039588172901754155,1.3980026816683067,1000.0,1,0,0.0,0.0,0.3189069716093382,0.3189069716093382,4294.007850550379,4294.007850550379,3063.4921494496207,3063.4921494496207,asphalt,1.1575
0.24999999999999997,1.2714731729789912,0.35318699249416424,0.0,0.0,0.0,0.0,0.35318699249416424,0.0,0.045328998136865126,1.3979952819716646,1000.0,1,0,0.0,0.0,0.3189070285278906,0.3189070285278906,4294.008397322708,4294.008397322708,3063.4916026772917,3063.4916026772917,asphalt,1.1575
0.26666666666666666,1.355352595558453,0.3764868320995703,0.0,0.0,0.0,0.0,0.3764868320995703,0.0,0.051458154847445196,1.397987368745497,1000.0,1,0,0.0,0.0,0.31890708946630575,0.31890708946630575,4294.008982710519,4294.008982710519,3063.49101728948,3063.49101728948,asphalt,1.1575
0.2833333333333333,1.4392315240873648,0.39978653446871243,0.0,0.0,0.0,0.0,0.39978653446871243,0.0,0.057975640799714984,1.3979789420013544,1000.0,1,0,0.0,0.0,0.31890715442449935,0.31890715442449935,4294.00960671296,4294.00960671296,3063.49039328704,3063.49039328704,asphalt,1.1575
0.3,1.523109927755107,0.42308609104308526,0.0,0.0,0.0,0.0,0.42308609104308526,0.0,0.06488145361725203,1.397970001751574,1000.0,1,0,0.0,0.0,0.3189072234023814,0.3189072234023814,4294.010269329117,4294.010269329117,3063.4897306708826,3063.4897306708826,asphalt,1.1575
0.31666666666666665,1.606987775751827,0.44638549326439636,0.0,0.0,0.0,0.0,0.44638549326439636,0.0,0.07217559078099439,1.3979605480091983,1000.0,1,0,0.0,0.0,0.31890729639985615,0.31890729639985615,4294.010970558023,4294.010970558023,3063.4890294419774,3063.4890294419774,asphalt,1.1575
0.3333333333333333,1.6908650372684837,0.46968473257457877,0.0,0.0,0.0,0.0,0.46968473257457877,0.0,0.07985804962924414,1.3979505807880432,1000.0,1,0,0.0,0.0,0.31890737341682274,0.31890737341682274,4294.011710398652,4294.011710398652,3063.4882896013473,3063.4882896013473,asphalt,1.1575
0.35,1.7747416814968944,0.492983800415804,0.0,0.0,0.0,0.0,0.492983800415804,0.0,0.08792882735767148,1.3979401001027103,1000.0,1,0,0.0,0.0,0.318907454453174,0.318907454453174,4294.012488849922,4294.012488849922,3063.487511150077,3063.487511150077,asphalt,1.1575
0.36666666666666664,1.8586176776297783,0.516282688230494,0.0,0.0,0.0,0.0,0.516282688230494,0.0,0.09638792101931869,1.397929105968494,1000.0,1,0,0.0,0.0,0.3189075395087978,0.3189075395087978,4294.0133059106965,4294.0133059106965,3063.4866940893025,3063.4866940893025,asphalt,1.1575
0.3833333333333333,1.9424929948608036,0.5395813874613343,0.0,0.0,0.0,0.0,0.5395813874613343,0.0,0.10523532752460445,1.3979175984015146,1000.0,1,0,0.0,0.0,0.318907628583576,0.318907628583576,4294.014161579779,4294.014161579779,3063.48583842022,3063.48583842022,asphalt,1.1575
0.39999999999999997,2.0263676023846315,0.5628798895512865,0.0,0.0,0.0,0.0,0.5628798895512865,0.0,0.11447104364132844,1.3979055774185856,1000.0,1,0,0.0,0.0,0.31890772167738507,0.31890772167738507,4294.015055855918,4294.015055855918,3063.484944144082,3063.484944144082,asphalt,1.1575
0.41666666666666663,2.1102414693969616,0.5861781859436004,0.0,0.0,0.0,0.0,0.5861781859436004,0.0,0.12409506599467596,1.3978930430373193,1000.0,1,0,0.0,0.0,0.3189078187900958,0.3189078187900958,4294.015988737802,4294.015988737802,3063.484011262197,3063.484011262197,asphalt,1.1575
0.4333333333333333,2.1941145650945764,0.6094762680818268,0.0,0.0,0.0,0.0,0.6094762680818268,0.0,0.13410739106722297,1.3978799952760212,1000.0,1,0,0.0,0.0,0.3189079199215734,0.3189079199215734,4294.01696022407,4294.01696022407,3063.4830397759297,3063.4830397759297,asphalt,1.1575
0.44999999999999996,2.2779868586753884,0.6327741274098301,0.0,0.0,0.0,0.0,0.6327741274098301,0.0,0.1445080151989412,1.3978664341538227,1000.0,1,0,0.0,0.0,0.3189080250716778,0.3189080250716778,4294.017970313299,4294.017970313299,3063.4820296867,3063.4820296867,asphalt,1.1575
0.4666666666666666,2.3618583193384843,0.6560717553718012,0.0,0.0,0.0,0.0,0.6560717553718012,0.0,0.15529693458720345,1.3978523596905745,1000.0,1,0,0.0,0.0,0.3189081342402623,0.3189081342402623,4294.0190190040075,4294.0190190040075,3063.480980995992,3063.480980995992,asphalt,1.1575
0.4833333333333333,2.4457289162841707,0.6793691434122696,0.0,0.0,0.0,0.0,0.6793691434122696,0.0,0.1664741452867893,1.3978377719068735,1000.0,1,0,0.0,0.0,0.31890824742717594,0.31890824742717594,4294.020106294663,4294.020106294663,3063.479893705337,3063.479893705337,asphalt,1.1575
0.49999999999999994,2.5295986187140183,0.7026662829761161,0.0,0.0,0.0,0.0,0.7026662829761161,0.0,0.1780396432098907,1.397822670824116,1000.0,1,0,0.0,0.0,0.31890836463226135,0.31890836463226135,4294.021232183671,4294.021232183671,3063.478767816329,3063.478767816329,asphalt,1.1575
0.5166666666666666,2.6134673958309067,0.7259631655085852,0.0,0.0,0.0,0.0,0.7259631655085852,0.0,0.18999342412611814,1.397807056464364,1000.0,1,0,0.0,0.0,0.3189084858553558,0.3189084858553558,4294.022396669386,4294.022396669386,3063.477603330614,3063.477603330614,asphalt,1.1575
0.5333333333333333,2.6973352168390723,0.7492597824552979,0.0,0.0,0.0,0.0,0.7492597824552979,0.0,0.2023354836625067,1.3977909288505064,1000.0,1,0,0.0,0.0,0.3189086110962907,0.3189086110962907,4294.023599750099,4294.023599750099,3063.4764002499014,3063.4764002499014,asphalt,1.1575
0.55,2.781202050944152,0.7725561252622645,0.0,0.0,0.0,0.0,0.7725561252622645,0.0,0.2150658173035225,1.3977742880061772,1000.0,1,0,0.0,0.0,0.3189087403548924,0.3189087403548924,4294.02484142405,4294.02484142405,3063.4751585759504,3063.4751585759504,asphalt,1.1575
0.5666666666666668,2.8650678673532277,0.7958521853758965,0.0,0.0,0.0,0.0,0.7958521853758965,0.0,0.22818442039106943,1.397757133955757,1000.0,1,0,0.0,0.0,0.3189088736309811,0.3189088736309811,4294.026121689419,4294.026121689419,3063.473878310581,3063.473878310581,asphalt,1.1575
0.5833333333333335,2.9489326352748715,0.8191479542430199,0.0,0.0,0.0,0.0,0.8191479542430199,0.0,0.24169128812449578,1.3977394667243725,1000.0,1,0,0.0,0.0,0.31890901092437146,0.31890901092437146,4294.027440544331,4294.027440544331,3063.4725594556694,3063.4725594556694,asphalt,1.1575
0.6000000000000002,3.0327963239191926,0.8424434233108868,0.0,0.0,0.0,0.0,0.8424434233108868,0.0,0.25558641556060135,1.3977212863378696,1000.0,1,0,0.0,0.0,0.31890915223487326,0.31890915223487326,4294.0287979868535,4294.0287979868535,3063.4712020131456,3063.4712020131456,asphalt,1.1575
0.6166666666666669,3.116658902497881,0.8657385840271892,0.0,0.0,0.0,0.0,0.8657385840271892,0.0,0.2698697976136448,1.397702592822947,1000.0,1,0,0.0,0.0,0.3189092975622896,0.3189092975622896,4294.030194014998,4294.030194014998,3063.4698059850016,3063.4698059850016,asphalt,1.1575
0.6333333333333336,3.2005203402242532,0.8890334278400703,0.0,0.0,0.0,0.0,0.8890334278400703,0.0,0.2845414290553509,1.3976833862069427,1000.0,1,0,0.0,0.0,0.31890944690641904,0.31890944690641904,4294.031628626721,4294.031628626721,3063.4683713732784,3063.4683713732784,asphalt,1.1575
0.6500000000000004,3.2843806063132974,0.9123279461981382,0.0,0.0,0.0,0.0,0.9123279461981382,0.0,0.29960130451491834,1.3976636665180209,1000.0,1,0,0.0,0.0,0.31890960026705356,0.31890960026705356,4294.033101819917,4294.033101819917,3063.4668981800824,3063.4668981800824,asphalt,1.1575
0.6666666666666671,3.3682396699817176,0.9356221305504772,0.0,0.0,0.0,0.0,0.9356221305504772,0.0,0.3150494184790276,1.3976434337850652,1000.0,1,0,0.0,0.0,0.3189097576439803,0.3189097576439803,4294.03461359243,4294.03461359243,3063.4653864075694,3063.4653864075694,asphalt,1.1575
0.6833333333333338,3.4520975004479824,0.9589159723466617,0.0,0.0,0.0,0.0,0.9589159723466617,0.0,0.330885765291849,1.3976226880377585,1000.0,1,0,0.0,0.0,0.3189099190369804,0.3189099190369804,4294.036163942043,4294.036163942043,3063.463836057957,3063.463836057957,asphalt,1.1575
0.7000000000000005,3.5359540669323644,0.9822094630367678,0.0,0.0,0.0,0.0,0.9822094630367678,0.0,0.3471103391550508,1.3976014293064498,1000.0,1,0,0.0,0.0,0.3189100844458296,0.3189100844458296,4294.037752866484,4294.037752866484,3063.4622471335156,3063.4622471335156,asphalt,1.1575
0.7166666666666672,3.6198093386569896,1.005502594071386,0.0,0.0,0.0,0.0,1.005502594071386,0.0,0.36372313412780816,1.397579657622341,1000.0,1,0,0.0,0.0,0.31891025387029814,0.31891025387029814,4294.039380363426,4294.039380363426,3063.4606196365735,3063.4606196365735,asphalt,1.1575
0.733333333333334,3.703663284845884,1.0287953569016344,0.0,0.0,0.0,0.0,1.0287953569016344,0.0,0.38072414412681127,1.397557373017353,1000.0,1,0,0.0,0.0,0.3189104273101503,0.3189104273101503,4294.041046430483,4294.041046430483,3063.458953569517,3063.458953569517,asphalt,1.1575
0.7500000000000007,3.787515874725012,1.05208774297917,0.0,0.0,0.0,0.0,1.05208774297917,0.0,0.3981133629262747,1.3975345755240731,1000.0,1,0,0.0,0.0,0.31891060476514493,0.31891060476514493,4294.042751065212,4294.042751065212,3063.457248934788,3063.457248934788,asphalt,1.1575
0.7666666666666674,3.8713670775223292,1.0753797437562025,0.0,0.0,0.0,0.0,1.0753797437562025,0.0,0.4158907841579464,1.397511265175968,1000.0,1,0,0.0,0.0,0.3189107862350359,0.3189107862350359,4294.044494265118,4294.044494265118,3063.455505734881,3063.455505734881,asphalt,1.1575
0.7833333333333341,3.955216862467822,1.0986713506855061,0.0,0.0,0.0,0.0,1.0986713506855061,0.0,0.434056401311117,1.3974874420071437,1000.0,1,0,0.0,0.0,0.31891097171957017,0.31891097171957017,4294.046276027641,4294.046276027641,3063.4537239723577,3063.4537239723577,asphalt,1.1575
0.8000000000000008,4.039065198793556,1.1219625552204322,0.0,0.0,0.0,0.0,1.1219625552204322,0.0,0.4526102077326292,1.3974631060526121,1000.0,1,0,0.0,0.0,0.31891116121849067,0.31891116121849067,4294.048096350178,4294.048096350178,3063.451903649822,3063.451903649822,asphalt,1.1575
0.8166666666666675,4.12291205573372,1.1452533488149224,0.0,0.0,0.0,0.0,1.1452533488149224,0.0,0.471552196626888,1.3974382573479716,1000.0,1,0,0.0,0.0,0.3189113547315331,0.3189113547315331,4294.049955230049,4294.049955230049,3063.4500447699506,3063.4500447699506,asphalt,1.1575
0.8333333333333343,4.206757402524673,1.1685437229235203,0.0,0.0,0.0,0.0,1.1685437229235203,0.0,0.49088236105587,1.3974128959296728,1000.0,1,0,0.0,0.0,0.31891155225842904,0.31891155225842904,4294.051852664538,4294.051852664538,3063.448147335461,3063.448147335461,asphalt,1.1575
0.850000000000001,4.290601208404984,1.1918336690013842,0.0,0.0,0.0,0.0,1.1918336690013842,0.0,0.5106006939391342,1.3973870218349127,1000.0,1,0,0.0,0.0,0.31891175379890413,0.31891175379890413,4294.053788650866,4294.053788650866,3063.4462113491336,3063.4462113491336,asphalt,1.1575
0.8666666666666677,4.37444344261548,1.2151231785043,0.0,0.0,0.0,0.0,1.2151231785043,0.0,0.530707188053832,1.3973606351015277,1000.0,1,0,0.0,0.0,0.3189119593526773,0.3189119593526773,4294.055763186186,4294.055763186186,3063.444236813814,3063.444236813814,asphalt,1.1575
0.8833333333333344,4.458284074399296,1.2384122428886934,0.0,0.0,0.0,0.0,1.2384122428886934,0.0,0.5512018360347177,1.3973337357683135,1000.0,1,0,0.0,0.0,0.3189121689194633,0.3189121689194633,4294.0577762676085,4294.0577762676085,3063.442223732391,3063.442223732391,asphalt,1.1575
0.9000000000000011,4.542123073001915,1.261700853611643,0.0,0.0,0.0,0.0,1.261700853611643,0.0,0.5720846303741599,1.3973063238745986,1000.0,1,0,0.0,0.0,0.3189123824989709,0.3189123824989709,4294.059827892185,4294.059827892185,3063.4401721078143,3063.4401721078143,asphalt,1.1575
0.9166666666666679,4.62596040767121,1.2849890021308916,0.0,0.0,0.0,0.0,1.2849890021308916,0.0,0.5933555634221517,1.3972783994606175,1000.0,1,0,0.0,0.0,0.31891260009090294,0.31891260009090294,4294.0619180569065,4294.0619180569065,3063.438081943093,3063.438081943093,asphalt,1.1575
0.9333333333333346,4.709796047657496,1.30827667990486,0.0,0.0,0.0,0.0,1.30827667990486,0.0,0.6150146273863224,1.397249962567244,1000.0,1,0,0.0,0.0,0.3189128216949572,0.3189128216949572,4294.06404675871,4294.06404675871,3063.435953241289,3063.435953241289,asphalt,1.1575
0.9500000000000013,4.793629962213572,1.3315638783926589,0.0,0.0,0.0,0.0,1.3315638783926589,0.0,0.6370618143319486,1.3972210132362584,1000.0,1,0,0.0,0.0,0.31891304731082537,0.31891304731082537,4294.066213994475,4294.066213994475,3063.433786005524,3063.433786005524,asphalt,1.1575
0.966666666666668,4.877462120594766,1.3548505890541016,0.0,0.0,0.0,0.0,1.3548505890541016,0.0,0.6594971161819665,1.3971915515100264,1000.0,1,0,0.0,0.0,0.3189132769381932,0.3189132769381932,4294.06841976102,4294.06841976102,3063.431580238979,3063.431580238979,asphalt,1.1575
0.9833333333333347,4.961292492058979,1.3781368033497163,0.0,0.0,0.0,0.0,1.3781368033497163,0.0,0.6823205247169831,1.3971615774317137,1000.0,1,0,0.0,0.0,0.3189135105767423,0.3189135105767423,4294.070664055119,4294.070664055119,3063.429335944881,3063.429335944881,asphalt,1.1575
1.0000000000000013,5.045121045866732,1.4014225127407587,0.0,0.0,0.0,0.0,1.4014225127407587,0.0,0.7055320315752883,1.397131091045285,1000.0,1,0,0.0,0.0,0.3189137482261478,0.3189137482261478,4294.072946873481,4294.072946873481,3063.427053126519,3063.427053126519,asphalt,1.1575
1.016666666666668,5.12894775128121,1.4247077086892248,0.0,0.0,0.0,0.0,1.4247077086892248,0.0,0.7291316282528675,1.3971000923954513,1000.0,1,0,0.0,0.0,0.3189139898860788,0.3189139898860788,4294.075268212757,4294.075268212757,3063.424731787243,3063.424731787243,asphalt,1.1575
1.0333333333333345,5.212772577568308,1.4479923826578633,0.0,0.0,0.0,0.0,1.4479923826578633,0.0,0.7531193061034136,1.3970685815276163,1000.0,1,0,0.0,0.0,0.31891423555619935,0.31891423555619935,4294.077628069544,4294.077628069544,3063.422371930456,3063.422371930456,asphalt,1.1575
1.0500000000000012,5.2965954939966755,1.4712765261101877,0.0,0.0,0.0,0.0,1.4712765261101877,0.0,0.77749505633834,1.397036558487983,1000.0,1,0,0.0,0.0,0.3189144852361681,0.3189144852361681,4294.080026440384,4294.080026440384,3063.4199735596153,3063.4199735596153,asphalt,1.1575
1.0666666666666678,5.380416469837761,1.4945601305104892,0.0,0.0,0.0,0.0,1.4945601305104892,0.0,0.8022588700267937,1.3970040233235004,1000.0,1,0,0.0,0.0,0.31891473892563793,0.31891473892563793,4294.0824633217635,4294.0824633217635,3063.417536678236,3063.417536678236,asphalt,1.1575
1.0833333333333344,5.464235474365857,1.5178431873238492,0.0,0.0,0.0,0.0,1.5178431873238492,0.0,0.8274107380956678,1.3969709760818105,1000.0,1,0,0.0,0.0,0.3189149966242563,0.3189149966242563,4294.084938710112,4294.084938710112,3063.415061289888,3063.415061289888,asphalt,1.1575
1.100000000000001,5.548052476858147,1.541125688016152,0.0,0.0,0.0,0.0,1.541125688016152,0.0,0.852950651329615,1.396937416811408,1000.0,1,0,0.0,0.0,0.3189152583316642,0.3189152583316642,4294.087452601793,4294.087452601793,3063.4125473982062,3063.4125473982062,asphalt,1.1575
1.1166666666666676,5.631867446594744,1.5644076240540956,0.0,0.0,0.0,0.0,1.5644076240540956,0.0,0.8788786003710617,1.3969033455614266,1000.0,1,0,0.0,0.0,0.31891552404749895,0.31891552404749895,4294.090004993134,4294.090004993134,3063.409995006865,3063.409995006865,asphalt,1.1575
1.1333333333333342,5.715680352858747,1.5876889869052075,0.0,0.0,0.0,0.0,1.5876889869052075,0.0,0.9051945757202208,1.3968687623818532,1000.0,1,0,0.0,0.0,0.31891579377138995,0.31891579377138995,4294.092595880384,4294.092595880384,3063.4074041196154,3063.4074041196154,asphalt,1.1575
1.1500000000000008,5.799491164936275,1.610969768037854,0.0,0.0,0.0,0.0,1.610969768037854,0.0,0.9318985677351059,1.396833667323314,1000.0,1,0,0.0,0.0,0.3189160675029631,0.3189160675029631,4294.095225259752,4294.095225259752,3063.4047747402483,3063.4047747402483,asphalt,1.1575
1.1666666666666674,5.883299852116517,1.6342499589212547,0.0,0.0,0.0,0.0,1.6342499589212547,0.0,0.9589905666315461,1.3967980604372876,1000.0,1,0,0.0,0.0,0.31891634524183754,0.31891634524183754,4294.097893127381,4294.097893127381,3063.4021068726183,3063.4021068726183,asphalt,1.1575
1.183333333333334,5.967106383691777,1.6575295510254937,0.0,0.0,0.0,0.0,1.6575295510254937,0.0,0.9864705624831996,1.3967619417759458,1000.0,1,0,0.0,0.0,0.3189166269876267,0.3189166269876267,4294.100599479359,4294.100599479359,3063.399400520641,3063.399400520641,asphalt,1.1575
1.2000000000000006,6.05091072895752,1.6808085358215332,0.0,0.0,0.0,0.0,1.6808085358215332,0.0,1.014338545221568,1.3967253113922595,1000.0,1,0,0.0,0.0,0.31891691273993966,0.31891691273993966,4294.103344311725,4294.103344311725,3063.3966556882747,3063.3966556882747,asphalt,1.1575
1.2166666666666672,6.13471285721241,1.7040869047812248,0.0,0.0,0.0,0.0,1.7040869047812248,0.0,1.0425945046360126,1.3966881693398392,1000.0,1,0,0.0,0.0,0.3189172024983786,0.3189172024983786,4294.106127620452,4294.106127620452,3063.3938723795477,3063.3938723795477,asphalt,1.1575
1.2333333333333338,6.218512737758364,1.7273646493773234,0.0,0.0,0.0,0.0,1.7273646493773234,0.0,1.0712384303737672,1.3966505156732012,1000.0,1,0,0.0,0.0,0.31891749626254123,0.31891749626254123,4294.108949401465,4294.108949401465,3063.3910505985345,3063.3910505985345,asphalt,1.1575
1.2500000000000004,6.302310339900593,1.7506417610834981,0.0,0.0,0.0,0.0,1.7506417610834981,0.0,1.1002703119399546,1.3966123504474481,1000.0,1,0,0.0,0.0,0.31891779403201864,0.31891779403201864,4294.111809650624,4294.111809650624,3063.3881903493752,3063.3881903493752,asphalt,1.1575
1.266666666666667,6.386105632947647,1.7739182313743462,0.0,0.0,0.0,0.0,1.7739182313743462,0.0,1.129690138697602,1.3965736737185885,1000.0,1,0,0.0,0.0,0.31891809580639735,0.31891809580639735,4294.1147083637425,4294.1147083637425,3063.385291636257,3063.385291636257,asphalt,1.1575
1.2833333333333337,6.469898586211456,1.7971940517254044,0.0,0.0,0.0,0.0,1.7971940517254044,0.0,1.1594978998676566,1.3965344855432171,1000.0,1,0,0.0,0.0,0.3189184015852575,0.3189184015852575,4294.117645536568,4294.117645536568,3063.3823544634315,3063.3823544634315,asphalt,1.1575
1.3000000000000003,6.553689169007383,1.8204692136131617,0.0,0.0,0.0,0.0,1.8204692136131617,0.0,1.1896935845290002,1.3964947859787813,1000.0,1,0,0.0,0.0,0.31891871136817446,0.31891871136817446,4294.1206211648005,4294.1206211648005,3063.379378835199,3063.379378835199,asphalt,1.1575
1.3166666666666669,6.637477350654262,1.8437437085150727,0.0,0.0,0.0,0.0,1.8437437085150727,0.0,1.2202771816184672,1.3964545750834745,1000.0,1,0,0.0,0.0,0.3189190251547172,0.3189190251547172,4294.1236352440765,4294.1236352440765,3063.376364755923,3063.376364755923,asphalt,1.1575
1.3333333333333335,6.721263100474447,1.8670175279095687,0.0,0.0,0.0,0.0,1.8670175279095687,0.0,1.2512486799308589,1.3964138529162362,1000.0,1,0,0.0,0.0,0.3189193429444501,0.3189193429444501,4294.126687769984,4294.126687769984,3063.3733122300155,3063.3733122300155,asphalt,1.1575
1.35,6.805046387793855,1.8902906632760708,0.0,0.0,0.0,0.0,1.8902906632760708,0.0,1.2826080681189609,1.3963726195366988,1000.0,1,0,0.0,0.0,0.3189196647369308,0.3189196647369308,4294.129778738043,4294.129778738043,3063.3702212619564,3063.3702212619564,asphalt,1.1575
1.3666666666666667,6.88882718194201,1.9135631060950027,0.0,0.0,0.0,0.0,1.9135631060950027,0.0,1.3143553346935604,1.3963308750052938,1000.0,1,0,0.0,0.0,0.3189199905317122,0.3189199905317122,4294.132908143729,4294.132908143729,3063.3670918562702,3063.3670918562702,asphalt,1.1575
1.3833333333333333,6.972605452252091,1.9368348478478028,0.0,0.0,0.0,0.0,1.9368348478478028,0.0,1.3464904680234608,1.3962886193831459,1000.0,1,0,0.0,0.0,0.3189203203283419,0.3189203203283419,4294.136075982458,4294.136075982458,3063.363924017541,3063.363924017541,asphalt,1.1575
1.4,7.0563811680609705,1.9601058800169362,0.0,0.0,0.0,0.0,1.9601058800169362,0.0,1.3790134563355012,1.396245852732232,1000.0,1,0,0.0,0.0,0.3189206541263609,0.3189206541263609,4294.139282249585,4294.139282249585,3063.3607177504136,3063.3607177504136,asphalt,1.1575
1.4166666666666665,7.140154298709268,1.9833761940859078,0.0,0.0,0.0,0.0,1.9833761940859078,0.0,1.4119242877145723,1.3962025751151153,1000.0,1,0,0.0,0.0,0.31892099192530615,0.31892099192530615,4294.14252694042,4294.14252694042,3063.35747305958,3063.35747305958,asphalt,1.1575
1.4333333333333331,7.22392481354139,2.006645781539275,0.0,0.0,0.0,0.0,2.006645781539275,0.0,1.445222950103634,1.3961587865952652,1000.0,1,0,0.0,0.0,0.31892133372470716,0.31892133372470716,4294.145810050199,4294.145810050199,3063.354189949801,3063.354189949801,asphalt,1.1575
1.4499999999999997,7.307692681905571,2.0299146338626586,0.0,0.0,0.0,0.0,2.0299146338626586,0.0,1.4789094313037339,1.3961144872368436,1000.0,1,0,0.0,0.0,0.3189216795240896,0.3189216795240896,4294.149131574119,4294.149131574119,3063.350868425881,3063.350868425881,asphalt,1.1575
1.4666666666666663,7.391457873153929,2.053182742542758,0.0,0.0,0.0,0.0,2.053182742542758,0.0,1.5129837189740234,1.396069677104812,1000.0,1,0,0.0,0.0,0.31892202932297303,0.31892202932297303,4294.152491507315,4294.152491507315,3063.347508492685,3063.347508492685,asphalt,1.1575
1.483333333333333,7.475220356642498,2.0764500990673604,0.0,0.0,0.0,0.0,2.0764500990673604,0.0,1.547445800631778,1.3960243562646113,1000.0,1,0,0.0,0.0,0.3189223831208714,0.3189223831208714,4294.155889844866,4294.155889844866,3063.344110155134,3063.344110155134,asphalt,1.1575
1.4999999999999996,7.558980101731279,2.0997166949253554,0.0,0.0,0.0,0.0,2.0997166949253554,0.0,1.5822956636524133,1.3959785247827483,1000.0,1,0,0.0,0.0,0.31892274091729234,0.31892274091729234,4294.159326581787,4294.159326581787,3063.3406734182126,3063.3406734182126,asphalt,1.1575
1.5166666666666662,7.642737077784286,2.122982521606746,0.0,0.0,0.0,0.0,2.122982521606746,0.0,1.6175332952695056,1.3959321827262627,1000.0,1,0,0.0,0.0,0.3189231027117388,0.3189231027117388,4294.162801713045,4294.162801713045,3063.3371982869544,3063.3371982869544,asphalt,1.1575
1.5333333333333328,7.7264912541695905,2.146247570602664,0.0,0.0,0.0,0.0,2.146247570602664,0.0,1.6531586825748092,1.39588533016326,1000.0,1,0,0.0,0.0,0.318923468503709,0.318923468503709,4294.1663152335595,4294.1663152335595,3063.33368476644,3063.33368476644,asphalt,1.1575
1.5499999999999994,7.810242600259361,2.169511833405378,0.0,0.0,0.0,0.0,2.169511833405378,0.0,1.689171812518276,1.3958379671621657,1000.0,1,0,0.0,0.0,0.318923838292693,0.318923838292693,4294.169867138168,4294.169867138168,3063.3301328618313,3063.3301328618313,asphalt,1.1575
1.566666666666666,7.893991085429912,2.1927753015083087,0.0,0.0,0.0,0.0,2.1927753015083087,0.0,1.7255726719080742,1.395790093792364,1000.0,1,0,0.0,0.0,0.3189242120781788,0.3189242120781788,4294.173457421686,4294.173457421686,3063.326542578314,3063.326542578314,asphalt,1.1575
1.5833333333333326,7.977736679061749,2.2160379664060414,0.0,0.0,0.0,0.0,2.2160379664060414,0.0,1.7623612474106078,1.3957417101239855,1000.0,1,0,0.0,0.0,0.31892458985964645,0.31892458985964645,4294.177086078847,4294.177086078847,3063.322913921152,3063.322913921152,asphalt,1.1575
1.5999999999999992,8.061479350539612,2.2392998195943368,0.0,0.0,0.0,0.0,2.2392998195943368,0.0,1.7995375255505361,1.395692816227907,1000.0,1,0,0.0,0.0,0.3189249716365709,0.3189249716365709,4294.180753104339,4294.180753104339,3063.319246895661,3063.319246895661,asphalt,1.1575
1.6166666666666658,8.14521906925252,2.2625608525701444,0.0,0.0,0.0,0.0,2.2625608525701444,0.0,1.8371014927107936,1.395643412175751,1000.0,1,0,0.0,0.0,0.318925357408422,0.318925357408422,4294.18445849279,4294.18445849279,3063.315541507209,3063.315541507209,asphalt,1.1575
1.6333333333333324,8.228955804593813,2.285821056831615,0.0,0.0,0.0,0.0,2.285821056831615,0.0,1.8750531351326094,1.39559349803978,1000.0,1,0,0.0,0.0,0.3189257471746629,0.3189257471746629,4294.188202238769,4294.188202238769,3063.3117977612305,3063.3117977612305,asphalt,1.1575
1.649999999999999,8.31268952596121,2.3090804238781137,0.0,0.0,0.0,0.0,2.3090804238781137,0.0,1.9133924389155281,1.395543073893215,1000.0,1,0,0.0,0.0,0.31892614093475313,0.31892614093475313,4294.1919843368,4294.1919843368,3063.3080156631995,3063.3080156631995,asphalt,1.1575
1.6666666666666656,8.396420202756829,2.33233894521023,0.0,0.0,0.0,0.0,2.33233894521023,0.0,1.9521193900174296,1.3954921398098108,1000.0,1,0,0.0,0.0,0.31892653868814635,0.31892653868814635,4294.195804781353,4294.195804781353,3063.304195218646,3063.304195218646,asphalt,1.1575
1.6833333333333322,8.480147804387254,2.355596612329793,0.0,0.0,0.0,0.0,2.355596612329793,0.0,1.9912339742545502,1.3954406958640675,1000.0,1,0,0.0,0.0,0.31892694043428843,0.31892694043428843,4294.199663566819,4294.199663566819,3063.30033643318,3063.30033643318,asphalt,1.1575
1.6999999999999988,8.563872300263572,2.378853416739881,0.0,0.0,0.0,0.0,2.378853416739881,0.0,2.0307361773015034,1.3953887421314448,1000.0,1,0,0.0,0.0,0.3189273461726222,0.3189273461726222,4294.203560687556,4294.203560687556,3063.2964393124435,3063.2964393124435,asphalt,1.1575
1.7166666666666655,8.647593659801414,2.402109349944837,0.0,0.0,0.0,0.0,2.402109349944837,0.0,2.0706259846912984,1.3953362786878287,1000.0,1,0,0.0,0.0,0.3189277559025839,0.3189277559025839,4294.207496137857,4294.207496137857,3063.292503862143,3063.292503862143,asphalt,1.1575
1.733333333333332,8.731311852421,2.4253644034502777,0.0,0.0,0.0,0.0,2.4253644034502777,0.0,2.110903381815366,1.395283305610171,1000.0,1,0,0.0,0.0,0.31892816962360526,0.31892816962360526,4294.211469911967,4294.211469911967,3063.2885300880325,3063.2885300880325,asphalt,1.1575
1.7499999999999987,8.815026847547195,2.4486185687631097,0.0,0.0,0.0,0.0,2.4486185687631097,0.0,2.1515683539235755,1.395229822976063,1000.0,1,0,0.0,0.0,0.3189285873351098,0.3189285873351098,4294.215482004052,4294.215482004052,3063.2845179959477,3063.2845179959477,asphalt,1.1575
1.7666666666666653,8.80536331728186,2.4459342548005165,0.17312912758943336,0.1501044372812777,0.0014593742249982688,0.006470191856233544,2.4459256970365844,5.490986098596629e-05,2.1923510707312954,-0.1703994819830612,1000.0,1,0,0.07723009696194193,0.07842399381625285,0.05245955304890688,0.05245955304890688,4411.409948808006,4411.409948808006,2946.0900511919926,2946.0900511919926,asphalt,1.1575
1.7833333333333319,8.793909189908238,2.4427525527522884,0.5866548486393137,0.49014755862465115,0.008369345215815413,0.021253538833137048,2.4426600911843814,0.00030744142995295235,2.2330834884055486,-0.21364123997432927,1000.0,1,0,0.1362958071560409,0.14060970870703354,0.052884497812433644,0.052884497812433644,4414.238897143931,4414.238897143931,2943.2611028560686,2943.2611028560686,asphalt,1.1575
1.7999999999999985,8.779812585217732,2.4388368292271476,1.1969512199968748,0.9685260113467833,0.024273748847273638,0.042257134439366774,2.4384707121849343,0.0008734560884404124,2.2737522315305156,-0.27433799793900704,1000.0,1,0,0.18152020048687212,0.19029832327478752,0.05396899509402031,0.05396899509402031,4418.52514392183,4418.52514392183,2938.9748560781695,2938.9748560781695,asphalt,1.1575
1.816666666666665,8.762638577469074,2.434066271519187,1.966674769490279,1.5480974804796654,0.052055144053128444,0.06796960040161483,2.43311708464031,0.0018402456313035421,2.3143392815018315,-0.3463188260482042,1000.0,1,0,0.21622168930058647,0.23035752457533876,0.05557295345825681,0.05557295345825681,4423.760486121976,4423.760486121976,2933.739513878023,2933.739513878023,asphalt,1.1575
1.8333333333333317,8.742179824689822,2.4283832846360616,2.86432135290545,2.202169537383788,0.0940352635170164,0.09729465053827087,2.4264334171941466,0.0032744181068997463,2.3548234282568683,-0.42532854394568886,1000.0,1,0,0.24293814428268642,0.2629831700851875,0.05732704072407051,0.0573270407240705,4429.593350403814,4429.593350403814,2927.9066495961856,2927.9066495961856,asphalt,1.1575
1.8499999999999983,8.718354339967663,2.421765094435462,3.863595032501043,2.9115871668537943,0.1520659066614242,0.12943209980802087,2.4183038486024224,0.005227524655520074,2.395181245175285,-0.5084751556118405,1000.0,1,0,0.2636062642575417,0.2898568904041993,0.05887295344936816,0.05887295344936815,4435.783865276411,4435.783865276411,2921.7161347235883,2921.7161347235883,asphalt,1.1575
1.866666666666665,8.691149261025348,2.414208128062597,4.942717100455852,3.6626314327778187,0.22760856542969166,0.16379277123710798,2.4086454312941075,0.00774007108945035,2.43538773564774,-0.5938277581150331,1000.0,1,0,0.27970243318503696,0.31226770155161016,0.05997376572124569,0.0599737657212457,4442.171099540067,4442.171099540067,2915.3289004599324,2915.3289004599324,asphalt,1.1575
1.8833333333333315,8.660589276464338,2.405719243462316,6.083748387399549,4.445507690485875,0.3218026033025032,0.19993761276282213,2.3973965106689383,0.010844374033905948,2.4754167547618726,-0.6801262139754627,1000.0,1,0,0.2923519277856526,0.3312051012890994,0.06052452509545915,0.060524525095459136,4448.649362797114,4448.649362797114,2908.850637202885,2908.850637202885,asphalt,1.1575
1.8999999999999981,8.62671855656253,2.3963107101562584,7.271963522952474,5.253258977862769,0.435522646575904,0.23753410350537046,2.3845088738105993,0.014566590009586853,2.5152412783283236,-0.7665730040827512,1000.0,1,0,0.30241285793535705,0.34743000705909594,0.060523752005846775,0.06052375200584676,4455.151184955912,4455.151184955912,2902.3488150440876,2902.3488150440876,asphalt,1.1575
1.9166666666666647,8.589590285212756,2.3859973014479876,8.495294667133713,6.080984912785455,0.5694262572953832,0.27632500996344933,2.3699425333509203,0.018928151994035015,2.5548335697270583,-0.8526850083850945,1000.0,1,0,0.3105403115472646,0.361528688113421,0.060039960054212624,0.06003996005421264,4461.635175622201,4461.635175622201,2895.8648243777984,2895.8648243777984,asphalt,1.1575
1.9333333333333313,8.549260606572991,2.3747946129369417,9.74384966097542,6.925279784299987,0.7239931094578159,0.3161059687133995,2.3536623526279383,0.023946781043623855,2.5941652798573855,-0.9381886860125377,1000.0,1,0,0.31723518329176964,0.373953745793961,0.0591848117630376,0.05918481176303761,4468.077423199732,4468.077423199732,2889.4225768002675,2889.4225768002675,asphalt,1.1575
1.949999999999998,8.505785219799414,2.362718116610948,11.009502428583277,7.783827882153626,0.8995568928751515,0.35670938337753927,2.3356359550178194,0.02963719281068151,2.6332075048210877,-1.0229465019880735,1000.0,1,0,0.32288125084536606,0.38505527196848194,0.05809425822848507,0.058094258228485074,4474.4654460105685,4474.4654460105685,2883.0345539894315,2883.0345539894315,asphalt,1.1575
1.9666666666666646,8.459217608566085,2.3497826690461348,12.285549758229903,8.65511169375086,1.0963310909344033,0.39799284505569654,2.315832525687911,0.03601158475145896,2.671930818481977,-1.1069057370134416,1000.0,1,0,0.32777328206138984,0.3951045732948852,0.056915668258829134,0.056915668258829134,4480.793973735116,4480.793973735116,2876.7060262648833,2876.7060262648833,asphalt,1.1575
1.9833333333333312,8.409608300888904,2.3360023058024733,13.566426970171602,9.538201217508368,1.3144296616725468,0.43983079974576333,2.294222229930979,0.04307996555787473,2.710305291776682,-1.1900632576289638,1000.0,1,0,0.33213832078810684,0.4043122691164165,0.055798355172490044,0.05579835517249003,4487.06203543375,4487.06203543375,2870.43796456625,2870.43796456625,asphalt,1.1575
1.9999999999999978,8.357004783582353,2.3213902176617647,14.847474590480365,10.432601670762105,1.5538835214764588,0.48210855274720055,2.2707760536925994,0.050850371050314924,2.7483005069398305,-1.2724416166569696,1000.0,1,0,0.33615179539467877,0.4128421258975393,0.05488527880637829,0.05488527880637827,4493.2709761454125,4493.2709761454125,2864.2290238545875,2864.2290238545875,asphalt,1.1575
2.0166666666666644,8.301451828845677,2.3059588413460212,16.124748451579617,11.338143321051442,1.8146536018732229,0.5247179610282872,2.245465929235223,0.05932899843580264,2.7858855721903195,-1.3540731595603006,1000.0,1,0,0.33994970208033504,0.420821653732043,0.05430454090557745,0.05430454090557744,4499.423130410761,4499.423130410761,2858.0768695892384,2858.0768695892384,asphalt,1.1575
2.033333333333331,8.242992071556454,2.2897200198767926,17.394866293521343,12.254901775838624,2.096641130060155,0.5675543503325622,2.2182650492768357,0.0685202820363091,2.8230291405802035,-1.43498975710461,1000.0,1,0,0.3436378135568423,0.4283502365149813,0.05416051856546279,0.05416051856546279,4505.520958138086,4505.520958138086,2851.979041861914,2851.979041861914,asphalt,1.1575
2.0499999999999976,8.18425503073567,2.273404175204353,18.613074808814417,13.142448423663707,2.3994663567691834,0.6091433015743347,2.1902764624548436,0.07841939384789948,2.859705618856493,-1.3399400534225236,1000.0,1,0,0.3163071026633019,0.3950665144233259,0.05442341018652139,0.05442341018652139,4505.477822377103,4505.477822377103,2852.022177622897,2852.022177622897,asphalt,1.1575
2.066666666666664,8.13556234011789,2.259878427810525,19.6081127020065,13.840095449335532,2.7203391317604835,0.644125312660871,2.1661378280416286,0.08894441697726736,2.895953674215717,-1.0846611656804583,1000.0,1,0,0.26345795586795856,0.327484785537054,0.05520767452151897,0.055207674521519,4485.057274494481,4485.057274494481,2872.4427255055184,2872.4427255055184,asphalt,1.1575
2.083333333333331,8.095455449327938,2.248737624813316,20.401395551612314,14.375284741490448,3.055641077346488,0.6736224137367807,2.1454728497379003,0.09999323096221606,2.931836736336814,-0.8853332236195399,1000.0,1,0,0.22220395109999622,0.2742403472215636,0.05725690437649684,0.05725690437649686,4469.112317793033,4469.112317793033,2888.3876822069665,2888.3876822069665,asphalt,1.1575
2.0999999999999974,8.061863298012002,2.23940647167,21.030421238239068,14.786399652070585,3.4024088038103355,0.6990292861303199,2.1275101415715074,0.11148950949732304,2.9674044145414658,-0.7296843835302269,1000.0,1,0,0.19000296205199516,0.23233765456618935,0.060302450846599784,0.06030245084659975,4456.661719088572,4456.661719088572,2900.8382809114282,2900.8382809114282,asphalt,1.1575
2.116666666666664,8.033271342262209,2.2314642617395024,21.52645331620687,15.102708078377237,3.758237979726661,0.7213709690093987,2.1116478580698685,0.12337616781499171,3.0026952836685172,-0.6081240369179497,1000.0,1,0,0.1648618926166746,0.1993840343872806,0.06387520268452043,0.06387520268452052,4446.93837074877,4446.93837074877,2910.56162925123,2910.56162925123,asphalt,1.1575
2.1333333333333306,8.008549363026928,2.2245970452852575,21.915294440671154,15.346503189080618,4.121187417069962,0.7414031267480499,2.097415890456662,0.13561028888944854,3.0377393030745163,-0.5131647543928253,1000.0,1,0,0.14522254974016147,0.17347785353714548,0.06755317700778866,0.0675531770077886,4439.343259973287,4439.343259973287,2918.156740026712,2918.156740026712,asphalt,1.1575
2.1499999999999972,7.986840517460934,2.218566810405815,22.21806937156215,15.534765312081788,4.489696245720438,0.7596845303630829,2.0844467147330135,0.14815941930980386,3.072559698808141,-0.4389646699717886,1000.0,1,0,0.12986912352206578,0.1531134635081904,0.07104914073373236,0.07104914073373228,4433.408966362011,4433.408966362011,2924.0910336379893,2924.0910336379893,asphalt,1.1575
2.166666666666664,7.967487470178208,2.213190963938391,22.451960876378713,15.680436795866266,4.862513698793782,0.7766295975003714,2.0724528248297847,0.16099885688732338,3.1071744308191462,-0.3809672309795076,1000.0,1,0,0.11785415855266253,0.13710215879945076,0.074203780050888,0.07420378005088797,4428.770890753302,4428.770890753302,2928.7291092466976,2928.7291092466976,asphalt,1.1575
2.1833333333333305,7.949981575115687,2.208328215309913,22.630871038963154,15.793393292703792,5.238640408134218,0.792546587030846,2.0612092115842153,0.17410965838141043,3.1415973383416658,-0.33561871656399234,1000.0,1,0,0.1084398789164055,0.12450748375015601,0.07695021990347321,0.07695021990347307,4425.144675612891,4425.144675612891,2932.355324387109,2932.355324387109,asphalt,1.1575
2.199999999999997,7.933926834889968,2.2038685652472134,22.76599808753193,15.881180967062372,5.617279846462758,0.8076654475572996,2.050539728390279,0.1874771716543953,3.175839035054526,-0.3001473398136767,1000.0,1,0,0.10105199773872466,0.11459289324774939,0.07927968950098803,0.07927968950098814,4422.30853765027,4422.30853765027,2935.191462349729,2935.191462349729,asphalt,1.1575
2.2166666666666637,7.91901365428294,2.1997260150785944,22.866329030556972,15.949575028025723,5.9977985015061765,0.822158183966331,2.040306462752774,0.2010899508933434,3.2099076093117254,-0.2723908208988135,1000.0,1,0,0.09524352978967918,0.1067797691153158,0.08121616257248182,0.08121616257248179,4420.089471865759,4420.089471865759,2937.410528134241,2937.410528134241,asphalt,1.1575
2.2333333333333303,7.904999305371599,2.1958331403809996,22.939053870837615,16.00300267149935,6.379693434104893,0.8361537979515477,2.030401439756849,0.21493895249797962,3.243809172288933,-0.2506619491188644,1000.0,1,0,0.09066653556271528,0.10061395662482425,0.08279966336501887,0.08279966336501902,4418.352492595,4418.352492595,2939.1475074049995,2939.1475074049995,asphalt,1.1575
2.249999999999997,7.891693137821994,2.1921369827283317,22.989909747939873,16.04486346076038,6.76256599824467,0.8497492819740875,2.0207401388673896,0.22901693724210617,3.2775482873341466,-0.23364383258474675,1000.0,1,0,0.08705010790506963,0.09573921799588139,0.08407602192759127,0.0840760219275913,4416.992249378641,4416.992249378641,2940.507750621359,2940.507750621359,asphalt,1.1575
2.2666666666666635,7.878945237063039,2.1885958991841776,23.023464198411332,16.07777224540421,7.146100650571251,0.8630177341178994,2.011256423364213,0.2433180245026859,3.3111283064373156,-0.220308304135024,1000.0,1,0,0.0841832464995887,0.09187624721203064,0.08509096867080856,0.0850909686708085,4415.9264959249485,4415.9264959249485,2941.5735040750506,2941.5735040750506,asphalt,1.1575
2.28333333333333,7.866637645004021,2.185177123612228,23.043346565251476,16.10374359572772,7.530047929398557,0.8760143661609058,2.0018985718157443,0.2578373589399015,3.34455163402514,-0.20985236767042892,1000.0,1,0,0.08190154585791659,0.08880612450027671,0.08588699661327188,0.08588699661327176,4415.091003115775,4415.091003115775,2942.4089968842254,2942.4089968842254,asphalt,1.1575
2.2999999999999967,7.85467751945049,2.181854866514025,23.052435901266673,16.124332059550614,7.914210827058689,0.8887809652533114,1.9926261702422574,0.27257086058506325,3.3778199338554438,-0.20164869001472852,1000.0,1,0,0.08007685156898556,0.08635729649436683,0.086501922116065,0.08650192211606487,4414.435596425794,4414.435596425794,2943.064403574206,2943.064403574206,asphalt,1.1575
2.3166666666666633,7.8429917800325395,2.1786088277868165,23.053012783556486,16.140739013803746,8.298433909037367,0.9013492170212833,1.9834076770764415,0.28751503697890185,3.410934291337753,-0.1952070249103599,1000.0,1,0,0.07860922344488513,0.0843953454113601,0.08696844801931328,0.08696844801931328,4413.921068550515,4413.921068550515,2943.578931449484,2943.578931449484,asphalt,1.1575
2.33333333333333,7.83152290508869,2.1754230291913026,23.04688146047094,16.153894220152388,8.68259464659717,0.9137431877770186,1.9742185144322184,0.3026668416060436,3.443895340920132,-0.19014414567951832,1000.0,1,0,0.07742069004151148,0.0828149581665157,0.08731428827464596,0.08731428827464606,4413.516773214877,4413.516773214877,2943.983226785123,2943.983226785123,asphalt,1.1575
2.3499999999999965,7.82022562583043,2.172284896064008,23.03546778559154,16.164518192656136,9.066596526463167,0.9259811837888113,1.9650395713412214,0.31802356696899425,3.476703366086264,-0.1861604013805973,1000.0,1,0,0.07645039370879261,0.08153362709873538,0.08756258121588542,0.08756258121588527,4413.198749212239,4413.198749212239,2944.301250787761,2944.301250787761,asphalt,1.1575
2.366666666666663,7.809064323304406,2.1691845342512237,23.019897506552738,16.173169983231787,9.450363582692892,0.9380771476834574,1.9558560296271212,0.33358276365061096,3.5093583778697512,-0.18302143040902052,1000.0,1,0,0.07565081497717598,0.08048671155969635,0.0877324269693405,0.0877324269693405,4412.948257279828,4412.948257279828,2944.5517427201717,2944.5517427201717,asphalt,1.1575
2.3833333333333298,7.798010977520154,2.166114160422265,23.001058692102198,16.180283863165045,9.833836063673715,0.9500417099072328,1.946656442574908,0.3493421789255992,3.541860176513073,-0.1805438914301405,1000.0,1,0,0.07498483489816207,0.07962356778932876,0.08783945331167498,0.08783945331167506,4412.750638517636,4412.750638517636,2944.749361482364,2944.749361482364,asphalt,1.1575
2.3999999999999964,7.787043551235257,2.1630676531209048,22.979651403965388,16.18619753211246,10.216967003056608,0.9618829823901225,1.9374320117532542,0.36529971011385715,3.5742083998978513,-0.1785843248264385,1000.0,1,0,0.07442344817642992,0.0789045167207657,0.08789635731918638,0.08789635731918624,4412.59442334497,4412.59442334497,2944.90557665503,2944.90557665503,asphalt,1.1575
2.416666666666663,7.776144716282184,2.1600401989672733,22.956227146545395,16.19117384930916,10.599719509108676,0.9736071590075465,1.9281760192170818,0.3814533690769271,3.606402561589803,-0.17703045463733247,1000.0,1,0,0.07394398197414567,0.07829846865289254,0.08791339657566574,0.08791339657566591,4412.470635750756,4412.470635750756,2945.0293642492434,2945.0293642492434,asphalt,1.1575
2.4333333333333296,7.76530084999662,2.15702801388795,22.931220148069215,16.195417602182108,10.982064624074392,0.9852189708624539,1.9188833815920445,0.3978012551561637,3.6384420807284785,-0.1757943938872586,1000.0,1,0,0.07352870783993859,0.07778106264933585,0.08789881951807112,0.08789881951807105,4412.372249840542,4412.372249840542,2945.1277501594573,2945.1277501594573,asphalt,1.1575
2.449999999999996,7.754501244667608,2.15402812351878,22.904972130261687,16.19908846577963,11.36397963513106,0.9967220321953526,1.9095502997947456,0.414341534519549,3.6703263055114244,-0.17480733501763268,1000.0,1,0,0.07316375944015384,0.07733320917538314,0.08785923360397445,0.0878592336039746,4412.2937652003075,4412.2937652003075,2945.206234799692,2945.206234799692,asphalt,1.1575
2.466666666666663,7.743737484983087,2.1510381902730797,22.877751898397023,16.20231103290359,11.745446742669559,1.0081191036978587,1.9001739838164065,0.4310724243832687,3.7020545316458997,-0.17401539954821743,1000.0,1,0,0.0728382883058775,0.07693994858111934,0.08779991490772454,0.08779991490772471,4412.230874994946,4412.230874994946,2945.2691250050534,2945.2691250050534,asphalt,1.1575
2.4833333333333294,7.7330029579333015,2.148056377203695,22.849770818627746,16.20518258759047,12.126452010996298,1.019412293306783,1.8907524364391197,0.44799218094805493,3.7336260168460655,-0.1733763929370724,1000.0,1,0,0.07254380494302659,0.07658955695676685,0.08772506511742616,0.08772506511742607,4412.180206473532,4412.180206473532,2945.319793526467,2945.319793526467,asphalt,1.1575
2.499999999999996,7.722292467119891,2.145081240866636,22.821195034841985,16.20777913721776,12.506984542039689,1.0306032095729245,1.8812842832320515,0.4650990901711103,3.7650399922220763,-0.1728572665411221,1000.0,1,0,0.07227366438212096,0.07627284572402736,0.08763802274909696,0.08763802274909703,4412.139118030347,4412.139118030347,2945.360881969653,2945.360881969653,asphalt,1.1575
2.5166666666666626,7.711601929329703,2.1421116470360286,22.79215510420157,16.21016009874376,12.887035824995548,1.0416930789813406,1.8717686389000594,0.48239146070586175,3.7962956712258493,-0.17243213211916242,1000.0,1,0,0.07202266434014674,0.07598261295702659,0.08754143537203646,0.08754143537203654,4412.105540455985,4412.105540455985,2945.3944595440153,2945.3944595440153,asphalt,1.1575
2.533333333333329,7.700928135902796,2.1391467044174433,22.762753591456956,16.212371943235215,13.266599224677464,1.0526828358186566,1.8622050021930454,0.49986761850139305,3.827392256675783,-0.1720807082389797,1000.0,1,0,0.07178673122531386,0.07571321353781135,0.08743739915809226,0.08743739915809216,4412.077852727672,4412.077852727672,2945.422147272328,2945.422147272328,asphalt,1.1575
2.549999999999996,7.690268565114557,2.1361857125318213,22.733071050788304,16.21445103300421,13.645669579146633,1.0635731910964878,1.8525931732590184,0.517525902674153,3.858328946270782,-0.17178710438809475,1000.0,1,0,0.07156267469649773,0.07546022238732063,0.08732757137511435,0.08732757137511435,4412.0547848037995,4412.0547848037995,2945.4452151962,2945.4452151962,asphalt,1.1575
2.5666666666666624,7.679621234707311,2.133228120752031,22.703170735008218,16.216425832180498,14.024242883390231,1.0743646854706221,1.8429331886373017,0.535364662356095,3.8891049369161115,-0.17153886920304728,1000.0,1,0,0.0713479957484591,0.07522017060073652,0.0872132606880566,0.08721326068805645,4412.0353415371765,4412.0353415371765,2945.4646584628235,2945.4646584628235,asphalt,1.1575
2.583333333333329,7.668984586009316,2.130273496113699,22.673102301128246,16.21831863048606,14.402316040721168,1.0850577299121513,1.833225270118861,0.5533822542929705,3.9197194281145924,-0.17132624531985385,1000.0,1,0,0.07114073660594307,0.07499033869125528,0.08709549939210474,0.08709549939210474,4412.01874310837,4412.01874310837,2945.48125689163,2945.48125689163,asphalt,1.1575
2.5999999999999956,7.65835739289649,2.1273214980268027,22.642904724975494,16.22014688839844,14.779886667453068,1.095652636992167,1.8234697845094965,0.5715770410194578,3.9501716246224485,-0.1711415858980203,1000.0,1,0,0.07093936328719509,0.07476859457196426,0.08697510102384978,0.08697510102384987,4412.004378384967,4412.004378384967,2945.4956216150326,2945.4956216150326,asphalt,1.1575
2.6166666666666623,7.647738690286234,2.1243718584128426,22.612608592849774,16.22192428756131,15.156952939469196,1.1061496449639379,1.8136672119665695,0.5899473894782037,3.9804607385265305,-0.1709788976767257,1000.0,1,0,0.07074267370424539,0.07455326658751617,0.0868527061970367,0.08685270619703678,4411.991768396523,4411.991768396523,2945.5082316034764,2945.5082316034764,asphalt,1.1575
2.633333333333329,7.637127717983581,2.12142436610655,22.58223790279188,16.22366155152353,15.53351347172483,1.1165489363119647,1.803818121078508,0.608491669980703,4.010585990866159,-0.17083348307807,1000.0,1,0,0.07054972573103974,0.07434304400733263,0.08672881899351435,0.08672881899351444,4411.9805377273915,4411.9805377273915,2945.519462272608,2945.519462272608,asphalt,1.1575
2.6499999999999955,7.626523876591091,2.1184788546086364,22.551811480000932,16.225367087374224,15.909567223630852,1.1268506520459094,1.7939231492479348,0.6272082554315546,4.04054661289653,-0.17070165985309416,1000.0,1,0,0.07035978088948196,0.07413689903637712,0.08660383580412151,0.08660383580412151,4411.970392108616,4411.970392108616,2945.5296078913834,2945.5296078913834,asphalt,1.1575
2.666666666666662,7.615926692896156,2.1155351924711545,22.521344088778026,16.227047487605788,16.28511342477162,1.1370549027190955,1.7839829872469166,0.646095520755718,4.070341847069933,-0.17058054145053347,1000.0,1,0,0.07017226025437792,0.07393402568726914,0.08647806815112666,0.08647806815112657,4411.961100863373,4411.961100863373,2945.5388991366262,2945.5388991366262,asphalt,1.1575
2.6833333333333287,7.605335792702232,2.11259327575062,22.49084730587214,16.228707922826576,16.660151516595352,1.1471617769235527,1.7739983670545845,0.6651518424822709,4.099970947794773,-0.17046786493516208,1000.0,1,0,0.06998670992032088,0.07373379186588083,0.08635176072451164,0.08635176072451164,4411.952483153473,4411.952483153473,2945.547516846527,2945.547516846527,asphalt,1.1575
2.6999999999999953,7.594750879505673,2.1096530220849092,22.4603302062944,16.230352449186203,17.034681106647735,1.1571713478394337,1.7639700522773787,0.6843755984488271,4.129433182019591,-0.1703618561537823,1000.0,1,0,0.06980277395295896,0.07353570181240582,0.08622510561974776,0.08622510561974814,4411.944397202931,4411.944397202931,2945.5556027970683,2945.5556027970683,asphalt,1.1575
2.716666666666662,7.584171717762243,2.1067143660450673,22.42979990177835,16.231984249122178,17.408701932654775,1.1670836782832805,1.7538988306015368,0.7037651675989686,4.158727829679229,-0.170261124073825,1000.0,1,0,0.06962017319966697,0.07333936665851874,0.08609825356609643,0.08609825356609628,4411.936731853464,4411.936731853464,2945.563268146535,2945.563268146535,asphalt,1.1575
2.7333333333333285,7.573598119756679,2.1037772554879663,22.399261963484236,16.233605819951897,17.782213834337746,1.1768988245973713,1.743785507844874,0.7233189298513528,4.187854184032355,-0.17016457798078477,1000.0,1,0,0.06943868868827734,0.07314448134586075,0.08597132277406562,0.08597132277406547,4411.929399946811,4411.929399946811,2945.5706000531886,2945.5706000531886,asphalt,1.1575
2.749999999999995,7.5630299353003325,2.1008416486945367,22.368720753789233,16.235219121651188,18.15521673129779,1.186616839643855,1.7336309032672466,0.7430352660240186,4.216811551913364,-0.17007136258154532,1000.0,1,0,0.0692581486189897,0.0729508065307444,0.0858444059017629,0.0858444059017629,4411.922333138269,4411.922333138269,2945.5776668617304,2945.5776668617304,asphalt,1.1575
2.7666666666666617,7.55246704364838,2.09790751212455,22.338179686687614,16.236825692683638,18.527710605663916,1.1962377751070514,1.7234358458717138,0.7629125578011547,4.245599253916731,-0.16998080714106578,1000.0,1,0,0.06907841817068955,0.07275815439738027,0.08571757553656259,0.08571757553656259,4411.915477831812,4411.915477831812,2945.5845221681884,2945.5845221681884,asphalt,1.1575
2.7833333333333283,7.541909347158807,2.094974818655224,22.307641432141438,16.23842674080797,18.899695488479928,1.2057616832608613,1.713201171485539,0.7829491877324904,4.274216624528105,-0.16989238561272657,1000.0,1,0,0.06889939151203037,0.07256637753502634,0.08559088850612541,0.08559088850612534,4411.908791993902,4411.908791993902,2945.5912080060975,2945.5912080060975,asphalt,1.1575
2.799999999999995,7.531356766318108,2.0920435461994744,22.27710807643225,16.240023214285824,19.271171449024575,1.2151886183224716,1.7029277204550974,0.8031435392576943,4.302663012213321,-0.16980568538727425,1000.0,1,0,0.06872098553988588,0.07237536021705569,0.08546438926711128,0.08546438926711128,4411.902242656013,4411.902242656013,2945.597757343986,2945.597757343986,asphalt,1.1575
2.8166666666666615,7.520809235839301,2.089113676622028,22.246581247977865,16.241615857729396,19.642138586433987,1.2245186374859893,1.692616335824118,0.8234939967498953,4.330937779474186,-0.169720382793912,1000.0,1,0,0.06854313497129778,0.07218501156304039,0.08533811256776895,0.0853381125677691,4411.895803956823,4411.895803956823,2945.6041960431758,2945.6041960431758,asphalt,1.1575
2.833333333333328,7.510266701601232,2.086185194889231,22.216062216045533,16.243205255911,20.012597023130052,1.233751801708378,1.6822678618924958,0.8439989455737668,4.359040302877987,-0.16963622389656763,1000.0,1,0,0.06836578849609071,0.07199526017713936,0.08521208553922914,0.08521208553922899,4411.889455607467,4411.889455607467,2945.6105443925317,2945.6105443925317,asphalt,1.1575
2.8499999999999948,7.49972911824785,2.0832580884021805,22.185551968195938,16.244791868134175,20.38254689966561,1.242888176303659,1.6718831430748002,0.8646567721546496,4.386969973066188,-0.16955300943585883,1000.0,1,0,0.06818890576071765,0.07180604994390304,0.08508632933751502,0.08508632933751502,4411.883181688406,4411.883181688406,2945.6168183115938,2945.6168183115938,asphalt,1.1575
2.8666666666666614,7.489196447305212,2.08033234647367,22.155051271037816,16.246376055203925,20.751988370681413,1.2519278313886755,1.6614630229948226,0.8854658640559827,4.414726194746639,-0.16947058302648088,1000.0,1,0,0.06801245500363395,0.07161733673159097,0.0849608604324567,0.08496086043245639,4411.876969706059,4411.876969706059,2945.623030293941,2945.623030293941,asphalt,1.1575
2.883333333333328,7.478668655704576,2.0774079599179376,22.12456071788777,16.24795810059201,21.12092160173516,1.2608708422139214,1.6510083437660645,0.906424610062927,4.44230838667269,-0.16938882190151716,1000.0,1,0,0.06783641120135152,0.07142908580702148,0.08483569161915853,0.08483569161915838,4411.8708098533025,4411.8708098533025,2945.629190146697,2945.629190146697,asphalt,1.1575
2.8999999999999946,7.468145714624046,2.0744849207289016,22.094080766156463,16.249538227049023,21.489346766814556,1.2697172894053699,1.6405199454187316,0.9275314002705469,4.469715981611877,-0.1693076296568563,1000.0,1,0,0.06766075461480636,0.07124126980834176,0.08471083281158165,0.0847108328115818,4411.864694429549,4411.864694429549,2945.6353055704512,2945.6353055704512,asphalt,1.1575
2.916666666666661,7.45762759858007,2.0715632218277973,22.06361176667482,16.251116609643777,21.857264046386824,1.2784672591373771,1.6299986654421916,0.9487846261752823,4.496948426306304,-0.16922693056129035,1000.0,1,0,0.06748546964955303,0.071053867155261,0.0845862916650426,0.0845862916650426,4411.858617386202,4411.858617386202,2945.6413826137973,2945.6413826137973,asphalt,1.1575
2.933333333333328,7.447114284714876,2.0686428568652433,22.03315398669735,16.25269338599969,22.224673625869368,1.2871208432522154,1.6194453384184664,0.970182680768726,4.524005181426373,-0.16914666509581622,1000.0,1,0,0.06731054396199955,0.0708668608023379,0.08446207406444725,0.0844620740644474,4411.852573970102,4411.852573970102,2945.647426029898,2945.647426029898,asphalt,1.1575
2.9499999999999944,7.436605752237628,2.0657238200660077,22.002707627945462,16.254268664331043,22.591575694430517,1.2956781393382768,1.6088607957275236,0.9917239586329526,4.550885721519176,-0.16906678645536743,1000.0,1,0,0.06713596775853911,0.07068023726125136,0.08433818450713769,0.08433818450713769,4411.846560443997,4411.846560443997,2945.653439556003,2945.653439556003,asphalt,1.1575
2.966666666666661,7.426101981986106,2.0628061061072516,21.972272840759974,16.25584252975268,22.95797044404908,1.3041392507762788,1.5982458653092295,1.0134068560368037,4.5775895349525815,-0.16898725780562174,1000.0,1,0,0.06696173324592353,0.07049398583401656,0.0842146264030815,0.08421462640308196,4411.8405738673955,4411.8405738673955,2945.659426132604,2945.659426132604,asphalt,1.1575
2.9833333333333276,7.415602956082936,2.059889710023038,21.941849735201675,16.257415049234567,23.32385806877727,1.3125042867607037,1.5876013714700459,1.035229771032678,4.604116123855832,-0.1689080501324547,1000.0,1,0,0.06678783420023861,0.07030809801162533,0.08409140231021366,0.08409140231021381,4411.834611924659,4411.834611924659,2945.66538807534,2945.66538807534,asphalt,1.1575
2.9999999999999942,7.405108657665951,2.056974627129431,21.911438389758025,16.25898627549216,23.68923876416273,1.3207733623020683,1.5769281347250896,1.0571911035534751,4.630465004057306,-0.16882914055528886,1000.0,1,0,0.06661426562886255,0.07012256700240323,0.08396851411891533,0.08396851411891579,4411.828672790239,4411.828672790239,2945.671327209761,2945.671327209761,asphalt,1.1575
3.016666666666661,7.394619070676712,2.0540608529657534,21.88103885817211,16.260556250041766,24.054112726795605,1.3289465982143718,1.56622697166817,1.079289255509413,4.656635705019941,-0.1687505110039922,1000.0,1,0,0.06644102350534763,0.06993738736209743,0.08384596319661555,0.08384596319661555,4411.8227550229585,4411.8227550229585,2945.6772449770415,2945.6772449770415,asphalt,1.1575
3.0333333333333274,7.384134179694618,2.051148383248505,21.850651174798806,16.262125005599746,24.41848015395363,1.3370241210910812,1.5554986948639902,1.101522630884516,4.6826277697747285,-0.1686721471816277,1000.0,1,0,0.06626810456149487,0.06975255470376031,0.08372375050113282,0.08372375050113282,4411.816857483155,4411.816857483155,2945.6831425168443,2945.6831425168443,asphalt,1.1575
3.049999999999994,7.373653969806796,2.048237213835221,21.8202753588058,16.26369256796717,24.78234124332409,1.3450060632722687,1.5447441127579358,1.1238896358326094,4.708440754852602,-0.1685940377511308,1000.0,1,0,0.0660955061242614,0.0695680654701901,0.08360187666948758,0.08360187666948787,4411.810979267634,4411.810979267634,2945.689020732365,2945.689020732365,asphalt,1.1575
3.0666666666666607,7.363178426506021,2.045327340696117,21.78991141746851,16.265258957509634,25.145696192786158,1.3528925628049175,1.5339640295998445,1.1463886787726874,4.7340742302149765,-0.16851617369731287,1000.0,1,0,0.06592322598785345,0.06938391675545627,0.08348034208751973,0.08348034208751959,4411.805119658728,4411.805119658728,2945.694880341272,2945.694880341272,asphalt,1.1575
3.0833333333333273,7.352707535610653,2.042418759891848,21.759559348754358,16.266824190319955,25.508545200240256,1.3606837633979683,1.523159245378925,1.1690181704835678,4.759527779183124,-0.16843854782624845,1000.0,1,0,0.06575126231338722,0.06920010616490418,0.0833591469444244,0.08335914694442424,4411.799278084309,4411.799278084309,2945.700721915691,2945.700721915691,asphalt,1.1575
3.099999999999994,7.342241283201801,2.0395114675560557,21.729219143349695,16.268388279131425,25.87088846347475,1.3683798143733197,1.512330555767586,1.191776524197752,4.784800998366571,-0.1683611543733221,1000.0,1,0,0.06557961355018566,0.0690166317053438,0.08323829127548922,0.08323829127548922,4411.793454086411,4411.793454086411,2945.7065459135883,2945.7065459135883,asphalt,1.1575
3.1166666666666605,7.331779655574032,2.0366054598816756,21.69889078624951,16.26995123403482,26.232726180061697,1.3759808706137264,1.5014787520724173,1.2146621556944346,4.809893497590637,-0.16828398869488836,1000.0,1,0,0.06540827837405326,0.0688334916989251,0.08311777499559045,0.0831177749955903,4411.7876472966855,4411.7876472966855,2945.7123527033145,2945.7123527033145,asphalt,1.1575
3.133333333333327,7.321322639196699,2.033700733110194,21.66857425800427,16.271513063042114,26.59405854727531,1.3834870925083298,1.4906046211909407,1.2376734833916199,4.834804899823205,-0.16820704702755762,1000.0,1,0,0.06523725563884405,0.06865068471557131,0.08299759792541929,0.08299759792541929,4411.781857417017,4411.781857417017,2945.718142582983,2945.718142582983,asphalt,1.1575
3.1499999999999937,7.310870220683553,2.030797283523209,21.638269535697795,16.273073772528814,26.954885762028493,1.3908986458963826,1.479708945573032,1.2608089284373107,4.859534841100841,-0.16813032629800162,1000.0,1,0,0.06506654433847864,0.0684682095199845,0.08287775981204987,0.08287775981204987,4411.7760842045145,4411.7760842045145,2945.7239157954855,2945.7239157954855,asphalt,1.1575
3.1666666666666603,7.300422386768927,2.027895107435813,21.60797659371424,16.274633367582027,27.315208020823107,1.3982157020096153,1.4687925031861604,1.2840669147997452,4.884082970454288,-0.16805382397560464,1000.0,1,0,0.06489614357714184,0.06828606503006918,0.08275826034503157,0.08275826034503157,4411.770327459578,4411.770327459578,2945.7296725404217,2945.7296725404217,asphalt,1.1575
3.183333333333327,7.289979124289011,2.024994201191392,21.5776954043396,16.27619185227332,27.67502551971157,1.4054384374135827,1.457856067483766,1.3074458693566606,4.908448949833433,-0.16797753795458448,1000.0,1,0,0.06472605254589914,0.06810425028431677,0.08263909916900575,0.08263909916900544,4411.764587016604,4411.764587016604,2945.735412983395,2945.735412983395,asphalt,1.1575
3.1999999999999935,7.279540420167143,2.0220945611575396,21.547425938233463,16.27774922987343,28.034338454266962,1.4125670339482579,1.4469004073762382,1.3309442219835736,4.9326324540317685,-0.16790146646382453,1000.0,1,0,0.06455627050436712,0.06792276441623099,0.0825202758935925,0.08252027589359265,4411.758862736663,4411.758862736663,2945.7411372633364,2945.7411372633364,asphalt,1.1575
3.21666666666666,7.269106261402256,2.019196183722849,21.51716816479896,16.27930550302096,28.393147019559766,1.4196016786680827,1.4359262872040746,1.3545604056410625,4.95663317061039,-0.1678256079948781,1000.0,1,0,0.06438679676631301,0.06774160663424521,0.08240179010112483,0.08240179010112454,4411.753154501825,4411.753154501825,2945.7468454981754,2945.7468454981754,asphalt,1.1575
3.2333333333333267,7.25867663505979,2.016299065294386,21.486922052472917,16.2808606738546,28.751451410140163,1.4265425637816318,1.4249344667128885,1.378292856461048,4.9804507998215675,-0.16774996124537367,1000.0,1,0,0.06421763068837039,0.06756077620598343,0.08228364135271131,0.08228364135271131,4411.747462210621,4411.747462210621,2945.7525377893785,2945.7525377893785,asphalt,1.1575
3.2499999999999933,7.248251528264543,2.0134032022957062,21.456687568953374,16.282414744117467,29.109251820024284,1.4333898865910215,1.4139257010300021,1.4021400138320625,5.004085054531922,-0.16767452507520986,1000.0,1,0,0.06404877166117512,0.06738027244589906,0.08216582919298127,0.08216582919298127,4411.741785774558,4411.741785774558,2945.7582142254423,2945.7582142254423,asphalt,1.1575
3.26666666666666,7.237830928195037,2.010508591165288,21.426464681377997,16.28396771523847,29.46654844268394,1.4401438494311587,1.4029007406424148,1.4261003204835119,5.0275356601452215,-0.16759929847196986,1000.0,1,0,0.06388021910242399,0.06720009470559259,0.08204835315380589,0.08204835315380604,4411.7361251153,4411.7361251153,2945.7638748846994,2945.7638748846994,asphalt,1.1575
3.2833333333333266,7.227414822079084,2.0076152283553013,21.39625335646395,16.285519588396937,29.823341471038653,1.4468046596089077,1.3918603313759828,1.450172222568921,5.050802354524822,-0.1675242805238497,1000.0,1,0,0.06371197245141298,0.06702024236619661,0.08193121275720563,0.08193121275720533,4411.730480162561,4411.730480162561,2945.7695198374377,2945.7695198374377,asphalt,1.1575
3.299999999999993,7.21700319719027,2.0047231103306307,21.36605356061758,16.287070364572884,30.179631097449825,1.453372529342235,1.380805214375682,1.4743541697481655,5.073884887915776,-0.16744947039828872,1000.0,1,0,0.06354403116475403,0.06684071483240817,0.08181440751762192,0.08181440751762192,4411.724850852375,4411.724850852375,2945.7751491476242,2945.7751491476242,asphalt,1.1575
3.3166666666666598,7.2065960408451994,2.001832233568111,21.335865260020363,16.288620044586636,30.535417513716556,1.4598476756993828,1.3697361260868464,1.4986446152686896,5.096783022866624,-0.16737486732512963,1000.0,1,0,0.06337639471301997,0.06666151152780808,0.08169793694370617,0.08169793694370617,4411.719237125754,4411.719237125754,2945.7807628742453,2945.7807628742453,asphalt,1.1575
3.3333333333333264,7.196193340401278,1.9989425945559105,21.30568842069631,16.290168629130008,30.890700911072567,1.4662303205381029,1.3586537982373021,1.523042016045712,5.119496534150875,-0.16730047058356234,1000.0,1,0,0.06320906257810453,0.06648263189118322,0.08158180053970812,0.08158180053970812,4411.713638927663,4411.713638927663,2945.786361072337,2945.786361072337,asphalt,1.1575
3.349999999999993,7.185795083254988,1.9960541897930524,21.27552300856473,16.291716118790685,31.2454814801842,1.4725206904449903,1.3475589578203278,1.5475448327414183,5.142025208688207,-0.16722627949221192,1000.0,1,0,0.06304203425115662,0.06630407537364547,0.08146599780657308,0.08146599780657308,4411.708056206171,4411.708056206171,2945.7919437938285,2945.7919437938285,asphalt,1.1575
3.3666666666666596,7.175401256840482,1.9931670157890229,21.245368989481612,16.293262514071603,31.599759411149066,1.4787190166749313,1.3364523270783897,1.5721515298431437,5.1643688454653836,-0.1671522934005587,1000.0,1,0,0.06287530923094525,0.06612584143635919,0.08135052824278359,0.08135052824278359,4411.702488911862,4411.702488911862,2945.7975110881375,2945.7975110881375,asphalt,1.1575
3.383333333333326,7.165011848628473,1.9902810690634647,21.215226329272,16.294807815405882,31.95353489349529,1.4848255350906934,1.3253346234876098,1.5968605757405487,5.186527255456914,-0.1670785116830764,1000.0,1,0,0.06270888702258925,0.06594792954876698,0.08123539134502959,0.08123539134502943,4411.696936997221,4411.696936997221,2945.803063002778,2945.803063002778,asphalt,1.1575
3.399999999999993,7.154626846125343,1.9873963461459285,21.18509499375535,16.29635202316867,32.306808116181415,1.490840486102667,1.3142065597429313,1.62167044280179,5.208500261545459,-0.16700493373379643,1000.0,1,0,0.06254276713655352,0.06577033918719484,0.08112058660872787,0.08112058660872801,4411.691400416364,4411.691400416364,2945.8085995836364,2945.8085995836364,asphalt,1.1575
3.4166666666666594,7.1442462368724104,1.9845128435756696,21.15497494876533,16.297895137686467,32.65957926759639,1.4967641146087771,1.3030688437439495,1.6465796074486871,5.230287698441995,-0.1669315589625775,1000.0,1,0,0.06237694908785871,0.06559306983375077,0.08100611352842636,0.08100611352842636,4411.685879124654,4411.685879124654,2945.814120875345,2945.814120875345,asphalt,1.1575
3.433333333333326,7.133870008445348,1.9816305579014857,21.124866160165347,16.29943715924459,33.01184853556,1.5025966699345736,1.2919221785813895,1.6715865502308904,5.251889412605745,-0.16685838679249443,1000.0,1,0,0.062211432395459995,0.06541612097546405,0.08089197159811344,0.08089197159811344,4411.680373078468,4411.680373078468,2945.8196269215314,2945.8196269215314,asphalt,1.1575
3.4499999999999926,7.1234981484536934,1.9787494856815815,21.094768593860625,16.300978088092588,33.36361610732355,1.5083384057735074,1.2807672625242095,1.696689755899053,5.27330526216391,-0.166785416656694,1000.0,1,0,0.062046216581761335,0.065239492103607,0.08077816031146623,0.08077816031146637,4411.674882234991,4411.674882234991,2945.8251177650086,2945.8251177650086,asphalt,1.1575
3.4666666666666592,7.113130644540445,1.975869623483457,21.064682215807654,16.302517924448964,33.714882169570615,1.5139895801274055,1.2696047890073117,1.7218877134770083,5.294535116831156,-0.1667126479967962,1000.0,1,0,0.06188130117223078,0.06506318271316285,0.08066467916204072,0.08066467916204087,4411.669406552122,4411.669406552122,2945.8305934478767,2945.8305934478767,asphalt,1.1575
3.483333333333326,7.102767484381729,1.9729909678838133,21.034606992021526,16.304056668504565,34.06564690841797,1.519550455247147,1.2584354466198475,1.747178916332958,5.315578857828944,-0.1666400802618817,1000.0,1,0,0.061716685695097855,0.06488719230240328,0.08055152764341464,0.08055152764341464,4411.663945988281,4411.663945988281,2945.8360540117187,2945.8360540117187,asphalt,1.1575
3.4999999999999925,7.09240865568651,1.970113515468475,21.00454288858165,16.305594320425477,34.415910509416626,1.5250212975735509,1.247259919094106,1.7725618622496748,5.336436377804641,-0.16656771290662675,1000.0,1,0,0.061552369681115736,0.06471152037256131,0.08043870524930155,0.08043870524930126,4411.658500502366,4411.658500502366,2945.8414994976333,2945.8414994976333,asphalt,1.1575
3.516666666666659,7.082054146196349,1.9672372628323191,20.97448987163616,16.307130880355047,34.76567315755297,1.530402377678475,1.236078885294974,1.7980350534937186,5.357107580750462,-0.16649554539071687,1000.0,1,0,0.06138835266336775,0.06453616642756559,0.08032621147363235,0.08032621147363221,4411.653070053659,4411.653070053659,2945.8469299463413,2945.8469299463413,asphalt,1.1575
3.5333333333333257,7.071703943685183,1.9643622065792175,20.94444790740534,16.308666348415613,35.11493503724987,1.535693970206137,1.2248930192099574,1.8235969968836776,5.377592381922244,-0.16642357717815415,1000.0,1,0,0.06122463417712309,0.06436112997383754,0.08021404581062701,0.08021404581062716,4411.6476546017875,4411.6476546017875,2945.852345398212,2945.852345398212,asphalt,1.1575
3.5499999999999923,7.0613580359591435,1.9614883433219843,20.914416962184237,16.31020072470972,35.46369633236816,1.5408963538146607,1.2137029899397573,1.8492462038574313,5.397890707758057,-0.16635180773661773,1000.0,1,0,0.06106121375971947,0.0641864105201293,0.08010220775484084,0.08010220775484098,4411.642254106641,4411.642254106641,2945.857745893358,2945.857745893358,asphalt,1.1575
3.566666666666659,7.051016410856381,1.958615669682328,20.884397002344667,16.31173400932138,35.811957226207525,1.546009811117848,1.2025094616893917,1.874981190538442,5.418002495796664,-0.1662802365370375,1000.0,1,0,0.060898090950464674,0.06401200757739284,0.0799906968011981,0.0799906968011981,4411.636868528392,4411.636868528392,2945.8631314716067,2945.8631314716067,asphalt,1.1575
3.5833333333333255,7.040679056246913,1.955744182290809,20.85438799433672,16.3132662023166,36.15971790150812,1.551034628627184,1.1913130937598555,1.9008004778010772,5.437927694595838,-0.16620886305322102,1000.0,1,0,0.06073526529056164,0.06383792065867394,0.07987951244501829,0.07987951244501842,4411.631497827413,4411.631497827413,2945.8685021725864,2945.8685021725864,asphalt,1.1575
3.599999999999992,7.03034596003248,1.9528738777868,20.824389904689905,16.314797303744054,36.50697854045174,1.5559710966940803,1.180114540540313,1.9267025913349713,5.457666263650547,-0.16613768676169371,1000.0,1,0,0.060572736323054134,0.06366414927903927,0.0797686541820406,0.0797686541820406,4411.6261419642915,4411.6261419642915,2945.873858035708,2945.873858035708,asphalt,1.1575
3.6166666666666587,7.020017110146417,1.950004752818449,20.794402700013983,16.316327313635828,36.85373932466308,1.560819509452354,1.1689144515008159,1.9526860617084234,5.477218173311014,-0.16606670714132576,1000.0,1,0,0.06041050359276619,0.06349069295549715,0.07965812150842456,0.07965812150842456,4411.620800899789,4411.620800899789,2945.8791991002104,2945.8791991002104,asphalt,1.1575
3.6333333333333253,7.009692494553524,1.9471368040426453,20.764426346999553,16.31785623200729,37.2000004352113,1.5655801647609542,1.1577134711855392,1.9787494244308401,5.49658340470066,-0.16599592367295912,1000.0,1,0,0.060248566646275405,0.06331755120695695,0.07954791392076932,0.07954791392076888,4411.615474594852,4411.615474594852,2945.884525405148,2945.884525405148,asphalt,1.1575
3.649999999999992,6.999372101249951,1.9442700281249863,20.734460812418487,16.319384058857725,37.545762052611174,1.5702533641469312,1.146512239206534,2.004891220014228,5.515761949633939,-0.1659253358398871,1000.0,1,0,0.060086925031876036,0.06314472355418171,0.0794380309161108,0.0794380309161108,4411.61016301058,4411.61016301058,2945.8898369894187,2945.8898369894187,asphalt,1.1575
3.6666666666666585,6.989055918263089,1.941404421739747,20.704506063124192,16.320910794170395,37.89102435682453,1.5748394127486578,1.135311390237984,2.0311099940337356,5.534753810534079,-0.16585494312721494,1000.0,1,0,0.059925578299547665,0.0629722095197513,0.0793284719919233,0.07932847199192344,4411.604866108206,4411.604866108206,2945.8951338917936,2945.8951338917936,asphalt,1.1575
3.683333333333325,6.978743933651449,1.938539981569847,20.674562066051774,16.32243643791278,38.235787527261635,1.5793386192592997,1.1241115540109672,2.0574042971872553,5.553559000350726,-0.16578474502212615,1000.0,1,0,0.05976452600094266,0.06280000862803774,0.07921923664612225,0.07921923664612195,4411.599583849146,4411.599583849146,2945.9004161508533,2945.9004161508533,asphalt,1.1575
3.6999999999999917,6.968436135504564,1.9356767043068233,20.644628788218096,16.323960990036483,38.58005174278248,1.5837512958705444,1.1129133553087125,2.0837726853540794,5.572177542477507,-0.165714741013403,1000.0,1,0,0.05960376768935916,0.06262812040517687,0.07911032437705283,0.07911032437705283,4411.594316194915,4411.594316194915,2945.905683805084,2945.905683805084,asphalt,1.1575
3.7166666666666583,6.958132511942884,1.9328145866508009,20.61470619672182,16.32548445047754,38.92381718169825,1.588077758216587,1.101717413962349,2.110213719652628,5.59060947066953,-0.16564493059163965,1000.0,1,0,0.05944330291973032,0.062456544379052396,0.07900173468349374,0.07900173468349359,4411.589063107169,4411.589063107169,2945.910936892831,2945.910936892831,asphalt,1.1575
3.733333333333325,6.947833051117668,1.9299536253104632,20.584794258743297,16.327006819156257,39.267084021772575,1.5923183253183752,1.0905243448471404,2.1367259664972424,5.608854828960796,-0.1655753132493487,1000.0,1,0,0.059283131248609566,0.062285280079277056,0.0788934670646481,0.07889346706464782,4411.583824547721,4411.583824547721,2945.916175452279,2945.916175452279,asphalt,1.1575
3.7499999999999916,6.937537741210898,1.9270938170030272,20.55489294154453,16.328528095977315,39.60985244022297,1.5964733195281218,1.0793347578792025,2.1633079976540524,5.626913671581578,-0.1655058884801619,1000.0,1,0,0.05912325223415611,0.06211432703717767,0.07878552102013421,0.07878552102013392,4411.578600478487,4411.578600478487,2945.9213995215123,2945.9213995215123,asphalt,1.1575
3.766666666666658,6.927246570435168,1.9242351584542132,20.52500221246902,16.330048280829864,39.952122613722125,1.6005430664740787,1.0681492580126917,2.1899583902959217,5.644786062875731,-0.1654366557802689,1000.0,1,0,0.05896366543613121,0.061943684785784076,0.07867789604998424,0.07867789604998424,4411.573390861511,4411.573390861511,2945.9266091384884,2945.9266091384884,asphalt,1.1575
3.7833333333333248,6.916959527033587,1.9213776463982186,20.495122038941616,16.331567373587333,40.29389471839933,1.6045278950055823,1.0569684452374692,2.216675727056476,5.6624720772179735,-0.165367614646712,1000.0,1,0,0.05880437041587877,0.06177335285981432,0.07857059165463057,0.07857059165463043,4411.568195658956,4411.568195658956,2945.931804341043,2945.931804341043,asphalt,1.1575
3.7999999999999914,6.906676599279693,1.9185212775776923,20.465252388468357,16.33308537410749,40.635168929841846,1.6084281371383706,1.0457929145772273,2.2434585960832174,5.679971798931122,-0.16529876457839876,1000.0,1,0,0.05864536673632781,0.06160333079567029,0.07846360733490547,0.07846360733490533,4411.563014833135,4411.563014833135,2945.936985166865,2945.936985166865,asphalt,1.1575
3.816666666666658,6.896397775477346,1.9156660487437072,20.43539322863626,16.334602282232478,40.97594542309613,1.612244128000171,1.0346232560880775,2.2703055910897314,5.6972853222033155,-0.16523010507583535,1000.0,1,0,0.058486653961973833,0.061433618131422375,0.0783569425920231,0.0783569425920231,4411.557848346446,4411.557848346446,2945.942151653553,2945.942151653553,asphalt,1.1575
3.8333333333333246,6.88612304396064,1.9128119566557333,20.40554452711316,16.33611809778869,41.31622437266931,1.6159762057765663,1.0234600548575932,2.2972153114069878,5.714412751005203,-0.1651616356413399,1000.0,1,0,0.05832823165888197,0.06126421440680637,0.07825059692758046,0.07825059692758062,4411.552696161411,4411.552696161411,2945.9473038385877,2945.9473038385877,asphalt,1.1575
3.849999999999991,6.875852393093811,1.909958998081614,20.375706251647486,16.337632820586723,41.656005952530464,1.6196247116571385,1.012303891004304,2.324186362033745,5.731354199007133,-0.16509335577824302,1000.0,1,0,0.05817009939466744,0.06109511916320913,0.0781445698435401,0.07814456984353994,4411.547558240687,4411.547558240687,2945.9524417593125,2945.9524417593125,asphalt,1.1575
3.866666666666658,6.865585811271136,1.9071071697975377,20.34587837006802,16.33914645042136,41.995290336112,1.6231899897818916,1.0011553396776334,2.351217353686058,5.748109789496338,-0.1650252649919537,1000.0,1,0,0.05801225673850293,0.0609263319436697,0.07803886084223052,0.07803886084223066,4411.542434547034,4411.542434547034,2945.9575654529663,2945.9575654529663,asphalt,1.1575
3.8833333333333244,6.8553232869168506,1.904256468588014,20.316060850283737,16.340658987071567,42.33407769631098,1.6266723871879587,0.9900149710582771,2.3783069028458943,5.764679655294111,-0.16495736278905326,1000.0,1,0,0.05785470326110279,0.06075785229286544,0.07793346942633114,0.07793346942633128,4411.537325043328,4411.537325043328,2945.9626749566723,2945.9626749566723,asphalt,1.1575
3.899999999999991,6.845064808485047,1.9014068912458464,20.286253660283514,16.342170430300328,42.672368205490436,1.6300722537565926,0.9788833503590183,2.40545363180887,5.781063938673008,-0.1648896486778284,1000.0,1,0,0.05769743853471848,0.06058967975710728,0.07782839509886466,0.07782839509886466,4411.532229692574,4411.532229692574,2945.9677703074253,2945.9677703074253,asphalt,1.1575
3.9166666666666576,6.834810364459591,1.8985584345721085,20.256456768135973,16.343680779854704,43.01016203548074,1.633389942160442,0.9677610378259722,2.4326561687311026,5.797262791274061,-0.16482212216800463,1000.0,1,0,0.05754046213313427,0.06042181388433378,0.07772363736318723,0.07772363736318752,4411.52714845786,4411.52714845786,2945.97285154214,2945.97285154214,asphalt,1.1575
3.9333333333333242,6.824559943354026,1.8957110953761183,20.226670141989192,16.34519003546569,43.34745935758084,1.6366258078111195,0.9566485887402555,2.459913147675182,5.813276374024016,-0.16475478277095945,1000.0,1,0,0.057383773631661125,0.06025425422410426,0.07761919572298434,0.0776191957229845,4411.522081302421,4411.522081302421,2945.977918697579,2945.977918697579,asphalt,1.1575
3.949999999999991,6.814313533711483,1.892864870475412,20.196893750070533,16.346698196848216,43.68426034255966,1.639780208807056,0.9455465534200769,2.487223208655285,5.829104857052603,-0.16468762999950926,1000.0,1,0,0.057227372607127104,0.06008700032759125,0.07751506968225465,0.07751506968225477,4411.517028189596,4411.517028189596,2945.982971810404,2945.982971810404,asphalt,1.1575
3.9666666666666575,6.8040711241045955,1.8900197566957209,20.16712756068637,16.348205263701036,44.02056516065748,1.642853505881651,0.9344554772232437,2.5145849976814065,5.844748419609849,-0.1646206633676961,1000.0,1,0,0.057071258637879416,0.059920051747577655,0.07741125874530742,0.0774112587453077,4411.511989082806,4411.511989082806,2945.988010917193,2945.988010917193,asphalt,1.1575
3.983333333333324,6.7938327031354,1.8871757508709444,20.137371542221878,16.349711235706714,44.35637398158706,1.6458460623517148,0.9233759005500782,2.5419971668027452,5.860207249983434,-0.1645538823914272,1000.0,1,0,0.05691543130377076,0.059753408038447114,0.07730776241675077,0.0773077624167509,4411.506963945631,4411.506963945631,2945.993036054369,2945.993036054369,asphalt,1.1575
3.9999999999999907,6.783598259435259,1.8843328498431273,20.1076256631408,16.351216112531407,44.6916869745352,1.6487582440662087,0.912308358846741,2.5694583741502206,5.875481545416095,-0.16448728658762235,1000.0,1,0,0.056759890186159845,0.05958706875618191,0.07720458020148438,0.07720458020148438,4411.501952741747,4411.501952741747,2945.998047258253,2945.998047258253,asphalt,1.1575
4.016666666666658,6.773367781664763,1.881491050462434,20.077889891985222,16.35271989382509,45.02650430816381,1.6515904193552808,0.9012533826089537,2.5969672839781484,5.890571512023106,-0.16442087547554607,1000.0,1,0,0.05660463486790201,0.059421033458353346,0.0771017116046872,0.07710171160468693,4411.496955434906,4411.496955434906,2946.0030445650937,2946.0030445650937,asphalt,1.1575
4.033333333333324,6.763141258513644,1.8786503495871234,20.048164197375336,16.3542225792213,45.36082615061126,1.654342958979601,0.8902114973861207,2.6245225667050636,5.905477364709803,-0.16435464857472937,1000.0,1,0,0.05644966493334372,0.05925530170411643,0.07699915613180974,0.07699915613180974,4411.491971989019,4411.491971989019,2946.008028010981,2946.008028010981,asphalt,1.1575
4.049999999999991,6.752918678700693,1.8758107440835259,20.018448548009214,16.3557241683369,45.69465266949392,1.65701623608,0.879183223785839,2.652122898953704,5.920199327089194,-0.1642886054072079,1000.0,1,0,0.05629497996832266,0.059089873054209055,0.07689691328857341,0.07689691328857341,4411.48700236808,4411.48700236808,2946.01299763192,2946.01299763192,asphalt,1.1575
4.0666666666666575,6.742700030973666,1.8729722308260184,19.988742912662595,16.357224660772463,46.027984031907074,1.6596106261274082,0.8681690774787962,2.6797669635901578,5.934737631399652,-0.16422274549565685,1000.0,1,0,0.05614057956015499,0.05892474707093911,0.07679498258094866,0.07679498258094836,4411.4820465362045,4411.4820465362045,2946.017953463795,2946.017953463795,asphalt,1.1575
4.083333333333324,6.7324853041092005,1.870134806697,19.959047260188623,16.358724056111722,46.36082040442656,1.6621265068730982,0.857169569204051,2.707453449762181,5.9490925184226775,-0.16415706836493626,1000.0,1,0,0.055986463297635104,0.05875992331818477,0.07669336351515485,0.07669336351515485,4411.47710445758,4411.47710445758,2946.022895542419,2946.022895542419,asphalt,1.1575
4.099999999999991,6.722274486912724,1.8672984685868677,19.929361559517652,16.36022235392186,46.6931619531098,1.6645642582992342,0.8461852047746886,2.7351810529366865,5.963264237400775,-0.16409157354075887,1000.0,1,0,0.05583263077102845,0.05859540136138486,0.07659205559765069,0.07659205559765069,4411.472176096567,4411.472176096567,2946.027823903433,2946.027823903433,asphalt,1.1575
4.116666666666657,6.712067568218377,1.8644632133939933,19.89968577965701,16.361719553753147,47.025008843497304,1.6669242625697283,0.8352164850838513,2.762948474936413,5.977253045955405,-0.16402626055038283,1000.0,1,0,0.05567908157206799,0.05843118076753798,0.07649105833512572,0.07649105833512543,4411.467261417563,4411.467261417563,2946.032738582436,2946.032738582436,asphalt,1.1575
4.133333333333324,6.701864536888914,1.8616290380246985,19.870019889690774,16.363215655139168,47.35636124061374,1.6692069039814033,0.8242639061111332,2.7907544239757804,5.991059210005058,-0.16396112892287817,1000.0,1,0,0.05552581529394624,0.05826726110519137,0.07639037123448747,0.07639037123448762,4411.462360385147,4411.462360385147,2946.037639614853,2946.037639614853,asphalt,1.1575
4.149999999999991,6.6916653818156355,1.858795939393232,19.840363858779536,16.364710657596547,47.68721930896932,1.671412568915467,0.8133279589293405,2.8185976146959297,6.004683003683427,-0.16389617818832747,1000.0,1,0,0.055372831531309744,0.058103641944436964,0.07628999380285814,0.07628999380285799,4411.457472963936,4411.457472963936,2946.042527036064,2946.042527036064,asphalt,1.1575
4.166666666666657,6.681470091918282,1.855963914421745,19.8107176561602,16.366204560624876,48.01758321256108,1.6735416457892955,0.8024091297116095,2.846476768198961,6.018124709257708,-0.16383140787819883,1000.0,1,0,0.05522012988025812,0.05794032285690915,0.07618992554756282,0.07618992554756254,4411.452599118688,4411.452599118688,2946.0474008813117,2946.0474008813117,asphalt,1.1575
4.183333333333324,6.671278656144967,1.8531329600402686,19.78108125114574,16.367697363706657,48.347453114874156,1.67559452500853,0.7915078997388757,2.8743906120813723,6.03138461704701,-0.1637668175256124,1000.0,1,0,0.05506770993833846,0.05777730341577909,0.07609016597612665,0.07609016597612694,4411.447738814263,4411.447738814263,2946.0522611857364,2946.0522611857364,asphalt,1.1575
4.19999999999999,6.661091063472081,1.850303073186689,19.751454613124984,16.36918906630739,48.676829178882976,1.6775715989194848,0.7806247454076951,2.902337880466698,6.044463025340901,-0.16370240666502056,1000.0,1,0,0.05491557130453297,0.05761458319574265,0.07599071459625771,0.07599071459625756,4411.442892015622,4411.442892015622,2946.057107984377,2946.057107984377,asphalt,1.1575
4.216666666666657,6.650907302904212,1.8474742508067254,19.7218377115624,16.370679667875226,49.005711567052614,1.6794732617618717,0.7697601382384069,2.930317314037362,6.057360240318088,-0.16363817483199483,1000.0,1,0,0.0547637135792627,0.05745216177302261,0.0758915709158465,0.07589157091584636,4411.438058687842,4411.438058687842,2946.0619413121567,2946.0619413121567,asphalt,1.1575
4.233333333333324,6.640727363474064,1.8446464898539068,19.69223051599788,16.37216916784113,49.33410044133994,1.681299909621838,0.7589145448836377,2.9583276600657453,6.070076575965232,-0.16357412156397189,1000.0,1,0,0.054612136364377624,0.05729003872535964,0.07579273444295367,0.07579273444295367,4411.433238796085,4411.433238796085,2946.0667612039147,2946.0667612039147,asphalt,1.1575
4.24999999999999,6.630551234242372,1.8418197872895476,19.662632996046504,16.37365756561858,49.66199596319505,1.6830519403853215,0.7480884271371393,2.9863676724444734,6.082612353995916,-0.16351024639929435,1000.0,1,0,0.05446083926315462,0.05712821363200923,0.07569420468580376,0.07569420468580335,4411.428432305626,4411.428432305626,2946.0715676943732,2946.0715676943732,asphalt,1.1575
4.266666666666657,6.620378904297811,1.8389941400827254,19.63304512139834,16.375144860603783,49.98939829356225,1.6847297536917218,0.737282241942957,3.0144361117159284,6.094967903769753,-0.16344654887806342,1000.0,1,0,0.054309821880286366,0.05696668607373067,0.0755959811527744,0.0755959811527744,4411.423639181857,4411.423639181857,2946.0763608181433,2946.0763608181433,asphalt,1.1575
4.2833333333333234,6.61021036275693,1.8361695452102582,19.603466861818205,16.376631052175128,50.31630759288166,1.6863337508878924,0.7264964414049242,3.0425317451009954,6.107143562211657,-0.16338302854160602,1000.0,1,0,0.05415908382189089,0.05680545563279608,0.07549806335239825,0.0754980633523981,4411.418859390229,4411.418859390229,2946.0811406097705,2946.0811406097705,asphalt,1.1575
4.29999999999999,6.600045598764051,1.833345999656681,19.57389818714548,16.37811613969381,50.64272402108997,1.6878643349824471,0.7157314727964789,3.070653346527043,6.119139673731282,-0.1633196849325813,1000.0,1,0,0.054008624695480185,0.05664452189295889,0.075400450793332,0.07540045079333214,4411.414092896362,4411.414092896362,2946.085907103638,2946.085907103638,asphalt,1.1575
4.316666666666657,6.589884601491205,1.8305235004142235,19.544339067293873,16.37960012250285,50.96864773762234,1.6893219106003916,0.704987778570795,3.098799696655146,6.130956590142609,-0.16325651759476756,1000.0,1,0,0.0538584441099885,0.05648388443948124,0.0753031429843801,0.07530314298438022,4411.409339665925,4411.409339665925,2946.090660334075,2946.090660334075,asphalt,1.1575
4.333333333333323,6.579727360138036,1.8277020444827876,19.514789472251202,16.381082999927845,51.294078901412966,1.6907068839380728,0.694265796371227,3.126969582906556,6.142594670583725,-0.16319352607364834,1000.0,1,0,0.05370854167573872,0.05632354285910187,0.07520613943445836,0.07520613943445865,4411.404599664712,4411.404599664712,2946.095400335288,2946.095400335288,asphalt,1.1575
4.34999999999999,6.569573863931727,1.824881628869924,19.4852493720792,16.382564771276453,51.61901767089674,1.6920196627184485,0.6835659590420627,3.1551617994884236,6.154054281436769,-0.1631307099160395,1000.0,1,0,0.05355891700445598,0.05616349674004659,0.07510943965260522,0.07510943965260522,4411.399872858606,4411.399872858606,2946.100127141394,2946.100127141394,asphalt,1.1575
4.3666666666666565,6.5594241021269175,1.8220622505908104,19.455718736913287,16.38404543583842,51.943464204010226,1.6932606561466819,0.6728886946395799,3.1833751474187797,6.165335796248062,-0.16306806867008916,1000.0,1,0,0.053409569709249094,0.05600374567201182,0.07501304314796024,0.07501304314796024,4411.395159213601,4411.395159213601,2946.1048407863987,2946.1048407863987,asphalt,1.1575
4.383333333333323,6.549278064005625,1.819243906668229,19.42619753696237,16.385524992885315,52.26741865819322,1.6944302748660571,0.6622344264433995,3.211608434550779,6.1764395956484215,-0.16300560188485136,1000.0,1,0,0.05326049940461941,0.055844289246172206,0.0749169494297687,0.07491694942976883,4411.390458695792,4411.390458695792,2946.109541304207,2946.109541304207,asphalt,1.1575
4.39999999999999,6.53913573887716,1.8164265941325446,19.396685742508627,16.387003441670732,52.59088119038962,1.6955289309142196,0.6516035729681349,3.2398604755962124,6.187366067273677,-0.16294330911113875,1000.0,1,0,0.053111705706445834,0.05568512705516548,0.07482115800736672,0.07482115800736672,4411.3857712713625,4411.3857712713625,2946.1142287286366,2946.1142287286366,asphalt,1.1575
4.416666666666656,6.528997116078054,1.8136103100216816,19.367183323907295,16.38848078142999,52.913851957048806,1.6965570376797383,0.6409965479753313,3.2681300921482928,6.198115605685375,-0.16288118990114953,1000.0,1,0,0.052963188231984766,0.05552625869309205,0.0747256683901756,0.07472566839017546,4411.3810969066035,4411.3810969066035,2946.118903093396,2946.118903093396,asphalt,1.1575
4.433333333333323,6.5188621849719715,1.810795051381103,19.337690251586466,16.389957011380236,53.23633111412682,1.6975150098589942,0.6304137604856915,3.2964161127037217,6.208688612291686,-0.16281924380804114,1000.0,1,0,0.052814946599859386,0.055367683755504014,0.07463048008768895,0.07463048008768895,4411.376435567914,4411.376435567914,2946.123564432086,2946.123564432086,asphalt,1.1575
4.4499999999999895,6.508730934949636,1.8079808152637877,19.308206496046886,16.391432130720098,53.558318817087645,1.6984032634133925,0.6198556147915808,3.32471737268404,6.219085495268524,-0.16275747038656974,1000.0,1,0,0.05266698043006498,0.055209401839409984,0.07453559260947634,0.07453559260947648,4411.371787221757,4411.371787221757,2946.128212778243,2946.128212778243,asphalt,1.1575
4.466666666666656,6.4986033554287514,1.8051675987302087,19.27873202786173,16.392906138629808,53.8798152209044,1.6992222155269026,0.6093225104698107,3.3530327144562695,6.22930666948087,-0.1626958691926106,1000.0,1,0,0.05251928934395676,0.055051412543263276,0.07444100546516838,0.07444100546516867,4411.36715183472,4411.36715183472,2946.1328481652795,2946.1328481652795,asphalt,1.1575
4.483333333333323,6.488479435853922,1.8023553988483116,19.249266817676407,16.394379034271047,54.20082048006038,1.6999722845639198,0.5988148423946951,3.381360987352847,6.239352556404321,-0.1626344397835311,1000.0,1,0,0.0523718729642439,0.054893715466955116,0.07434671816444785,0.074346718164448,4411.362529373524,4411.362529373524,2946.1374706264755,2946.1374706264755,asphalt,1.1575
4.499999999999989,6.478359165696573,1.7995442126934924,19.219810836208364,16.395850816786876,54.521334748550515,1.7006538900274575,0.5883330007513752,3.4097010476908665,6.249223584046845,-0.16257318171787105,1000.0,1,0,0.052224730914993925,0.05473631021181859,0.0742527302170493,0.07425273021704944,4411.3579198049,4411.3579198049,2946.1420801950994,2946.1420801950994,asphalt,1.1575
4.516666666666656,6.468242534454875,1.7967340373485763,19.190364054246874,16.39732148530149,54.84135817988238,1.7012674525176634,0.5778773710494078,3.4380517587906185,6.258920186870776,-0.16251209455518278,1000.0,1,0,0.052077862821612385,0.0545791963806086,0.0741590411327409,0.07415904113274117,4411.353323095748,4411.353323095748,2946.146676904251,2946.146676904251,asphalt,1.1575
4.533333333333323,6.458129531653668,1.7939248699037966,19.160926442652823,16.3987910389205,55.160890927077375,1.7018133936906639,0.5674483341366147,3.4664119909934503,6.268442805715027,-0.1624511778568838,1000.0,1,0,0.05193126831085489,0.054422373577513124,0.07406565042133037,0.07406565042133023,4411.348739213058,4411.348739213058,2946.1512607869413,2946.1512607869413,asphalt,1.1575
4.549999999999989,6.448020146844381,1.7911167074567724,19.13149797235852,16.400259476730216,55.47993314267222,1.7022921362177343,0.5570462662131864,3.49478062167894,6.277791887717548,-0.1623904311852975,1000.0,1,0,0.051784947010814375,0.05426584140814091,0.07397255759264966,0.07397255759264981,4411.344168123869,4411.344168123869,2946.1558318761304,2946.1558318761304,asphalt,1.1575
4.566666666666656,6.437914369604959,1.7883095471124886,19.102078614367496,16.40172679779833,55.79848497871963,1.7027041037447983,0.5466715388460395,3.52315653528139,6.286967886238005,-0.16232985410397305,1000.0,1,0,0.05163889855091344,0.054109599479512126,0.07387976215654585,0.07387976215654585,4411.339609795362,4411.339609795362,2946.1603902046377,2946.1603902046377,asphalt,1.1575
4.583333333333322,6.4278121895397815,1.7855033859832725,19.0726683397543,16.403193001173193,56.11654658678995,1.7030497208522521,0.5363245189834199,3.551538623305656,6.2959712607807194,-0.1622694461778984,1000.0,1,0,0.05149312256190534,0.05395364740006118,0.07378726362288246,0.07378726362288233,4411.335064194785,4411.335064194785,2946.1649358052136,2946.1649358052136,asphalt,1.1575
4.599999999999989,6.417713596279591,1.7826982211887752,19.04326711966431,16.404658085883877,56.43411811797222,1.70332941301512,0.5260055689697496,3.5799257843423034,6.304802476917837,-0.16220920697334051,1000.0,1,0,0.05134761867587062,0.05379798477963068,0.07369506150152726,0.07369506150152712,4411.330531289505,4411.330531289505,2946.1694687104937,2946.1694687104937,asphalt,1.1575
4.616666666666656,6.407618579481416,1.7798940498559488,19.01387492531351,16.4061220509402,56.75119972287526,1.7035436065635339,0.5157150465607133,3.608316924082107,6.313462006212763,-0.16214913605747228,1000.0,1,0,0.051202386526206636,0.05364261122946244,0.07360315530234646,0.07360315530234632,4411.326011046963,4411.326011046963,2946.1739889530368,2946.1739889530368,asphalt,1.1575
4.633333333333322,6.397527128828495,1.7770908691190264,18.984491727988303,16.407584895332718,57.067791551628794,1.703692728643544,0.5054533049385793,3.6367109553298933,6.321950326143834,-0.16208923299927847,1000.0,1,0,0.0510574257476253,0.05348752636219488,0.07351154453519451,0.07351154453519465,4411.321503434722,4411.321503434722,2946.1784965652773,2946.1784965652773,asphalt,1.1575
4.649999999999989,6.387439234030202,1.7742886761195005,18.955117499045336,16.4090466180323,57.383893753884834,1.7037772071782546,0.49522069272775376,3.6651067980177348,6.330267920028259,-0.16202949736848993,1000.0,1,0,0.050912735976147254,0.053332729791855486,0.07342022870991025,0.0734202287099104,4411.317008420389,4411.317008420389,2946.1829915796097,2946.1829915796097,asphalt,1.1575
4.666666666666655,6.377354884821972,1.7714874680061032,18.925752209911277,16.410507217990272,57.69950647881862,1.7037974708292911,0.48501755401055896,3.693503379217498,6.338415276946323,-0.16196992873638294,1000.0,1,0,0.05076831684910279,0.05317822113386337,0.07332920733631335,0.07332920733631335,4411.312525971703,4411.312525971703,2946.1874740282965,2946.1874740282965,asphalt,1.1575
4.683333333333322,6.367274070965225,1.7686872419347845,18.89639583208264,16.411966694138258,58.01462987512999,1.7037539489585904,0.47484422834323686,3.721899633152755,6.346392891665847,-0.16191052667513972,1000.0,1,0,0.05062416800511711,0.053024000005012346,0.07323847992418833,0.07323847992418833,4411.308056056504,4411.308056056504,2946.1919439434955,2946.1919439434955,asphalt,1.1575
4.699999999999989,6.357196782247294,1.7658879950686928,18.867048337125556,16.413425045387942,58.32926409104445,1.703647071590524,0.4647010507721701,3.7502945012100595,6.354201264566922,-0.16185129075870108,1000.0,1,0,0.05048028908412167,0.0528700660234836,0.07314804598329211,0.07314804598329225,4411.303598642687,4411.303598642687,2946.196401357313,2946.196401357313,asphalt,1.1575
4.716666666666655,6.347123008481351,1.763089724578153,18.837709696675628,16.41488227063112,58.64340927431438,1.7034772693743458,0.4545883518503193,3.7786869319495957,6.36184090156692,-0.16179222056154074,1000.0,1,0,0.05033667972733476,0.05271641880882522,0.0730579050233353,0.0730579050233353,4411.299153698261,4411.299153698261,2946.2008463017382,2946.2008463017382,asphalt,1.1575
4.733333333333322,6.337052739506332,1.7602924276406475,18.808379882437695,16.41633836873974,58.957065572219925,1.703244973546968,0.4445064576538714,3.807075881115205,6.369312314045772,-0.16173331566010418,1000.0,1,0,0.05019333957726137,0.052563057981951725,0.07296805655397805,0.07296805655397831,4411.29472119133,4411.29472119133,2946.2052788086694,2946.2052788086694,asphalt,1.1575
4.7499999999999885,6.326985965186864,1.7574961014407955,18.77905886618568,16.417793338565513,59.2702331315705,1.7029506158960648,0.43445568979909593,3.8354603116437964,6.376616018771536,-0.1616745756313165,1000.0,1,0,0.05005026827768697,0.052409983165138445,0.07287850008482366,0.07287850008482366,4411.290301090095,4411.290301090095,2946.209698909904,2946.209698909904,asphalt,1.1575
4.766666666666655,6.316922675413195,1.7547007431703319,18.749746619762366,16.419247178939706,59.58291209870586,1.7025946287235043,0.4244363654594027,3.863839193674142,6.383752537826233,-0.16161600005380805,1000.0,1,0,0.04990746547368482,0.05225719398202697,0.07278923512541974,0.07278923512541974,4411.285893362813,4411.285893362813,2946.214106637187,2946.214106637187,asphalt,1.1575
4.783333333333322,6.30686286010112,1.7519063500280887,18.72044311507922,16.420699888673425,59.89510261949721,1.7021774448091058,0.4144487973826001,3.8922115045550725,6.39072239853199,-0.16155758850706192,1000.0,1,0,0.04976493081159936,0.05210469005760987,0.07270026118524539,0.07270026118524553,4411.281497977864,4411.281497977864,2946.218502022135,2946.218502022135,asphalt,1.1575
4.799999999999988,6.296806509191905,1.7491129192199735,18.691148324116195,16.422151466557224,60.20680483934823,1.7016994973747248,0.4044932939083498,3.9205762288530663,6.397526133377456,-0.16149934057221316,1000.0,1,0,0.049622663939043236,0.05195247101822634,0.07261157777370252,0.07261157777370238,4411.277114903705,4411.277114903705,2946.2228850962942,2946.2228850962942,asphalt,1.1575
4.816666666666655,6.286753612652222,1.7463204479589507,18.66186221892156,16.42360191136129,60.518018903196264,1.7011612200486645,0.39457015898581294,3.948932358359245,6.404164279944515,-0.16144125583140934,1000.0,1,0,0.04948066450489345,0.05180053649155944,0.07252318440011134,0.07252318440011134,4411.272744108891,4411.272744108891,2946.2272558911086,2946.2272558911086,asphalt,1.1575
4.8333333333333215,6.2767041604740745,1.7435289334650206,18.632584771611707,16.42505122183488,60.828744955513585,1.7005630468304127,0.3846796921914855,3.9772788920957813,6.410637380835301,-0.1613833338675441,1000.0,1,0,0.04933893215928824,0.051648886106630654,0.07243508057370626,0.07243508057370626,4411.268385562061,4411.268385562061,2946.2316144379392,2946.2316144379392,asphalt,1.1575
4.849999999999988,6.266658142674723,1.7407383729652008,18.603315954370945,16.426499396706483,61.138983140308554,1.6999054120557067,0.3748221887472148,4.005614836321722,6.416945983599502,-0.16132557426494998,1000.0,1,0,0.049197466553628756,0.05149751949380329,0.07234726580363418,0.07234726580363446,4411.264039231945,4411.264039231945,2946.235960768054,2946.235960768054,asphalt,1.1575
4.866666666666655,6.256615549296616,1.7379487636935045,18.57405573945133,16.427946434683804,61.448733601126406,1.69918875036192,0.3649979395384,4.0339392045382265,6.423090640661976,-0.16126797660971803,1000.0,1,0,0.04905626734056229,0.05134643628476439,0.07225973959893812,0.07225973959893799,4411.259705087362,4411.259705087362,2946.240294912638,2946.240294912638,asphalt,1.1575
4.883333333333321,6.246576370407325,1.7351601028909236,18.544804099172488,16.42939233445345,61.757996481050746,1.698413496653779,0.35520723113236946,4.062251017493242,6.429071909250668,-0.16121054048820582,1000.0,1,0,0.04891533417398437,0.05119563611252665,0.07217250146855465,0.07217250146855465,4411.2553830971965,4411.2553830971965,2946.244616902803,2946.244616902803,asphalt,1.1575
4.899999999999988,6.236540596099465,1.732372387805407,18.515561005921413,16.430837094680758,62.066771922704596,1.6975800860693995,0.3454503457969286,4.090549303185605,6.4348903513248334,-0.16115326548858278,1000.0,1,0,0.04877466670904207,0.05104511861143193,0.0720855509213188,0.0720855509213188,4411.251073230463,4411.251073230463,2946.248926769537,2946.248926769537,asphalt,1.1575
4.9166666666666545,6.2265082164906325,1.7295856156918423,18.48632643215229,16.432280714010027,62.375060068251344,1.6966889539466512,0.3357275615190804,4.118833096868574,6.440546533503576,-0.16109615119987097,1000.0,1,0,0.04863426460211289,0.050894883417129236,0.07199888746593994,0.07199888746593994,4411.246775456224,4411.246775456224,2946.2532245437756,2946.2532245437756,asphalt,1.1575
4.933333333333321,6.216479221723331,1.7267997838120364,18.45710035038632,16.433723191063944,62.68286105939608,1.6957405357898432,0.32603915202391076,4.147101441052818,6.446041026994694,-0.16103919721205173,1000.0,1,0,0.0484941275108148,0.05074493016658535,0.07191251061101028,0.07191251061101042,4411.242489743657,4411.242489743657,2946.257510256343,2946.257510256343,asphalt,1.1575
4.949999999999988,6.2064536019649,1.7240148894346945,18.427882733211533,16.43516452444391,62.990175037386486,1.6947352672367337,0.31638538679363576,4.175353385508844,6.4513744075238515,-0.16098240311681167,1000.0,1,0,0.048354255093994915,0.05059525849807217,0.07182641986499344,0.0718264198649933,4411.238216062017,4411.238216062017,2946.2617839379827,2946.2617839379827,asphalt,1.1575
4.966666666666654,6.1964313474074535,1.7212309298354038,18.398673553282595,16.436604712729583,63.29700214301416,1.6936735840258637,0.3067665310868096,4.203587987268879,6.45654725526406,-0.16092576850674334,1000.0,1,0,0.04821464701172951,0.05044586805116756,0.07174061473622005,0.07174061473621991,4411.23395438063,4411.23395438063,2946.26604561937,2946.26604561937,asphalt,1.1575
4.983333333333321,6.186412448267805,1.7184479022966124,18.369472783320653,16.438043754478784,63.60334251661571,1.6925559219642103,0.2971828459576856,4.231804310628216,6.461560154765487,-0.16086929297523866,1000.0,1,0,0.04807530292531606,0.05029675846674627,0.07165509473288131,0.07165509473288119,4411.229704668928,4411.229704668928,2946.2702953310713,2946.2702953310713,asphalt,1.1575
4.999999999999988,6.1763968947873975,1.7156658041076103,18.340280396113133,16.439481648227606,63.90919629807362,1.6913827168951632,0.287634588275731,4.260001427146017,6.4664136948855875,-0.1608129761172883,1000.0,1,0,0.047936222497268755,0.05014792938697557,0.07156985936302304,0.0715698593630229,4411.225466896424,4411.225466896424,2946.274533103575,2946.274533103575,asphalt,1.1575
5.016666666666654,6.166384677232243,1.7128846325645117,18.31109636451357,16.44091839249013,64.2145636268176,1.690154404666822,0.278122010745289,4.288178415645589,6.471108468719562,-0.1607568175287355,1000.0,1,0,0.0477974053913167,0.04999938045531374,0.07148490813454106,0.07148490813454106,4411.221241032712,4411.221241032712,2946.2787589672876,2946.2787589672876,asphalt,1.1575
5.033333333333321,6.156375785892845,1.7101043849702346,18.281920661441436,16.44235398575823,64.5194446418256,1.6888714211006126,0.268645361925386,4.316334362214142,6.475645073531143,-0.16070081680680914,1000.0,1,0,0.04765885127240476,0.04985111131650917,0.07140024055518103,0.07140024055518077,4411.217027047464,4411.217027047464,2946.282972952535,2946.282972952535,asphalt,1.1575
5.049999999999987,6.1463702110841405,1.7073250586344835,18.252753259881953,16.443788426501555,64.82383948162501,1.6875342019602249,0.2592048862496805,4.3444683602020095,6.480024110683716,-0.16064497354948415,1000.0,1,0,0.047520559806677354,0.04970312161658574,0.07131585613252307,0.07131585613252293,4411.212824910443,4411.212824910443,2946.2871750895574,2946.2871750895574,asphalt,1.1575
5.066666666666654,6.136367943145427,1.70454665087373,18.22359413288591,16.44522171316733,65.12774828429357,1.6861431829208675,0.2498008240465492,4.372579510221374,6.484246185571769,-0.16058928735622757,1000.0,1,0,0.047382530661484935,0.0495554110028477,0.07123175437398452,0.07123175437398464,4411.208634591511,4411.208634591511,2946.2913654084878,2946.2913654084878,asphalt,1.1575
5.083333333333321,6.126368972440296,1.7017691590111932,18.19444325356952,16.446653844180396,65.43117118746049,1.6846987995388418,0.24043341155931014,4.400666920144472,6.488311907552687,-0.16053375782735912,1000.0,1,0,0.047244763505369436,0.04940797912386534,0.07114793478680707,0.07114793478680695,4411.20445606059,4411.20445606059,2946.2955439394095,2946.2955439394095,asphalt,1.1575
5.099999999999987,6.116373289356562,1.6989925803768229,18.16530059511421,16.448084817942995,65.73410832830758,1.6832014872214331,0.23110288096657458,4.428729705101298,6.4922218898788735,-0.1604783845643709,1000.0,1,0,0.04710725800806911,0.049260825629479726,0.07106439687805839,0.07106439687805839,4411.200289287708,4411.200289287708,2946.299710712292,2946.299710712292,asphalt,1.1575
5.116666666666654,6.10638088430621,1.6962169123072806,18.136166130766473,16.44951463283436,66.03655984357044,1.6816516811971185,0.2218094604027285,4.456766987476813,6.495976749630224,-0.16042316717003402,1000.0,1,0,0.04697001384051376,0.04911395017079748,0.07098114015462652,0.07098114015462652,4411.19613424293,4411.19613424293,2946.3038657570696,2946.3038657570696,asphalt,1.1575
5.13333333333332,6.096391747725313,1.6934421521459204,18.107039833837664,16.45094328721084,66.33852586953957,1.6800498164860906,0.21255337397853707,4.4847778969076515,6.499577107646933,-0.16036810524765244,1000.0,1,0,0.046833030674819136,0.0489673524001849,0.07089816412321581,0.07089816412321581,4411.191990896484,4411.191990896484,2946.3080091035163,2946.3080091035163,asphalt,1.1575
5.149999999999987,6.086405870073977,1.6906682972427716,18.07792167770386,16.452370779405918,66.64000654206107,1.6783963278710963,0.2033348418018723,4.512761570278349,6.503023588462647,-0.1603131984025019,1000.0,1,0,0.0466963081842804,0.04882103197126141,0.07081546829033544,0.07081546829033544,4411.187859218582,4411.187859218582,2946.3121407814174,2946.3121407814174,asphalt,1.1575
5.166666666666654,6.07642324183627,1.6878953449545195,18.048811635805666,16.453797107729685,66.94100199653823,1.6766916498685887,0.1941540799985587,4.540717151717087,6.506316820237977,-0.1602584462402845,1000.0,1,0,0.04655984604337154,0.04867498853889836,0.07073305216230169,0.07073305216230143,4411.183739179601,4411.183739179601,2946.316260820399,2946.316260820399,asphalt,1.1575
5.18333333333332,6.066443853520159,1.6851232926444886,18.019709681648056,16.45522227046911,67.24151236793217,1.674936216700195,0.18501130073333305,4.568643792590947,6.509457434694338,-0.1602038483679813,1000.0,1,0,0.04642364392773632,0.048529221759210296,0.0706509152452267,0.07065091524522682,4411.179630749958,4411.179630749958,2946.320369250042,2946.320369250042,asphalt,1.1575
5.199999999999987,6.056467695657445,1.6823521376826236,17.990615788800202,16.456646265887617,67.54153779076316,1.673130462264495,0.1759067122309171,4.5965406515007174,6.512446067048154,-0.1601494043937457,1000.0,1,0,0.046287701514191336,0.04838373128955714,0.0705690570450206,0.07056905704502053,4411.175533900152,4411.175533900152,2946.324466099848,2946.324466099848,asphalt,1.1575
5.2166666666666535,6.046494758803696,1.6795818774454712,17.961529930895303,16.45806909222496,67.84107839911161,1.6712748201091092,0.16684051879719833,4.624406894275204,6.5152833559454155,-0.16009511392626408,1000.0,1,0,0.046152018480713757,0.04823851678853224,0.07048747706738002,0.0704874770673801,4411.171448600781,4411.171448600781,2946.328551399218,2946.328551399218,asphalt,1.1575
5.23333333333332,6.036525033538186,1.6768125093161628,17.93245208163041,16.45949074769725,68.14013432661916,1.6693697234031026,0.15781292084051574,4.652241693965099,6.517969943396581,-0.16004097657630112,1000.0,1,0,0.0460165945064465,0.048093577915966794,0.07040617481779055,0.07040617481779049,4411.167374822514,4411.167374822514,2946.332625177485,2946.332625177485,asphalt,1.1575
5.249999999999987,6.026558510463828,1.6740440306843967,17.90338221476627,16.460911230496535,68.4387057064898,1.6674156049096942,0.148824114893049,4.680044230836391,6.520506474711844,-0.1599869919547281,1000.0,1,0,0.04588142927168987,0.0479489143329216,0.07032514980151851,0.07032514980151863,4411.163312536078,4411.163312536078,2946.3366874639223,2946.3366874639223,asphalt,1.1575
5.266666666666653,6.016595180207112,1.6712764389464199,17.874320304127146,16.462330538790972,68.7367926714908,1.6654128969592765,0.13987429363230505,4.707813692363312,6.522893598436755,-0.15993315967390842,1000.0,1,0,0.045746522457897225,0.04780452570168245,0.07024440152360789,0.07024440152360803,4411.159261712333,4411.159261712333,2946.3407382876658,2946.3407382876658,asphalt,1.1575
5.28333333333332,6.006635033418039,1.6685097315050108,17.845266323600654,16.463748670724588,69.03439535395373,1.663362031422743,0.13096364590270457,4.735549273220848,6.525131966288198,-0.15987947934753777,1000.0,1,0,0.04561187374766662,0.04766041168575176,0.07016392948886906,0.07016392948886925,4411.155222322167,4411.155222322167,2946.3447776778326,2946.3447776778326,asphalt,1.1575
5.2999999999999865,5.996678060770064,1.665743905769462,17.816220247137622,16.46516562441696,69.33151388577575,1.6612634396851225,0.12209235673725885,4.763250175276809,6.527222233090734,-0.15982595058963156,1000.0,1,0,0.045477482824742836,0.04751657194984965,0.0700837332018827,0.07008373320188263,4411.151194336565,4411.151194336565,2946.3488056634346,2946.3488056634346,asphalt,1.1575
5.316666666666653,5.9867242529600215,1.6629789591555615,17.787182048751884,16.4665813979631,69.6281483984205,1.6591175526195179,0.11326060737933673,4.790915607583454,6.529165056713307,-0.15977257301575065,1000.0,1,0,0.04534334937401851,0.04737300615991533,0.07000381216699783,0.07000381216699783,4411.147177726587,4411.147177726587,2946.352822273413,2946.352822273413,asphalt,1.1575
5.33333333333332,5.976773600708074,1.6602148890855761,17.758151702520138,16.46799598943362,69.92429902291913,1.656924800561352,0.10446857530452014,4.818544786368695,6.530961098006302,-0.15971934624241513,1000.0,1,0,0.04520947308151589,0.04722971398308858,0.06992416588831682,0.06992416588831689,4411.1431724633885,4411.1431724633885,2946.3568275366106,2946.3568275366106,asphalt,1.1575
5.349999999999986,5.966826094757644,1.6574516929882344,17.729129182581783,16.469409396874088,70.21996588987146,1.654685613282915,0.09571643424254359,4.846136935026866,6.532611020738987,-0.1596662698872109,1000.0,1,0,0.04507585363439767,0.047086695087720655,0.06984479386970283,0.0698447938697027,4411.139178518187,4411.139178518187,2946.3608214818128,2946.3608214818128,asphalt,1.1575
5.366666666666653,5.95688172587535,1.6546893682987083,17.70011446313875,16.470821618305386,70.51514912944681,1.6524004199682165,0.08700435419931506,4.873691284109078,6.534115491537303,-0.15961334356868306,1000.0,1,0,0.04494249072094873,0.0469439491433556,0.06976569561476334,0.06976569561476328,4411.135195862281,4411.135195862281,2946.3648041377182,2946.3648041377182,asphalt,1.1575
5.3833333333333195,5.946940484850951,1.6519279124585975,17.671107518455347,16.472232651723047,70.80984887138536,1.6500696491881366,0.07833250147901517,4.901207071313156,6.535475179822039,-0.1595605669063893,1000.0,1,0,0.044809384030586624,0.046801475820739485,0.06968687062685905,0.06968687062685905,4411.131224467044,4411.131224467044,2946.3687755329556,2946.3687755329556,asphalt,1.1575
5.399999999999986,5.93700236249728,1.649167322915911,17.6421083228581,16.4736424950975,71.10406524499886,1.6476937288758793,0.06970103870627231,4.928683541473158,6.536690757747359,-0.1595079395210064,1000.0,1,0,0.04467653325384714,0.046659274791807245,0.06960831840909214,0.06960831840909194,4411.127264303932,4411.127264303932,2946.3727356960676,2946.3727356960676,asphalt,1.1575
5.416666666666653,5.927067349650181,1.6464075971250502,17.613116850735576,16.475051146373747,71.39779837917187,1.645273086302725,0.061110124848410295,4.956119946548504,6.537762900139714,-0.1594554610341703,1000.0,1,0,0.04454393808238575,0.04651734572968346,0.069530038464303,0.06953003846430293,4411.123315344469,4411.123315344469,2946.37668465553,2946.37668465553,asphalt,1.1575
5.433333333333319,5.9171354371684535,1.6436487325467926,17.58413307653823,16.476458603471098,71.6910484023628,1.6428081480540802,0.05255991523776631,4.983515545612684,6.538692284437115,-0.15940313106847626,1000.0,1,0,0.04441159820897326,0.04637568830867731,0.06945203029507122,0.06945203029507116,4411.119377560269,4411.119377560269,2946.3806224397304,2946.3806224397304,asphalt,1.1575
5.449999999999986,5.907206615933786,1.640890726648274,17.55515697477826,16.477864864283237,71.98381544260482,1.6402993400058257,0.04405056159407574,5.010869604841586,6.539479590628785,-0.1593509492476919,1000.0,1,0,0.04427951332748922,0.046234302204276184,0.06937429340370498,0.0693742934037049,4411.115450923,4411.115450923,2946.3845490769995,2946.3845490769995,asphalt,1.1575
5.466666666666653,5.8972808768507,1.6381335769029721,17.526188520029436,16.47926992667784,72.27609962750695,1.6377470873009585,0.03558221204692195,5.038181397501426,6.540125501195183,-0.1592989151962776,1000.0,1,0,0.04414768313292012,0.04609318709314326,0.06929682729224246,0.06929682729224235,4411.111535404439,4411.111535404439,2946.388464595561,2946.388464595561,asphalt,1.1575
5.483333333333319,5.887358210846485,1.6353772807906903,17.49722768692693,16.480673788496663,72.56790108425507,1.6351518143265316,0.027155011158246943,5.065450203936292,6.540630701048403,-0.15924702854013262,1000.0,1,0,0.044016107321358425,0.04595234265311715,0.06921963146244814,0.06921963146244808,4411.107630976411,4411.107630976411,2946.392369023589,2946.392369023589,asphalt,1.1575
5.499999999999986,5.877438608871143,1.6326218357975397,17.468274450167193,16.482076447555016,72.85921993961298,1.6325139446908827,0.018769099944922814,5.092675311555305,6.5409958774729455,-0.159195288905849,1000.0,1,0,0.04388478558999254,0.0458117685632004,0.06914270541580517,0.06914270541580517,4411.1037376108015,4411.1037376108015,2946.3962623891985,2946.3962623891985,asphalt,1.1575
5.516666666666652,5.867522061897326,1.6298672394159237,17.439328784507772,16.48347790164196,73.1500563199234,1.62983390120116,0.010424615901377042,5.119856014819412,6.541221720066873,-0.159143695920978,1000.0,1,0,0.04375371763710631,0.045671464503559946,0.06906604865351669,0.06906604865351662,4411.099855279632,4411.099855279632,2946.4001447203677,2946.4001447203677,asphalt,1.1575
5.533333333333319,5.857608560920273,1.6271134891445203,17.410390664767156,16.48487814851999,73.44041035110881,1.6271121058411353,0.0021216930222738655,5.146991615227795,6.541308920683335,-0.15909224921434983,1000.0,1,0,0.043622903162075614,0.04553143015552272,0.06898966067649859,0.06898966067649859,4411.095983954951,4411.095983954951,2946.404016045048,2946.404016045048,asphalt,1.1575
5.549999999999986,5.84769809695776,1.6243605824882668,17.381460065824637,16.486277185924646,73.73028215867292,1.6243489797493094,-0.006139538174754439,5.174081421303923,6.5412581733724755,-0.15904094841543426,1000.0,1,0,0.04349234186536666,0.0453916652015736,0.06891354098538038,0.06891354098538038,4411.092123608874,4411.092123608874,2946.4078763911252,2946.4078763911252,asphalt,1.1575
5.566666666666652,5.837790661050035,1.621608516958343,17.352536962620125,16.487675011564786,74.01967186770113,1.6215449431973037,-0.014358950626328543,5.201124748581238,6.541070174323724,-0.15898979315497996,1000.0,1,0,0.04336203344852826,0.04525216932534874,0.06883768908049892,0.06883768908049892,4411.088274213606,4411.088274213606,2946.4117257863936,2946.4117257863936,asphalt,1.1575
5.583333333333319,5.827886244259754,1.6188572900721538,17.32362133015404,16.489071623121966,74.308579602862,1.6187004155685412,-0.022536420700495004,5.228120919588485,6.540745621808456,-0.15893878306448173,1000.0,1,0,0.04323197761418946,0.04511294221163098,0.06876210446189542,0.06876210446189542,4411.084435741436,4411.084435741436,2946.415564258563,2946.415564258563,asphalt,1.1575
5.599999999999985,5.817984837671934,1.6161068993533148,17.29471314348711,16.490467018250513,74.59700548840794,1.6158158153372117,-0.03067182817385834,5.255069263834688,6.540285216123046,-0.15888791777644684,1000.0,1,0,0.04310217406605694,0.044973983546349135,0.06868678662931457,0.06868678662931457,4411.0806081647115,4411.0806081647115,2946.419391835288,2946.419391835288,asphalt,1.1575
5.616666666666652,5.808086432393884,1.6133573423316343,17.265812377740257,16.491861194577375,74.88494964817636,1.612891560047523,-0.03876505620867055,5.281969117793781,6.539689659532293,-0.15883719692466158,1000.0,1,0,0.042972622508912664,0.04483529301657347,0.06861173508220073,0.06861173508220066,4411.076791455858,4411.076791455858,2946.4232085441417,2946.4232085441417,asphalt,1.1575
5.633333333333319,5.798191019555155,1.6106086165430986,17.236919008094432,16.493254149701695,75.17241220559067,1.609928066293235,-0.0468159913298822,5.308819824888894,6.538959656213237,-0.15878662014323197,1000.0,1,0,0.04284332264860364,0.04469687031050706,0.06853694931969105,0.06853694931969105,4411.072985587373,4411.072985587373,2946.427014412626,2946.427014412626,asphalt,1.1575
5.649999999999985,5.788298590307479,1.607860719529855,17.20803300979044,16.494645881194952,75.45939328366121,1.6069257496974743,-0.054824523402159105,5.335620735476301,6.538095912199346,-0.15873618706791603,1000.0,1,0,0.04271427419204695,0.04455871511748895,0.06846242884061933,0.06846242884061933,4411.069190531841,4411.069190531841,2946.4308094681587,2946.4308094681587,asphalt,1.1575
5.666666666666652,5.778409135824709,1.605113648840197,17.179154358128844,16.496036386600434,75.74589300498634,1.603885024892833,-0.06279054560686376,5.362371206829034,6.5370991353251,-0.15868589733495142,1000.0,1,0,0.04258547684721972,0.044420827127985126,0.06838817314350724,0.06838817314350724,4411.065406261867,4411.065406261867,2946.4345937381327,2946.4345937381327,asphalt,1.1575
5.6833333333333185,5.768522647302763,1.6023674020285454,17.150283028469765,16.49742566343339,76.03191149175329,1.600806305501742,-0.07071395441900723,5.389070603120177,6.535970035170951,-0.15863575058169488,1000.0,1,0,0.04245693032315562,0.04428320603358418,0.06831418172656387,0.0683141817265638,4411.0616327501975,4411.0616327501975,2946.438367249802,2946.438367249802,asphalt,1.1575
5.699999999999985,5.758639115959572,1.5996219766554367,17.12141899623276,16.498813709180496,76.31744886573948,1.5976900041171278,-0.07859464958417216,5.415718295405817,6.534709323008671,-0.15858574644651569,1000.0,1,0,0.04232863432995358,0.04414585152700579,0.06824045408769076,0.0682404540876907,4411.057869969596,4411.057869969596,2946.442130030403,2946.442130030403,asphalt,1.1575
5.716666666666652,5.748758533035017,1.5968773702875045,17.092562236896644,16.500200521300005,76.60250524831295,1.594536532283341,-0.08643253409540891,5.4423136616076935,6.533317711747076,-0.15853588456884893,1000.0,1,0,0.042200588578752675,0.04400876330207612,0.06816698972446225,0.0681669897244622,4411.054117892922,4411.054117892922,2946.4458821070775,2946.4458821070775,asphalt,1.1575
5.733333333333318,5.738880889790871,1.5941335804974641,17.06371272599939,16.50158609722139,76.88708076043383,1.5913463004773623,-0.09422751417010693,5.468856086495523,6.531795915878151,-0.15848616458850273,1000.0,1,0,0.04207279278174153,0.043871941053736124,0.06809378813413543,0.06809378813413552,4411.050376493117,4411.050376493117,2946.449623506882,2946.449623506882,asphalt,1.1575
5.749999999999985,5.729006177510751,1.5913906048640976,17.03487043913796,16.502970434344974,77.17117552265523,1.588119718090283,-0.10197949922684653,5.495344961669021,6.530144651423549,-0.15843658614688394,1000.0,1,0,0.04194524665215878,0.04373538447804129,0.06802084881364814,0.06802084881364821,4411.046645743147,4411.046645743147,2946.4533542568533,2946.4533542568533,asphalt,1.1575
5.7666666666666515,5.719134387500057,1.5886484409722381,17.00603535196814,16.50435353004201,77.45478965512409,1.5848571934090567,-0.10968840186223115,5.521779685539606,6.528364635881476,-0.15838714888566585,1000.0,1,0,0.0418179499042791,0.043599093272150245,0.06794817125961201,0.06794817125961201,4411.0429256161115,4411.0429256161115,2946.4570743838876,2946.4570743838876,asphalt,1.1575
5.783333333333318,5.7092655110859125,1.5859070864127534,16.977207440204413,16.505735381654397,77.73792327758218,1.5815591335985213,-0.11735413782770035,5.548159663311815,6.526456588173971,-0.15833785244822707,1000.0,1,0,0.04169090225341678,0.04346306713432415,0.06787575496831061,0.06787575496831061,4411.039216085117,4411.039216085117,2946.4607839148825,2946.4607839148825,asphalt,1.1575
5.799999999999985,5.699399539617113,1.5831665387825316,16.94838667961981,16.507115986494437,78.02057650936717,1.5782259446836928,-0.1249766260063303,5.5744843069644165,6.524421228594563,-0.15828869647837251,1000.0,1,0,0.04156410341591705,0.04332730576392123,0.06780359943569875,0.0678035994356988,4411.035517123394,4411.035517123394,2946.4644828766054,2946.4644828766054,asphalt,1.1575
5.816666666666651,5.689536464464076,1.5804267956844653,16.919573046045763,16.508495341844714,78.3027494694135,1.574858031532326,-0.1325557883896202,5.600753035231229,6.5222592787563185,-0.15823968062075977,1000.0,1,0,0.04143755310915951,0.04319180886139775,0.0677317041574006,0.06773170415740072,4411.031828704195,4411.031828704195,2946.468171295805,2946.468171295805,asphalt,1.1575
5.833333333333318,5.67967627701877,1.5776878547274362,16.890766515371986,16.50987344495774,78.58444227625347,1.5714557978377413,-0.14009155005426868,5.626965273581656,6.5199714615402815,-0.1581908045212721,1000.0,1,0,0.04131125105154303,0.04305657612829365,0.0676600686287038,0.06766006862870376,4411.028150800882,4411.028150800882,2946.4718491991175,2946.4718491991175,asphalt,1.1575
5.8499999999999845,5.66981896869468,1.5749497135263,16.86196706354628,16.51125029305577,78.86565504801821,1.5680196461019182,-0.14758383913894305,5.653120454200936,6.517558501044291,-0.15814206782648554,1000.0,1,0,0.04118519696250087,0.04292160726724801,0.06758869234456767,0.06758869234456764,4411.024483386849,4411.024483386849,2946.475516613151,2946.475516613151,asphalt,1.1575
5.866666666666651,5.659964530926739,1.5722123697018717,16.833174666574447,16.512625883330784,79.14638790243848,1.5645499776188523,-0.1550325868210411,5.679218015970109,6.515021122532188,-0.15809347018404196,1000.0,1,0,0.04105939056247845,0.042786901981975295,0.06751757479960872,0.06751757479960868,4411.020826435591,4411.020826435591,2946.479173564409,2946.479173564409,asphalt,1.1575
5.883333333333318,5.650112955171274,1.5694758208809092,16.80438930052011,16.51400021294422,79.42664095684565,1.5610471924581728,-0.1624377272934478,5.70525740444572,6.512360052383419,-0.15804501124232928,1000.0,1,0,0.040933831572935425,0.042652459977267757,0.0674467154881024,0.06744671548810242,4411.01717992064,4411.01717992064,2946.4828200793595,2946.4828200793595,asphalt,1.1575
5.899999999999984,5.640264232905959,1.5667400646960996,16.775610941504592,16.515373279026413,79.70641432817304,1.5575116894490235,-0.1697991977412928,5.731238071839237,6.509576018043013,-0.15799669065058808,1000.0,1,0,0.04080851971634953,0.042518280958999594,0.06737611390398827,0.0673761139039882,4411.013543815638,4411.013543815638,2946.486456184362,2946.486456184362,asphalt,1.1575
5.916666666666651,5.630418355629753,1.5640050987860425,16.74683956570676,16.516745078676866,79.98570813295633,1.5539438661642018,-0.17711693831870615,5.757159476996214,6.5066697479719595,-0.15794850805923133,1000.0,1,0,0.040683454716204825,0.04238436463411483,0.06730576954085991,0.06730576954085989,4411.009918094235,4411.009918094235,2946.490081905765,2946.490081905765,asphalt,1.1575
5.933333333333318,5.620575314862858,1.5612709207952382,16.718075149362903,16.51811560896375,80.26452248733489,1.5503441189045561,-0.1843908921255769,5.783021085375191,6.503641971597962,-0.1579004631193648,1000.0,1,0,0.040558636296992606,0.042250710710626874,0.0672356818919684,0.06723568189196832,4411.006302730209,4411.006302730209,2946.49369726979,2946.49369726979,asphalt,1.1575
5.949999999999984,5.6107351021466485,1.558537528374069,16.689317668766574,16.519484866923825,80.54285750705253,1.5467128426836394,-0.19162100518431496,5.8088223690263305,6.5004934192665855,-0.15785255548289356,1000.0,1,0,0.04043406418420403,0.04211731889761259,0.0671658504502165,0.06716585045021653,4411.002697697373,4411.002697697373,2946.497302302626,2946.497302302626,asphalt,1.1575
5.966666666666651,5.600897709043635,1.5558049191787875,16.660567100268477,16.520852849561983,80.82071330745867,1.5430504312126174,-0.19880722641661963,5.834562806569808,6.497224822192791,-0.15780478480289517,1000.0,1,0,0.04030973810433079,0.04198418890521212,0.06709627470816022,0.06709627470816025,4410.999102969584,4410.999102969584,2946.5008970304157,2946.5008970304157,asphalt,1.1575
5.983333333333317,5.591063127137402,1.5530730908715005,16.63182342027629,16.522219553851244,81.09809000350921,1.539357276885431,-0.20594950762025807,5.860241883173951,6.493836912412858,-0.15775715073292673,1000.0,1,0,0.04018565778486447,0.04185132044462658,0.06702695415801213,0.06702695415801217,4410.995518520829,4410.995518520829,2946.50448147917,2946.50448147917,asphalt,1.1575
5.999999999999984,5.581231348032554,1.5503420411201538,16.603086605254575,16.523584976732582,81.37498770976721,1.535633770764209,-0.2130478034458502,5.885859090533131,6.490330422736683,-0.15770965292798422,1000.0,1,0,0.04006182295427921,0.04171871322810403,0.06695788829162522,0.06695788829162522,4410.991944325107,4410.991944325107,2946.5080556748917,2946.5080556748917,asphalt,1.1575
6.016666666666651,5.571402363354668,1.5476117675985188,16.574356631724598,16.524949115114442,81.65140654040425,1.5318803025649337,-0.22010207137366736,5.911413926845418,6.486706086700487,-0.15766229104343665,1000.0,1,0,0.03993823334204591,0.04158636696894916,0.06688907660050714,0.06688907660050725,4410.988380356495,4410.988380356495,2946.511619643504,2946.511619643504,asphalt,1.1575
6.033333333333317,5.56157616475024,1.5448822679861778,16.54563347626423,16.52631196587266,81.92734660920114,1.5280972606433536,-0.22711227169044607,5.9369058967899955,6.482964638519882,-0.15761506473561226,1000.0,1,0,0.03981488867861626,0.04145428138151112,0.06682051857581085,0.06682051857581085,4410.984826589146,4410.984826589146,2946.5151734108535,2946.5151734108535,asphalt,1.1575
6.049999999999984,5.551752743886632,1.542153539968509,16.51691711550777,16.527673525850137,82.20280802954896,1.5242850319811432,-0.2340783674662163,5.96233451150435,6.479106813043351,-0.15756797366190511,1000.0,1,0,0.0396917886954311,0.041322456181188405,0.06675221370834018,0.06675221370834018,4410.981282997277,4410.981282997277,2946.5187170027225,2946.5187170027225,asphalt,1.1575
6.06666666666665,5.54193209245202,1.5394255812366722,16.488207526145857,16.529033791856907,82.47779091444986,1.520444002172309,-0.24100032453114625,5.987699288561223,6.475133345706089,-0.15752101748040204,1000.0,1,0,0.0395689331248994,0.0411908910844095,0.06668416148853486,0.06668416148853488,4410.977749555154,4410.977749555154,2946.5222504448457,2946.5222504448457,asphalt,1.1575
6.083333333333317,5.53211420215534,1.5366983894875945,16.4595046849253,16.530392760669407,82.75229537651806,1.5165745554098402,-0.2478781114524077,6.0129997519453475,6.471044972484253,-0.1574741958500958,1000.0,1,0,0.03944632170041103,0.04105958580864546,0.06661636140648448,0.06661636140648446,4410.9742262371265,4410.9742262371265,2946.5257737628735,2946.5257737628735,asphalt,1.1575
6.099999999999984,5.522299064726243,1.5339719624239565,16.430808568648967,16.53175042903071,83.02632152798088,1.5126770744726021,-0.2547116995110627,6.03823543202996,6.466842429849578,-0.15742750843083186,1000.0,1,0,0.03932395415632742,0.04092854007239951,0.06654881295192117,0.06654881295192114,4410.970713017596,4410.970713017596,2946.529286982404,2946.529286982404,asphalt,1.1575
6.11666666666665,5.512486671915038,1.5312462977541772,16.402119154175637,16.53310679364977,83.2998694806797,1.5087519407124692,-0.2615010626789732,6.063405865553095,6.4625264547243875,-0.157380954883255,1000.0,1,0,0.03920183022798109,0.040797753595206286,0.0664815156142211,0.0664815156142211,4410.967209871036,4410.967209871036,2946.532790128963,2946.532790128963,asphalt,1.1575
6.133333333333317,5.502677015492642,1.5285213931924007,16.37343641841987,16.53446185120169,83.57293934607064,1.504799534041699,-0.26824617759573494,6.088510595593675,6.458097784436993,-0.1573345348690225,1000.0,1,0,0.0390799496516672,0.04066722609762501,0.0664144688824005,0.06641446888240048,4410.963716771975,4410.963716771975,2946.5362832280252,2946.5362832280252,asphalt,1.1575
6.1499999999999835,5.492870087250534,1.5257972464584815,16.344760338351872,16.535815598327225,83.84553123522566,1.500820232920545,-0.27494702354563727,6.1135491715473815,6.453557156677462,-0.15728824805059105,1000.0,1,0,0.03895831216464132,0.04053695730123402,0.06634767224511334,0.06634767224511331,4410.960233695024,4410.960233695024,2946.539766304976,2946.539766304976,asphalt,1.1575
6.16666666666665,5.483065879000695,1.5230738552779708,16.31609089099739,16.53716803163256,84.11764525883348,1.4968144143451023,-0.28160358243465156,6.1385211491023295,6.448905309453787,-0.15724209409095025,1000.0,1,0,0.03883691750511932,0.040406946928633655,0.06628112519065694,0.06628112519065701,4410.956760614827,4410.956760614827,2946.5432393851734,2946.5432393851734,asphalt,1.1575
6.183333333333317,5.47326438257557,1.5203512173821028,16.28742805343755,16.538519147688863,84.38928152720058,1.492782453835393,-0.28821583876744994,6.163426090214546,6.4441429810484285,-0.15719607265420876,1000.0,1,0,0.03871576541227411,0.04027719470344042,0.06621482720696889,0.06621482720696881,4410.953297506105,4410.953297506105,2946.546702493895,2946.546702493895,asphalt,1.1575
6.199999999999983,5.463465589828011,1.5176293305077806,16.258771802808727,16.539868943032353,84.66044015025193,1.488724725423681,-0.29478377962445573,6.1882635630832405,6.439270909975242,-0.1571501834055411,1000.0,1,0,0.03859485562623086,0.04014770035028328,0.06614877778162527,0.06614877778162524,4410.949844343653,4410.949844343653,2946.5501556563463,2946.5501556563463,asphalt,1.1575
6.21666666666665,5.453669492631218,1.5149081923975605,16.230122116302443,16.54121741416383,84.93112123753215,1.4846416016430186,-0.3013073946389248,6.213033142125891,6.434289834936786,-0.15710442601022834,1000.0,1,0,0.03847418788806028,0.040018463594796785,0.06608297640183944,0.06608297640183951,4410.946401102331,4410.946401102331,2946.5535988976685,2946.5535988976685,asphalt,1.1575
6.2333333333333165,5.4438760828787105,1.5121878007996419,16.20147897116522,16.54256455754864,85.20132489820608,1.480533453516027,-0.307786675974064,6.237734407953143,6.429200494782016,-0.15705880013531015,1000.0,1,0,0.038353761939781676,0.039889484163622285,0.0660174225544643,0.06601742255446437,4410.942967757032,4410.942967757032,2946.557032242967,2946.557032242967,asphalt,1.1575
6.249999999999983,5.434085352484262,1.5094681534678505,16.172842344698438,16.543910369616004,85.47105124106002,1.4764006505439016,-0.31422161830018375,6.262366947343514,6.424003628464353,-0.15701330544771963,1000.0,1,0,0.0382335775243525,0.03976076178439931,0.06595211572598764,0.0659521157259877,4410.939544282735,4410.939544282735,2946.5604557172637,2946.5604557172637,asphalt,1.1575
6.26666666666665,5.424297293381854,1.506749248161626,16.144212214258246,16.545254846759125,85.74030037450255,1.4722435606956448,-0.3206122187718909,6.286930353217932,6.418699975000143,-0.156967941615882,1000.0,1,0,0.03811363438567486,0.039632296185771285,0.06588705540253927,0.0658870554025393,4410.936130654461,4410.936130654461,2946.563869345539,2946.563869345539,asphalt,1.1575
6.283333333333316,5.414511897525631,1.5040310826460086,16.115588557255407,16.546597985334664,86.00907240656547,1.4680625503975253,-0.32695847700531966,6.311424224614084,6.41329027342748,-0.156922708308862,1000.0,1,0,0.0379939322685865,0.03950408709737558,0.06582224106988782,0.06582224106988782,4410.932726847317,4410.932726847317,2946.567273152682,2946.567273152682,asphalt,1.1575
6.299999999999983,5.4047291568898475,1.5013136546916241,16.08697135115516,16.547939781662617,86.27736744490456,1.4638579845227604,-0.3332603950554028,6.3358481666605995,6.407775262765422,-0.15687760519615068,1000.0,1,0,0.037874470918852945,0.03937613424983602,0.06575767221343393,0.06575767221343393,4410.92933283647,4410.92933283647,2946.57066716353,2946.57066716353,asphalt,1.1575
6.3166666666666496,5.394949063468819,1.498596962074672,16.058360573477124,16.54928023202614,86.54518559680058,1.45963022638142,-0.3395179773931864,6.360201790551052,6.402155681973585,-0.15683263194867791,1000.0,1,0,0.03775525008317464,0.03924843737477077,0.0656933483182206,0.06569334831822073,4410.925948597121,4410.925948597121,2946.574051402879,2946.574051402879,asphalt,1.1575
6.333333333333316,5.38517160927688,1.4958810025769111,16.029756201795156,16.550619332670923,86.81252696916026,1.4553796377105532,-0.34573123088318747,6.384484713517817,6.396432269912103,-0.15678778823774664,1000.0,1,0,0.037636269509173925,0.03912099620477675,0.06562926886892516,0.0656292688689252,4410.922574104554,4410.922574104554,2946.5774258954457,2946.5774258954457,asphalt,1.1575
6.349999999999983,5.375396786348329,1.493165773985647,16.001158213737238,16.551957079805224,87.07939166851706,1.4511065786645307,-0.35190016476079766,6.408696558805742,6.390605765301977,-0.1567430737356723,1000.0,1,0,0.0375175289453979,0.0389938104734348,0.06556543334986403,0.06556543334986399,4410.9192093341,4410.9192093341,2946.5807906658997,2946.5807906658997,asphalt,1.1575
6.366666666666649,5.3656245867373835,1.4904512740937177,15.972566586985332,16.55329346959934,87.34577980103225,1.4468114078056071,-0.3580247906097339,6.432836955645678,6.384676906685792,-0.15669848811540987,1000.0,1,0,0.03739902814131657,0.038866879915305255,0.06550184124499353,0.06550184124499354,4410.915854261163,4410.915854261163,2946.5841457388365,2946.5841457388365,asphalt,1.1575
6.383333333333316,5.355855002518132,1.487737500699481,15.943981299275277,16.554628498185615,87.61169147249547,1.4424944820946974,-0.3641051223395365,6.456905539227844,6.378646432388814,-0.1566540310508202,1000.0,1,0,0.037280766847311575,0.038740204265919655,0.06543849203790562,0.06543849203790562,4410.912508861207,4410.912508861207,2946.5874911387923,2946.5874911387923,asphalt,1.1575
6.399999999999983,5.346088025784485,1.4850244516068012,15.915402328396649,16.555962161657774,87.8771267883261,1.438156156882369,-0.3701411761631168,6.480901950675044,6.372515080480465,-0.1566097022164037,1000.0,1,0,0.03716274481468183,0.03861378326178301,0.06537538521183135,0.06537538521183145,4410.9091731097315,4410.9091731097315,2946.590826890268,2946.590826890268,asphalt,1.1575
6.416666666666649,5.336323648650129,1.482312124625036,15.886829652192658,16.557294456070956,88.14208585357379,1.4337967859000444,-0.3761329705743569,6.504825837015738,6.366283588736157,-0.15656550128761992,1000.0,1,0,0.03704496179563702,0.03848761664036843,0.06531252024964294,0.06531252024964294,4410.905846982328,4410.905846982328,2946.5941530176715,2946.5941530176715,asphalt,1.1575
6.433333333333316,5.326561863248484,1.4796005175690232,15.858263248560009,16.558625377441228,88.40656877291948,1.429416721251417,-0.38208052632576023,6.528676851156964,6.359952694599518,-0.15652142794072788,1000.0,1,0,0.03692741754329195,0.038361704140111155,0.06524989663384961,0.06524989663384957,4410.902530454625,4410.902530454625,2946.5974695453747,2946.5974695453747,asphalt,1.1575
6.449999999999982,5.316802661732646,1.4768896282590682,15.829703095448783,16.559954921745415,88.67057565067618,1.425016313404074,-0.3879838664061564,6.552454651857125,6.353523135144975,-0.1564774818525727,1000.0,1,0,0.036810111811665,0.03823604550040837,0.06518751384660063,0.0651875138466007,4410.8992235023225,4410.8992235023225,2946.6007764976775,2946.6007764976775,asphalt,1.1575
6.466666666666649,5.307046036275349,1.4741794545209301,15.801149170862338,16.561283084920603,88.93410659079014,1.4205959111813287,-0.39384301601846083,6.576158903698628,6.346995647040718,-0.1564336627010654,1000.0,1,0,0.036693044355677995,0.03811064046161604,0.06512537136968789,0.06512537136968792,4410.895926101172,4410.895926101172,2946.6040738988277,2946.6040738988277,asphalt,1.1575
6.483333333333316,5.297291979068915,1.4714699941858098,15.772601452857149,16.562609862864026,89.1971616968414,1.4161558617542576,-0.3996580025574911,6.599789277060408,6.340370966512023,-0.15638997016454326,1000.0,1,0,0.036576214931150465,0.037985488765043506,0.06506346868454323,0.06506346868454321,4410.892638226975,4410.892638226975,2946.607361773025,2946.607361773025,asphalt,1.1575
6.499999999999982,5.2875404823252135,1.4687612450903371,15.744059919542725,16.563935251432568,89.4597410720449,1.4116965106339434,-0.4054288555878401,6.623345448090297,6.333649829304959,-0.15634640392219623,1000.0,1,0,0.036459623294794345,0.03786059015295166,0.0650018052722404,0.06500180527224036,4410.889359855611,4410.889359855611,2946.610640144389,2946.610640144389,asphalt,1.1575
6.516666666666649,5.277791538275602,1.4660532050765562,15.71552454908147,16.565259246442654,89.72184481925133,1.4072182016639188,-0.4111556068218081,6.6468270986772895,6.326832970650449,-0.15630296365438667,1000.0,1,0,0.036343269204218376,0.03773594436855276,0.0649403806134994,0.06494038061349945,4410.886090962997,4410.886090962997,2946.6139090370034,2946.6139090370034,asphalt,1.1575
6.5333333333333155,5.268045139170895,1.4633458719919152,15.686995319688563,16.56658184366974,89.98347304094786,1.4027212770128137,-0.41683829009739526,6.670233916423665,6.319921125228708,-0.15625964904184997,1000.0,1,0,0.036227152417916214,0.03761155115599882,0.06487919418868093,0.064879194188681,4410.8828315251285,4410.8828315251285,2946.617168474871,2946.617168474871,asphalt,1.1575
6.549999999999982,5.25830127728131,1.4606392436892528,15.65847220963187,16.567903038848176,90.24462583925914,1.3982060771672011,-0.42247694135635316,6.693565594617001,6.31291502713404,-0.1562164597658544,1000.0,1,0,0.03611127269526295,0.0374874102603813,0.06481824547778801,0.06481824547778801,4410.879581518044,4410.879581518044,2946.6204184819558,2946.6204184819558,asphalt,1.1575
6.566666666666649,5.2485599448964235,1.4579333180267844,15.629955197231773,16.56922282767067,90.50530331594825,1.39367294092464,-0.4280715986223023,6.716821832202069,6.305815409840006,-0.15617339550910714,1000.0,1,0,0.03599562979652454,0.037363521427736836,0.06475753396047518,0.06475753396047523,4410.876340917839,4410.876340917839,2946.6236590821604,2946.6236590821604,asphalt,1.1575
6.583333333333315,5.238821134325128,1.455228092868091,15.601444260861102,16.57054120578806,90.76550557241747,1.389122205386917,-0.4336223019789103,6.740002333752609,6.298623006164952,-0.15613045595452846,1000.0,1,0,0.03588022348284421,0.03723988440503543,0.06469705911604305,0.06469705911604312,4410.873109700668,4410.873109700668,2946.626890299332,2946.626890299332,asphalt,1.1575
6.599999999999982,5.2290848378955825,1.4525235660821063,15.57293937894499,16.571858168809065,91.02523270970914,1.3845542059534803,-0.43912909354813495,6.763106809442999,6.291338548237906,-0.15608764078594461,1000.0,1,0,0.03576505351623978,0.03711649894017636,0.06463682042343828,0.06463682042343828,4410.869887842738,4410.869887842738,2946.630112157262,2946.630112157262,asphalt,1.1575
6.6166666666666485,5.219351047955173,1.4498197355431035,15.544440529960783,16.573173712299738,91.28448482850665,1.3799692763150682,-0.4445920174685346,6.786134975019819,6.283962767464824,-0.15604494968792793,1000.0,1,0,0.03565011965960243,0.0369933647819874,0.06457681736125799,0.06457681736125805,4410.866675320327,4410.866675320327,2946.6333246796726,2946.6333246796726,asphalt,1.1575
6.633333333333315,5.209619756870463,1.4471165991306842,15.515947692437885,16.574487831783514,91.54326202913498,1.3753677484475295,-0.45001111987364334,6.809086551773305,6.2764963944952115,-0.15600238234590336,1000.0,1,0,0.03553542167669182,0.03687048168022037,0.06451704940774809,0.06451704940774816,4410.863472109756,4410.863472109756,2946.636527890243,2946.636527890243,asphalt,1.1575
6.649999999999982,5.199890957027153,1.4444141547297649,15.487460844957685,16.575800522740312,91.80156441156205,1.370749952605833,-0.455386448870415,6.831961266508704,6.268940159189101,-0.1559599384457755,1000.0,1,0,0.03542095933213884,0.03674784938555242,0.06445751604080929,0.06445751604080929,4410.8602781874115,4410.8602781874115,2946.639721812588,2946.639721812588,asphalt,1.1575
6.666666666666648,5.190164640830034,1.4417124002305648,15.458979966153416,16.57711178060663,92.05939207539932,1.3661162173182657,-0.4607180545177377,6.854758851517535,6.261294790584376,-0.15591761767456802,1000.0,1,0,0.03530673239143853,0.03662546764957935,0.06439821673799645,0.06439821673799652,4410.857093529714,4410.857093529714,2946.6429064702857,2946.6429064702857,asphalt,1.1575
6.683333333333315,5.18044080070294,1.4390113335285946,15.43050503471006,16.578421600775002,92.31674511990258,1.3614668693808174,-0.46600598880501565,6.8774790445487515,6.253561016864472,-0.15587541971967767,1000.0,1,0,0.03519274062094518,0.03650333622481034,0.06433915097651687,0.0643391509765169,4410.853918113161,4410.853918113161,2946.646081886839,2946.646081886839,asphalt,1.1575
6.6999999999999815,5.170719429088716,1.4363109525246431,15.40203602936421,16.579729978593683,92.57362364397295,1.3568022338517514,-0.47125030563082393,6.900121588779812,6.245739565326419,-0.1558333442693005,1000.0,1,0,0.035078983787870395,0.036381454864667435,0.06428031823323561,0.06428031823323564,4410.850751914298,4410.850751914298,2946.649248085702,2946.649248085702,asphalt,1.1575
6.716666666666648,5.161000518449156,1.4336112551247655,15.373572928903984,16.581036909366343,92.83002774615773,1.3521226340463577,-0.4764510607816349,6.922686232787663,6.2378311623492415,-0.15579139101269845,1000.0,1,0,0.03496546166028507,0.03625982332348433,0.06422171798467757,0.0642217179846776,4410.8475949097265,4410.8475949097265,2946.6524050902726,2946.6524050902726,asphalt,1.1575
6.733333333333315,5.151284061264978,1.4309122392402718,15.345115712168894,16.582342388351563,93.08595752465115,1.3474283915318892,-0.48160831191061726,6.945172730519637,6.229836533362721,-0.15574955963934656,1000.0,1,0,0.03485217400710796,0.03613844135649648,0.06416334970702539,0.06416334970702539,4410.84444707611,4410.84444707611,2946.65555292389,2946.65555292389,asphalt,1.1575
6.749999999999981,5.14157005003577,1.4282139027877139,15.316664358049751,16.583646410762686,93.34141307729533,1.3427198261226778,-0.48672211851650937,6.967580841264268,6.2217564028164976,-0.15570784983983899,1000.0,1,0,0.034739120598108526,0.036017308719845445,0.06410521287612314,0.06410521287612318,4410.841308390136,4410.841308390136,2946.6586916098636,2946.6586916098636,asphalt,1.1575
6.766666666666648,5.131858477279946,1.4255162436888738,15.28821884548853,16.58494897176712,93.59639450158113,1.3379972558754278,-0.4917925419225685,6.989910329622025,6.213591494149536,-0.1556662613053561,1000.0,1,0,0.034626301203902664,0.03589642517057048,0.06404730696748077,0.06404730696748072,4410.838178828596,4410.838178828596,2946.661821171403,2946.661821171403,asphalt,1.1575
6.783333333333315,5.12214933553471,1.4228192598707525,15.25977915347829,16.586250066486333,93.85090189464896,1.33326099708469,-0.4968196452555941,7.012160965475974,6.205342529759928,-0.15562479372761118,1000.0,1,0,0.03451371559595073,0.035775790466609204,0.06398963145627246,0.06398963145627252,4410.83505836828,4410.83505836828,2946.664941631719,2946.664941631719,asphalt,1.1575
6.799999999999981,5.112442617356008,1.4201229492655576,15.231345261063037,16.587549689995146,94.10493535328965,1.3285113642785076,-0.5018034934250302,7.03433252396236,6.197010230975062,-0.15558344679927671,1000.0,1,0,0.034401363546554715,0.03565540436679463,0.06393218581734289,0.06393218581734282,4410.831946986079,4410.831946986079,2946.6680530139206,2946.6680530139206,asphalt,1.1575
6.816666666666648,5.102738315318488,1.417427309810691,15.202917147337622,16.588847837321612,94.35849497394531,1.323748670214238,-0.5067441531021439,7.056424785441123,6.188595318022116,-0.15554222021387787,1000.0,1,0,0.03428924482885081,0.03553526663084715,0.06387496952520226,0.0638749695252023,4410.8288446589095,4410.8288446589095,2946.67115534109,2946.67115534109,asphalt,1.1575
6.833333333333314,5.093036422015455,1.4147323394487374,15.174494791447646,16.590144503446485,94.61158085271008,1.3189732258745477,-0.5116416926992825,7.078437535466344,6.180098509998921,-0.15550111366520625,1000.0,1,0,0.0341773592168085,0.03541537701937158,0.0638179820540323,0.06381798205403232,4410.825751363755,4410.825751363755,2946.6742486362446,2946.6742486362446,asphalt,1.1575
6.849999999999981,5.083336930058831,1.412038036127453,15.146078172589343,16.591439683302838,94.86419308533114,1.314185340463576,-0.5164961823492109,7.100370564756627,6.171520524845155,-0.1554601268480127,1000.0,1,0,0.034065706485234194,0.0352957352938633,0.0637612228776928,0.06376122287769288,4410.822667077642,4410.822667077642,2946.6773329223574,2946.6773329223574,asphalt,1.1575
6.866666666666648,5.073639832079113,1.4093443977997537,15.117667270009452,16.592733371775626,95.11633176720949,1.3093853214032698,-0.5213076938845296,7.12222366916542,6.16286207931388,-0.15541925945774082,1000.0,1,0,0.033954286409757985,0.03517634121669388,0.06370469146971569,0.06370469146971568,4410.819591777657,4410.819591777657,2946.6804082223425,2946.6804082223425,asphalt,1.1575
6.883333333333314,5.063945120725331,1.4066514224237032,15.08926206300515,16.594025563701486,95.36799699340064,1.3045734743298854,-0.5260763008171722,7.143996649651271,6.154123888943432,-0.15537851119047374,1000.0,1,0,0.03384309876683967,0.03505719455111585,0.06364838730331401,0.06364838730331411,4410.8165254409305,4410.8165254409305,2946.683474559069,2946.683474559069,asphalt,1.1575
6.899999999999981,5.054252788665006,1.4039591079625018,15.060862530923899,16.595316253867995,95.61918885861577,1.2997501030906553,-0.5308020783179873,7.165689312248038,6.145306668029638,-0.15533788174309393,1000.0,1,0,0.03373214333376029,0.03493829506125647,0.06359230985138138,0.06359230985138137,4410.813468044661,4410.813468044661,2946.686531955338,2946.686531955338,asphalt,1.1575
6.916666666666647,5.044562828584108,1.4012674523844744,15.032468653163379,16.59660543701358,95.86990745722224,1.2949155097406222,-0.5354851031964006,7.18730146803503,6.136411129598385,-0.15529737081301676,1000.0,1,0,0.03362141988861895,0.034819642512111816,0.06353645858649148,0.06353645858649153,4410.810419566069,4410.810419566069,2946.689580433931,2946.689580433931,asphalt,1.1575
6.933333333333314,5.034875233187014,1.3985764536630594,15.004080409171369,16.597893107827037,96.12015288324447,1.2900699945396328,-0.5401254538801623,7.2088329331071135,6.127437985378517,-0.15525697809856354,1000.0,1,0,0.03351092821033236,0.034701236669547324,0.06348083298090622,0.06348083298090623,4410.807379982475,4410.807379982475,2946.6926200175244,2946.6926200175244,asphalt,1.1575
6.949999999999981,5.025189995196469,1.395886109776797,14.975697778445634,16.599179260946926,96.36992523036503,1.2852138559494959,-0.5447232103951773,7.23028352854476,6.118387945775077,-0.15521670329848192,1000.0,1,0,0.03340066807863112,0.03458307730029382,0.06342543250657463,0.06342543250657465,4410.804349271209,4410.804349271209,2946.6956507287914,2946.6956507287914,asphalt,1.1575
6.966666666666647,5.015507107353547,1.3931964187093187,14.947320740533826,16.600463890961414,96.61922459192512,1.2803473906312983,-0.5492784543454227,7.251653080384049,6.109261719842878,-0.1551765461123722,1000.0,1,0,0.033290639274055754,0.03446516417194395,0.0633702566351359,0.06337025663513597,4410.801327409675,4410.801327409675,2946.698672590325,2946.698672590325,asphalt,1.1575
6.983333333333314,5.005826562417603,1.3905073784493343,14.918949275033379,16.601746992407378,96.86805106092592,1.2754708934428796,-0.5537912688929488,7.272941419586632,6.100060015260409,-0.15513650624058073,1000.0,1,0,0.0331808415779622,0.034347497052956116,0.0633153048379275,0.06331530483792745,4410.798314375283,4410.798314375283,2946.7016856247174,2946.7016856247174,asphalt,1.1575
6.9999999999999805,4.996148353166241,1.3878189869906223,14.890583361591396,0.0,97.11640473002879,1.270584657436464,-0.5582617387379692,7.294148382009653,6.090783538304079,-0.15509658338388022,1000.0,1,0,0.03307127477250443,0.034230075712638294,0.06326057658597861,0.06326057658597863,4410.795310145581,4410.795310145581,2946.7046898544177,2946.7046898544177,asphalt,1.1575
7.016666666666647,4.986472472395268,1.3851312423320188,14.862222979904569,0.0,97.36428569155647,1.2656889738564479,-0.5626899500990346,7.315273808375629,6.081432993822784,-0.15505677724400257,1000.0,1,0,0.03296193864064245,0.03411289992115494,0.06320607135001875,0.06320607135001864,4410.792314698093,4410.792314698093,2946.7076853019066,2946.7076853019066,asphalt,1.1575
7.033333333333314,4.976798912918656,1.3824441424774043,14.83386810971905,0.0,97.61169403749388,1.2607841321373385,-0.5670759906932964,7.3363175442423,6.072009085212808,-0.15501708752305277,1000.0,1,0,0.03285283296613156,0.03399596944951766,0.06315178860047826,0.06315178860047826,4410.789328010419,4410.789328010419,2946.71067198958,2946.71067198958,asphalt,1.1575
7.04999999999998,4.9671276675685005,1.3797576854356945,14.805518730830368,0.0,97.85862985948879,1.2558704199018493,-0.5714199497168592,7.357279439972444,6.062512514393052,-0.1549775139240417,1000.0,1,0,0.032743957533529426,0.0338792840695882,0.06309772780749373,0.0630977278074937,4410.786350060209,4410.786350060209,2946.713649939791,2946.713649939791,asphalt,1.1575
7.066666666666647,4.957458729194984,1.377071869220829,14.777174823083312,0.0,98.10509324885277,1.2509481229591404,-0.5757219178252218,7.3781593507036645,6.052943981780586,-0.15493805615061973,1000.0,1,0,0.03263531212818367,0.03376284355407112,0.06304388844090882,0.06304388844090873,4410.783380825168,4410.783380825168,2946.7166191748315,2946.7166191748315,asphalt,1.1575
7.0833333333333135,4.947792090666333,1.374386691851759,14.74883636637185,0.0,98.35108429656209,1.2460175253032122,-0.5799819871138077,7.398957136318143,6.043304186266532,-0.1548987139069702,1000.0,1,0,0.03252689653623414,0.03364664767651182,0.06299026997027761,0.06299026997027772,4410.780420283034,4410.780420283034,2946.7195797169657,2946.7195797169657,asphalt,1.1575
7.09999999999998,4.938127744868777,1.3717021513524381,14.720503340638995,0.0,98.59660309325834,1.2410789091114454,-0.584200251098587,7.419672661412371,6.0335938251922645,-0.15485948689807572,1000.0,1,0,0.032418710544612234,0.03353069621129855,0.06293687186487201,0.06293687186487198,4410.777468411622,4410.777468411622,2946.7225315883775,2946.7225315883775,asphalt,1.1575
7.116666666666647,4.928465684706519,1.3690182457518107,14.69217572587674,0.0,98.84164972924943,1.236132554743286,-0.5883768046967883,7.440305795266867,6.023813594325939,-0.15482037482950517,1000.0,1,0,0.03231075394103149,0.033414988933649935,0.06288369359367645,0.06288369359367645,4410.774525188756,4410.774525188756,2946.7254748112427,2946.7254748112427,asphalt,1.1575
7.133333333333313,4.918805903101681,1.3663349730838004,14.663853502125937,0.0,99.08622429451003,1.2311787407390757,-0.592511744207702,7.460856411815853,6.013964187839334,-0.1547813774074136,1000.0,1,0,0.032203026513984837,0.03329952561961401,0.06283073462539504,0.0628307346253951,4410.7715905923615,4410.7715905923615,2946.728409407638,2946.728409407638,asphalt,1.1575
7.14999999999998,4.909148392994279,1.3636523313872997,14.635536649476203,0.0,99.33032687868298,1.2262177438190256,-0.5966051672935764,7.481324389616934,6.00404629828502,-0.15474249433875542,1000.0,1,0,0.03209552805275025,0.03318430604607435,0.06277799442845976,0.06277799442845969,4410.768664600372,4410.768664600372,2946.7313353996274,2946.7313353996274,asphalt,1.1575
7.1666666666666465,4.8994931473421754,1.36097031870616,14.60722514806583,0.0,99.5739575710797,1.2212498388823305,-0.6006571729606068,7.501709611820752,5.994060616573835,-0.15470372533112453,1000.0,1,0,0.03198825834738132,0.03306932999073838,0.06272547247102676,0.06272547247102676,4410.765747190778,4410.765747190778,2946.7342528092213,2946.7342528092213,asphalt,1.1575
7.183333333333313,4.889840159121046,1.3582889330891794,14.578918978081658,0.0,99.8171164606811,1.216275299006423,-0.6046678615400175,7.522011966140625,5.984007831952691,-0.15466507009259445,1000.0,1,0,0.03188121718870705,0.03295459723213758,0.06267316822098545,0.06267316822098545,4410.762838341631,4410.762838341631,2946.7371616583687,2946.7371616583687,asphalt,1.1575
7.19999999999998,4.880189421324337,1.3556081725900935,14.550618119759019,0.0,100.05980363613821,1.2112943954463675,-0.6086373346692363,7.542231344822179,5.973888631982678,-0.15462652833203805,1000.0,1,0,0.03177440436832293,0.03284010754961995,0.06262108114595433,0.06262108114595424,4410.759938031028,4410.759938031028,2946.7400619689724,2946.7400619689724,asphalt,1.1575
7.216666666666646,4.870540926963232,1.3529280352675643,14.522322553381601,0.0,100.30201918577333,1.2063073976343908,-0.6125656952731647,7.562367644612972,5.963703702517498,-0.15458809975880783,1000.0,1,0,0.031667819678595506,0.032725860723352825,0.06256921071329102,0.06256921071329097,4410.757046237091,4410.757046237091,2946.742953762908,2946.742953762908,asphalt,1.1575
7.233333333333313,4.860894669066607,1.3502485191851685,14.494032259281376,0.0,100.54376319758069,1.2013145731795452,-0.6164530475455433,7.582420766732105,5.953453727682193,-0.1545497840832688,1000.0,1,0,0.03156146291266248,0.03261185653432319,0.06251755639009902,0.06251755639009905,4410.754162938024,4410.754162938024,2946.7458370619756,2946.7458370619756,asphalt,1.1575
7.24999999999998,4.851250640681001,1.3475696224113891,14.465747217838492,0.0,100.78503575922703,1.1963161878675108,-0.6202994969304104,7.602390616839842,5.943139389852197,-0.15451158101583928,1000.0,1,0,0.031455333864414986,0.03249809476432002,0.062466117643219,0.06246611764321905,4410.7512881120665,4410.7512881120665,2946.7487118879335,2946.7487118879335,asphalt,1.1575
7.266666666666646,4.841608834870568,1.3448913430196023,14.43746740948118,0.0,101.02583695805279,1.1913125056605258,-0.6241051501036581,7.622277105007208,5.932761369632686,-0.1544734902680034,1000.0,1,0,0.03134943232851034,0.03238457519594653,0.06241489393924403,0.062414893939244,4410.748421737499,4410.748421737499,2946.7515782625014,2946.7515782625014,asphalt,1.1575
7.283333333333313,4.831969244717051,1.3422136790880697,14.409192814685655,0.0,101.26616688107254,1.18630378869745,-0.6278701149546836,7.642080145685609,5.922320345838242,-0.15443551155193802,1000.0,1,0,0.031243758100361646,0.032271297612609474,0.0623638847445177,0.0623638847445177,4410.745563792645,4410.745563792645,2946.7544362073545,2946.7544362073545,asphalt,1.1575
7.299999999999979,4.822331863319734,1.3395366286999262,14.380923413976026,0.0,101.50602561497611,1.1812902972939583,-0.6315945005681377,7.66179965767644,5.9118169954728135,-0.15439764458003324,1000.0,1,0,0.031138310976137,0.03215826179851965,0.062313089525140676,0.06231308952514065,4410.7427142558845,4410.7427142558845,2946.7572857441155,2946.7572857441155,asphalt,1.1575
7.316666666666646,4.812696683795413,1.3368601899431702,14.352659187924209,0.0,101.74541324612912,1.176272289942861,-0.635278417205769,7.681435564100697,5.901251993709987,-0.15435988906547848,1000.0,1,0,0.031033090752755173,0.0320454675386847,0.06226250774697165,0.06226250774697171,4410.739873105652,4410.739873105652,2946.7601268943476,2946.7601268943476,asphalt,1.1575
7.333333333333313,4.803063699278354,1.3341843609106538,14.324400117149807,0.0,101.98432986057394,1.1712500233145509,-0.6389219762883682,7.700987792368612,5.8906260138735576,-0.1543222447223691,1000.0,1,0,0.030928097227886343,0.03193291461891236,0.062212138875634586,0.0622121388756345,4410.737040320413,4410.737040320413,2946.762959679586,2946.762959679586,asphalt,1.1575
7.349999999999979,4.793432902920257,1.3315091397000713,14.296146182320035,0.0,102.22277554403043,1.166223752257576,-0.6425252903778061,7.720456274149276,5.879939727418398,-0.15428471126506693,1000.0,1,0,0.030823330199944276,0.03182060282580095,0.0621619823765194,0.06216198237651934,4410.734215878694,4410.734215878694,2946.7657841213054,2946.7657841213054,asphalt,1.1575
7.366666666666646,4.783804287890221,1.3288345244139501,14.267897364149636,0.0,102.46075038189669,1.161193729799337,-0.6460884731591741,7.7398409453402826,5.8691938039116245,-0.15424728840873314,1000.0,1,0,0.03071878946808786,0.031708531946741336,0.06211203771478858,0.062112037714788466,4410.731399759052,4410.731399759052,2946.7686002409478,2946.7686002409478,asphalt,1.1575
7.383333333333312,4.774177847374703,1.3261605131596397,14.23965364340076,0.0,102.69825445925,1.1561602071469053,-0.64961163942302,7.759141746037389,5.858388911014065,-0.15420997586900853,1000.0,1,0,0.030614474832217298,0.031596701769912305,0.062062304355379815,0.062062304355379884,4410.728591940095,4410.728591940095,2946.771408059905,2946.771408059905,asphalt,1.1575
7.399999999999979,4.76455357457749,1.3234871040493026,14.211415000882901,0.0,102.93528786084728,1.151123433687963,-0.6530949050476842,7.77835862050418,5.847525714462018,-0.15417277336233326,1000.0,1,0,0.03051038609296579,0.03148511208427292,0.06201278176300794,0.062012781763007854,4410.725792400489,4410.725792400489,2946.7742075995106,2946.7742075995106,asphalt,1.1575
7.416666666666646,4.754931462719656,1.3208142951999045,14.183181417452788,0.0,103.17185067112634,1.1460836569918629,-0.6565383869817347,7.797491517141763,5.836604878049302,-0.15413568060552052,1000.0,1,0,0.030406523051710575,0.03137376267957327,0.06196346940217728,0.06196346940217729,4410.723001118932,4410.723001118932,2946.7769988810674,2946.7769988810674,asphalt,1.1575
7.433333333333312,4.745311505039525,1.3181420847332013,14.154952874014297,0.0,103.40794297420628,1.141041122810804,-0.6599422032265021,7.816540388458469,5.825627063609609,-0.15409869731607628,1000.0,1,0,0.0303028855105523,0.03126265334633294,0.06191436673717458,0.06191436673717453,4410.720218074186,4410.720218074186,2946.7797819258135,2946.7797819258135,asphalt,1.1575
7.449999999999979,4.73569369479264,1.3154704707757332,14.126729351518359,0.0,103.64356485388856,1.135996075081127,-0.663306472818714,7.835505191039581,5.8145929309991295,-0.154061823212146,1000.0,1,0,0.030199473272329302,0.03115178387585509,0.06186547323208288,0.06186547323208288,4410.717443245024,4410.717443245024,2946.7825567549758,2946.7825567549758,asphalt,1.1575
7.4666666666666455,4.7260780252517245,1.3127994514588124,14.09851083096287,0.0,103.87871639365747,1.130948755924724,-0.6666313158132297,7.854385885517088,5.803503138079483,-0.15402505801262123,1000.0,1,0,0.030096286140601333,0.031041154060211858,0.06181678835077938,0.06181678835077943,4410.714676610295,4410.714676610295,2946.785323389704,2946.785323389704,asphalt,1.1575
7.483333333333312,4.716464489706649,1.3101290249185136,14.070297293392608,0.0,104.11339767668123,1.1258994056505593,-0.6699168532658754,7.873182436539455,5.792358340700926,-0.1539884014368198,1000.0,1,0,0.029993323919656867,0.030930763692249598,0.061768311556945094,0.06176831155694515,4410.711918148879,4410.711918148879,2946.7880818511208,2946.7880818511208,asphalt,1.1575
7.499999999999979,4.706853081464391,1.3074591892956642,14.042088719899136,0.0,104.34760878581255,1.1208482627563074,-0.6731632072163799,7.891894812741429,5.781159192685844,-0.1539518532045392,1000.0,1,0,0.029890586414500826,0.030820612565575774,0.06172004231406236,0.06172004231406236,4410.7091678397155,4410.7091678397155,2946.7908321602836,2946.7908321602836,asphalt,1.1575
7.516666666666645,4.6972437938490055,1.3047899427358347,14.013885091620713,0.0,104.58134980358946,1.1157955639300985,-0.6763705006714117,7.910522986713863,5.769906345812536,-0.15391541303637624,1000.0,1,0,0.02978807343085941,0.030710700474567407,0.061671980085426,0.061671980085426,4410.706425661769,4410.706425661769,2946.793574338231,2946.793574338231,asphalt,1.1575
7.533333333333312,4.687636620201583,1.3021212833893285,13.98568638974221,0.0,104.81462081223626,1.1107415440523742,-0.6795388575877171,7.929066934973583,5.758600449799269,-0.15387908065340739,1000.0,1,0,0.029685784775177745,0.030601027214363002,0.06162412433414691,0.06162412433414702,4410.703691594055,4410.703691594055,2946.7963084059443,2946.7963084059443,asphalt,1.1575
7.5499999999999785,4.678031553880225,1.2994532094111735,13.957492595495012,0.0,105.0474218936639,1.1056864361978538,-0.6826684028553605,7.947526637933275,5.747242152288623,-0.15384285577745516,1000.0,1,0,0.029583720254608845,0.030491592580856975,0.06157647452315121,0.06157647452315121,4410.70096561565,4410.70096561565,2946.79903438435,2946.79903438435,asphalt,1.1575
7.566666666666645,4.668428588259998,1.2967857189611105,13.929303690156948,0.0,105.27975312947126,1.100630471637604,-0.6857592622810641,7.965902079871413,5.735832098832103,-0.15380673813055523,1000.0,1,0,0.029481879677020317,0.030382396370702423,0.061529030115191514,0.061529030115191466,4410.698247705646,4410.698247705646,2946.8017522943533,2946.8017522943533,asphalt,1.1575
7.583333333333312,4.6588277167329055,1.2941188102035848,13.901119655052183,0.0,105.51161460094558,1.0955738798412176,-0.6888115625716538,7.984193248902221,5.724370932875041,-0.1537707274358091,1000.0,1,0,0.02938026285099071,0.03027343838130806,0.06148179057284994,0.06148179057284999,4410.695537843188,4410.695537843188,2946.804462156812,2946.804462156812,asphalt,1.1575
7.599999999999978,4.649228932707853,1.2914524813077368,13.87294047155114,0.0,105.74300638906317,1.0905168884790934,-0.6918254313176025,8.00240013694567,5.712859295741761,-0.15373482341658473,1000.0,1,0,0.029278869585794905,0.030164718410824975,0.06143475535853725,0.06143475535853735,4410.692836007493,4410.692836007493,2946.8071639925074,2946.8071639925074,asphalt,1.1575
7.616666666666645,4.639632229610609,1.2887867304473914,13.844766121070428,0.0,105.97392857449054,1.0854597234248216,-0.6948009969766789,8.02052273969752,5.7012978266210235,-0.15369902579699612,1000.0,1,0,0.029177699691418455,0.030056236258158096,0.06138792393450576,0.06138792393450576,4410.69014217777,4410.69014217777,2946.8098578222293,2946.8098578222293,asphalt,1.1575
7.6333333333333115,4.630037600883778,1.2861215558010495,13.816596585072729,0.0,106.20438123758494,1.0804026087576688,-0.6977383888576978,8.038561056599395,5.689687162551741,-0.15366333430142376,1000.0,1,0,0.02907675297854271,0.029947991722954596,0.06134129576284992,0.061341295762849864,4410.687456333328,4410.687456333328,2946.8125436666714,2946.8125436666714,asphalt,1.1575
7.649999999999978,4.6204450399867625,1.2834569555518784,13.788431845066732,0.0,106.43436445839498,1.0753457667651647,-0.7006377371043732,8.056515090808908,5.678027938408961,-0.15362774865526063,1000.0,1,0,0.028976029258549158,0.029839984605604122,0.06129487030551068,0.06129487030551068,4410.684778453468,4410.684778453468,2946.815221546531,2946.815221546531,asphalt,1.1575
7.666666666666645,4.610854540395729,1.2807929278877024,13.760271882607041,0.0,106.66387831666172,1.0702894179457865,-0.7034991726792738,8.074384849169821,5.666320786890119,-0.1535922685840596,1000.0,1,0,0.028875528343510225,0.029732214707233855,0.06124864702428176,0.06124864702428181,4410.682108517559,4410.682108517559,2946.8178914824407,2946.8178914824407,asphalt,1.1575
7.683333333333311,4.601266095603572,1.2781294710009923,13.73211667929409,0.0,106.89292289181915,1.065233781011741,-0.7063228273478828,8.09217034218226,5.654566338501555,-0.1535568938142795,1000.0,1,0,0.028775250046193836,0.029624681829708514,0.061202625380815286,0.061202625380815286,4410.679446505017,4410.679446505017,2946.8205534949825,2946.8205534949825,asphalt,1.1575
7.699999999999978,4.591679699119891,1.2754665830888585,13.703966216774068,0.0,107.12149826299516,1.060179072891844,-0.7091088336627587,8.109871583972984,5.642765221545298,-0.15352162407269887,1000.0,1,0,0.028675194180052443,0.029517385775622598,0.06115680483662349,0.06115680483662349,4410.67679239529,4410.67679239529,2946.8232076047093,2946.8232076047093,asphalt,1.1575
7.716666666666645,4.582095344470941,1.2728042623530393,13.675820476738819,0.0,107.34960450901215,1.0551255087344937,-0.7118573249478017,8.127488592265669,5.630918062106116,-0.1534864590869489,1000.0,1,0,0.02857536055922937,0.02941032634830431,0.061111184853088314,0.061111184853088314,4410.67414616787,4410.67414616787,2946.8258538321297,2946.8258538321297,asphalt,1.1575
7.733333333333311,4.5725130251996156,1.270142506999893,13.64767944092577,0.0,107.57724170838797,1.0500733019107371,-0.7145684352826223,8.145021388351283,5.619025484038817,-0.15345139858471413,1000.0,1,0,0.02847574899855027,0.02930350335180848,0.06106576489146382,0.06106576489146391,4410.671507802303,4410.671507802303,2946.828492197697,2946.828492197697,asphalt,1.1575
7.749999999999978,4.562932734865397,1.267481315240388,13.619543091117853,0.0,107.80440993933648,1.0450226640174303,-0.7172422994870123,8.162469997058498,5.607088108955818,-0.15341644229474483,1000.0,1,0,0.02837635931351964,0.02919691659091151,0.06102054441287981,0.061020544412879754,4410.668877278152,4410.668877278152,2946.8311227218483,2946.8311227218483,asphalt,1.1575
7.766666666666644,4.5533544670443415,1.264820685290095,13.5914114091434,0.0,108.03110927976844,1.0399738048804887,-0.7198790531055231,8.179834446724145,5.595106556214971,-0.15338158994605777,1000.0,1,0,0.028277191320326373,0.029090565871118162,0.06097552287835364,0.06097552287835364,4410.666254575048,4410.666254575048,2946.8337454249518,2946.8337454249518,asphalt,1.1575
7.783333333333311,4.543778215329034,1.2621606153691762,13.563284376876089,0.0,108.25733980729223,1.0349269325582282,-0.7224788323921428,8.197114769163734,5.583081442907643,-0.1533468412684158,1000.0,1,0,0.02817824483582938,0.028984450998646404,0.06093069974878587,0.060930699748785976,4410.663639672634,4410.663639672634,2946.8363603273647,2946.8363603273647,asphalt,1.1575
7.799999999999978,4.534203973328557,1.259501103702377,13.535161976234846,0.0,108.48310159921446,1.0298822533447924,-0.7250417742950803,8.21431099964204,5.571013383847048,-0.15331219599195478,1000.0,1,0,0.028079519677558694,0.028878571780427617,0.06088607448497028,0.06088607448497028,4410.66103255064,4410.66103255064,2946.8389674493596,2946.8389674493596,asphalt,1.1575
7.816666666666644,4.524631734668461,1.2568421485190169,13.50704418918377,0.0,108.708394732541,1.0248399717736707,-0.7275680164416524,8.231423176843721,5.558902991556838,-0.15327765384739678,1000.0,1,0,0.027981015663721267,0.02877292802411287,0.06084164654760265,0.060841646547602546,4410.658433188794,4410.658433188794,2946.841566811205,2946.841566811205,asphalt,1.1575
7.833333333333311,4.515061492990734,1.2541837480529816,13.478930997732045,0.0,108.93321928397765,1.0198002906212986,-0.7300576971232751,8.248451342844021,5.546750876259939,-0.15324321456615664,1000.0,1,0,0.027882732613191165,0.028667519538064318,0.060797415397283006,0.06079741539728296,4410.655841566878,4410.655841566878,2946.844158433122,2946.844158433122,asphalt,1.1575
7.849999999999977,4.505493241953764,1.2515259005427122,13.450822383933868,0.0,109.15757532993062,1.014763410910746,-0.7325109552805577,8.265395543079524,5.534557645867634,-0.15320887788002224,1000.0,1,0,0.02778467034550146,0.02856234613134282,0.06075338049451556,0.06075338049451556,4410.653257664718,4410.653257664718,2946.846742335282,2946.846742335282,asphalt,1.1575
7.866666666666644,4.495926975232308,1.2488686042311967,13.422718329888369,0.0,109.38146294650767,1.0097295319154853,-0.7349279304885018,8.28225582631897,5.522323905968911,-0.15317464352136767,1000.0,1,0,0.027686828680852087,0.02845740761372217,0.060709541299724924,0.060709541299724924,4410.6506814621935,4410.6506814621935,2946.849318537806,2946.849318537806,asphalt,1.1575
7.883333333333311,4.4863626865174675,1.246211857365963,13.394618817739525,0.0,109.60488220951858,1.0046988511632475,-0.7373087629418044,8.29903224463413,5.510050259820026,-0.15314051122304662,1000.0,1,0,0.027589207440100696,0.028352703795672465,0.0606658972732513,0.06066589727325135,4410.648112939205,4410.648112939205,2946.8518870607945,2946.8518870607945,asphalt,1.1575
7.899999999999977,4.476800369516644,1.2435556581990677,13.366523829676089,0.0,109.82783319447606,0.9996715644399519,-0.7396535934402643,8.315724853370758,5.497737308334335,-0.15310648071865884,1000.0,1,0,0.027491806444764812,0.02824823448836794,0.060622447875364575,0.06062244787536447,4410.645552075688,4410.645552075688,2946.854447924311,2946.854447924311,asphalt,1.1575
7.916666666666644,4.467240017953521,1.240900004987089,13.338433347931502,0.0,110.05031597659641,0.9946478657937219,-0.741962563374293,8.332333711119595,5.485385650072363,-0.15307255174217715,1000.0,1,0,0.027394625517015048,0.028143999503676596,0.06057919256626444,0.06057919256626444,4410.642998851639,4410.642998851639,2946.8570011483603,2946.8570011483603,asphalt,1.1575
7.9333333333333105,4.4576816255680205,1.2382448959911168,13.310347354783824,0.0,110.27233063080028,0.9896279475389756,-0.7442358147105298,8.348858879687459,5.472995881232108,-0.15303872402800067,1000.0,1,0,0.027297664479672995,0.028039998654159178,0.06053613080608732,0.060536130806087274,4410.640453247097,4410.640453247097,2946.859546752902,2946.859546752902,asphalt,1.1575
7.949999999999977,4.448125186116282,1.235590329476745,13.282265832555648,0.0,110.49387723171353,0.9846120002605961,-0.7464734899775604,8.36530042406838,5.46056859563958,-0.15300499731132788,1000.0,1,0,0.02720092315621095,0.02793623175306921,0.060493262054912116,0.060493262054912116,4410.637915242102,4410.637915242102,2946.862084757897,2946.862084757897,asphalt,1.1575
7.966666666666644,4.4385706933706235,1.2329363037140622,13.254188763614035,0.0,110.7149558536675,0.9796002128181764,-0.7486757322517389,8.381658412414831,5.448104384739592,-0.15297137132767702,1000.0,1,0,0.02710440137074078,0.027832698614341133,0.060450585772763236,0.06045058577276318,4410.6353848167955,4410.6353848167955,2946.864615183204,2946.864615183204,asphalt,1.1575
7.98333333333331,4.429018141119515,1.2302828169776432,13.226116130370434,0.0,110.93556657070056,0.9745927723503403,-0.7508426851431151,8.397932916009006,5.435603837586772,-0.1529378458132058,1000.0,1,0,0.02700809894802899,0.027729399052603448,0.06040810141962359,0.06040810141962365,4410.632861951292,4410.632861951292,2946.8671380487076,2946.8671380487076,asphalt,1.1575
7.999999999999977,4.4194675231675475,1.227629867546541,13.198047915280588,0.0,111.1557094565581,0.9695898642791357,-0.7529744927814653,8.414124009234198,5.423067540836816,-0.15290442050455155,1000.0,1,0,0.026912015713474437,0.027626332883161582,0.06036580845543286,0.06036580845543286,4410.630346625792,4410.630346625792,2946.8696533742072,2946.8696533742072,asphalt,1.1575
8.016666666666644,4.409918833335399,1.2249774537042775,13.169984100844479,0.0,111.37538458469379,0.9645916723145027,-0.7550712998024266,8.430231769546221,5.41049607873797,-0.15287109513856478,1000.0,1,0,0.026816151493119444,0.02752349992200092,0.06032370634009691,0.06032370634009691,4410.627838820533,4410.627838820533,2946.872161179467,2946.872161179467,asphalt,1.1575
8.033333333333312,4.400372065459806,1.222325573738835,13.141924669606247,0.0,111.5945920282698,0.9595983784588114,-0.7571332513337345,8.446256277444931,5.397890033122742,-0.15283786945342825,1000.0,1,0,0.026720506113639395,0.027420899985783374,0.06028179453349105,0.06028179453349096,4410.625338515745,4410.625338515745,2946.8746614842544,2946.8746614842544,asphalt,1.1575
8.04999999999998,4.390827213393536,1.219674225942649,13.113869604154113,0.0,111.81333186015814,0.9546101630114701,-0.7591604929815662,8.462197616445808,5.385249983399843,-0.1528047431869517,1000.0,1,0,0.026625079402344168,0.02731853289184573,0.06024007249547048,0.06024007249547048,4410.622845691767,4410.622845691767,2946.877154308233,2946.877154308233,asphalt,1.1575
8.066666666666647,4.381284271005352,1.217023408612598,13.085818887120299,0.0,112.03160415294096,0.9496272045736037,-0.7611531708169846,8.478055873051627,5.372576506546354,-0.15277171607785078,1000.0,1,0,0.02652987118717289,0.027216398458193323,0.06019853968587009,0.06019853968587009,4410.620360328921,4410.620360328921,2946.879639671078,2946.879639671078,asphalt,1.1575
8.083333333333314,4.371743232179988,1.2143731200499965,13.057772501180965,0.0,112.24940897891126,0.9446496800527994,-0.7631114313624893,8.493831136724202,5.359870177100116,-0.15273878786558726,1000.0,1,0,0.02643488129669414,0.027114496503501756,0.060157195564515376,0.060157195564515376,4410.617882407582,4410.617882407582,2946.882117592417,2946.882117592417,asphalt,1.1575
8.099999999999982,4.36220409081811,1.211723358560586,13.029730429056128,0.0,112.46674641007394,0.939677764667919,-0.7650354215786677,8.509523499856213,5.347131567152352,-0.15270595828951627,1000.0,1,0,0.0263401095600974,0.02701282684710767,0.060116039591224336,0.060116039591224385,4410.615411908186,4410.615411908186,2946.8845880918143,2946.8845880918143,asphalt,1.1575
8.11666666666665,4.352666840836298,1.2090741224545272,13.001692653509595,0.0,112.68361651814621,0.9347116319539779,-0.7669252888509522,8.5251330577431,5.334361246340495,-0.1526732270902187,1000.0,1,0,0.026245555807199,0.02691138930901408,0.06007507122581741,0.06007507122581741,4410.612948811176,4410.612948811176,2946.887051188824,2946.887051188824,asphalt,1.1575
8.133333333333317,4.343131476167009,1.2064254100463911,12.973659157348882,0.0,112.90001937455875,0.9297514537670873,-0.7687811809764796,8.540659908555066,5.321559781841253,-0.15264059400811547,1000.0,1,0,0.026151219868435147,0.026810183709883372,0.06003428992812214,0.06003428992812214,4410.610493097046,4410.610493097046,2946.8895069029536,2946.8895069029536,asphalt,1.1575
8.149999999999984,4.3335979907585465,1.2037772196551517,12.945629923425141,0.0,113.11595505045591,0.9247974002894608,-0.7706032461510541,8.556104153309134,5.308727738363875,-0.15260805878458683,1000.0,1,0,0.02605710157485764,0.0267092098710336,0.05999369515797736,0.05999369515797732,4410.608044746333,4410.608044746333,2946.8919552536663,2946.8919552536663,asphalt,1.1575
8.166666666666652,4.3240663785750355,1.2011295496041765,12.917604934633092,0.0,113.33142361669671,0.9198496400344831,-0.772391632956212,8.57146589584131,5.295865678143648,-0.1525756211614393,1000.0,1,0,0.025963200758133253,0.026608467614437113,0.05995328637524085,0.059953286375240895,4410.60560373961,4410.60560373961,2946.89439626039,2946.89439626039,asphalt,1.1575
8.18333333333332,4.314536633596393,1.19848239822122,12.889584173910961,0.0,113.54642514385552,0.9149083398518411,-0.7741464903463913,8.586745242778822,5.282974160935597,-0.1525432808806393,1000.0,1,0,0.025869517250536402,0.026507956762712927,0.059913063039792575,0.05991306303979272,4410.603170057478,4410.603170057478,2946.8968299425223,2946.8968299425223,asphalt,1.1575
8.199999999999987,4.305008749818293,1.1958357638384145,12.86156762424039,0.0,113.76095970222286,0.9099736649327127,-0.7758679676362026,8.601942303512432,5.270053744008403,-0.15251103768516572,1000.0,1,0,0.025776050884957075,0.026407677139134614,0.05987302461154733,0.05987302461154742,4410.60074368058,4410.60074368058,2946.8992563194192,2946.8992563194192,asphalt,1.1575
8.216666666666654,4.295482721252144,1.1931896447922623,12.833555268646377,0.0,113.97502736180616,0.9050457788150169,-0.7775562144878043,8.617057190168874,5.257104982138538,-0.1524788913181574,1000.0,1,0,0.02568280149489204,0.02630762856762132,0.05983317055045696,0.05983317055045705,4410.598324589597,4410.598324589597,2946.901675410403,2946.901675410403,asphalt,1.1575
8.233333333333322,4.2859585419250585,1.1905440394236273,12.805547090197203,0.0,114.18862819233011,0.900124843388721,-0.7792113808983785,8.632090017583334,5.244128427604595,-0.15244684152317944,1000.0,1,0,0.025589768914433063,0.02620781087272672,0.05979350031651113,0.05979350031651113,4410.595912765259,4410.595912765259,2946.904087234741,2946.904087234741,asphalt,1.1575
8.24999999999999,4.27643620587982,1.1878989460777278,12.77754307200437,0.0,114.40176226323787,0.8952110189012049,-0.7808336171877099,8.647040903272046,5.23112463018184,-0.15241488804470293,1000.0,1,0,0.025496952978281792,0.02610822387965162,0.05975401336975346,0.059754013369753604,4410.5935081883035,4410.5935081883035,2946.906491811696,2946.906491811696,asphalt,1.1575
8.266666666666657,4.266915707174863,1.1852543631041286,12.749543197222513,0.0,114.61442964369158,0.8903044639626818,-0.7824230739858682,8.661909967404974,5.218094137136959,-0.15238303062719893,1000.0,1,0,0.025404353521734983,0.02600886741423178,0.059714709170282626,0.05971470917028267,4410.591110839538,4410.591110839538,2946.9088891604624,2946.9088891604624,asphalt,1.1575
8.283333333333324,4.2573970398842365,1.1826102888567323,12.72154744904935,0.0,114.82663040257287,0.8854053355516721,-0.7839799022209909,8.676697332778582,5.205037493223017,-0.1523512690158313,1000.0,1,0,0.02531197038068616,0.025909741302936527,0.05967558717825793,0.05967558717825793,4410.588720699789,4410.588720699789,2946.911279300211,2946.911279300211,asphalt,1.1575
8.299999999999992,4.247880198097579,1.1799667216937717,12.693555810725606,0.0,115.03836460848395,0.8805137890205333,-0.7855042531071683,8.691403124788696,5.1919552406746154,-0.15231960295640334,1000.0,1,0,0.025219803391618494,0.02581084537286374,0.05963664685390518,0.059636646853905274,4410.586337749915,4410.586337749915,2946.9136622500837,2946.9136622500837,asphalt,1.1575
8.31666666666666,4.238365175920087,1.177323659977802,12.665568265534942,0.0,115.24963232974818,0.8756299781010408,-0.7869962781324307,8.706027471403461,5.178847919203252,-0.1522880321948783,1000.0,1,0,0.025127852391611288,0.025712179451746014,0.05959788765752901,0.059597887657528964,4410.5839619708195,4410.5839619708195,2946.91603802918,2946.91603802918,asphalt,1.1575
8.333333333333327,4.228851967472499,1.1746811020756942,12.637584796803882,0.0,115.46043363441085,0.870754054910021,-0.7884561290468378,8.720570503136386,5.165716065992881,-0.15225655647796543,1000.0,1,0,0.02503611721833285,0.025613743367940398,0.059559309049513544,0.05955930904951369,4410.581593343433,4410.581593343433,2946.918406656566,2946.918406656566,asphalt,1.1575
8.349999999999994,4.219340566891051,1.1720390463586252,12.609605387901759,0.0,115.67076859023942,0.8658861699550358,-0.7898839578506672,8.735032353019491,5.1525602156956625,-0.15222517555274706,1000.0,1,0,0.024944597710026155,0.025515536950419283,0.059520910490325624,0.05952091049032567,4410.579231848747,4410.579231848747,2946.9207681512517,2946.9207681512517,asphalt,1.1575
8.366666666666662,4.2098309683274575,1.1693974912020715,12.581630022240644,0.0,115.88063726472501,0.861026472140116,-0.7912799167827054,8.749413156576544,5.1393809004279225,-0.15219388916673182,1000.0,1,0,0.024853293705527156,0.0254175600287825,0.05948269144052996,0.05948269144053,4410.576877467752,4410.576877467752,2946.923122532248,2946.923122532248,asphalt,1.1575
8.38333333333333,4.200323165948885,1.1667564349858013,12.553658683275273,0.0,116.09003972508243,0.8561751087715432,-0.7926441583086401,8.7637130517964,5.126178649766294,-0.15216269706806784,1000.0,1,0,0.02476220504424216,0.025319812433240215,0.05944465136078704,0.05944465136078704,4410.574530181503,4410.574530181503,2946.925469818497,2946.925469818497,asphalt,1.1575
8.399999999999997,4.19081715393792,1.1641158760938668,12.525691354502987,0.0,116.29897603825145,0.8513322255636804,-0.7939768351095526,8.777932179106418,5.112953990744058,-0.1521315990051697,1000.0,1,0,0.024671331566165928,0.025222293994625535,0.059406789711869516,0.059406789711869516,4410.572189971075,4410.572189971075,2946.927810028924,2946.927810028924,asphalt,1.1575
8.416666666666664,4.181312926492547,1.1614758129145963,12.497728019463665,0.0,116.507446270897,0.8464979666448477,-0.7952781000705105,8.792070681346015,5.099707447847671,-0.15210059472682502,1000.0,1,0,0.02458067311185638,0.025125004544373802,0.059369105954656214,0.05936910595465631,4410.569856817588,4410.569856817588,2946.930143182412,2946.930143182412,asphalt,1.1575
8.433333333333332,4.171810477826115,1.1588362438405875,12.469768661739653,0.0,116.71545048941036,0.8416724745632446,-0.7965481062692611,8.806128703740269,5.086439543013482,-0.15206968398288723,1000.0,1,0,0.024490229522453652,0.02502794391453766,0.05933159955015146,0.05933159955015137,4410.567530702177,4410.567530702177,2946.932469297823,2946.932469297823,asphalt,1.1575
8.45,4.162309802167316,1.1561971672686988,12.441813264955703,0.0,116.92298875990933,0.8368558902929172,-0.7977870069650247,8.82010639387366,5.073150795624639,-0.15203886652304988,1000.0,1,0,0.024400000639657887,0.024931111937767553,0.05929426995947984,0.05929426995947979,4410.565211606053,4410.565211606053,2946.934788393947,2946.934788393947,asphalt,1.1575
8.466666666666667,4.1528108937601536,1.1535585816000427,12.413861812778919,0.0,117.1300611482395,0.832048353239769,-0.7989949555873871,8.834003901663893,5.059841722508183,-0.15200814209764602,1000.0,1,0,0.02430998630573998,0.02483450844732086,0.059257116643900695,0.059257116643900654,4410.56289951041,4410.56289951041,2946.9371004895897,2946.9371004895897,asphalt,1.1575
8.483333333333334,4.14331374686392,1.1509204852399777,12.385914288918665,0.0,117.33666771997459,0.8272500012476138,-0.8001721057252926,8.847821379335823,5.046512837932319,-0.15197751045738173,1000.0,1,0,0.024220186363533097,0.024738133277052862,0.059220139064811037,0.05922013906481108,4410.560594396515,4410.560594396515,2946.939405603485,2946.939405603485,asphalt,1.1575
8.500000000000002,4.133818355753168,1.1482828765981021,12.357970677126533,0.0,117.54280854041713,0.8224609706042711,-0.8013186111161357,8.861558981395484,5.033164653603875,-0.15194697135381574,1000.0,1,0,0.024130600656432896,0.024641986261418242,0.05918333668375454,0.059183336683754584,4410.558296245661,4410.558296245661,2946.9417037543385,2946.9417037543385,asphalt,1.1575
8.51666666666667,4.124324714717683,1.1456457540882452,12.330030961196263,0.0,117.7484836745994,0.8176813960477022,-0.8024346256349514,8.875216864604226,5.019797678665945,-0.15191652453856008,1000.0,1,0,0.02404122902838915,0.024546067235461343,0.05914670896242391,0.05914670896242396,4410.556005039163,4410.556005039163,2946.9439949608363,2946.9439949608363,asphalt,1.1575
8.533333333333337,4.114832818062457,1.1430091161284601,12.302095124963678,0.0,117.95369318728405,0.8129114107721859,-0.8035203032837056,8.888795187952942,5.006412419695699,-0.15188616976375968,1000.0,1,0,0.02395207132391377,0.024450376034824372,0.059110255362674204,0.059110255362674204,4410.553720758384,4410.553720758384,2946.946279241616,2946.946279241616,asphalt,1.1575
8.550000000000004,4.105342660107664,1.1403729611410178,12.274163152306631,0.0,118.15843714296464,0.8081511464345338,-0.8045757981806824,8.902294112636405,4.993009380702385,-0.15185590678203909,1000.0,1,0,0.023863127388063444,0.024354912495729807,0.05907397534652049,0.059073975346520535,4410.551443384717,4410.551443384717,2946.9485566152835,2946.9485566152835,asphalt,1.1575
8.566666666666672,4.095854235188635,1.1377372875523986,12.246235027144936,0.0,118.3627156058667,0.8034007331603429,-0.8056012645499712,8.915713802027712,4.979589063125495,-0.15182573534666233,1000.0,1,0,0.02377439706645458,0.024259676454995764,0.059037868376155565,0.059037868376155614,4410.5491728995685,4410.5491728995685,2946.9508271004315,2946.9508271004315,asphalt,1.1575
8.58333333333334,4.086367537655825,1.1351020937932845,12.218310733440303,0.0,118.56652863994788,0.7986602995502854,-0.8065968567110504,8.929054421652824,4.966151965833113,-0.1517956552111599,1000.0,1,0,0.023685880205240487,0.02416466775001242,0.05900193391394435,0.05900193391394435,4410.54690928443,4410.54690928443,2946.95309071557,2946.95309071557,asphalt,1.1575
8.600000000000007,4.076882561874793,1.1324673782985537,12.19039025519629,0.0,118.76987630889924,0.793929972686436,-0.8075627290684697,8.942316139165222,4.952698585120435,-0.15176566612927544,1000.0,1,0,0.023597576651127727,0.024069886218757462,0.05896617142244116,0.05896617142244116,4410.544652520771,4410.544652520771,2946.9553474792287,2946.9553474792287,asphalt,1.1575
8.616666666666674,4.067399302226179,1.129833139507272,12.162473576458227,0.0,118.97275867614542,0.7892098781386326,-0.8084990361016291,8.955499124320662,4.939229414708449,-0.15173576785576515,1000.0,1,0,0.023509486251357542,0.023975331699779535,0.0589305803643883,0.05893058036438835,4410.542402590123,4410.542402590123,2946.9575974098766,2946.9575974098766,asphalt,1.1575
8.633333333333342,4.057917753105671,1.1271993758626864,12.134560681313166,0.0,119.17517580484576,0.7845001399708735,-0.8094059323546559,8.968603548952036,4.925744945742805,-0.1517059601453319,1000.0,1,0,0.023421608853715734,0.02388100403220573,0.05889516020272949,0.058895160202729446,4410.540159474052,4410.540159474052,2946.9598405259467,2946.9598405259467,asphalt,1.1575
8.65000000000001,4.048437908923984,1.1245660858122177,12.106651553889822,0.0,119.37712775789475,0.7798008807477462,-0.8102835724263768,8.981629586944337,4.91224566679283,-0.15167624275331804,1000.0,1,0,0.02333394430652023,0.023786903055729818,0.05885991040060995,0.0588599104006099,4410.537923154142,4410.537923154142,2946.962076845857,2946.962076845857,asphalt,1.1575
8.666666666666677,4.038959764106831,1.1219332678074532,12.0787461783585,0.0,119.57861459792277,0.7751122215408895,-0.8111321109603894,8.994577414209747,4.89873206385073,-0.15164661543554558,1000.0,1,0,0.023246492458625548,0.02369302861061676,0.05882483042138955,0.05882483042138951,4410.535693612031,4410.535693612031,2946.9643063879685,2946.9643063879685,asphalt,1.1575
8.683333333333344,4.029483313094906,1.1193009203041406,12.050844538931054,0.0,119.77963638729692,0.7704342819354887,-0.811951702635227,9.007447208662812,4.885204620330935,-0.1516170779479964,1000.0,1,0,0.023159253159416332,0.023599380537696547,0.058789919728645404,0.058789919728645404,4410.533470829361,4410.533470829361,2946.966529170638,2946.966529170638,asphalt,1.1575
8.700000000000012,4.020008550343847,1.1166690417621796,12.022946619860805,0.0,119.9801931881215,0.7657671800367987,-0.8127425021546208,9.020239150195744,4.871663817069627,-0.15158763004761155,1000.0,1,0,0.02307222625880607,0.023505958678360857,0.05875517778618032,0.05875517778618023,4410.531254787833,4410.531254787833,2946.9687452121666,2946.9687452121666,asphalt,1.1575
8.71666666666668,4.01053547032422,1.1140376306456168,11.99505240544251,0.0,120.18028506223877,0.7611110324767011,-0.8135046642378579,9.032953420653815,4.85811013232442,-0.15155827149127887,1000.0,1,0,0.022985411607230638,0.023412762874558943,0.0587206040580274,0.058720604058027356,4410.529045469176,4410.529045469176,2946.9709545308237,2946.9709545308237,asphalt,1.1575
8.733333333333347,4.001064067521494,1.111406685422637,11.967161880012283,0.0,120.37991207122977,0.7564659544202876,-0.814238343610233,9.04559020381088,4.8445440417741965,-0.15152900203647235,1000.0,1,0,0.02289880905565179,0.023319792968798735,0.05868619800846013,0.058686198008460005,4410.526842855137,4410.526842855137,2946.973157144862,2946.973157144862,asphalt,1.1575
8.750000000000014,3.991594336436006,1.1087762045655571,11.939275027947541,0.0,120.57907427641481,0.7518320595724725,-0.8149436949935968,9.05814968534499,4.830966018519106,-0.15149982144130547,1000.0,1,0,0.022812418455549457,0.023227048804140525,0.05865195910199643,0.05865195910199643,4410.524646927509,4410.524646927509,2946.97535307249,2946.97535307249,asphalt,1.1575
8.766666666666682,3.9821262715829513,1.1061461865508198,11.911391833666961,0.0,120.77777173885424,0.747209460184633,-0.8156208730969985,9.070632052814124,4.817376533080726,-0.15147072946394502,1000.0,1,0,0.022726239658918512,0.02313453022419237,0.05861788680340547,0.05861788680340551,4410.522457668126,4410.522457668126,2946.9775423318733,2946.9775423318733,asphalt,1.1575
8.78333333333335,3.9726598674923466,1.1035166298589851,11.883512281630411,0.0,120.97600451934925,0.7425982670612769,-0.8162700326074216,9.083037495632048,4.803776053402362,-0.15144172586319726,1000.0,1,0,0.022640272518272022,0.023042237073114022,0.058583980577717326,0.05858398057771737,4410.520275058819,4410.520275058819,2946.9797249411804,2946.9797249411804,asphalt,1.1575
8.800000000000017,3.963195118709015,1.1008875329747263,11.855636356338886,0.0,121.17377267844243,0.7379985895667341,-0.8168913281806157,9.095366205044249,4.7901650448495205,-0.1514128103982948,1000.0,1,0,0.02255451688663235,0.02295016919560823,0.05855023989022744,0.05855023989022744,4410.51809908148,4410.51809908148,2946.98190091852,2946.98190091852,asphalt,1.1575
8.816666666666684,3.9537320197925547,1.0982588943868208,11.827764042334472,0.0,121.37107627641835,0.7334105356318757,-0.8174849144320199,9.107618374104016,4.77654397021052,-0.15138398282884324,1000.0,1,0,0.022468972617527973,0.0228583264369155,0.058516664206501326,0.058516664206501416,4410.515929718035,4410.515929718035,2946.9840702819643,2946.9840702819643,asphalt,1.1575
8.833333333333352,3.9442705653173165,1.0956307125881435,11.799895324200273,0.0,121.5679153733046,0.7288342117608552,-0.8180509459277802,9.119794197648615,4.762913289697257,-0.15135524291492786,1000.0,1,0,0.022383639564998163,0.022766708642821036,0.05848325299238823,0.05848325299238814,4410.513766950429,4410.513766950429,2946.9862330495707,2946.9862330495707,asphalt,1.1575
8.85000000000002,3.9348107498723843,1.0930029860756623,11.772030186560364,0.0,121.76429002887208,0.7242697230378747,-0.8185895771758607,9.131893872275583,4.749273460946118,-0.15132659041695362,1000.0,1,0,0.022298517583581954,0.022675315659641884,0.05845000571401986,0.058450005714019905,4410.511610760633,4410.511610760633,2946.9883892393673,2946.9883892393673,asphalt,1.1575
8.866666666666687,3.925352568061543,1.0903757133504286,11.744168614079733,0.0,121.96020030263595,0.7197171731339729,-0.8191009626172461,9.14391759631913,4.735624939019046,-0.1512980250960183,1000.0,1,0,0.02221360652832157,0.022584147334229875,0.05841692183782472,0.05841692183782481,4410.509461130665,4410.509461130665,2946.9905388693346,2946.9905388693346,asphalt,1.1575
8.883333333333354,3.915896014503265,1.0877488929175736,11.716310591464234,0.0,122.15564625385606,0.7151766643138358,-0.819585256617237,9.155865569826654,4.721968176404742,-0.1512695467130598,1000.0,1,0,0.022128906254747647,0.022493203513959063,0.05838400083052538,0.05838400083052529,4410.507318042574,4410.507318042574,2946.992681957425,2946.992681957425,asphalt,1.1575
8.900000000000022,3.9064410838306776,1.0851225232862993,11.688456103460528,0.0,122.35062794153801,0.7106482974426278,-0.8200426134568372,9.167737994535386,4.708303623020021,-0.15124115503002855,1000.0,1,0,0.02204441661889613,0.02240248404673969,0.0583512421591572,0.0583512421591572,4410.505181478421,4410.505181478421,2946.994818521579,2946.994818521579,asphalt,1.1575
8.91666666666669,3.8969877706915432,1.082496602969873,11.660605134856022,0.0,122.54514542443334,0.7061321719928433,-0.8204731873242322,9.179535073849122,4.694631726211303,-0.15121284980892824,1000.0,1,0,0.021960137477287676,0.02231198878099825,0.058318645291065715,0.058318645291065715,4410.503051420323,4410.503051420323,2946.996948579677,2946.996948579677,asphalt,1.1575
8.933333333333357,3.8875360697482364,1.0798711304856212,11.632757670478831,0.0,122.73919876104077,0.7016283860511783,-0.8208771323063595,9.191257012815084,4.680952930756248,-0.15118463081240208,1000.0,1,0,0.021876068686935413,0.022221717565686396,0.0582862096939188,0.058286209693918754,4410.5009278504,4410.5009278504,2946.9990721495988,2946.9990721495988,asphalt,1.1575
8.950000000000024,3.878085975677721,1.0772461043549224,11.604913695197713,0.0,122.93278800960631,0.6971370363254198,-0.821254602380569,9.20290401810091,4.667267678865531,-0.15115649780330642,1000.0,1,0,0.02179221010533481,0.02213167025026921,0.058253934835709974,0.058253934835709974,4410.498810750834,4410.498810750834,2947.0011892491652,2947.0011892491652,asphalt,1.1575
8.966666666666692,3.868637483171522,1.0746215231032006,11.577073193922022,0.0,123.12591322812426,0.6926582181513551,-0.821605751406374,9.214476297971723,4.653576410184756,-0.15112845054503055,1000.0,1,0,0.02170856159046491,0.0220418466847265,0.05822182018476755,0.05822182018476759,4410.496700103819,4410.496700103819,2947.00329989618,2947.00329989618,asphalt,1.1575
8.98333333333336,3.8591905869357124,1.07199738525992,11.549236151601658,0.0,123.31857447433812,0.6881920254996968,-0.8219307331172926,9.225974062267357,4.639879561796503,-0.15110048880123017,1000.0,1,0,0.021625123000788466,0.021952246719553,0.05818986520976249,0.05818986520976245,4410.494595891568,4410.494595891568,2947.005404108432,2947.005404108432,asphalt,1.1575
9.000000000000027,3.84974528169088,1.0693736893585777,11.521402553227013,0.0,123.51077180574048,0.6837385509830253,-0.8222297011127783,9.237397522379661,4.626177568222512,-0.15107261233614722,1000.0,1,0,0.021541894195239306,0.021862870205745476,0.058158069379710756,0.058158069379710756,4410.49249809636,4410.49249809636,2947.0075019036403,2947.0075019036403,asphalt,1.1575
9.016666666666694,3.8403015621721104,1.0667504339366973,11.49357238382892,0.0,123.70250527957467,0.6792978858627465,-0.8225028088502404,9.248746891229944,4.612470861426002,-0.15104482091429006,1000.0,1,0,0.021458875033231274,0.021773716994811433,0.05812643216398633,0.05812643216398633,4410.490406700463,4410.490406700463,2947.0095932995373,2947.0095932995373,asphalt,1.1575
9.033333333333362,3.8308594231289637,1.0641276175358232,11.4657456284786,0.0,123.89377495283458,0.6748701200560652,-0.8227502096371532,9.260022383246534,4.5987598708141215,-0.15101711430064668,1000.0,1,0,0.021376065374643507,0.021684786938754426,0.05809495303232149,0.05809495303232149,4410.488321686209,4410.488321686209,2947.011678313791,2947.011678313791,asphalt,1.1575
9.05000000000003,3.821418859325451,1.061505238701514,11.437922272287622,0.0,124.08458088226593,0.6704553421429736,-0.8229720566232528,9.271224214342434,4.585045023240525,-0.15098949226052483,1000.0,1,0,0.021293465079827174,0.021596079890080278,0.058063631454819915,0.05806363145481983,4410.486243035938,4410.486243035938,2947.013756964061,2947.013756964061,asphalt,1.1575
9.066666666666697,3.811979865540011,1.0588832959833363,11.410102300407837,0.0,124.27492312436661,0.6660536393732521,-0.8231685027928239,9.282352601893114,4.571326743008087,-0.15096195455971184,1000.0,1,0,0.02121107400959844,0.02150759570179036,0.05803246690195964,0.05803246690195964,4410.484170732032,4410.484170732032,2947.0158292679675,2947.0158292679675,asphalt,1.1575
9.083333333333364,3.8025424365654903,1.0562617879348584,11.382285698031346,0.0,124.46480173538757,0.661665097673484,-0.823339700957073,9.29340776471442,4.557605451871735,-0.15093450096426153,1000.0,1,0,0.021128892025235373,0.021419334227377497,0.05800145884460113,0.058001458844601096,4410.482104756886,4410.482104756886,2947.0178952431143,2947.0178952431143,asphalt,1.1575
9.100000000000032,3.7931065672091195,1.0536407131136443,11.354472450390439,0.0,124.65421677133327,0.6572898016540825,-0.8234858037465891,9.304389923040583,4.543881569041417,-0.1509071312407606,1000.0,1,0,0.021046918988475032,0.021331295320823764,0.05797060675399448,0.05797060675399444,4410.480045092951,4410.480045092951,2947.0199549070485,2947.0199549070485,asphalt,1.1575
9.1166666666667,3.783672252292492,1.0510200700812478,11.326662542757552,0.0,124.84316828796241,0.6529278346163292,-0.823606963603892,9.315299298502365,4.530155511185185,-0.15087984515611552,1000.0,1,0,0.02096515476150901,0.021243478836594977,0.057939910101784294,0.05793991010178425,4410.477991722697,4410.477991722697,2947.0220082773026,2947.0220082773026,asphalt,1.1575
9.133333333333367,3.774239486651541,1.0483998574032058,11.298855960445213,0.0,125.031656340789,0.6485792785594244,-0.8237033327760663,9.326136114105312,4.516427692432408,-0.15085264247760577,1000.0,1,0,0.020883599206988464,0.02115588462964687,0.057909368360021744,0.057909368360021744,4410.475944628595,4410.475944628595,2947.024055371404,2947.024055371404,asphalt,1.1575
9.150000000000034,3.76480826513652,1.0457800736490332,11.271052688806,0.0,125.21968098508232,0.6442442141875463,-0.8237750633074835,9.33690059420812,4.50269852437711,-0.15082552297293716,1000.0,1,0,0.020802252188010056,0.02106851255540904,0.05787898100116538,0.05787898100116538,4410.4739037931995,4410.4739037931995,2947.0260962067996,2947.0260962067996,asphalt,1.1575
9.166666666666702,3.7553785826119768,1.0431607173922157,11.2432527132325,0.0,125.4072422758679,0.6399227209169213,-0.8238223070326065,9.347592964501128,4.488968416081416,-0.15079848641037508,1000.0,1,0,0.020721113568116723,0.0209813624697868,0.057848747498089395,0.05784874749808931,4410.471869199034,4410.471869199034,2947.0281308009658,2947.0281308009658,asphalt,1.1575
9.183333333333369,3.7459504339567364,1.0405417872102045,11.215456019157248,0.0,125.59434026792849,0.6356148768829031,-0.8238452155688826,9.358213451984934,4.475237774079128,-0.1507715325580783,1000.0,1,0,0.020640183211296216,0.020894434229159983,0.05781866732409278,0.057818667324092736,4410.469840828706,4410.469840828706,2947.0301591712937,2947.0301591712937,asphalt,1.1575
9.200000000000037,3.736523814063879,1.0379232816844108,11.187662592052693,0.0,125.78097501580433,0.6313207589470592,-0.8238439403097204,9.368762284949108,4.461507002379415,-0.15074466118500496,1000.0,1,0,0.020559460981981005,0.02080772769038083,0.05778873995290632,0.057788739952906364,4410.467818664809,4410.467818664809,2947.03218133519,2947.03218133519,asphalt,1.1575
9.216666666666704,3.7270987178407156,1.0353051994001987,11.15987241743114,0.0,125.96714657379391,0.6270404427042655,-0.8238186324175509,9.379239692951046,4.447776502470621,-0.15071787206048626,1000.0,1,0,0.020478946745037408,0.02072124271076417,0.05775896485869614,0.057758964858696096,4410.4658026899915,4410.4658026899915,2947.0341973100076,2947.0341973100076,asphalt,1.1575
9.233333333333372,3.717675140208768,1.03268753894688,11.13208548084472,0.0,126.15285499595485,0.622774002489809,-0.8237694428169735,9.389645906794925,4.434046673324186,-0.1506911649540399,1000.0,1,0,0.02039864036577151,0.020634979148093747,0.05772934151607511,0.05772934151607515,4410.463792886919,4410.463792886919,2947.0362071130808,2947.0362071130808,asphalt,1.1575
9.250000000000039,3.7082530761037495,1.0300702989177082,11.10430176788533,0.0,126.33810033610422,0.6185215113864956,-0.8236965221879851,9.399981158510792,4.4203179113986755,-0.15066453963568982,1000.0,1,0,0.020318541709917648,0.020548936860608498,0.057699869400105096,0.057699869400105096,4410.46178923829,4410.46178923829,2947.038210761709,2947.038210761709,asphalt,1.1575
9.266666666666707,3.6988325204755435,1.0274534779098732,11.0765212641846,0.0,126.52288264781936,0.6142830412317657,-0.8236000209592925,9.410245681333754,4.406590610643932,-0.15063799587572646,1000.0,1,0,0.020238650643638275,0.020463115707004688,0.05767054798630557,0.05767054798630565,4410.459791726825,4410.459791726825,2947.0402082731753,2947.0402082731753,asphalt,1.1575
9.283333333333374,3.689413468288182,1.024837074524495,11.048743955413837,0.0,126.70720198443857,0.6100586626248125,-0.823480089301709,9.4204397096833,4.392865162505332,-0.15061153344486655,1000.0,1,0,0.02015896703352271,0.020377515546432665,0.05764137675066151,0.05764137675066147,4410.457800335284,4410.457800335284,2947.0421996647146,2947.0421996647146,asphalt,1.1575
9.300000000000042,3.679995914519824,1.0222210873666178,11.020969827283999,0.0,126.89105839906196,0.6058484449337063,-0.8233368771216314,9.43056347914275,4.379141955928151,-0.15058515211430645,1000.0,1,0,0.020079490746587055,0.020292136238496856,0.05761235516963149,0.05761235516963158,4410.455815046441,4410.455815046441,2947.044184953559,2947.044184953559,asphalt,1.1575
9.316666666666709,3.6705798541627357,1.0196055150452044,10.99319886554563,0.0,127.07445194455157,0.6016524563025232,-0.8231705340546009,9.440617226438786,4.365421377362035,-0.15055885165545568,1000.0,1,0,0.02000022165025984,0.020206977643241864,0.057583482720149425,0.057583482720149425,4410.453835843115,4410.453835843115,2947.0461641568845,2947.0461641568845,asphalt,1.1575
9.333333333333377,3.661165282223271,1.0169903561731308,10.965431055988834,0.0,127.25738267353263,0.5974707636584765,-0.8229812094589453,9.450601189421146,4.351703810765588,-0.15053263184023002,1000.0,1,0,0.019921159612391992,0.02012203962116253,0.05755475887963707,0.057554758879637034,4410.451862708131,4410.451862708131,2947.048137291869,2947.048137291869,asphalt,1.1575
9.350000000000044,3.6517521937218484,1.01437560936718,10.937666384443228,0.0,127.43985063839379,0.5933034327190516,-0.8227690524095007,9.460515607042408,4.337989637611048,-0.1505064924408117,1000.0,1,0,0.01984230450124308,0.02003732203318804,0.05752618312600644,0.057526183126006485,4410.449895624357,4410.449895624357,2947.0501043756426,2947.0501043756426,asphalt,1.1575
9.366666666666712,3.642340583692934,1.0117612732480372,10.909904836777896,0.0,127.62185589128794,0.5891505279991424,-0.8225342116914174,9.47036071933791,4.324279236889087,-0.1504804332298093,1000.0,1,0,0.019763656185481655,0.019952824740684254,0.057497754937668025,0.057497754937668066,4410.44793457469,4410.44793457469,2947.0520654253087,2947.0520654253087,asphalt,1.1575
9.383333333333379,3.632930447185022,1.0091473464402838,10.88214639890135,0.0,127.80339848413298,0.5850121128181903,-0.8222768357940426,9.480136767405773,4.310572985113696,-0.15045445398007118,1000.0,1,0,0.01968521453418855,0.019868547605455908,0.05746947379354082,0.05746947379354082,4410.4459795420435,4410.4459795420435,2947.054020457956,2947.054020457956,asphalt,1.1575
9.400000000000047,3.623521779260606,1.0065338275723905,10.854391056761498,0.0,127.98447846861221,0.5808882493073232,-0.8219970729048857,9.489843993387055,4.2968712563271785,-0.1504285544649786,1000.0,1,0,0.019606979416841086,0.019784490489729974,0.057441339173052816,0.05744133917305286,4410.444030509376,4410.444030509376,2947.0559694906233,2947.0559694906233,asphalt,1.1575
9.416666666666714,3.6141145749961727,1.0039207152767147,10.826638796345586,0.0,128.16509589617536,0.5767789984164963,-0.8216950709036619,9.499482640446018,4.2831744221052475,-0.15040273445815266,1000.0,1,0,0.019528950703324815,0.019700653256168682,0.057413350556155665,0.05741335055615575,4410.442087459642,4410.442087459642,2947.057912540358,2947.057912540358,asphalt,1.1575
9.433333333333382,3.6047088294821723,1.0013080081894923,10.798889603680166,0.0,128.34525081803878,0.5726844199216314,-0.8213709773564153,9.509052952750519,4.269482851562211,-0.15037699373369406,1000.0,1,0,0.019451128263913164,0.01961703576784789,0.05738550742332262,0.05738550742332262,4410.440150375862,4410.440150375862,2947.0598496241373,2947.0598496241373,asphalt,1.1575
9.450000000000049,3.5953045378230004,0.9986957049508335,10.771143464831061,0.0,128.5249432851865,0.5686045724317578,-0.8210249395097204,9.51855517545252,4.255796911356265,-0.15035133206602325,1000.0,1,0,0.019373511969282487,0.019533637888271733,0.05735780925556423,0.05735780925556419,4410.43821924105,4410.43821924105,2947.061780758949,2947.061780758949,asphalt,1.1575
9.466666666666717,3.5859016951369815,0.9960838042047171,10.743400365903323,0.0,128.70417334837072,0.56453951339615,-0.8206571042849622,9.5279895546687,4.242116965694875,-0.15032574922974717,1000.0,1,0,0.019296101690487955,0.01945045948134968,0.057330255534424855,0.05733025553442478,4410.43629403827,4410.43629403827,2947.0637059617297,2947.0637059617297,asphalt,1.1575
9.483333333333384,3.576500296556347,0.9934723045989852,10.715660293041193,0.0,128.88294105811238,0.5604892991114651,-0.8202676182726936,9.53735633746122,4.228443376340256,-0.1503002450001123,1000.0,1,0,0.019218897298983614,0.019367500411414388,0.05730284574200164,0.05730284574200156,4410.434374750604,4410.434374750604,2947.065625249396,2947.065625249396,asphalt,1.1575
9.500000000000052,3.567100337227216,0.9908612047853377,10.687923232428059,0.0,129.06124646470172,0.5564539847288775,-0.8198566277270709,9.546655771818575,4.214776502614945,-0.15027481915241836,1000.0,1,0,0.01914189866659374,0.019284760543194925,0.05727557936093797,0.05727557936093801,4410.432461361164,4410.432461361164,2947.0675386388357,2947.0675386388357,asphalt,1.1575
9.516666666666719,3.5577018123095776,0.9882505034193271,10.660189170286431,0.0,129.23908961819956,0.5524336242612122,-0.8194242785603654,9.555888106636578,4.201116701407462,-0.15024947146263123,1000.0,1,0,0.019065105665533964,0.019202239741836012,0.057248455874442154,0.05724845587444224,4410.430553853066,4410.430553853066,2947.069446146934,2947.069446146934,asphalt,1.1575
9.533333333333387,3.5483047169772717,0.9856401991603533,10.63245809287789,0.0,129.41647056843726,0.5484282705900715,-0.8189707163375527,9.565053591699458,4.187464327178069,-0.15022420170682338,1000.0,1,0,0.01898851816839447,0.019119937872881736,0.05722147476628896,0.057221474766288916,4410.428652209485,4410.428652209485,2947.0713477905147,2947.0713477905147,asphalt,1.1575
9.550000000000054,3.5389090464179676,0.9830302906716576,10.60472998650305,0.0,129.59338936501752,0.5444379754729614,-0.818496086270977,9.574152477661093,4.173819731964608,-0.1501990096615735,1000.0,1,0,0.01891213604813399,0.019037854802269497,0.05719463552082331,0.057194635520823225,4410.426756413615,4410.426756413615,2947.0732435863843,2947.0732435863843,asphalt,1.1575
9.566666666666721,3.5295147958331468,0.9804207766203186,10.577004837501537,0.0,129.76984605731525,0.5404627895504142,-0.8180005332150911,9.58318501602634,4.160183265388439,-0.15017389510359358,1000.0,1,0,0.018835959178082826,0.018955990396332816,0.057167937622970656,0.05716793762297054,4410.424866448664,4410.424866448664,2947.075133551336,2947.075133551336,asphalt,1.1575
9.583333333333389,3.5201219604380865,0.9778116556772463,10.54928263225194,0.0,129.94584069447808,0.5365027623531025,-0.8174842016612726,9.592151459132493,4.146555274660456,-0.15014885781020837,1000.0,1,0,0.018759987431940205,0.018874344521798148,0.057141380558244345,0.05714138055824438,4410.422982297873,4410.422982297873,2947.077017702127,2947.077017702127,asphalt,1.1575
9.600000000000056,3.5107305354618363,0.9752029265171768,10.521563357171773,0.0,130.12137332542707,0.5325579423089516,-0.8169472357327133,9.601052060130861,4.132936104587193,-0.15012389755900912,1000.0,1,0,0.018684220683768273,0.018792917045778,0.05711496381275129,0.057114963812751246,4410.421103944502,4410.421103944502,2947.078896055498,2947.078896055498,asphalt,1.1575
9.616666666666724,3.5013405161472035,0.9725945878186676,10.493846998717459,0.0,130.29644399885717,0.5286283767502455,-0.8163897791793846,9.609887072968464,4.11932609757701,-0.15009901412788018,1000.0,1,0,0.018608658807983805,0.018711707835764108,0.05708868687319541,0.05708868687319549,4410.419231371851,4410.419231371851,2947.0807686281487,2947.0807686281487,asphalt,1.1575
9.633333333333391,3.4919518977507322,0.9699866382640923,10.466133543384272,0.0,130.47105276323802,0.5247141119207256,-0.8158119753730754,9.618656752369843,4.105725593646367,-0.15007420729491905,1000.0,1,0,0.01853330167936027,0.018630716759628577,0.057062549226887624,0.05706254922688766,4410.417364563237,4410.417364563237,2947.082635436762,2947.082635436762,asphalt,1.1575
9.650000000000059,3.482564675542688,0.9673790765396355,10.43842297770632,0.0,130.6451996668148,0.5208151929826835,-0.8152139673025041,9.627361353818994,4.092134930426181,-0.15004947683886272,1000.0,1,0,0.01845814917302819,0.01854994368562267,0.05703655036175426,0.05703655036175426,4410.415503502002,4410.415503502002,2947.0844964979974,2947.0844964979974,asphalt,1.1575
9.666666666666726,3.473178844807036,0.9647719013352878,10.410715288256506,0.0,130.8188847576084,0.5169316640240471,-0.8145958975685036,9.63600113354142,4.078554443168256,-0.1500248225385281,1000.0,1,0,0.018383201164461932,0.018469388482365727,0.05701068976633871,0.05701068976633871,4410.41364817152,4410.41364817152,2947.086351828479,2947.086351828479,asphalt,1.1575
9.683333333333394,3.4637944008414268,0.9621651113448407,10.383010461646487,0.0,130.99210808341658,0.5130635680654585,-0.8139579083792788,9.644576348486295,4.064984464751799,-0.15000024417318514,1000.0,1,0,0.018308457529482656,0.01838905101884591,0.056984966929811365,0.056984966929811365,4410.411798555172,4410.411798555172,2947.0882014448275,2947.0882014448275,asphalt,1.1575
9.700000000000061,3.454411338957175,0.9595587052658819,10.355308484526653,0.0,131.1648696918141,0.5092109470673435,-0.8133001415457364,9.65308725630875,4.051425325690013,-0.14997574152250337,1000.0,1,0,0.01823391814425129,0.018308931164414007,0.0569593813419748,0.0569593813419748,4410.409954636396,4410.409954636396,2947.090045363604,2947.090045363604,asphalt,1.1575
9.716666666666729,3.4450296544792445,0.9569526817997901,10.327609343586088,0.0,131.33716963015382,0.5053738419369747,-0.8126227384768852,9.661534115352277,4.037877354136766,-0.14995131436631226,1000.0,1,0,0.01815958288526954,0.018229028788783682,0.056933932493271576,0.056933932493271576,4410.408116398621,4410.408116398621,2947.091883601379,2947.091883601379,asphalt,1.1575
9.733333333333396,3.4356493427462276,0.9543470396517298,10.299913025552549,0.0,131.50900794556708,0.5015522925355227,-0.8119258401753093,9.669917184631249,4.024340875893339,-0.14992696248494752,1000.0,1,0,0.01808545162936691,0.0181493437620191,0.05690861987478756,0.056908619874787604,4410.406283825332,4410.406283825332,2947.0937161746674,2947.0937161746674,asphalt,1.1575
9.750000000000064,3.4262703991103307,0.9517417775306474,10.272219517192417,0.0,131.6803846849644,0.49774633768510057,-0.8112095872327114,9.67823672381356,4.01081621441524,-0.14990268565906462,1000.0,1,0,0.018011524253710016,0.018069875954543197,0.056883442978264295,0.05688344297826426,4410.40445690002,4410.40445690002,2947.09554309998,2947.09554309998,asphalt,1.1575
9.766666666666731,3.4168928189373537,0.9491368941492649,10.244528805310685,0.0,131.85129989503608,0.49395601517579746,-0.8104741198255255,9.686492993203382,3.9973036908191077,-0.14987848366942558,1000.0,1,0,0.017937800635783197,0.017990625237117794,0.056858401296096726,0.056858401296096844,4410.402635606205,4410.402635606205,2947.0973643937946,2947.0973643937946,asphalt,1.1575
9.783333333333399,3.407516597606676,0.9465323882240766,10.216840876750915,0.0,132.0217536222532,0.4901813617727012,-0.8097195777106012,9.694686253724033,3.9838036238896675,-0.14985435629743193,1000.0,1,0,0.01786428065340476,0.017911591480860523,0.056833494321351444,0.0568334943213514,4410.400819927426,4410.400819927426,2947.099180072574,2947.099180072574,asphalt,1.1575
9.800000000000066,3.3981417305112367,0.9439282584753435,10.189155718395213,0.0,132.19174591286767,0.4864224132229114,-0.8089461002209566,9.702816766900966,3.970316330086775,-0.14983030332461844,1000.0,1,0,0.017790964184703432,0.01783277455722057,0.05680872154776168,0.05680872154776168,4410.399009847257,4410.399009847257,2947.1009901527427,2947.1009901527427,asphalt,1.1575
9.816666666666734,3.3887682130575176,0.9413245036270882,10.161473317164196,0.0,132.36127681291322,0.48267920426254146,-0.8081538262615996,9.710884794844885,3.956842123552522,-0.14980632453294618,1000.0,1,0,0.017717851108124738,0.01775417433798501,0.05678408246973993,0.05678408246973993,4410.397205349302,4410.397205349302,2947.102794650698,2947.102794650698,asphalt,1.1575
9.833333333333401,3.379396040665528,0.9387211224070912,10.133793660016975,0.0,132.5303463682061,0.478951768623709,-0.8073428943054185,9.718890600234959,3.943381316118412,-0.14978241970456274,1000.0,1,0,0.01764494130242422,0.017675790695271424,0.05675957658238195,0.05675957658238198,4410.39540641717,4410.39540641717,2947.1045935828297,2947.1045935828297,asphalt,1.1575
9.850000000000069,3.3700252087687876,0.9361181135468855,10.106116733951113,0.0,132.6989546243455,0.47524013904151385,-0.8065134423891409,9.726834446302167,3.9299342173126055,-0.14975858862214864,1000.0,1,0,0.01757223464666707,0.017597623501527573,0.056735203381475474,0.056735203381475474,4410.393613034503,4410.393613034503,2947.1063869654968,2947.1063869654968,asphalt,1.1575
9.866666666666736,3.360655712814306,0.9335154757817518,10.07844252600261,0.0,132.86710162671446,0.4715443472610045,-0.8056656081093592,9.734716596812747,3.916501134367231,-0.14973483106854424,1000.0,1,0,0.017499731020220448,0.01751967262952353,0.05671096236350529,0.05671096236350529,4410.391825184984,4410.391825184984,2947.1081748150154,2947.1081748150154,asphalt,1.1575
9.883333333333404,3.351287548262573,0.9309132078507146,10.05077102324586,0.0,133.03478742048011,0.4678644240441319,-0.8047995286186247,9.74253731605177,3.90308237222576,-0.14971114682693631,1000.0,1,0,0.01742743030274732,0.01744193795234495,0.05668685302565632,0.05668685302565624,4410.39004285229,4410.39004285229,2947.109957147709,2947.109957147709,asphalt,1.1575
9.900000000000071,3.341920710587534,0.9283113084965372,10.023102212793646,0.0,133.20201205059482,0.46420039917668926,-0.8039153406216076,9.750296868806835,3.889678233550449,-0.1496875356809113,1000.0,1,0,0.01735533237421178,0.017364419343398583,0.056662874865827356,0.05666287486582733,4410.388266020149,4410.388266020149,2947.1117339798507,2947.1117339798507,asphalt,1.1575
9.916666666666739,3.3325551952765813,0.925709776465717,9.9954360817971,0.0,133.36877556179635,0.46055230147523996,-0.8030131803713232,9.757995520351862,3.876289018729844,-0.14966399741432213,1000.0,1,0,0.017283437114863288,0.017287116676395667,0.056639027382629194,0.056639027382629194,4410.386494672294,4410.386494672294,2947.1135053277058,2947.1135053277058,asphalt,1.1575
9.933333333333406,3.3231909978305305,0.9231086105084807,9.967772617445675,0.0,133.53507799860876,0.45692015879403064,-0.802093183665424,9.765633536431013,3.862915025886345,-0.1496405318113947,1000.0,1,0,0.017211744405239156,0.017210029825354856,0.05661531007539598,0.05661531007539587,4410.384728792498,4410.384728792498,2947.115271207502,2947.115271207502,asphalt,1.1575
9.950000000000074,3.313828113763611,0.9205078093787809,9.940111806967135,0.0,133.70091940534314,0.4533039980318902,-0.8011554858425586,9.77321118324273,3.849556550883835,-0.1496171386564349,1000.0,1,0,0.017140254126162324,0.017133158664599014,0.056591722444190376,0.05659172244419034,4410.382968364548,4410.382968364548,2947.117031635452,2947.117031635452,asphalt,1.1575
9.966666666666741,3.304466538603447,0.9179073718342908,9.912453637627511,0.0,133.86629982609796,0.44970384513911443,-0.8002002217787936,9.780728727423874,3.836213887335366,-0.14959381773449465,1000.0,1,0,0.01706896615873365,0.017056503068748084,0.056568263989809985,0.05656826398980991,4410.381213372246,4410.381213372246,2947.1187866277533,2947.1187866277533,asphalt,1.1575
9.983333333333409,3.2951062678910397,0.9153072966363999,9.8847980967311,0.0,134.03121930475984,0.4461197251243361,-0.799227525884101,9.788186436034,3.8228873266109065,-0.14957056883057263,1000.0,1,0,0.016997880384324374,0.016980062912710817,0.05654493421379038,0.05654493421379038,4410.379463799436,4410.379463799436,2947.1205362005635,2947.1205362005635,asphalt,1.1575
10.000000000000076,3.2857472971807544,0.9127075825502096,9.857145171620422,0.0,134.19567788500444,0.44255166206137897,-0.7982375320989101,9.795584576539719,3.8095771578451454,-0.14954739173012044,1000.0,1,0,0.016926996684582443,0.016903838071690252,0.05652173261841766,0.05652173261841762,4410.377719629978,4410.377719629978,2947.122280370021,2947.122280370021,asphalt,1.1575
10.016666666666744,3.276389622040304,0.9101082283445289,9.829494849676202,0.0,134.3596756102966,0.4389996790960968,-0.7972303738907225,9.802923416799205,3.796283667945354,-0.14952428621885616,1000.0,1,0,0.016856314941415554,0.016827828421167795,0.0564986587067272,0.0564986587067272,4410.37598084776,4410.37598084776,2947.12401915224,2947.12401915224,asphalt,1.1575
10.033333333333411,3.267033238050733,0.9075092327918702,9.80184711831736,0.0,134.52321252389126,0.4354637984531968,-0.7962061842507897,9.810203225046784,3.7830071415993003,-0.14950125208295084,1000.0,1,0,0.016785835036994864,0.016752033836905513,0.05647571198251416,0.056475711982514096,4410.374247436687,4410.374247436687,2947.1257525633127,2947.1257525633127,asphalt,1.1575
10.050000000000079,3.257678140806402,0.9049105946684449,9.77420196500098,0.0,134.6862886688342,0.43194404144304627,-0.795165095690855,9.817424269877668,3.7697478612832236,-0.14947828910865546,1000.0,1,0,0.016715556853750237,0.01667645419494199,0.056452891950339555,0.056452891950339555,4410.372519380683,4410.372519380683,2947.1274806193164,2947.1274806193164,asphalt,1.1575
10.066666666666746,3.248324325914973,0.9023123127541591,9.746559377222288,0.0,134.84890408796238,0.42844042846846236,-0.7941072402399564,9.824586820232776,3.7565061072698573,-0.1494553970827539,1000.0,1,0,0.01664548027435936,0.016601089371580217,0.056430198115533285,0.056430198115533285,4410.370796663712,4410.370796663712,2947.129203336288,2947.129203336288,asphalt,1.1575
10.083333333333414,3.238971788997393,0.8997143858326092,9.718919342514642,0.0,135.01105882390505,0.4249529790314853,-0.7930327494412921,9.831691145383681,3.7432821576365076,-0.14943257579213665,1000.0,1,0,0.016575605181756416,0.016525939243396837,0.056407629984205385,0.056407629984205454,4410.369079269745,4410.369079269745,2947.1309207302543,2947.1309207302543,asphalt,1.1575
10.100000000000081,3.2296205256878814,0.8971168126910781,9.691281848449492,0.0,135.1727529190837,0.42148171174013443,-0.7919417543491473,9.838737514917671,3.730076288273184,-0.14940982502420042,1000.0,1,0,0.016505931459111663,0.016451003687221005,0.056385187063245856,0.056385187063245856,4410.367367182781,4410.367367182781,2947.132632817218,2947.132632817218,asphalt,1.1575
10.116666666666749,3.2202705316339113,0.8945195921205309,9.663646882636382,0.0,135.33398641571338,0.4180266443151466,-0.7908343855258817,9.845726198722913,3.7168887728907762,-0.14938714456647517,1000.0,1,0,0.016436458989839656,0.016376282580142766,0.05636286886033544,0.05636286886033548,4410.365660386845,4410.365660386845,2947.134339613155,2947.134339613155,asphalt,1.1575
10.133333333333416,3.2109218024961987,0.8919227229156107,9.63601443272292,0.0,135.4947593558029,0.4145877935966962,-0.7897107730389782,9.85265746697374,3.703719883029288,-0.14936453420694384,1000.0,1,0,0.016367187657585866,0.016301775799498472,0.0563406748839481,0.05634067488394807,4410.363958865983,4410.363958865983,2947.136041134017,2947.136041134017,asphalt,1.1575
10.150000000000084,3.2015743339486846,0.8893262038746346,9.60838448639477,0.0,135.6550717811554,0.4111651755510982,-0.7885710464581506,9.859531590116045,3.6905698880661117,-0.14934199373388246,1000.0,1,0,0.016298117346226278,0.016227483222871285,0.05631860464335853,0.05631860464335845,4410.36226260426,4410.36226260426,2947.13773739574,2947.13773739574,asphalt,1.1575
10.166666666666751,3.192228121678522,0.8867300337995894,9.580757031375626,0.0,135.81492373336965,0.4077588052774917,-0.7874153348525119,9.866348838852783,3.6774390552243563,-0.14931952293556705,1000.0,1,0,0.016229247939863002,0.016153404728085644,0.056296657648648205,0.05629665764864828,4410.36057158577,4410.36057158577,2947.139428414229,2947.139428414229,asphalt,1.1575
10.183333333333419,3.18288316138606,0.8841342114961278,9.553132055427195,0.0,135.97431525383985,0.4043686970145039,-0.7862437667878023,9.873109484129591,3.664327649581218,-0.14929712160096642,1000.0,1,0,0.01616057932281989,0.01607954019320278,0.05627483341071218,0.056274833410712224,4410.35888579464,4410.35888579464,2947.1411142053603,2947.1411142053603,asphalt,1.1575
10.200000000000086,3.1735394487848323,0.8815387357735646,9.525509546349191,0.0,136.13324638375656,0.40099486414689756,-0.785056470323674,9.879813797120507,3.651235934076399,-0.1492747895192359,1000.0,1,0,0.016092111379631697,0.016005889496509666,0.05625313144126028,0.056253131441260214,4410.35720521499,4410.35720521499,2947.1427947850093,2947.1427947850093,asphalt,1.1575
10.216666666666754,3.16419697960154,0.8789436054448722,9.497889491979311,0.0,136.29171716410772,0.39763731921219625,-0.783853573011037,9.886462049213824,3.63816416952057,-0.1492525264797706,1000.0,1,0,0.016023843995050708,0.015932452516525506,0.05623155125282968,0.05623155125282972,4410.35552983098,4410.35552983098,2947.1444701690198,2947.1444701690198,asphalt,1.1575
10.233333333333421,3.154855749576038,0.8763488193266772,9.470271880193218,0.0,136.44972763567867,0.3942960739072915,-0.7826352018894607,9.89305451199802,3.625112614603878,-0.14923033227231208,1000.0,1,0,0.01595577705402942,0.01585922913198387,0.05621009235878446,0.0562100923587845,4410.353859626804,4410.353859626804,2947.1461403731955,2947.1461403731955,asphalt,1.1575
10.250000000000089,3.1455157544613224,0.8737543762392562,9.442656698904543,0.0,136.60727783905327,0.3909711390950302,-0.7814014834846337,9.899591457247828,3.61208152590449,-0.14920820668673507,1000.0,1,0,0.015887910441724332,0.015786219221835922,0.05618875427332532,0.05618875427332532,4410.352194586654,4410.352194586654,2947.1478054133454,2947.1478054133454,asphalt,1.1575
10.266666666666756,3.1361769900235164,0.8711602750065323,9.415043936064848,0.0,136.7643678146142,0.3876625248107801,-0.7801525438058817,9.906073156910402,3.5990711578971903,-0.14918614951352716,1000.0,1,0,0.015820244043486628,0.015713422665241793,0.05616753651149293,0.056167536511492894,4410.3505346947595,4410.3505346947595,2947.1494653052396,2947.1494653052396,asphalt,1.1575
10.283333333333424,3.1268394520418537,0.8685665144560705,9.387433579663638,0.0,136.9209976025438,0.3843702402689773,-0.7788885083437398,9.91249988309159,3.586081762962007,-0.1491641605431493,1000.0,1,0,0.015752777744858695,0.015640839341565408,0.05614643858917487,0.05614643858917487,4410.348879935378,4410.348879935378,2947.151120064621,2947.151120064621,asphalt,1.1575
10.300000000000091,3.11750313630867,0.8659730934190749,9.359825617728328,0.0,137.07716724282474,0.3810942938696504,-0.7776095020675831,9.91887190804232,3.573113591392886,-0.1491422395665687,1000.0,1,0,0.015685511431570515,0.015568469130371779,0.05612546002311137,0.05612546002311141,4410.347230292772,4410.347230292772,2947.152769707228,2947.152769707228,asphalt,1.1575
10.316666666666759,3.1081680386293846,0.8633800107303846,9.332220038324246,0.0,137.23287677524024,0.3778346932049255,-0.7763156494233121,9.9251895041451,3.5601668914063995,-0.14912038637496572,1000.0,1,0,0.015618444989528543,0.01549631191141478,0.05610460033089825,0.056104600330898285,4410.345585751239,4410.345585751239,2947.15441424876,2947.15441424876,asphalt,1.1575
10.333333333333426,3.09883415482249,0.8607872652284695,9.304616829554618,0.0,137.38812623937528,0.3745914450655099,-0.7750070743310932,9.93145294390062,3.547241909150495,-0.14909860075992043,1000.0,1,0,0.01555157830481912,0.01542436756464049,0.05608385903099661,0.05608385903099664,4410.343946295091,4410.343946295091,2947.156053704909,2947.156053704909,asphalt,1.1575
10.350000000000094,3.089501480719538,0.8581948557554272,9.277015979560563,0.0,137.5429156746168,0.37136455544715263,-0.7736839001831544,9.937662499914452,3.53433888871328,-0.14907688251303952,1000.0,1,0,0.015484911263693744,0.01535263597017232,0.056063235642734105,0.056063235642734174,4410.342311908674,4410.342311908674,2947.157688091326,2947.157688091326,asphalt,1.1575
10.366666666666761,3.0801700121651256,0.8556027811569793,9.24941747652107,0.0,137.6972451201546,0.36815402955708504,-0.7723462498416359,9.943818444883878,3.5214580721318445,-0.14905523142643595,1000.0,1,0,0.01541844375257223,0.015281117008313654,0.05604272968631358,0.05604272968631365,4410.34068257633,4410.34068257633,2947.1593174236696,2947.1593174236696,asphalt,1.1575
10.383333333333429,3.070839745016882,0.8530110402824671,9.221821308653006,0.0,137.8511146149816,0.36495987182043815,-0.7709942456364938,9.94992105158481,3.508599699401117,-0.14903364729256907,1000.0,1,0,0.015352175658032373,0.015209810559537114,0.05602234068281724,0.0560223406828172,4410.339058282451,4410.339058282451,2947.1609417175478,2947.1609417175478,asphalt,1.1575
10.400000000000096,3.061510675145459,0.8504196319848496,9.1942274642111,0.0,138.00452419789522,0.36178208588663857,-0.7696280093634585,9.95597059285883,3.495764008482755,-0.14901212990403145,1000.0,1,0,0.015286106866807475,0.015138716504481783,0.05600206815421222,0.05600206815421222,4410.337439011432,4410.337439011432,2947.1625609885673,2947.1625609885673,asphalt,1.1575
10.416666666666764,3.052182798434513,0.847828555120698,9.166635931487932,0.0,138.15747390749704,0.35862067463578107,-0.7682476622820454,9.961967341600314,3.482951235314071,-0.14899067905373542,1000.0,1,0,0.015220237265776187,0.015067834723943014,0.05598191162335497,0.05598191162335497,4410.335824747705,4410.335824747705,2947.1641752522937,2947.1641752522937,asphalt,1.1575
10.433333333333431,3.0428561107806975,0.8452378085501937,9.139046698813933,0.0,138.3099637821942,0.35547564018497935,-0.7668533251136185,9.96791157074369,3.4701616138169884,-0.14896929453485974,1000.0,1,0,0.015154566741962108,0.014997165098871034,0.055961870613998224,0.055961870613998224,4410.334215475714,4410.334215475714,2947.1657845242858,2947.1657845242858,asphalt,1.1575
10.450000000000099,3.0335306080936473,0.8426473911371242,9.11145975455739,0.0,138.46199386019958,0.3523469838946935,-0.7654451180395065,9.973803553250775,3.4573953759070313,-0.14894797614098287,1000.0,1,0,0.015089095182524243,0.014926707510362023,0.05594194465079483,0.05594194465079483,4410.332611179924,4410.332611179924,2947.167388820075,2947.167388820075,asphalt,1.1575
10.466666666666766,3.0242062862959656,0.8400573017488793,9.083875087124415,0.0,138.61356417953272,0.34923470637503407,-0.7640231606991711,9.979643562098241,3.4446527515023426,-0.14892672366592308,1000.0,1,0,0.015023822474753496,0.014856461839652719,0.055922133259303175,0.055922133259303106,4410.33101184482,4410.33101184482,2947.1689881551792,2947.1689881551792,asphalt,1.1575
10.483333333333434,3.0148831413232164,0.837467539256449,9.056292684958972,0.0,138.76467477802015,0.3461388074920436,-0.7625875721884261,9.985431870265169,3.431933968532736,-0.1489055369036052,1000.0,1,0,0.01495874850606281,0.014786427968112283,0.05590243596599225,0.055902435965992286,4410.329417454922,4410.329417454922,2947.170582545077,2947.170582545077,asphalt,1.1575
10.500000000000101,3.005561169123907,0.8348781025344186,9.028712536542848,0.0,138.9153256932964,0.34305928637395294,-0.7611384710577079,9.991168750720712,3.4192392529487736,-0.14888441564851362,1000.0,1,0,0.014893873163990849,0.014716605777243716,0.055882852298249526,0.055882852298249526,4410.3278279947535,4410.3278279947535,2947.1721720052465,2947.1721720052465,asphalt,1.1575
10.516666666666769,2.9962403656594794,0.8322889904609665,9.00113463039567,0.0,139.06551696280422,0.33999614141741547,-0.7596759753103974,9.996854476411864,3.406568828730872,-0.14886335969529263,1000.0,1,0,0.014829196336183006,0.014646995148665428,0.055863381784380765,0.055863381784380765,4410.326243448871,4410.326243448871,2947.1737565511285,2947.1737565511285,asphalt,1.1575
10.533333333333436,2.986920726904297,0.8297002019178603,8.973558955074886,0.0,139.21524862379565,0.33694937029371663,-0.7582002024011903,10.002489320251335,3.39392291789844,-0.14884236883874635,1000.0,1,0,0.01476471791039738,0.01457759596411685,0.05584402395362043,0.05584402395362047,4410.32466380184,4410.32466380184,2947.17533619816,2947.17533619816,asphalt,1.1575
10.550000000000104,2.9776022488456344,0.8271117357904539,8.945985499175778,0.0,139.3645207133322,0.3339189699549588,-0.7567112692345193,10.00807355510552,3.3813017405190378,-0.14882144287429178,1000.0,1,0,0.014700437774489948,0.014508408105442818,0.05582477833613291,0.05582477833613291,4410.323089038264,4410.323089038264,2947.176910961736,2947.176910961736,asphalt,1.1575
10.566666666666771,2.9682849274836642,0.8245235909676845,8.918414251331463,0.0,139.51333326828578,0.3309049366402232,-0.7552092921630237,10.013607453782585,3.368705514717562,-0.14880058159715936,1000.0,1,0,0.014636355816410518,0.014439431454589733,0.05580564446301843,0.05580564446301843,4410.321519142754,4410.321519142754,2947.1784808572447,2947.1784808572447,asphalt,1.1575
10.583333333333439,2.9589687588314453,0.8219357663420681,8.890845200212876,0.0,139.66168632533925,0.3279072658817052,-0.7536943869860697,10.01909128902064,3.3561344566854636,-0.14877978480324572,1000.0,1,0,0.014572471924201523,0.014370665893603012,0.0557866218663202,0.05578662186632023,4410.319954099951,4410.319954099951,2947.180045900048,2947.180045900048,asphalt,1.1575
10.600000000000106,2.9496537389149156,0.8193482608096987,8.863278334528804,0.0,139.80957992098695,0.3249259525108269,-0.7521666689483189,10.024525333476024,3.343588780689977,-0.1487590522886073,1000.0,1,0,0.014508785985982946,0.014302111304612817,0.05576771007902542,0.055767710079025395,4410.318393894512,4410.318393894512,2947.1816061054874,2947.1816061054874,asphalt,1.1575
10.616666666666774,2.940339863772875,0.8167610732702429,8.835713643025855,0.0,139.95701409153565,0.3219609906643232,-0.7506262527383429,10.029909859711692,3.331068699083385,-0.14873838384948712,1000.0,1,0,0.014445297889954413,0.014233767569834991,0.05574890863507402,0.05574890863507409,4410.316838511109,4410.316838511109,2947.18316148889,2947.18316148889,asphalt,1.1575
10.633333333333441,2.9310271294569787,0.8141742026269385,8.808151114488483,0.0,140.10398887310478,0.31901237379030345,-0.7490732524872897,10.035245140185692,3.318574422312299,-0.1487177792824479,1000.0,1,0,0.014382007524383159,0.014165634571558417,0.055730217069360925,0.05573021706936096,4410.315287934449,4410.315287934449,2947.1847120655507,2947.1847120655507,asphalt,1.1575
10.650000000000109,2.9217155320317256,0.8115876477865904,8.780590737738988,0.0,140.2505043016272,0.3160800946542877,-0.7475077817675929,10.040531447239754,3.306106158926961,-0.14869723838453197,1000.0,1,0,0.014318914777597284,0.014097712192138954,0.05571163491774113,0.05571163491774113,4410.313742149254,4410.313742149254,2947.186257850746,2947.186257850746,asphalt,1.1575
10.666666666666776,2.9124050675744457,0.8090014076595682,8.753032501637518,0.0,140.39656041285,0.31316414534521786,-0.7459299535917311,10.045769053087987,3.2936641155905746,-0.14867676095275506,1000.0,1,0,0.014256019537983469,0.014030000313995214,0.05569316171703551,0.05569316171703548,4410.312201140256,4410.312201140256,2947.1877988597444,2947.1877988597444,asphalt,1.1575
10.683333333333444,2.9030957321752915,0.8064154811598032,8.725476395082074,0.0,140.54215724233504,0.31026451728144233,-0.7443398804110327,10.050958229805648,3.2812484970886406,-0.1486563467845059,1000.0,1,0,0.014193321693975433,0.013962498819598157,0.05567479700503438,0.055674797005034415,4410.310664892221,4410.310664892221,2947.1893351077783,2947.1893351077783,asphalt,1.1575
10.700000000000111,2.8937875219372278,0.8038298672047854,8.697922407008523,0.0,140.68729482545942,0.30738120121667506,-0.7427376741145267,10.05609924931804,3.268859506338331,-0.14863599567759955,1000.0,1,0,0.014130821134051692,0.013895207591466856,0.05565654032050373,0.0556565403205037,4410.309133389934,4410.309133389934,2947.190866610066,2947.190866610066,asphalt,1.1575
10.716666666666779,2.884480432976019,0.8012445647155608,8.670370526390615,0.0,140.83197319741626,0.30451418724593016,-0.741123446027839,10.061192383389487,3.2564973443978644,-0.1486157074297978,1000.0,1,0,0.01406851774671959,0.013828126512153597,0.0556383912031858,0.05563839120318573,4410.307606618197,4410.307606618197,2947.192393381803,2947.192393381803,asphalt,1.1575
10.733333333333446,2.875174461420222,0.7986595726167283,8.64282074223997,0.0,140.97619239321517,0.30166346481142803,-0.7394973069121343,10.066237903612429,3.2441622104759142,-0.1485954818397417,1000.0,1,0,0.014006411420519256,0.013761255464246395,0.05562034919380859,0.05562034919380859,4410.306084561826,4410.306084561826,2947.1939154381744,2947.1939154381744,asphalt,1.1575
10.750000000000114,2.865869603411173,0.7960748898364369,8.615273043606104,0.0,141.11995244768337,0.29882902270847733,-0.7378593669631033,10.07123608139659,3.231854301941022,-0.14857531870545948,1000.0,1,0,0.013944502044009195,0.01369459433035446,0.055602413834087594,0.055602413834087594,4410.304567205674,4410.304567205674,2947.1954327943254,2947.1954327943254,asphalt,1.1575
